Año,Mes,índice CAMEL,AVANCOP COOPERATIVA DE AHORRO Y CREDITO,CAJA COOPERATIVA CREDICOOP,CAJA COOPERATIVA PETROLERA,CASA NACIONAL DEL PROFESOR,CESCA COOPERATIVA DE AHORRO Y CREDITO,COMFAMIGOS COOPERATIVA DE AHORRO Y CREDITO,COOCERVUNION COOPERATIVA DE AHORRO Y CREDITO,COOINDEGABO,COOPANTEX COOPERATIVA DE AHORRO Y CREDITO,COOPERATIVA AHORRO Y CREDITO GOMEZ PLATA LTDA.,COOPERATIVA ALIANZA LTDA,COOPERATIVA ANTIOQUEÑA DE TRABAJADORES GRUPO CAFETERO,COOPERATIVA AVP LTDA.,COOPERATIVA BELEN AHORRO Y CREDITO,COOPERATIVA CALDENSE DEL PROFESOR,COOPERATIVA DE AHORRO Y CREDITO BERLIN,COOPERATIVA DE AHORRO Y CREDITO CAJA UNION,COOPERATIVA DE AHORRO Y CREDITO COLANTA,COOPERATIVA DE AHORRO Y CREDITO CONGENTE,COOPERATIVA DE AHORRO Y CREDITO COOMPARTIR,COOPERATIVA DE AHORRO Y CREDITO COOSERVUNAL,COOPERATIVA DE AHORRO Y CREDITO COOTRAIPI,COOPERATIVA DE AHORRO Y CREDITO COOTRAMED,COOPERATIVA DE AHORRO Y CREDITO COOYAMOR,COOPERATIVA DE AHORRO Y CREDITO CREAFAM,COOPERATIVA DE AHORRO Y CREDITO CREAR LTDA CREARCOP,COOPERATIVA DE AHORRO Y CREDITO CREDIFLORES,COOPERATIVA DE AHORRO Y CREDITO DE AIPE,COOPERATIVA DE AHORRO Y CREDITO DE CHIPAQUE,COOPERATIVA DE AHORRO Y CREDITO DE DROGUISTAS DETALLISTAS,COOPERATIVA DE AHORRO Y CREDITO DE EMPLEADOS DEL SECTOR FINANCIERO,COOPERATIVA DE AHORRO Y CREDITO DE ENTRERRIOS LTDA,COOPERATIVA DE AHORRO Y CREDITO DE LA PROVINCIA DE VELEZ COOPSERVIVELEZ LTDA,COOPERATIVA DE AHORRO Y CREDITO DE LOS TRABAJADORES DEL SECTOR EDUCATIVO,COOPERATIVA DE AHORRO Y CREDITO DE PROFESORES,COOPERATIVA DE AHORRO Y CREDITO DE PUENTE NACIONAL,COOPERATIVA DE AHORRO Y CREDITO DE SANTANDER LIMITADA,COOPERATIVA DE AHORRO Y CREDITO DE SURAMERICA,COOPERATIVA DE AHORRO Y CREDITO DE TELECOMUNICACIONES DE CUCUTA LTDA.,COOPERATIVA DE AHORRO Y CREDITO DE TENJO,COOPERATIVA DE AHORRO Y CREDITO DE TRABAJADORES DE PELDAR Y OTROS DE COLOMBIA,COOPERATIVA DE AHORRO Y CREDITO DE TRABAJADORES DEL SENA,COOPERATIVA DE AHORRO Y CREDITO DE TRABAJADORES UNIDOS POR EL PROGRESO,COOPERATIVA DE AHORRO Y CREDITO DEL FUTURO,COOPERATIVA DE AHORRO Y CREDITO DEL INEM DE PEREIRA,COOPERATIVA DE AHORRO Y CREDITO DEL NUCLEO FAMILIAR DE LOS TRAB.DE ECP.LTDA,COOPERATIVA DE AHORRO Y CREDITO DEL PARAMO LTDA,COOPERATIVA DE AHORRO Y CREDITO FINANCIAFONDOS,COOPERATIVA DE AHORRO Y CREDITO FINANCIERA COAGROSUR,COOPERATIVA DE AHORRO Y CREDITO FINCOMERCIO LTDA,COOPERATIVA DE AHORRO Y CREDITO JUAN DE DIOS GOMEZ,COOPERATIVA DE AHORRO Y CREDITO LA GRANJA LTDA.,COOPERATIVA DE AHORRO Y CREDITO LA PLAYA DE BELEN LTDA,COOPERATIVA DE AHORRO Y CREDITO LIMITADA,COOPERATIVA DE AHORRO Y CREDITO MANUELITA LTDA,COOPERATIVA DE AHORRO Y CREDITO NACIONAL LIMITADA,COOPERATIVA DE AHORRO Y CREDITO PARA EL BIENESTAR SOCIAL,COOPERATIVA DE AHORRO Y CREDITO PARA EL DESARROLLO SOLIDARIO DE COLOMBIA,COOPERATIVA DE AHORRO Y CREDITO RIACHON LTDA.,COOPERATIVA DE AHORRO Y CREDITO SAN LUIS,COOPERATIVA DE AHORRO Y CREDITO SAN MIGUEL,COOPERATIVA DE AHORRO Y CREDITO SANTA ROSA DE OSOS LIMITADA,COOPERATIVA DE AHORRO Y CREDITO SOCIAL LTDA PROSPERANDO,COOPERATIVA DE AHORRO Y CREDITO SOYCOOP,COOPERATIVA DE AHORRO Y CREDITO SUYA LTDA,COOPERATIVA DE AHORRO Y CREDITO TABACALERA Y AGROPECUARIA LTDA,COOPERATIVA DE AHORRO Y CREDITO UNIMOS,COOPERATIVA DE AHORRO Y CREDITO UNION COLOMBIANA,COOPERATIVA DE AHORRO Y CREDITO UNIVERSIDAD SANTO TOMAS,COOPERATIVA DE AHORRO Y CREDITO UNIVERSITARIA BOLIVARIANA,COOPERATIVA DE AHORRO Y CREDITO VALLE DE SAN JOSE LTDA,COOPERATIVA DE AHORRO Y CREDITO VILLANUEVA,COOPERATIVA DE COMERCIANTES COMERCIACOOP,COOPERATIVA DE EMPLEADOS DE CAFAM,COOPERATIVA DE EMPLEADOS DE DOW COLOMBIA,COOPERATIVA DE EMPLEADOS DE LA UNIVERSIDAD TECNOLOGICA DE PEREIRA,COOPERATIVA DE EMPLEADOS DEL SECTOR COOPERATIVO LTDA.,COOPERATIVA DE EMPLEADOS SURAMERICANA,COOPERATIVA DE FOMENTO E INVERSION SOCIAL POPULAR,COOPERATIVA DE LA GUAJIRA LTDA,COOPERATIVA DE LA UNIVERSIDAD NACIONAL DE COLOMBIA,COOPERATIVA DE LOS PROFESIONALES DE LA SALUD COASMEDAS,COOPERATIVA DE LOS TRABAJADORES DE LA EDUCACION Y EMPRESARIOS DEL PUTU,COOPERATIVA DE LOS TRABAJADORES DEL INSTITUTO DE LOS SEGUROS SOCIALES,COOPERATIVA DE MAESTROS Y EMPLEADOS DE LA EDUCACION DEL TOLIMA,COOPERATIVA DE MUJERES PARA LA PROMOCION INTEGRAL,COOPERATIVA DE PROFESIONALES DE CALDAS,COOPERATIVA DE PROFESORES DE LA U NACIONAL DE COLOMBIA,COOPERATIVA DE PROFESORES U DE A,COOPERATIVA DE PROMOCION SOCIAL,COOPERATIVA DE SERVICIOS MULTIPLES MOGOTES LTDA.,COOPERATIVA DE TRABAJADORES DE BAVARIA DIRECCION Y VENTAS LTDA,COOPERATIVA DE TRABAJADORES DE LA EDUCACION DEL RISARALDA,COOPERATIVA DE TRABAJADORES DE LA INDUSTRIA MILITAR,COOPERATIVA DE TRABAJADORES DE LAS EMPRESAS DE LA ORGANIZACION CARVAJAL,COOPERATIVA DE TRABAJADORES DE LAS EMPRESAS DEPARTAMENTALES DE ANTIOQU,COOPERATIVA DE TRABAJADORES DE PINTUCO LTDA. A Y C.,COOPERATIVA DE TRABAJADORES DEL SENA,COOPERATIVA DE TRABAJADORES DEPARTAMENTALES DE ANTIOQUIA,COOPERATIVA DE TRABAJADORES Y PENSIONADOS DE LA E.A.A.B.,COOPERATIVA DE TT DE EL COLOMBIANO LTDA.,COOPERATIVA DE YARUMAL,COOPERATIVA DEL DEPARTAMENTO DEL CAUCA,COOPERATIVA DEL MAGISTERIO,COOPERATIVA DEL SISTEMA NACIONAL DE JUSTICIA,COOPERATIVA DIOCESANA DEL CLERO LTDA,COOPERATIVA ESPECIALIZADA DE AHORRO Y CREDITO AFROAMERICANA,COOPERATIVA ESPECIALIZADA DE AHORRO Y CREDITO CANAPRO,COOPERATIVA ESPECIALIZADA DE AHORRO Y CREDITO COINPROGUA LTDA,COOPERATIVA ESPECIALIZADA DE AHORRO Y CREDITO COOPERENKA,COOPERATIVA ESPECIALIZADA DE AHORRO Y CREDITO COOPIGON,COOPERATIVA ESPECIALIZADA DE AHORRO Y CREDITO COOTRACERREJON,COOPERATIVA ESPECIALIZADA DE AHORRO Y CREDITO DE LA ORINOQUIA,COOPERATIVA ESPECIALIZADA DE AHRRO Y CREDITO CREDISERVIR,COOPERATIVA FINANCIERA CAFETERA,COOPERATIVA FINANCIERA SAN FRANCISCO,COOPERATIVA FRATERNIDAD SACERDOTAL LTDA,COOPERATIVA FUTURISTA DE AHORRO Y CREDITO DE NEIVA LTDA.,COOPERATIVA INTEGRAL AGROPECUARIA LA PAZ LTDA,COOPERATIVA INTEGRAL PARA EL DESARROLLO SOCIAL Y ECONOMICO DE TEORAMA,COOPERATIVA JUDICIAL DEL TOLIMA LTDA,COOPERATIVA LA ROSA,COOPERATIVA LATINOAMERICANA DE AHORRO Y CREDITO,COOPERATIVA LEON XIII DE MACEO LTDA,COOPERATIVA LEON XIII LTDA DE GUATAPE,COOPERATIVA MEDICA DE ANTIOQUIA LTDA,COOPERATIVA MULTIACTIVA AGROPECUARIA GUADALUPE LTDA,COOPERATIVA MULTIACTIVA ANTONIO JOSE JARAMILLO TOBON,COOPERATIVA MULTIACTIVA CON SECCION DE AHORRO Y CREDITO DEL CENTRO COMERCIAL SANANDRESITO LA ISLA LTDA,COOPERATIVA MULTIACTIVA COOMONOMEROS,COOPERATIVA MULTIACTIVA DE EDUCADORES DE CASANARE  LTDA,COOPERATIVA MULTIACTIVA DE EL PAUJIL CAQUETA LIMITADA,COOPERATIVA MULTIACTIVA DE EMPLEADOS COLGATE PALMOLIVE,COOPERATIVA MULTIACTIVA DE LA AVIACION CIVIL COLOMBIANA,COOPERATIVA MULTIACTIVA DE LOS TRABAJADORES DEL ISS,COOPERATIVA MULTIACTIVA DE PROFESIONALES DE SANTANDER LTDA,COOPERATIVA MULTIACTIVA DE TRABAJADORES DE GOOD YEAR,COOPERATIVA MULTIACTIVA DE TRABAJADORES DE LA CHEC LTDA.,COOPERATIVA MULTIACTIVA DEL GUAINIA,COOPERATIVA MULTIACTIVA DEL INEM DE IBAGUE,COOPERATIVA MULTIACTIVA EL BAGRE LTDA,COOPERATIVA MULTIACTIVA EMPRESARIAL COOVITEL,COOPERATIVA MULTIEMPRESAS,COOPERATIVA MULTISERVICIOS BARICHARA LTDA,COOPERATIVA NACIONAL DE AHORRO Y CREDITO AVANZA,COOPERATIVA NACIONAL DE TRABAJADORES,COOPERATIVA NACIONAL EDUCATIVA DE AHORRO Y CREDITO,COOPERATIVA PARA EL BIENESTAR SOCIAL,COOPERATIVA PIO XLL DE COCORNA,COOPERATIVA SAN PIO X DE GRANADA LTDA,COOPERATIVA SAN ROQUE,COOPERATIVA SAN SIMON,COOPERATIVA SAN VICENTE DE PAUL LTDA.,COOPERATIVA TELEPOSTAL LTDA,COOPERATIVA TEXAS LTDA,COOPERATIVA TOLIMENSE DE AHORRO Y CREDITO COOFINANCIAR,COOPERATIVA TRABAJADORES INGENIO MAYAGUEZ,"COOPEREN, COOPERATIVA DE AHORRO Y CREDITO",COOPERTAIVA ESPECIALIZADA DE AHORRO Y CREDITO TAX LA FERIA,COPERATIVA DE AHORRO Y CREDITO LA BELLEZA LTDA.,COPERATIVA INDEPENDIENTE DE EMPLEADOS DE ANTIOQUIA,COPERATIVA MULTIACTIVA DE EDUCADORES DE BOYACA,COPROCENVA COOPERATIVA DE AHORRO Y CREDITO,EL ROBLE ENTIDAD COOPERATIVA,EMPRESA COOPERATIVA DE AHORRO Y CREDITO SIGLO XX LTDA.,FEBOR ENTIDAD COOPERATIVA COOPFEBOR,FINANCIERA COOPERATIVA COLOMBIANA DE INGENIEROS,FINANCIERA ENERGETICA COOPERATIVA LTDA,FORJAR CAJA COOPERATIVA,GRAN COOPERATIVA DE ENERGIA ELECTRICA Y RECURSOS NATURALES,LA COOPERATIVA DE AHORRO Y CREDITO SUCREDITO,MICROEMPRESAS DE COLOMBIA COOPERATIVA DE AHORRO Y CREDITO,ORGANIZACION COOPERATIVA DE AHORRO Y CREDITO NORTE DE BOYACA,PROGRESSA ENTIDAD COOPERATIVA DE AHORRO Y CREDITO
2022,1,Indicador de calidad por riesgo,0.04079953016598353,0.0894044227893416,0.09721203584553276,0.016210598006575407,0.04974065299626269,0.0,0.1537640204652898,0.0,0.11960998890627257,0.039887405497813895,0.0,0.0710402987555162,0.0,0.0700438553941262,0.036500426692638775,0.10475678232205483,0.0,0.027963695132886032,0.1099166245232885,0.17011879341386069,0.0,0.06183934923199953,0.0,0.04278887058194986,0.05784241964197929,0.06617157101719467,0.07270148330070765,0.11454863232986734,0.060426681171272645,0.013798980445862231,0.03441230028054522,0.033393578339639046,0.0,0.03476599225373733,0.02972930882751046,0.04437721377801464,0.09544957835420927,0.06327563486645137,0.06976907571060939,0.08355643015382679,0.04025413620247715,0.0,0.022437124582192807,0.061855751956239886,0.005249902170793636,0.05619606843385372,0.0,0.04988530885169169,0.03770017476755081,0.07204687181799604,0.02660119699568601,0.2624159148885322,0.039930863979710074,0.0802599737312694,0.038382275228628054,0.05945796953491495,0.028997648715442637,0.08101499021894139,0.03995416721593826,0.060895783790928415,0.05221062026488928,0.0,0.08161684854367221,0.0,0.0,0.15868687694894404,0.07077612226583373,0.016883513440156993,0.0455291423258763,0.07977726875834767,0.0993879016115075,0.0,0.08062338697339903,0.0345141901006457,0.0185702557311561,0.0,0.05487545476225122,0.08774302763253838,0.03712479635883727,0.0,0.08453389731746666,0.0830294795075027,0.0,0.04053618034802197,0.028190409236391416,0.04601635598699911,0.0887471708279668,0.0640560523848221,0.0,0.048093470885174315,0.0,0.04736873933368097,0.029744800529177617,0.1295874658473051,0.0,0.11563898393844838,0.0,0.10514175166395724,0.03046249138781345,0.015975956148329026,0.01662417949854814,0.03648326983014041,0.0,0.036707076905806324,0.0,0.03244112246400429,0.16818969156374924,0.0,0.05351489423807358,0.0380681819565382,0.05105418504279636,0.08957591551962402,0.0685646682318353,0.0,0.05019169938058895,0.06481131718987503,0.0535142193334173,0.0,0.11711864719088404,0.06186191084714655,0.0,0.06352231909090338,0.05433271711059642,0.07383689049129134,0.015459049653219788,0.022041278374486824,0.0,0.08219734198725066,0.04285698189570446,0.05355910857162916,0.08822421024834896,0.25949239961106735,0.0,0.1002830187462045,0.18592632550810767,0.03906551219970579,0.0,0.046437327575317607,0.05062892524384646,0.058642207509092166,0.054675728652922806,0.05692957438476862,0.04512231931842295,0.16502890463808198,0.05053746931306792,0.02076726823019466,0.05175771664742891,0.03466898954321258,0.0,0.05265400121434536,0.12478362252199818,0.03379163189547019,0.05899310518609986,0.05264919264415472,0.019809751255676702,0.07729136598420855,0.05919970653854154,0.0,0.060573596472068614,0.0,0.03752190231451004,0.045059957858039644,0.030556504458315186,0.04568573212290197,0.06318692304444919,0.0,0.030343426674348015,0.0,0.0,0.04918335355782066,0.03821144904814809,0.07614353631962391,0.06697759798778968,0.28097316015912066
2022,1,Indicador de calidad por riesgo con castigos,0.018359836302368683,0.12125806731406621,0.1009558896814576,0.0031202113660544093,0.03495184775534913,0.0,0.019894810691238295,0.0,0.05404959963115934,0.03917037939779077,0.0,0.11897541649556023,0.0,0.049786157050647,0.02264244466243124,0.023073812954563615,0.0,0.00991431703374556,0.10213429073317759,0.058375719841426935,0.0,0.030052799814369674,0.0,0.012057243784048967,0.05066759989545522,0.05711548916180103,0.05364806073298513,0.0356113631127557,0.002055739062764767,0.002393695110563563,5.786585703686704e-12,0.003100364082148932,0.0,0.001586681089796494,0.007017213174604611,0.012353013360123049,0.08758492521293704,0.07394867185936184,0.041756110192588174,0.07638011327468991,0.020078053967511885,0.0,0.0007845958902453477,0.05457997914898144,0.0009405179917006726,0.005946102305174911,0.0,0.03295603415293999,0.0004226557398909275,0.055683505268754575,0.0030644547562782174,0.04855761446505642,0.010828643750953498,0.06232530680810324,0.019360557224680355,0.03175180181308493,0.017700673289556875,0.011673909841388271,0.0033131505058317757,0.013007978260882267,0.02788597334245858,0.0,0.06171998903533998,0.0,0.0,0.017999444765337567,0.02820754954465369,0.01628237094990081,0.0007196259024403971,0.062149393773490186,0.018102389627523516,0.0,0.04100135099733242,3.330352251253649e-13,0.00597703915004655,0.0,0.020403091247817223,0.025675738983512556,0.0039968069609928195,0.0,0.02321460856359309,0.08826512407514783,0.0,0.006989905646390422,0.0005562720545983343,0.054562076589089674,0.12804043143387456,0.0485481918126862,0.0,0.01676581650977497,0.0,0.006567722544459839,0.005498298831068982,0.01307422737751347,0.0,0.12064313969822608,0.0,0.0731937841813349,0.014241079562622317,0.0018446405750110846,0.0015868575063511209,0.01770777984575283,0.0,0.001049475275260389,0.0,1.2600627253681237e-11,0.15520623556794197,0.0,0.021484899543019503,0.012413122818425769,0.07471468697070834,0.019798817326682858,0.024509188979552305,0.0,0.05702635884536345,0.012750313508730182,0.027250967993885985,0.0,0.009951078757718472,0.00331581388823682,0.0,0.08646115960174648,0.03794312699835363,0.05208668988896749,0.001898905444646284,0.03313594074457087,0.0,0.037037193214497596,0.008787339308391255,0.00988010989709606,0.000724870615994827,0.03257776771006488,0.0,0.07075575799163816,0.045785153323782864,0.030556601501256442,0.0,0.010467955925370632,0.0020725168641942855,1.488932469855124e-11,0.039471451949154836,0.06461999109477012,1.3489969356615809e-05,0.013828075053043237,0.02179155032681542,0.002306354220661336,0.052160408045346385,0.02267630974164817,0.0,0.06019456510839807,0.047434674691253065,0.04689932859423477,0.12975138305777523,0.047943324914594555,0.0040981341289072805,0.07317089129574753,0.017718486387923657,0.0,2.590625132827539e-12,0.0,0.08618980027629461,0.00047666501452862627,0.012739106052529967,0.005044217690613831,0.0718038050578568,0.0,0.27558772217458516,0.0,0.0,0.0075376805163089285,0.009866859897070852,0.17084626019946655,0.026476853898641177,0.15304779620796513
2022,2,Indicador de calidad por riesgo,0.04058370197918647,0.07941188931771548,0.09529202932389859,0.017401632149852686,0.04846373451396918,0.0,0.15429365462790054,0.0,0.1197084233832145,0.03941321519753207,0.0,0.07694729223003306,0.0,0.07006080525507524,0.058705979652769365,0.10835518651862495,0.0,0.02253550186229152,0.10887834724180219,0.22442684260104015,0.0,0.06386756769394122,0.0,0.05142328049623264,0.058128313443852844,0.07340254329749298,0.07457501179457407,0.11334470589261235,0.06339613265009443,0.013276321371637794,0.03896579404063837,0.037747223564453175,0.0,0.034963207913829786,0.02791285100726461,0.04760009803233475,0.09482595845633933,0.06180241993259613,0.07811222395051604,0.08286974958264201,0.04588522328135457,0.0,0.027215487004479757,0.05957278693251108,0.009163686658195683,0.05792693695829503,0.0,0.05053838436869436,0.038315605971138623,0.07374768406179628,0.02931457933821603,0.2424747809367517,0.03167104461644031,0.07840889833900262,0.03867401200526677,0.05918914045133184,0.028415170074046463,0.08027779817465869,0.04432791659812341,0.05726456196944219,0.051248293727745156,0.0,0.08074369916230491,0.0,0.0,0.1708973667962953,0.07495080106114903,0.016069295961814375,0.0852342932675222,0.07239995392429062,0.09624487687810374,0.0,0.08277442396460066,0.0627821152952168,0.03697257269967045,0.0,0.06449821674238101,0.08713377028578635,0.03387971858254533,0.0,0.08314500477399128,0.08951866708350008,0.0,0.04361158011744435,0.03261080080441923,0.052212722065159436,0.08532599321661703,0.06571732967407451,0.0,0.05228857790990492,0.0,0.04799074215299959,0.030381619288396645,0.14455200861335687,0.0,0.11912541881056955,0.0,0.10015077504704857,0.02933773359635023,0.013795854877455358,0.0193499933790668,0.039383673439634295,0.0,0.037632968923935875,0.0,0.031259811867852975,0.21299026686222594,0.0,0.06792422449248167,0.04588905367449885,0.05300495064720687,0.08659978628369143,0.06569244915091563,0.0,0.05112850963623442,0.06024447143163666,0.052501477255502145,0.0,0.12699590390548637,0.05613963240268445,0.0,0.06309463687028419,0.0546916525363603,0.0767604009989517,0.018985736112511132,0.02509450525911779,0.0,0.07582499959890485,0.04788802951540943,0.053125670920217506,0.10509222849333993,0.2892151506709305,0.0,0.09511855996203172,0.18668960756992448,0.042794686876042584,0.0,0.04934991855914798,0.05192335074230653,0.049714951074586525,0.0696994445134082,0.055794466114812286,0.04294546519889971,0.1651304268527766,0.05784509064411941,0.02054420982169605,0.05607176212551302,0.03519248276656236,0.0,0.04264261017579553,0.12125666265850733,0.03429316825207542,0.06376922754489266,0.05528934617367406,0.02536076526932271,0.08061817175126114,0.06034604818357055,0.0,0.059253382810128326,0.0,0.035370283862006746,0.04546607577515957,0.029435323523533518,0.045498400633671436,0.06057571415566108,0.0,0.012957353394690976,0.0,0.0,0.05168332875879159,0.03629772900942683,0.07277050537660389,0.07161169863688209,0.2980378349805071
2022,2,Indicador de calidad por riesgo con castigos,0.018161954427867884,0.12056876225850953,0.09849453090089208,0.003098949307623454,0.03452914279404716,0.0,0.019508481693096272,0.0,0.05385989397148655,0.03709011388660499,0.0,0.11821285349764443,0.0,0.04870532075204057,0.022613239046409724,0.023261686365298007,0.0,0.009774060847368956,0.10128229706284511,0.0611969485918008,0.0,0.02933166504157681,0.0,0.01197193025195155,0.050700746408705186,0.05629079495971288,0.05228843032078999,0.034155361948085744,0.0020712530334838445,0.002373087987603583,6.4909787885466525e-12,0.0030519531600277107,0.0,0.0015608607632174225,0.0068568815032649865,0.012224933689150695,0.08596670187660962,0.07183860466742548,0.04067587680851164,0.07490017301600854,0.019563292404457783,0.0,0.0007739657523707531,0.0522648911472271,0.0009421798241609216,0.0059118813402218445,0.0,0.03298850920579929,0.00041325969307113805,0.05472083355273662,0.0030655378433109316,0.04810483173565192,0.010874542572834182,0.06115724379226309,0.019734338469750295,0.03140680084996065,0.01761183591270443,0.011476462270703758,0.003238486333534795,0.012407557355277748,0.02685715411656169,0.0,0.0611444242006482,0.0,0.0,0.018081114939080326,0.027497337069648686,0.01534172570389536,0.0007200249583970937,0.061483969020846095,0.017765353429724715,0.0,0.04114499802164235,8.559995190384025e-06,0.006156709967588607,0.0,0.02019697827572027,0.024993674345581272,0.003981713650610544,0.0,0.02277816823739286,0.08718236285895638,0.0,0.006781830369659992,0.0005456638729432778,0.053710067356867765,0.12475133119170334,0.048021140409559376,0.0,0.016111510835888944,0.0,0.0065544507556552,0.005459902450038922,0.013141324890923227,0.0,0.11912607885296894,0.0,0.07124815611748485,0.013639516203761,0.0018050273630109072,0.001503327288559974,0.017717310347822944,0.0,0.0010389542674451952,0.0,1.1824541178894542e-11,0.1565107541659625,0.0,0.021885791707871183,0.011863452949852037,0.07376990631083537,0.019138907346052697,0.02406268666861295,0.0,0.056216477588716285,0.012863878879596625,0.026773975692765586,0.0,0.009910609206012859,0.0032758104360408424,0.0,0.08667628392596191,0.037423672135867385,0.05052338879569873,0.001868959425881207,0.03200357536254043,0.0,0.037011865641941984,0.009060719373453503,0.009820337535790114,0.0007152517497623147,0.03308844722015673,0.0,0.07000842733623609,0.04530394805411382,0.030882541888740216,0.0,0.009838851104122361,0.002049054856204616,1.2459764925747549e-11,0.03879777511198512,0.06787207525797413,1.3150499715690454e-05,0.013763271475154734,0.021461541789734036,0.0022846281997430154,0.05099487104629281,0.022118194091940768,0.0,0.059708033714856786,0.046112862067232384,0.0456891521378008,0.13121063893689056,0.04777988050600279,0.0041540624954994505,0.06963120211330404,0.017620436924422212,0.0,2.5302435866506588e-12,0.0,0.08527312461141599,0.00047838467683395996,0.012395933449116263,0.00499121774951563,0.07049203855742599,0.0,0.25621356623177827,0.0,0.0,0.007289806484375598,0.00908661678651182,0.17230482192020186,0.02746729354734482,0.15092750975673025
2022,3,Indicador de calidad por riesgo,0.03680764540177463,0.085536503658518,0.0911262168630537,0.01735905466794492,0.04555817872702214,0.0,0.15649816619136112,0.0,0.11946888337016429,0.03597576150842577,0.0,0.09502401640826272,0.0,0.0668575719169829,0.041729907081003895,0.1111514534032772,0.0,0.024711608066487725,0.10381338041945773,0.23374705141683638,0.0,0.06059927720553787,0.0,0.055669453757229856,0.052782261785101335,0.06706455105749304,0.07090490243958462,0.11418335376130585,0.06679147333264059,0.010749361124870767,0.030125270813594285,0.042571017395855705,0.0,0.0345001145337632,0.02759898285688363,0.041023852177891625,0.09166039514725716,0.05253427431569039,0.07441827977265919,0.08218369771688983,0.0461593098938288,0.0,0.028899963683688266,0.05680399857555846,0.0027403108957267195,0.053501987201333014,0.0,0.04893968216422612,0.03407685488598778,0.07052979468784332,0.03182117317714989,0.24860726675283593,0.03075515780504079,0.07944269018132068,0.036863776738264444,0.05849810565978374,0.030041727490651097,0.0693658733322786,0.04777897194897869,0.05720401021079275,0.05067901776847506,0.0,0.0766928927546024,0.0,0.0,0.1647377172357497,0.07800485117586915,0.015042903851967297,0.060987557443012395,0.07997677612767963,0.08925762903732685,0.0,0.07450141071241385,0.07068424544507822,0.030533492645551812,0.0,0.051304364441029496,0.08442187092229088,0.033146277249272986,0.0,0.08062065821699411,0.08397561504748197,0.0,0.03546525160009529,0.04505561432612069,0.04482887211790117,0.08114299300017275,0.06262315147663695,0.0,0.04263844522824997,0.0,0.03982058481982797,0.028005558832708003,0.11663244600542194,0.0,0.11650414903292669,0.0,0.09218202934790747,0.02755006539643761,0.012652565807669706,0.018286052843706074,0.0362870214453721,0.0,0.03784343400411202,0.0,0.024265995412779035,0.16014400401711779,0.0,0.06125853406618943,0.03590814612010146,0.04566895502788596,0.07414190658624507,0.0769703423905172,0.0,0.05366265119582182,0.05380170060158318,0.062058168315428146,0.0,0.1345840637587568,0.05376446863109214,0.0,0.05748797693129965,0.05015142267335761,0.07221280131643186,0.01716165895830512,0.022946619720388656,0.0,0.05676600828669589,0.03338483300291791,0.056054583999035054,0.062171899215993455,0.3258654190216066,0.0,0.10690491181872214,0.20802086588794633,0.0334316901344176,0.0,0.048918643997067184,0.05293473697754651,0.06176033123203634,0.06843382810502238,0.049678203385755175,0.04069458000977444,0.158560638826136,0.04703824691547384,0.02012961232138994,0.05239440532076004,0.03304082946212679,0.0,0.04546408079475261,0.11465142706251934,0.03544504505705593,0.06356989621666283,0.04229264234486341,0.026073073663025005,0.0,0.05991959420047864,0.0,0.04856788596979547,0.0,0.03908189286057656,0.04501231452390307,0.02835519623457846,0.0447368991742048,0.05144879792410008,0.0,0.01242190329177654,0.0,0.0,0.048408394713755964,0.03374174272149529,0.05929592952937656,0.06106580058023397,0.3328347324925223
2022,3,Indicador de calidad por riesgo con castigos,0.01812712380573927,0.12348139128991073,0.09688653435398868,0.0031080042577283874,0.03393820218237419,0.0,0.01957023024890153,0.0,0.051415021230068955,0.03602576788519472,0.0,0.13285486912625652,0.0,0.047381473656178036,0.02249539480002457,0.023108585759503687,0.0,0.0096552902955835,0.10048164241987124,0.062184571504766216,0.0,0.02867159719530598,0.0,0.011986302923484012,0.05027672132239472,0.05489419761191267,0.05125929701510071,0.03382400053187371,0.002080066011219615,0.0023452801350657172,4.756710676427913e-12,0.0030419638476620894,0.0,0.0015371467629378196,0.006682889786252245,0.012009989086447277,0.08453101255214482,0.07092009283735401,0.040018165391666506,0.07373601521191712,0.019245820340246595,0.0,0.0007680658134544009,0.05066399734657732,0.0009376206881410709,0.005682821217897781,0.0,0.03214132075311332,0.0004071475476946353,0.05839979775214307,0.0029345599675079004,0.04808544434123844,0.010603512087995575,0.06093225922346732,0.0194906320892187,0.031216430691805443,0.017529155443351197,0.011104494773320074,0.003203473899721537,0.01223860856317595,0.025812462850630057,0.0,0.06036127833746281,0.0,0.0,0.01814171773309567,0.027290629617592543,0.015352682549704243,0.0007193532981038079,0.061813619877628165,0.015925009565268138,0.0,0.040800241632907845,0.00012076257492924124,0.006196632057157493,0.0,0.02006219412475036,0.024325294198500234,0.003971711215598352,0.0,0.022747085773016023,0.08616570513521972,0.0,0.006602885189225461,0.0005393954923911012,0.05167144574869299,0.12238463445315927,0.04820547449701546,0.0,0.015213714138849038,0.0,0.006611295866672208,0.005312460992122128,0.013282710181313561,0.0,0.12028805811520536,0.0,0.06884977496382172,0.013423146800149487,0.0017867266555279286,0.0014908639754392635,0.017734964930753248,0.0,0.0010117808046931416,0.0,9.04408403513085e-12,0.15497003452535296,0.0,0.02188120569729197,0.011665169621999675,0.07275422573255476,0.01861608865960773,0.02373205760060738,0.0,0.05462303995959022,0.012967047726130682,0.02730248771785989,0.0,0.010085430930063725,0.0031954407545615013,0.0,0.08518189343149252,0.03693388393679306,0.0491342346962466,0.0018526158964479102,0.031621462345784966,0.0,0.03668946750314431,0.009227595725257418,0.009683609226983128,0.0007021396032539035,0.03340680219450879,0.0,0.06979705691582118,0.04488100452283811,0.03388477872667411,0.0,0.00963807396462488,0.0020265814264389457,1.5245294966263882e-11,0.03874869991066068,0.07228650616278193,1.3443156175974349e-05,0.013630522761382973,0.021503055742507014,0.002251022060769056,0.04972420364648064,0.021544424621150287,0.0,0.058520209367716146,0.04527208742510848,0.04333777477949201,0.1302666079513824,0.045531218020340936,0.0041462765170683005,0.0,0.017929523541704354,0.0,2.0806255041273857e-12,0.0,0.08334777586337096,0.0004669007042490958,0.012180089807332014,0.004961733605492658,0.07439933217894226,0.0,0.2715830598745531,0.0,0.0,0.00731651851264036,0.008578709588879616,0.17998214473412907,0.027379817612927165,0.14968094052430758
2022,4,Indicador de calidad por riesgo,0.03842911318255959,0.08763719701045708,0.09373153072170938,0.017286129965080242,0.047855201024581545,0.0,0.15090951044604292,0.0,0.12054481072237988,0.03505924942864494,0.0,0.0918709833052277,0.0,0.07144834210506973,0.0407508014673311,0.11837974499354888,0.0,0.01992398753984528,0.10532117694130899,0.2583907523087945,0.0,0.06182108643794248,0.0,0.05854463245653347,0.054897823225426835,0.06867817078020981,0.06863267644242035,0.11063324700743918,0.07422340537783188,0.01200387725325954,0.031068312499044,0.041188183238399165,0.0,0.03395556090899287,0.027906990945507297,0.04386445590835362,0.09077746559708538,0.05255280265730482,0.07983877593292021,0.08653458954032306,0.05110140338668602,0.0,0.023017070379117845,0.054978233012131804,0.002708091297325703,0.052363886856484625,0.0,0.045247973597916595,0.03259476538076969,0.07413059094765534,0.03454282979999043,0.22607995389502897,0.030483014158118445,0.08028693852124826,0.0373856109041063,0.057023903804299204,0.031041697339175677,0.07072047079491388,0.042518926474297954,0.057630263104160806,0.05126796464087483,0.0,0.07713512752088315,0.0,0.0,0.1608402109892155,0.07732936917568634,0.015556833972047837,0.05514382261766456,0.07815548243477449,0.09912430973857123,0.0,0.07469644106345173,0.06868327570926773,0.02313713054027151,0.0,0.04977309912517151,0.0816972766630283,0.03466573938707372,0.0,0.07449287849367936,0.08469035844226586,0.0,0.03333737071793791,0.039615927157398916,0.04995857521138996,0.09245078111232857,0.063947575799093,0.0,0.041939008152774404,0.0,0.038875967264055955,0.0272645994022836,0.11964476101683422,0.0,0.11535790487136137,0.0,0.0934805673581979,0.026952378289145103,0.013616218169760039,0.017435127300076583,0.039458032119340763,0.0,0.040612628310132994,0.0,0.023425213030508523,0.15855969144407325,0.0,0.06501332721796302,0.038625020077478034,0.04722956954646709,0.08050378726069296,0.07866220653292316,0.0,0.05615023278177713,0.04180501066102789,0.07001817412677447,0.0,0.10068999796507597,0.062264617194670024,0.0,0.06019177635883919,0.05019919206333364,0.07819123869271012,0.014985121888393172,0.016904557141936383,0.0,0.052629995785339403,0.0341129601456832,0.05536199929597377,0.057305371243703475,0.2663913875835007,0.0,0.11808860085127902,0.1800154407056955,0.037287642930253585,0.0,0.05503404742151923,0.0496828271342902,0.06297719905567195,0.04911237821966193,0.04916162850040077,0.06183542909425267,0.15039588256936876,0.053607021434806564,0.020392847474793904,0.055757147495719125,0.032793636817462946,0.0,0.04429770014221388,0.10554919261473221,0.03621589271054875,0.06344806268805739,0.048406175462312837,0.01702509418414457,0.14693014212445757,0.06004006098051163,0.0,0.04851611939043783,0.0,0.04163112938560743,0.0430494554840867,0.027853990434325605,0.044319084467238666,0.052150838807767136,0.0,0.02561586994019982,0.0,0.0,0.040753419029765516,0.03163532812277276,0.061074084453535474,0.08645455764380423,0.34317333588223975
2022,4,Indicador de calidad por riesgo con castigos,0.01804132032690779,0.12364785385720764,0.0957479446161514,0.0031068220879771203,0.03334996544772786,0.0,0.019718894165340457,0.0,0.05025489620540438,0.035165511067112215,0.0,0.13803755949000443,0.0,0.029307149076750652,0.022680012161266708,0.022718806711260767,0.0,0.009482022155627722,0.10049119606784941,0.06294818396583232,0.0,0.028266414071822094,0.0,0.011737059045477706,0.049538675105996015,0.05372267748474872,0.0504185247009989,0.03236300671528625,0.0020886832156141177,0.002313353940601877,4.765047300337706e-12,0.003002973151675446,0.0,0.0015177029693479677,0.006558767365823983,0.011815627120910248,0.08321213431622697,0.069730117510107,0.03935587303267669,0.07283362597373304,0.018786199220419245,0.0,0.0007664070809118993,0.04854249149197906,0.0009266066935162588,0.005578917767649829,0.0,0.03156345147592753,0.000404276426003477,0.05771526977047454,0.0028840322913023493,0.047981044816506065,0.010368420562876953,0.059963426602817005,0.019004905545276715,0.031164873480786785,0.01737608918341949,0.01089957323089357,0.0031561941295939772,0.012757727347512708,0.025074438642615073,0.0,0.05903732636435144,0.0,0.0,0.018081637612916653,0.03269134838542529,0.015382200917976806,0.000710676936210748,0.06252082857328423,0.015817992176433166,0.0,0.04071667933564348,7.99076971927265e-05,0.00615633806228485,0.0,0.019764677877562246,0.02351975120264152,0.003949773990274792,0.0,0.021705643874886323,0.08506203327019937,0.0,0.009973188506326603,0.0005296519127318749,0.0500054102430977,0.12203446763878206,0.0483893364782647,0.0,0.014257446617968924,0.0,0.006534394943120084,0.005197708168654692,0.013476366907789864,0.0,0.11956088539190368,0.0,0.06842594880725246,0.013296139057690868,0.0017874868459772607,0.0014788615141596967,0.017435746810468507,0.0,0.0009995830081751655,0.0,8.555891760818266e-12,0.1556008337368017,0.0,0.02162546899608731,0.011568368736738124,0.06969470686472823,0.01842717088105598,0.023756025350156272,0.0,0.05290164528867638,0.012723250605863143,0.027907487937873197,0.0,0.010087399138668329,0.0031834495406024735,0.0,0.08493113537737193,0.03639970182221264,0.0489341224141362,0.0018480320054274117,0.037846900456149836,0.0,0.03607427509234469,0.009371659102981954,0.009574637447669076,0.0006897356837853313,0.03311885674679105,0.0,0.06941884943859983,0.04501403939803214,0.03298739185628835,0.0,0.0094964448649004,0.002005651583313476,1.5807590998995008e-11,0.047120722184693715,0.07115768991138775,1.2707290714823656e-05,0.013335021363696648,0.021223753436330997,0.002254005040380172,0.0489287894014527,0.021430031186379643,0.0,0.057867177821015116,0.04386251856274872,0.042746495783217806,0.12838408245073427,0.042870141640931496,0.004138386537636354,0.06727450498210799,0.01778430104331628,0.0,2.024852178515539e-12,0.0,0.08159400315409218,0.0004647081948032909,0.01195540541953361,0.004972935883339879,0.07365740026449291,0.0,0.28804360450810745,0.0,0.0,0.007276835558020779,0.008153526087208868,0.17994479303285904,0.02635913170268008,0.14799444316032997
2022,5,Indicador de calidad por riesgo,0.04113072502598724,0.08832400241710221,0.09442443102293206,0.017566622688040077,0.04788002967261904,0.0,0.1514797052228689,0.0,0.12083408356318266,0.03708206152148122,0.0,0.08727063807307073,0.0,0.0704238329060373,0.04355660402749989,0.1166732402435318,0.0,0.029049219587289433,0.09480701386634897,0.26014520215323983,0.0,0.06002603000218307,0.0,0.0629755605637408,0.05397095825402326,0.07123982524339936,0.06563467917093005,0.11098329872450687,0.07475042351742202,0.011561091251419589,0.030162328160114625,0.03741022433450139,0.0,0.0340005283544016,0.027150463283635615,0.045577843600665656,0.08428051647399668,0.04971695043917605,0.07400678029056232,0.08714086986172574,0.046150475657278534,0.0,0.02683157068559563,0.05242809088555112,0.0024834137426029647,0.05001791775578324,0.0,0.04307504872128642,0.03176697345429163,0.07725284170422003,0.03275722867217163,0.24588315167052152,0.034682604133402045,0.07540056039051032,0.03822054952995347,0.05934036368023922,0.031629512006185564,0.06899816234123635,0.04852395654348086,0.05357332850292792,0.048504428234442544,0.0,0.07635445902639199,0.0,0.0,0.15509135268085886,0.08053788386054549,0.018908430353555862,0.05160131029292055,0.08745201690215433,0.09404399002156293,0.0,0.0720680867647667,0.0687254465437815,0.039270684310166906,0.0,0.051504778001561544,0.07825668119831453,0.03854614489596915,0.0,0.06624173162403972,0.08467116868931336,0.0,0.038354555740878274,0.03825506269204466,0.051115481811591666,0.09553817224809447,0.06760875498547599,0.0,0.045223515716954245,0.0,0.044608016297230796,0.02783464938197227,0.10171390706001364,0.0,0.10662891866246293,0.0,0.07300650313193977,0.026018087935593296,0.01486777817566948,0.01655299644942905,0.03753811021285889,0.0,0.0403953137745027,0.0,0.022283535381601098,0.2327688996796433,0.0,0.05860801203594158,0.03443860637676232,0.05010975274513675,0.0789693581307888,0.05829032409375475,0.0,0.05301516262207084,0.058032975732025344,0.07095170884894002,0.0,0.11673409563849313,0.058111904303619094,0.0,0.05773612559575271,0.04841268861200109,0.0853980472230419,0.016335972287214236,0.017693009202671348,0.0,0.05838466219130865,0.03323360399085217,0.05473997675368793,0.06698327984424415,0.24217730878568514,0.0,0.11733131604554689,0.16913996160639116,0.0358212509177989,0.0,0.04811323559691387,0.04832841355036775,0.05230859402690532,0.04491145140722427,0.04837934696668271,0.06070799387706045,0.15378169146876927,0.05332873652486784,0.019359658571807867,0.053048938424224326,0.03362639586325412,0.0,0.04570800482044029,0.09707943734646486,0.034968651791884,0.06609770590878178,0.05550639097778787,0.016284262918928188,0.15535396147895464,0.06300239297847864,0.0,0.04134039881433498,0.0,0.0422137366517228,0.04292475574044703,0.027333165781951458,0.043861633602073104,0.053398602588863656,0.0,0.021931455061400536,0.0,0.0,0.03927934934272162,0.029631947853876,0.06181067386812479,0.0858341392462984,0.3633156675717393
2022,5,Indicador de calidad por riesgo con castigos,0.018049957721508986,0.12310390472135871,0.09464113647446891,0.0030843979049356035,0.03247299295278385,0.0,0.020069414322315033,0.0,0.048827197807891645,0.03428511853283868,0.0,0.14217231987982007,0.0,0.029045416343341676,0.023154018077268333,0.02273613222554488,0.0,0.009240376415052947,0.10504307776420907,0.06590651033469863,0.0,0.029782728713883624,0.0,0.011456050633960782,0.04897357103471102,0.05312669986822801,0.04949199387820582,0.032111757326760526,0.0020819970312778535,0.002312090279431654,4.523093363830442e-12,0.00298008266411211,0.0,0.0014842822693024009,0.006382454010997389,0.011602556456820021,0.0882698239236942,0.06906645921800623,0.039140853257084864,0.07197235455586588,0.01878320737463228,0.0,0.0007659736474700587,0.047738825180037865,0.0008709596159305108,0.005537294394095116,0.0,0.02980447411879618,0.0004003693080537857,0.05700273779759327,0.0027997383262240165,0.047481683120896824,0.010316095806011998,0.059286783078469824,0.019111547934177863,0.030854992262458917,0.016746353039182833,0.0106288709773466,0.0031031229500186443,0.012596989297574213,0.024363031513685494,0.0,0.05821422842101558,0.0,0.0,0.018058257600483435,0.032049230653707385,0.015472452490850242,0.0007089513375049783,0.06227157855321258,0.015371074891663663,0.0,0.04064685917792562,0.00012008183528346787,0.0061431308130722945,0.0,0.019632674372310106,0.022378578434517248,0.003931872294389063,0.0,0.021100679230849836,0.08360649605326265,0.0,0.009957066183590794,0.0005164409460658735,0.04948396500484258,0.1220441834746101,0.04847841043284531,0.0,0.013473248461376148,0.0,0.006601705731799137,0.0051774456381634085,0.013325481549931328,0.0,0.11497450863858998,0.0,0.0938098899811579,0.012977140034310324,0.0022036119920647223,0.0014618494019260758,0.017213856310015305,0.0,0.0009841970220595482,0.0,7.770222449830291e-12,0.1558712969896195,0.0,0.02164132116258938,0.014608550555801882,0.06871381447228932,0.01808765006833545,0.0241743921959344,0.0,0.05136845734885499,0.01288594813255891,0.030114175496555227,0.0,0.010091097384753901,0.003023840553208142,0.0,0.08275593751348938,0.03580479247308115,0.04779427633423687,0.0018461655336534514,0.03711866673719449,0.0,0.0362570956840973,0.00933074256815742,0.009495642127220236,0.000680570947387564,0.03278145362005604,0.0,0.067227917445341,0.045284602085339846,0.03209264705237202,0.0,0.009322066899799543,0.00708232403540588,1.2615338619795241e-11,0.04574164589133346,0.06947282420059028,1.2657372940516972e-05,0.012904151045493674,0.021530923087813042,0.0022234378638759486,0.04838539865280739,0.020658264335712013,0.0,0.057630540138530854,0.042894540576118814,0.042583228316796465,0.12361112878557352,0.04223644422454208,0.004064097466107043,0.06588172744507569,0.01723716530889301,0.0,1.6465223413172696e-12,0.0,0.08094091788772312,0.00046000780735804377,0.011682353017935477,0.0049626414522783505,0.07308095646560427,0.0,0.2995224453427497,0.0,0.0,0.007227859574115475,0.007693320131525994,0.18209780494540853,0.02652568109442377,0.1460839513324139
2022,6,Indicador de calidad por riesgo,0.04311006172035693,0.06838244484201374,0.09558485642137894,0.017577777733084315,0.08020559714768867,0.0,0.12015767069818431,0.0,0.1387328693967804,0.033413712709126124,0.0,0.07355258924090084,0.0,0.08344018481068492,0.04438711587498906,0.08463385206826263,0.0,0.024413031937229428,0.11019615486322468,0.301677948888289,0.0,0.05505575412494213,0.0,0.04753810693849453,0.057314182090529735,0.06371518433199708,0.06782784475171216,0.1273733500579037,0.07432119253368691,0.013086078295676321,0.02511881036110698,0.03279419871193891,0.0,0.03428158538554815,0.02986532517410714,0.037369163954345315,0.0864322650667394,0.057099404843768055,0.09219561624436584,0.09060181387306268,0.04240476149576189,0.0,0.030834885480021577,0.05328872153329023,0.009348073471492168,0.0497706338879309,0.0,0.057797260309759034,0.04069138252028687,0.0712343567097794,0.03494819250862449,0.2693787842234232,0.04089192397377967,0.07372104670375003,0.036068553857910544,0.060185296727115235,0.03067643886354707,0.08002193352261738,0.04656645891964194,0.05733138600077476,0.04445140971551252,0.0,0.07638807609896785,0.0,0.0,0.16122176252644366,0.08138697173167533,0.013558136862604115,0.043676626991231704,0.0908311156832632,0.08530482249161724,0.0,0.0749356269101147,0.06212262881266952,0.03091613854818597,0.0,0.03855215330792144,0.0722866348188792,0.04046734511387484,0.0,0.06012246936766317,0.08784675605475586,0.0,0.04203040604354995,0.03784264634316817,0.057072437712172075,0.0714180103344733,0.06805953631281284,0.0,0.05538520683299157,0.0,0.04384579799992517,0.026315229665904532,0.10437067657167962,0.0,0.10236942354189528,0.0,0.059404107167288125,0.027259157893037046,0.013647061040178106,0.038855813506496174,0.040641629932604055,0.0,0.04540644119417976,0.0,0.02430695421651848,0.1846243617328415,0.0,0.06386028018687596,0.032289750193128706,0.03297093377283585,0.0731677212231055,0.0635303538964692,0.0,0.04967810053311711,0.0644372301311623,0.089322374259788,0.0,0.10940748409191575,0.053369279521772325,0.0,0.06972500810640025,0.04825178959113024,0.062182081420276404,0.015112720481433532,0.02036093423825477,0.0,0.09563447511306171,0.032444684234291365,0.05443263693274688,0.07891700291935129,0.2798070144114811,0.0,0.10497188511206419,0.30775750207954955,0.03478444414592001,0.0,0.05789373716160347,0.04923865615975794,0.03810145791171423,0.07159854128026512,0.049988865495013815,0.0543720183685088,0.1609982024717222,0.06118557363467019,0.017449670139123956,0.056012059193136336,0.03438268399860775,0.0,0.04487922810472029,0.0902486567737499,0.03128676615301919,0.05382141555326247,0.04292007601513213,0.030575358312871153,0.15430400653847187,0.060787185407741806,0.0,0.11025008763703108,0.0,0.04022116272129992,0.07534179182910095,0.027351323680424613,0.03952223873383878,0.05834377992884191,0.0,0.021501749151478323,0.0,0.0,0.04125154184904398,0.028618186468032228,0.05806921752267738,0.05792759421654768,0.3571280994141601
2022,6,Indicador de calidad por riesgo con castigos,0.017189615395057457,0.13060272648975016,0.09446782425729623,0.0030759629641104527,0.03182521561015619,0.0,0.020500935446893333,0.0,0.0478839668099223,0.03391311501446486,0.0,0.14075532762588835,0.0,0.02925747044577013,0.02255145180710784,0.022167061559386234,0.0,0.009098318842489293,0.10375048337111031,0.06651426608941488,0.0,0.029275272372418892,0.0,0.011219594827830675,0.04765111059170164,0.052078986634953875,0.04782806158381292,0.030991289642739388,0.002026141944710741,0.0023182719167759032,3.924567432062884e-12,0.0029322239581634282,0.0,0.001440117593453185,0.006299350995947763,0.01135048862860641,0.086388577345313,0.07045007328169114,0.041639870618247,0.0711740165746819,0.018615110503033626,0.0,0.000754507726323962,0.04653536106141505,0.0008458273317818565,0.005432137328899064,0.0,0.0301532839328696,0.00039152267751328565,0.05905390282228141,0.0027409873986084057,0.047259265495053764,0.010079608803827812,0.057452736647678575,0.01898921875915066,0.030450833751578702,0.01658904883962277,0.010355036147883903,0.0030404002331523784,0.012162692416439075,0.028948277819600056,0.0,0.05825900348621032,0.0,0.0,0.018071300078957395,0.03175115638080968,0.015692591899386623,0.0007000354697433085,0.060725538115704275,0.014507459315412348,0.0,0.042491505930687457,0.0003887578660210572,0.006091141099835933,0.0,0.02366101257139475,0.023764685059159286,0.003845717665941575,0.0,0.020594371525284,0.08258560391210892,0.0,0.009830184839567928,0.0005064621046758296,0.0498165155363741,0.12961200141468676,0.04598900828960446,0.0,0.012836457091675406,0.0,0.006470642268309195,0.0051876947696314814,0.01356249580969075,0.0,0.11276524196766607,0.0,0.09233230757304615,0.013818886575456293,0.0022277716133389186,0.0014836886195108106,0.016807534361785278,0.0,0.0009531468284282317,0.0,8.480561728806617e-12,0.15293451115573833,0.0,0.02089917743126982,0.014313964062107791,0.08191135614793219,0.021044380690405907,0.024171838198345577,0.0,0.05660206741461786,0.014436310858685525,0.03018159230004129,0.0,0.009712229550013125,0.0029225323524096434,0.0,0.08194074146948638,0.0353711261805122,0.047091061068343924,0.001793707158852044,0.035660050899656064,0.0,0.036188324842664814,0.00870498933082762,0.00927050110065578,0.0006822751004190983,0.03350674748654004,0.0,0.06612105397357973,0.04494115376087613,0.030689325970180238,0.0,0.00943514962848847,0.007128826030301177,9.398975824978184e-12,0.04545198979189838,0.06863793221602486,1.2624035950376354e-05,0.01363724145882978,0.02125173365857679,0.0022265136516591124,0.05688944794644932,0.020563767063424825,0.0,0.05682412514914362,0.04215146619176589,0.043434136541519335,0.1341678349506951,0.04256297349310225,0.004092602907751539,0.06449497246618124,0.017166897024991256,0.0,4.196840998992579e-12,0.0,0.08098579439490734,0.00045493363725857466,0.011481776539216847,0.005050336054426092,0.07348797259625837,0.0,0.3012806597760773,0.0,0.0,0.00713331044875251,0.007127648757276362,0.18207500152661985,0.02628302354052377,0.1428249006140899
2022,7,Indicador de calidad por riesgo,0.05499647128250671,0.07885649706532027,0.09639905264664744,0.01972085421753627,0.054229135546840654,0.0,0.12403092845636941,0.0,0.1398045482499442,0.03429007887844242,0.0,0.06744129465291684,0.0,0.07753971933687645,0.05020537459855058,0.08368731849671322,0.0,0.025262337095897324,0.10855685828621751,0.2824492864658019,0.0,0.05200454169907065,0.0,0.05251184433356261,0.056688029723915186,0.0700646575011222,0.07047573455042348,0.1213361817017158,0.08189593735569616,0.01260754899910997,0.022451930629273996,0.035729481732049685,0.0,0.034428669016022394,0.04679102595268552,0.03272662456934454,0.12298287422042697,0.06308649457342672,0.0837267810893806,0.088383535319426,0.04911238377308808,0.0,0.029870985298225097,0.05257306229903995,0.009073955019134487,0.046421045205918034,0.0,0.05440770875024376,0.041930390350018866,0.11204614166203346,0.03298586794231858,0.29984763214320564,0.04117114498193299,0.07128136376864874,0.038400398017401256,0.05951693001326439,0.028931977674415923,0.08742707786775332,0.06148632772341579,0.05496286608980497,0.04227227078786198,0.0,0.07905356378365917,0.0,0.0,0.15709446076783612,0.08528968903597223,0.012616592340511094,0.03808520529621942,0.09155899684180833,0.08407097754685285,0.0,0.07815528307495923,0.055046795614358685,0.02828733255379732,0.0,0.03508476521112074,0.07177931298383025,0.04109742132398432,0.0,0.05776755277167158,0.08681487416068126,0.0,0.04355239823919299,0.04575545025381471,0.05658302993370115,0.07672757614224174,0.07443598823797302,0.0,0.05879681836682781,0.0,0.04642680738699457,0.0253779123169049,0.12178159587229735,0.0,0.07622941217163759,0.0,0.05950706344360165,0.025122936513987792,0.014108405271583992,0.030205196077272047,0.04615864114606739,0.0,0.046618125751962204,0.0,0.02309378457698775,0.20550279107903868,0.0,0.059524120086368856,0.0503088344596331,0.030636054060084215,0.06969517884842331,0.0664245187493213,0.0,0.0479027764673174,0.0518779549702415,0.07195444047871681,0.0,0.10599527029912903,0.05075983678326524,0.0,0.09383845229650713,0.0471076488272519,0.06363789841030075,0.014533285321897418,0.01902430390472983,0.0,0.09939275806636118,0.030780546290007944,0.05185845878557928,0.07192911889113889,0.2553808751831531,0.0,0.09929552034649151,0.21969269442566575,0.037223834043852363,0.0,0.058448354345540424,0.04630033685373468,0.06324569714455723,0.06921028787319113,0.049490936402739535,0.06624341277078065,0.16132178433223923,0.06085718639536056,0.02273179557675169,0.05941542064010916,0.03374425456301954,0.0,0.04444150531016236,0.08152053212422192,0.03101544932505913,0.05406886819032986,0.05178206604974115,0.0,0.1509906712630476,0.06473799408804815,0.0,0.04422551984119118,0.0,0.04528762059513287,0.07240832853704711,0.0731268897626032,0.038963835022275954,0.06556818870055173,0.0,0.018820233634465916,0.0,0.0,0.04310409895588803,0.026324248414083425,0.05906752787858444,0.05945686182732866,0.34722453341063697
2022,7,Indicador de calidad por riesgo con castigos,0.01679213564319697,0.13006951982322146,0.09369028891299079,0.00306626049422292,0.031607363990593766,0.0,0.02075460338614215,0.0,0.046956204981146006,0.033269771141771765,0.0,0.1349139635801873,0.0,0.028229873572865986,0.022198349052447296,0.02214514459345544,0.0,0.009036713117316719,0.10267672567619245,0.06584669091990814,0.0,0.028839697404202634,0.0,0.011016304805912253,0.046331565689762266,0.051122068524850205,0.04697535837300399,0.02852738094277058,0.0020159019619451534,0.0022951395315707938,3.4567063726158296e-12,0.0031854028632490278,0.0,0.0014332784154308881,0.006119164445950727,0.011191011224616626,0.08439573788305599,0.06779356850990091,0.04080179296831471,0.07071080952270592,0.01822357480322848,0.0,0.0007524054707581215,0.0460361449204128,0.0008340297781226049,0.005378235018581901,0.0,0.029551701977834598,0.00038563060703964997,0.05624395129203566,0.002499704234909995,0.04741519200693558,0.00980900976910671,0.05552823885035611,0.0189045615438964,0.03008322651186172,0.016182635991268027,0.010133745522675461,0.0029743212316010216,0.011980670983075243,0.02809719470518903,0.0,0.05831717562044499,0.0,0.0,0.017776694325209567,0.031431022591070695,0.015532344672741326,0.0006820159129810067,0.05950532599172004,0.013799465369155188,0.0,0.04197627649711509,5.082359001838541e-13,0.006124887356667224,0.0,0.02344314182100337,0.023204360838263733,0.0037662025614065213,0.0,0.020307760712003513,0.08185160584047034,0.0,0.009740913707250618,0.0005027024669959684,0.049779998037945056,0.1389238987731314,0.045462239132704266,0.0,0.012341932934836122,0.0,0.0063995558327584745,0.005209178196187834,0.016094593780840532,0.0,0.13068122136360438,0.0,0.09170378799936538,0.013343186874431836,0.0021869900758041965,0.014903525747423709,0.016555522495576805,0.0,0.0009394934515936666,0.0,7.788044007793452e-12,0.14945720106839264,0.0,0.020180820200198697,0.014286793821531594,0.08057644746634356,0.020167011675991695,0.023057134939864044,0.0,0.05623502413643647,0.014149316954531522,0.029748487946497416,0.0,0.009560125181259201,0.002918248546689523,0.0,0.0821182578551248,0.03459515293209658,0.046014310226880045,0.0017435312573278715,0.03551807982819076,0.0,0.03563823448079641,0.009075588433274735,0.009082217016428038,0.0006760197373412239,0.034011246510274415,0.0,0.06323011602852159,0.044887755174578416,0.029711980551514926,0.0,0.01186373047360732,0.007133234197692517,1.5478906888212835e-11,0.044679005246365554,0.06762291003483406,1.2459780623166313e-05,0.013382351399525266,0.021065400319929574,0.0022482562933483475,0.056790475204920775,0.02032877760826168,0.0,0.05542373907630738,0.040378581859258064,0.04208751065799089,0.13447096244041878,0.04035534321493448,0.00401322300584086,0.06327451594776436,0.01705693110918826,0.0,1.6100570695910593e-12,0.0,0.08013359757264746,0.0024283413886968617,0.011571645401891385,0.005044285914347481,0.0736493221842498,0.0,0.2727135461773881,0.0,0.0,0.007039843138959814,0.006568634750219198,0.18264771726701237,0.02600515664384111,0.1377410271271141
2022,8,Indicador de calidad por riesgo,0.045802049475665185,0.09168679308386345,0.09682701720155233,0.01850535208177312,0.0573987923774,0.0,0.12853443919380567,0.0,0.13463233609286257,0.04844667158528189,0.0,0.05874166237025148,0.0,0.0751257936598002,0.04846774926872099,0.08964290690100601,0.0,0.03985166336812296,0.10167128680554698,0.31178407590551904,0.0,0.052618443968382764,0.0,0.04454007613334777,0.05983905238364417,0.06793669542080762,0.06656554240059073,0.11221972260822312,0.07014340332417336,0.011257860646586371,0.02184962100235191,0.03354671888111573,0.0,0.03463655333802762,0.04864297868946003,0.03582073003143537,0.12259805111797019,0.051200216053983366,0.06977096768366282,0.09187290440345706,0.048890222047745,0.0,0.027969724658760964,0.048704599234539334,0.009809217682400492,0.042379695364566615,0.0,0.05330553085001622,0.038734239438646186,0.1127341184468194,0.030440223647973216,0.29749651003660443,0.03908065204059909,0.06935513136415788,0.03920729907117135,0.0571249589996113,0.07450210691097447,0.08318984052927615,0.0631875772994479,0.0495071562770896,0.04171506319055471,0.0,0.07861563974993616,0.0,0.0,0.15657034312832327,0.08509979316414797,0.01312314658668034,0.03927782538570388,0.08718856993206388,0.08356161536020719,0.0,0.07889575823319524,0.05026842149459934,0.02149624340235333,0.0,0.029804691381165163,0.023687275214207208,0.04424509861421651,0.0,0.05576499985416886,0.08750125663307955,0.0,0.04081698651044901,0.05160247212022496,0.05882873059162987,0.07707342021148646,0.0838471675068776,0.0,0.05879581945524852,0.0,0.046799841451815635,0.025928398970105935,0.10036545623923654,0.0,0.11619342583783085,0.0,0.058596131243096344,0.026413693110968813,0.01639455156752651,0.030593534162506646,0.04779104483390623,0.0,0.04554130391585956,0.0,0.022725717611720143,0.18944466879051136,0.0,0.05680543566467873,0.045566433109107386,0.029424650492589677,0.06707367385221638,0.06533117277330149,0.0,0.04623426190659733,0.044317771011349656,0.0856479236271697,0.0,0.10672072138244414,0.05208876958202614,0.0,0.09760517628631084,0.045522730847614545,0.06232111137110815,0.013602209235524266,0.01839573656801707,0.0,0.09161180062963098,0.030741553635384687,0.0532069542482879,0.06250501551209446,0.2627392664533855,0.0,0.09504383164283109,0.17587689034223752,0.03404030221721861,0.0,0.057805389117081205,0.053741983880342147,0.04873281784775976,0.06804341304251472,0.04948571846963359,0.05189705158906992,0.1452552951602971,0.06152103042646176,0.023407341155203196,0.13209169276364738,0.03195559912740439,0.0,0.06196024983513652,0.07494681590666297,0.029134763580564917,0.05826126504426538,0.052400163508786714,0.07199663366612721,0.16213421652817103,0.06073873026222862,0.0,0.041401529391042635,0.0,0.04949109093665798,0.07094946489344267,0.06950634916225772,0.03826350402144929,0.048379693179100895,0.0,0.022676961394107003,0.0,0.0,0.03723435518517275,0.025037649176922118,0.05528640607354444,0.06319900497641898,0.34087344122310415
2022,8,Indicador de calidad por riesgo con castigos,0.01652664801301826,0.12889412886329077,0.09239769509009829,0.0030570874427378525,0.03137787583284598,0.0,0.02072449803801189,0.0,0.0464593053531964,0.03217091421976695,0.0,0.13015533056007297,0.0,0.028083501541707332,0.021691825296504857,0.02222751824399288,0.0,0.008881587197220056,0.09913464106303492,0.06666184846106381,0.0,0.028428739204866348,0.0,0.010837532997266893,0.045817087738370926,0.04940826968936209,0.04500110066160578,0.027546607252362878,0.001921493224646698,0.002264657129841421,3.3248309336727753e-12,0.003172743243268165,0.0,0.0014160944400779616,0.0061133450399019134,0.01173984154793602,0.08277502769574391,0.06780768481183655,0.04017721349328244,0.06966599257946297,0.017913197228538232,0.0,0.000741804067876722,0.04544232229027342,0.0008368781442993489,0.004878425794531867,0.0,0.028898503845608495,0.0003767292487304827,0.05383806020068026,0.002432349920438359,0.04704966291496204,0.009530456281970466,0.05515599017287038,0.018790588862486947,0.029861571034849637,0.01570191263045039,0.009792545717998816,0.0029215698926500625,0.011487539761192923,0.027054077171283067,0.0,0.05739315594516461,0.0,0.0,0.017469957084118044,0.03537984240261216,0.015359137480580503,0.0006611180331696095,0.05938157568217163,0.01299298130128604,0.0,0.04200899913703921,4.554279260479826e-13,0.006143774290034805,0.0,0.02310216031888,0.022538351415026317,0.003652495101512888,0.0,0.019858088449200197,0.07997543264614065,0.0,0.009474672431798642,0.0004994403696258698,0.048258697181125104,0.13761472567523766,0.04492164078941991,0.0,0.011794048495746638,0.0,0.006326519024043643,0.005225006195028713,0.01619653371523872,0.0,0.1256470262655818,0.0,0.09053011338470061,0.013243125655423835,0.00215395908301741,0.014985818650059428,0.016350779237023286,0.0,0.0009335216025248855,0.0,7.677086099731718e-12,0.14902634073499324,0.0,0.019859583694264916,0.013933245436828267,0.08001448862503695,0.019673408486344635,0.022555571914304247,0.0,0.05639298795791091,0.014328628532951365,0.029557708291136846,0.0,0.009441453206437394,0.0028993924231584026,0.0,0.0809525398635602,0.03387922468487461,0.044893638116327225,0.0017057996406482565,0.03550204371580996,0.0,0.034496812669838374,0.009368735098935233,0.00891740193064428,0.0006709047767721198,0.03457604447677087,0.0,0.061927052755658886,0.044593338640758054,0.027232015825937615,0.0,0.015615897187007823,0.007101598472676411,1.2037618916692207e-11,0.044182327531112134,0.03190276917097217,1.2141384800054974e-05,0.012810795883857468,0.020691010991424775,0.002255330718154313,0.05616641790025644,0.01968136412501025,0.0,0.05416579999703234,0.0386111910058541,0.04146970141527289,0.13563897673738373,0.03995041695575633,0.003981322217217633,0.061473424896311385,0.016736119351513232,0.0,1.4323061292128246e-12,0.0,0.08251149852403157,0.002427477487964216,0.014437379982864389,0.005007154374093797,0.07272812534587728,0.0,0.2739393073340272,0.0,0.0,0.006974777831280009,0.0060597975979032204,0.1816350490140025,0.02609205251639156,0.1303772258191187
2022,9,Indicador de calidad por riesgo,0.042489777164287805,0.08817364918208954,0.09878543724876417,0.019102044651097955,0.058738787119567454,0.0,0.1311292687174536,0.0,0.13390374961568222,0.05677216653354292,0.0,0.06600703085642708,0.0,0.07402538627012065,0.051026994596883056,0.09160297658352334,0.0,0.038961019358906564,0.10127943247149801,0.30608004367442637,0.0,0.05708612262488259,0.0,0.05421324440878993,0.058570385309407266,0.0716741054480374,0.06435219684945169,0.11041944470811753,0.06573057681618259,0.014504982803146937,0.02227612505284422,0.03713089067092655,0.0,0.03538080585370454,0.0495443442848675,0.03402580312067735,0.12243966473084543,0.05266829644122879,0.06748503453620404,0.08957004658969475,0.04968573605001168,0.0,0.028276974108003942,0.04593322373214905,0.008467708132012598,0.0452830963400514,0.0,0.04787316477753986,0.03648189411543051,0.10631528132840758,0.032241166561695504,0.29283352924212486,0.038607450162526966,0.06648236583419198,0.03804687475361666,0.057120288816817744,0.07442846696611916,0.08236488495500262,0.0935584277397849,0.05161942145128129,0.040447731336099954,0.0,0.07379077282404213,0.0,0.0,0.13879969392413066,0.08977650478037878,0.012113249174634485,0.05370777973651611,0.08226210111954164,0.06845719060900862,0.0,0.08918664528209884,0.0489557328150954,0.019694990461893713,0.0,0.03529578186729962,0.022842643033104675,0.045911524017958234,0.0,0.05923170464701519,0.08944422688288935,0.0,0.04627735561789875,0.04592408986678315,0.058198305192654225,0.07975613702493249,0.08944580477459141,0.0,0.05958432829801327,0.0,0.045878224232608844,0.029298570256375965,0.08198107141066448,0.0,0.11689972313431475,0.0,0.057909480616347715,0.025079392385986884,0.02564478010972117,0.030357763877846906,0.07467086612098703,0.0,0.04809327223569038,0.0,0.021267893543273256,0.17982196549023716,0.0,0.06806668989723759,0.04242318109565355,0.02672490120302608,0.06687223575697479,0.06400965810708185,0.0,0.0477610532087494,0.04859960347252151,0.08626711760818899,0.0,0.09705336971480255,0.05029679210866843,0.0,0.10050822791664644,0.044104127282811614,0.05799598830115057,0.01816472303900076,0.02090242020354466,0.0,0.09385833521050982,0.028564633738714523,0.056156604495731066,0.07126419937586818,0.2662773836746777,0.0,0.0833947371368698,0.17168599626019582,0.03310100554247299,0.0,0.057427135599851534,0.05033107840931326,0.054504854545424614,0.06401492324706348,0.04710033419404748,0.05353838005110312,0.1457103901555999,0.05979926009255253,0.02332129986005516,0.13703470240501148,0.030498954806750207,0.0,0.06283263405694195,0.07256744977885686,0.030049588322526095,0.05550418138094128,0.04726715793091118,0.0835007440484305,0.16902440928516216,0.06048687287446692,0.0,0.04504616722178071,0.0,0.05072700699786568,0.07008733243541787,0.0707820884116219,0.0369996013726114,0.05382742173366378,0.0,0.016397048275393438,0.0,0.0,0.034733891417799534,0.024164833012661403,0.056941150357057047,0.05273457399136165,0.3360489999831521
2022,9,Indicador de calidad por riesgo con castigos,0.01578885849238449,0.1260780766912551,0.09083761204539204,0.003079207755238078,0.03062212860451868,0.0,0.02052967785289238,0.0,0.04582029495232945,0.03129807209221053,0.0,0.12780584749743681,0.0,0.027757886777064613,0.021434084107443387,0.021979419462213427,0.0,0.007845807775695568,0.0977577642791245,0.07426853262704392,0.0,0.02797595130594625,0.0,0.010707733639081967,0.04463503777928525,0.04874235217348955,0.04250911286878027,0.027304479686005703,0.0018462764176592715,0.0021254021283594123,3.1961109238658456e-12,0.0031603112699819906,0.0,0.0014197072075387976,0.005775212415879417,0.011598878183921973,0.08187682384771433,0.06731597023117342,0.04011373611053132,0.068620435316899,0.017511666492757826,0.0,0.0007329894634093772,0.04139813697833265,0.0007877827807160767,0.00470657130884488,0.0,0.027765642331650464,0.0003699152981740965,0.05488912255093156,0.0023512345208418195,0.04646949279474704,0.008927623728627047,0.053491871134621755,0.018361324155454314,0.029647014594061966,0.015419693308308058,0.00949689679595459,0.002884026189868679,0.011178336793962386,0.026097182845812455,0.0,0.06041231046119762,0.0,0.0,0.016642685081347766,0.03401793434149358,0.015651281839484013,0.0006469160875447809,0.05975473711425155,0.012395315745267966,0.0,0.04090387565124253,4.345377554719218e-13,0.00610875470607331,0.0,0.023053312092386487,0.02255321047644037,0.0036248272800341124,0.0,0.019708994474864173,0.07904633905705685,0.0,0.00921936123176759,0.0004932734893842905,0.04769368530751727,0.1357393842373293,0.044985264977212884,0.0,0.011205965201491584,0.0,0.006301644710419656,0.005241371343022505,0.015753149698356294,0.0,0.12686321002445863,0.0,0.08718919226281498,0.012996231748243159,0.0021537938150732435,0.015021108762249328,0.01594922636794986,0.0,0.000900313495851355,0.0,6.8664853555718715e-12,0.2076196418110097,0.0,0.019433509983236338,0.01363525322794677,0.07872937056274415,0.01928261775686066,0.022341828234265802,0.0,0.056155052351343666,0.013972158959088023,0.028980811709271918,0.0,0.00945266329679491,0.002913751205116211,0.0,0.08182702378918308,0.033033663057159705,0.04339444053623869,0.0016423341512412384,0.035115477702472774,0.0,0.033026115394568505,0.008553185485000246,0.008673724981965728,0.0006661604835629439,0.03469428392194108,0.0,0.060004613491856054,0.04428204515861531,0.026731303932704217,0.0,0.015478547027062787,0.00695808703852363,1.2848890307365467e-11,0.043175766549686766,0.03754401661672903,1.1620466993829465e-05,0.01211965554706781,0.020157644844706134,0.0022555592353774257,0.05522129032746879,0.01887119161871931,0.0,0.0527598007052234,0.03699699362561414,0.041335897401409354,0.13448632632881047,0.03935004017928112,0.0039648538954610135,0.05957554090640563,0.016695712417962746,0.0,1.5386245054612501e-12,0.0,0.08157170062139575,0.002438864279755421,0.01429218190334312,0.004917327037198054,0.07149797961388228,0.0,0.27729551182814816,0.0,0.0,0.006912629086452343,0.005768285084303268,0.18024936228242594,0.025544403548629767,0.12571258630723145
2022,10,Indicador de calidad por riesgo,0.06359346740946778,0.09151739371447794,0.09930648416314271,0.02013234810796032,0.06123254857091622,0.0,0.12792339164743374,0.0,0.13360929006459818,0.06347233303438464,0.0,0.05695901803733824,0.0,0.08928678482313768,0.04930972471744491,0.09391955386166803,0.0,0.04164061480395708,0.0908774336929067,0.2982394121276654,0.0,0.052113178996726114,0.0,0.05860772177290199,0.057774132940109975,0.0720768995328687,0.06478033608903828,0.11223724723109747,0.06393162570838258,0.015645182141360497,0.02750821097166229,0.03938500115035358,0.0,0.03331084151776333,0.051409870743622646,0.04313395594281543,0.12602329887091218,0.0523994097369222,0.0612549738876348,0.08692466127273206,0.04537916225801482,0.0,0.024408759291434885,0.04383364663241328,0.005140135052997076,0.043909146551357366,0.0,0.049474240898968014,0.0351322163636941,0.11342541095918726,0.03230556778394581,0.2806354431602435,0.036130741837840534,0.06475578393352163,0.03685764154864412,0.05969817012672891,0.07906203604629326,0.08192615502595908,0.09037603009171037,0.0551092069285921,0.03918948173887106,0.0,0.07238208410157543,0.0,0.0,0.137844247263195,0.08880594511788414,0.012569594261894322,0.06391868068276141,0.09364533182352672,0.07044750118643486,0.0,0.09171956955422444,0.04216052216184658,0.008262734237190067,0.0,0.03337282774806492,0.022182676662885495,0.05136570721578732,0.0,0.05871063355425583,0.09198321657434602,0.0,0.041655626075092975,0.049044503141287374,0.06187589934232317,0.07656836689313758,0.0967752948357502,0.0,0.053597427916351,0.0,0.0571203117121372,0.026482352700542177,0.0810540683964787,0.0,0.12859564789400693,0.0,0.06118132552872027,0.025473734921632584,0.030556946803403404,0.02596551998401122,0.07152564706923166,0.0,0.04352210374998753,0.0,0.020265586760502274,0.23516185409474769,0.0,0.055644667944896864,0.04077836125966338,0.029003777983802926,0.06621914432374662,0.07151584956917827,0.0,0.04725055349272588,0.0620457604064051,0.09276513874195307,0.0,0.10187087720577423,0.0545550317693403,0.0,0.10096543874300191,0.05506707863739629,0.07256243996155683,0.015530244796310436,0.0212460021513528,0.0,0.08336848077376026,0.02627985110645105,0.0824082916117484,0.07026719051660234,0.0,0.0,0.09672642339823188,0.1572285722011208,0.02704210216423761,0.0,0.059522065118617955,0.048359417931284336,0.05456845024078333,0.06261192820131167,0.04503226642231015,0.05309712646465853,0.14252988396855945,0.0701287824722737,0.022148334876145034,0.13627192506665975,0.029138525448157936,0.0,0.06361510024580178,0.06972422996859744,0.02912039467102104,0.05984039256991259,0.05031582884831804,0.09326924342231296,0.16570614165998682,0.05938242277434138,0.0,0.044998298909103535,0.0,0.049614701386282975,0.06902197457492194,0.06824444977790972,0.03639283154047341,0.04840921356533445,0.0,0.022672236228341643,0.0,0.0,0.03936448920636743,0.023663970459454103,0.05360585123254973,0.055445041039489454,0.3243508490552661
2022,10,Indicador de calidad por riesgo con castigos,0.015476862226787784,0.12488917460167238,0.08891100413009904,0.0030928986463829877,0.03036421393131724,0.0,0.020285165864568817,0.0,0.044891613492191534,0.030561408142975262,0.0,0.12181145692466913,0.0,0.02846040365192654,0.02118162154882897,0.022043166276960513,0.0,0.007744753070295728,0.1055158699685304,0.08919628905888585,0.0,0.027839429693231665,0.0,0.010674522107847024,0.043804536352079676,0.04858593252044188,0.041306643949188336,0.026277600779672353,0.0017984752433535586,0.002051266044526509,3.928351795600466e-12,0.0031475418620212935,0.0,0.001425347780895646,0.005616128029555063,0.01149676568223298,0.08116536952872332,0.06711764482877092,0.03923407580134617,0.06857507319289137,0.01696858111763351,0.0,0.0007243538426237319,0.04032331821036253,0.0007849468053556037,0.00457762829442595,0.0,0.027691604914354347,0.00036187994893753506,0.05304359872144087,0.002029136442997597,0.04626684739485712,0.009019088196588856,0.05291371097552548,0.018308372062323143,0.0292344143414012,0.01506647593392318,0.00930108872977481,0.002855450696684895,0.01118462775378465,0.025294989054840906,0.0,0.05967816943660845,0.0,0.0,0.016471940606415585,0.033338218194491065,0.015341917055516616,0.0006318654317235511,0.0599912995483042,0.012092268871744156,0.0,0.0405422759795431,3.590876350871666e-13,0.006146727780913821,0.0,0.022481699391524522,0.021952660124132523,0.003559012513536887,0.0,0.019822330892513933,0.077795266270885,0.0,0.009003109541764956,0.00048792710610655755,0.04689152266844182,4.031825487740531e-12,0.04453344241018087,0.0,0.01675514915287653,0.0,0.006317450085950626,0.0052569947246789515,0.01471160996552064,0.0,0.12732194500298444,0.0,0.08489087497997168,0.013086168644886967,0.002166773263358845,0.01430043562482349,0.015797093523328472,0.0,0.0008728270769966273,0.0,6.481975186053633e-12,0.20156333737460852,0.0,0.019395686690120713,0.01327947309483132,0.07669640092154886,0.01853053267903047,0.021565985090327554,0.0,0.05525529945439463,0.013585431156699928,0.027565976164470183,0.0,0.009006856229152743,0.0029082431494106744,0.0,0.0823532737776069,0.03205830972979638,0.041951146960406985,0.0016379754187168956,0.03520952198980163,0.0,0.031531832473059664,0.008413175577034167,0.008571250538270904,0.002645067203838696,0.0,0.0,0.058357856468215806,0.042742483654764775,0.026881555167448837,0.0,0.015192764297730131,0.0069104618626025455,1.2337565753034698e-11,0.04221541457334199,0.03693945547413966,1.173276401860986e-05,0.011950008755135988,0.019925896655800402,0.002253143518222338,0.05406488124064253,0.017950970894901084,0.0,0.051507300197036636,0.035184074413648674,0.03977779396797654,0.13561827406799354,0.039261897587071125,0.003991050087275092,0.05753238605979155,0.016693034198989782,0.0,1.516554684649584e-12,0.0,0.08053146544167292,0.0024356813772549502,0.014046778366256214,0.004869504850393759,0.07111639643326596,0.0,0.29158874400743895,0.0,0.0,0.006952155518460003,0.005479903633939439,0.19230280114503998,0.025595996289750334,0.1364396120670171
2022,11,Indicador de calidad por riesgo,0.059593738951713875,0.09354462420676556,0.10282079397262675,0.0776594119927259,0.054871277042602605,0.0,0.12479850471497196,0.0,0.1332855858576421,0.05383237055487786,0.0,0.04615494419017936,0.0,0.09641409604654073,0.046822549518842446,0.09366916346336654,0.0,0.045928391212153585,0.0907016659945126,0.2698146414321463,0.0,0.05238029798407015,0.0,0.048467918555971046,0.06137104560453292,0.07205213104944885,0.06240325927857608,0.09623004905626172,0.06649456374130203,0.014820593478791722,0.03006623758430897,0.03915612604296324,0.0,0.03492575299163361,0.048721310586711516,0.034937835035778436,0.13009539712083334,0.055579526505277276,0.064641624376993,0.0670558272220964,0.040921032663458125,0.0,0.025633062561163794,0.04921869750174325,0.004814469828787748,0.0412587765515049,0.0,0.051487357402525136,0.03365467557880006,0.11801371511115354,0.03729915232653582,0.28401259118085587,0.03643826889462692,0.0722392076055976,0.040921624748681946,0.06032302048327296,0.07978326586664058,0.08276097068302199,0.06186964062732487,0.05500278449289,0.03838080188519875,0.0,0.068130354924215,0.0,0.0,0.13319018664634896,0.08458343718417227,0.01244645478974389,0.05880486241415019,0.08764997402047557,0.06397676007079993,0.0,0.08978524990872327,0.04330494081974184,0.009996180614448033,0.0,0.028443087381295997,0.023325048881326735,0.051070068481871574,0.0,0.05611088421692499,0.07683954890299996,0.0,0.04393442901826283,0.04737750635235171,0.05666989662397281,0.08279533473824449,0.0882575922640017,0.0,0.0512842423508553,0.0,0.05694223277636681,0.029337328175273864,0.09789272934273925,0.0,0.13073213728507976,0.0,0.06092198902914857,0.024503627053059543,0.03228854071865034,0.02842133503458732,0.05280612391716212,0.0,0.03890225703722211,0.0,0.020433935025400318,0.20146388874700946,0.0,0.05787023700257108,0.044818660463265436,0.027621172810562044,0.06585120362757502,0.06021965752017866,0.0,0.049106054045982346,0.04614791952135227,0.07968574187856471,0.0,0.11116694905849998,0.059699974814476524,0.0,0.09960190913396112,0.05023756068882642,0.07444469455578874,0.012533456764158464,0.02354857641536065,0.0,0.08780788481999974,0.023996218390078133,0.08775746293581625,0.07340421413997084,0.265453729059089,0.0,0.06625092955053132,0.15149858539912164,0.029017962422887938,0.0,0.058106999546780315,0.048277560819752076,0.03914163277528808,0.09456512984533486,0.04063589990075639,0.04625817376388507,0.14174770154160438,0.06432424722721918,0.021456449007451903,0.1365657820307003,0.028568444450658047,0.0,0.0661156154375285,0.06985868559600712,0.053678452523823895,0.06375830427105625,0.050275170871477065,0.09466221237495531,0.14412671536536156,0.06027852093098934,0.0,0.04431587313614759,0.0,0.051138113468744376,0.06813819375805273,0.06597205325630656,0.03704044255363928,0.04925619086209038,0.0,0.03456335583917071,0.0,0.0,0.0376778573511612,0.0231055523233414,0.0510737843098047,0.0556455981404869,0.335972053100869
2022,11,Indicador de calidad por riesgo con castigos,0.018432730613946,0.12411040537537261,0.08800591269011629,0.0029885745291162833,0.03716680166432557,0.0,0.01979320438085582,0.0,0.044444765872837425,0.029877614878126568,0.0,0.11984216413181338,0.0,0.02773518515796836,0.020860929637940274,0.021802817076534118,0.0,0.0074891487770349,0.10470624553630879,0.09816152474413886,0.0,0.029300020545293678,0.0,0.010650083336755035,0.043309974269036065,0.048324416396350496,0.04034073800407999,0.04025941604300593,0.001781754255273393,0.0020135287305726463,4.0102802201952555e-12,0.0030974853971322456,0.0,0.001418110749969389,0.005535995813109492,0.011339798650932844,0.08065760190997155,0.06704225113643619,0.03887058784364395,0.08635740763965495,0.016652013303120338,0.0,0.0007176460834469911,0.03994225174800653,0.000758961616990415,0.0044737117048099856,0.0,0.02702798819046954,0.0003534438652069816,0.05173620418543053,0.001982931556975066,0.045901868969070087,0.009220900191185393,0.052159591057475314,0.01826711914094073,0.028982273836892468,0.014814384804746592,0.009085270001706716,0.002856959341384926,0.012137935143865469,0.02454084685197883,0.0,0.06156490146012603,0.0,0.0,0.016274169450313965,0.03607223112957445,0.01530176600524827,0.0006223633484612173,0.06083169411058645,0.011936510959797314,0.0,0.03972181312322248,3.5827714294094994e-13,0.00593673560848953,0.0,0.022633634651989268,0.021586728808439398,0.005593505253563639,0.0,0.02084577523249009,0.09166465244240014,0.0,0.008768368774757668,0.0004871282817033972,0.046456716137670745,0.13051971516232044,0.0441454817368499,0.0,0.01628656238750812,0.0,0.006262998534222026,0.005262750024525572,0.014258927648596754,0.0,0.1268112031843049,0.0,0.08350524524075131,0.012995827630857592,0.0021664659159203927,0.014599574445535118,0.015245199091007886,0.0,0.0008723785977454853,0.0,6.724185803466779e-12,0.20103076086954472,0.0,0.019172341889268574,0.01318160632152135,0.07347602167246253,0.0258359304191467,0.021065787508645288,0.0,0.05498399439382855,0.012397522527391902,0.026868177256852376,0.0,0.008950430692883978,0.002939174431066732,0.0,0.08117985642558488,0.0370371488436452,0.0409577515558917,0.0016259812056602966,0.035407015501721616,0.0,0.029769382520084105,0.007998383094266414,0.008481450024597981,0.002627969979466578,0.03532939512099411,0.0,0.08366075302326281,0.04249749135762824,0.026170877798256595,0.0,0.014979409517931641,0.006814715141227997,8.677162125314275e-12,0.042123169859113026,0.032332020493457826,1.1357357955633528e-05,0.01179855844685044,0.01973657060619708,0.002250032970460408,0.05344615024486609,0.017225678927419146,0.0,0.0510480711554487,0.03447010959390588,0.03985446600215921,0.13541118212043796,0.03841237169155409,0.00399993166050332,0.056912882486753365,0.016484645545215535,0.0,1.4520831281701695e-12,0.0,0.06520452376729798,0.0024436357711047833,0.013941662421928819,0.004833627566255797,0.07099053610417114,0.0,0.3001789358933768,0.0,0.0,0.006538330020379444,0.0052610267248114195,0.19203856238156114,0.025306505450665123,0.13641085675764636
2022,12,Indicador de calidad por riesgo,0.05144841934086872,0.08079703082557986,0.08103095828800379,0.07803362525306994,0.04909792349069614,0.0,0.14960300581514832,0.0,0.13976849354380394,0.05551588355798558,0.0,0.04794721614064196,0.0,0.12316536805814349,0.04005634338824077,0.07904653604528981,0.0,0.046789113247047584,0.08421714032995027,0.26482194977853235,0.0,0.05545278792912815,0.0,0.032523238323855966,0.05947305850547857,0.08219464086145423,0.06496080669062088,0.09888845866388996,0.0738717113557877,0.019898809329208827,0.022619605957021154,0.03634882149726613,0.0,0.03617750631522434,0.04680659151679589,0.028925186684477255,0.12259517504865623,0.05642611874825023,0.06410487279314524,0.06316003581319538,0.034337650566863484,0.0,0.030407276159617525,0.052386727744352206,0.0045270815738806865,0.04249990508393543,0.0,0.13557716683951565,0.032602756410887127,0.1167482490719672,0.036440260039362106,0.26506290237096125,0.04529781500111013,0.07265089121591366,0.049192220585045444,0.06464151642707855,0.07917456888701595,0.07355021592604973,0.06123243780104463,0.06655079900316355,0.03804081484356495,0.0,0.06995309434283749,0.0,0.0,0.14318889525674405,0.0797237831176799,0.009199055849495544,0.040624189575953006,0.08666546581151854,0.06146586763083663,0.0,0.07697804550662007,0.036933104424567306,0.028091909298126896,0.0,0.03645333900257987,0.028022470629880798,0.052658221892372875,0.0,0.05629366610282994,0.07066553602165303,0.0,0.03762309693840027,0.052580870758252324,0.05394469528624169,0.06580070460738013,0.08208031303219518,0.0,0.06576823692342516,0.0,0.05695062784389842,0.026454027650649675,0.08830821812676995,0.0,0.16299410798197966,0.0,0.0589238551431183,0.017792851897935946,0.02077503138042217,0.0359874209768819,0.047246944909820635,0.0,0.02937782099335245,0.0,0.009106129732209924,0.13859276004807444,0.0,0.08253821852237378,0.04435118249857916,0.03025794993940861,0.05895427968252696,0.060094300100128395,0.0,0.039535594474110876,0.03306235377593672,0.0831053267753605,0.0,0.1299665723548901,0.05363011619402434,0.0,0.1158078078963185,0.04942196179960004,0.05409634185814516,0.016890530013299515,0.024025198576197997,0.0,0.08387850272920086,0.021221823660657363,0.061979689182896903,0.06611364047417113,0.2641121235884668,0.0,0.07678510423083754,0.14600990384553725,0.028455291707612247,0.0,0.07291193494027993,0.0522192234766993,0.0503583937604221,0.09564760241740587,0.041072414754067976,0.1030362790132557,0.1177574317854708,0.04524018652346347,0.022876922191805458,0.14535681843166295,0.027307726553319034,0.0,0.05381742089176638,0.07520181819518652,0.04691460451230709,0.07010325279962763,0.06611816473276762,0.08817537188058786,0.12311644721100114,0.06235303621771971,0.0,0.07469400167411529,0.0,0.05067147060921624,0.0922866020011887,0.10188172315487536,0.06477697333548811,0.04416147557228235,0.0,0.024651802554049584,0.0,0.0,0.05409776970346851,0.032237605241184415,0.05797056894458154,0.05278886654348192,0.1774156359188783
2022,12,Indicador de calidad por riesgo con castigos,0.0220102244338997,0.13036139071418013,0.10995140505337446,0.0030531385625170676,0.035106907527138964,0.0,0.03415914698164856,0.0,0.04832434272556213,0.0288885768132132,0.0,0.12488085770119944,0.0,0.027510624607599628,0.020769297973865668,0.021494943907677203,0.0,0.007473384895741344,0.10394301957649635,0.10145406194457098,0.0,0.028911381553430787,0.0,0.010590146025097969,0.05297668272646462,0.04582279505862693,0.04432418076727464,0.038696224568595436,0.0017598908607506412,0.0019774022412241705,3.1486250059438234e-12,0.003055758867151226,0.0,0.0014207672917433748,0.005562904174870873,0.0125569394634952,0.0894273119397598,0.0720277067861952,0.0389291659137141,0.08530981913376434,0.018442244295127697,0.0,0.0007149229357100608,0.04212615823318099,0.0007600183806607071,0.00441541270516954,0.0,0.025784558741348017,0.00034581892611659266,0.05653161445838646,0.0037457663760357266,0.06087040255977215,0.009282414677951573,0.05155375661436376,0.01767915171661462,0.029019717525195273,0.015909826793608833,0.018290441309412826,0.0028477817513697166,0.012270660273316568,0.023964247108319386,0.0,0.059678389188519775,0.0,0.0,0.016217537250523592,0.03560834914207318,0.018547801917986852,0.0005959964554578698,0.06467264812292177,0.012012090486807027,0.0,0.04661164379953312,0.008359536929195648,0.006032787132840691,0.0,0.02270218434101708,0.021664987776940946,0.005673962135200113,0.0,0.021001297671334938,0.09054944003674853,0.0,0.008709362479774163,0.0004839400250916458,0.04586307515669748,0.1307810776356764,0.044014881294002654,0.0,0.01590247269355088,0.0,0.006182242416588392,0.00421266667068738,0.014379866539326356,0.0,0.12650473880840335,0.0,0.08221623422402584,0.013247160995696134,0.002181617810286728,0.014883447708453136,0.015019112870528394,0.0,0.0008556610056528404,0.0,3.026331963669738e-12,0.19480996646894216,0.0,0.019444319509084918,0.013068634727631666,0.07304518312067064,0.024648372157826788,0.019743871967405055,0.0,0.057643547445657015,0.01628995107911534,0.026064729437355813,0.0,0.00858513292317984,0.00291005951695222,0.0,0.08212060854232532,0.036467171339255755,0.04075635207534905,0.0016124966802709055,0.03559208226530737,0.0,0.028152440248795083,0.007512549057831483,0.008354142631440692,0.0026416399736774103,0.03522247298462406,0.0,0.08228246731973611,0.041746676505842184,0.025665836885365154,0.0,0.017437160472053105,0.0067650833103589545,1.1405417235041452e-11,0.04236860674302527,0.02641551179212695,1.1143771838452528e-05,0.011754883714865785,0.033417395969717135,0.0022606960387582323,0.05318410779519371,0.016954665034087817,0.0,0.059161565696075724,0.03475046412096657,0.04249723848879054,0.14578778381349364,0.03750567419939975,0.004016419239396936,0.05691142834960044,0.01630500109329439,0.0,2.409659345543733e-12,0.0,0.06672410068671358,0.002439526995754939,0.01615592442865151,0.0049783823610824104,0.07025619502691127,0.0,0.2918168046189745,0.0,0.0,0.007321577515633026,0.0061902541005093925,0.19500316591469777,0.02245227900676676,0.005311145908605953
2023,1,Indicador de calidad por riesgo,0.05393850495480938,0.08692736695830569,0.08263655706277068,0.07968579919943716,0.058937647540615944,0.0,0.1609520175914492,0.0,0.13944883478344855,0.053537349451662615,0.0,0.039850791402324066,0.0,0.1357062683290643,0.04745300082088819,0.08631426338899838,0.0,0.05053582433937523,0.08485114496532206,0.2699988119561369,0.0,0.05571545964009071,0.0,0.029085386107243535,0.05718787290980539,0.11333502775330083,0.054176629358053494,0.09639998489039178,0.0736185394516258,0.022267553997335633,0.019222529810138205,0.03795155878464443,0.0,0.036839207249064684,0.048562851045939735,0.03196193227894436,0.1273852324334701,0.05635865110445728,0.06364963129647778,0.0663721643919332,0.03768039226474952,0.0,0.029656238094873878,0.05876690677044582,0.004468540519042653,0.042227245725332575,0.0,0.12639566419318032,0.03397101442728623,0.12401833182981974,0.03888023044130007,0.2637375886552935,0.043910042888502816,0.0715326390364138,0.05036390458216114,0.07059244669091067,0.07905616151028508,0.07415409971521589,0.061041580903994454,0.06686453370119357,0.041092507384494464,0.0,0.06783756155031047,0.0,0.0,0.14191535945301942,0.08425597653528093,0.009843950246207446,0.04909532609274593,0.10393163848122208,0.06906205771716187,0.0,0.0991017879879084,0.03476576504570116,0.023422408217996835,0.0,0.03135445673641182,0.03066520445601506,0.05555842687740738,0.0,0.05703381256476041,0.07554932374756078,0.0,0.03861649888834263,0.05880671468909374,0.05638328802331076,0.0732690629307764,0.08963400476961535,0.0,0.05639634117621007,0.0,0.05236060769999888,0.025363388345163277,0.09708804193857398,0.0,0.16665646952738405,0.0,0.06638000449925567,0.01742116296783059,0.02390642088645138,0.03794401864435216,0.04529307994974561,0.0,0.04892091429307791,0.0,0.009866982943073624,0.13453171576379794,0.0,0.08181358102177014,0.0445106809744214,0.030942076600060507,0.06443105619049157,0.06308502548844827,0.0,0.040819117499850475,0.050101482946926366,0.08066466165725489,0.0,0.1161561682585427,0.060688488856923684,0.0,0.0,0.050843407091762334,0.047200815041187026,0.01568039531971125,0.026946266421538155,0.0,0.08992181425689914,0.02748002283361631,0.07504581600721781,0.07255993891322789,0.2836989099900416,0.0,0.10452770625516741,0.14542571316168149,0.03026204640517628,0.0,0.08813916045476904,0.053838861299846046,0.07864232595976434,0.09641595044328276,0.04331397416624745,0.10057731174768021,0.12733750013104345,0.048015521898885555,0.02346502430823649,0.14630912174785693,0.02873157672914314,0.0,0.061314457391446274,0.07312860467066412,0.04460776038129773,0.08598730052024275,0.07050326719142573,0.0938063437000416,0.12679753233197502,0.0633390138250113,0.0,0.07817718685144184,0.0,0.03988641884431433,0.09272210889080466,0.1002793383467288,0.06833321195808151,0.043967678701960444,0.0,0.025081387649286666,0.0,0.0,0.05244776858220058,0.030264167985544682,0.056897761843251946,0.05363458122884627,0.18093641791476034
2023,1,Indicador de calidad por riesgo con castigos,0.021905655081225713,0.1300816526316729,0.10929305037716214,0.0030600661844278863,0.034452354338406724,0.0,0.03424921540541823,0.0,0.048129438079601246,0.028834914738995555,0.0,0.11732614428404066,0.0,0.027186091946507788,0.020743485949789486,0.021402065589565596,0.0,0.007483077236093477,0.10327351553387272,0.10150880783307806,0.0,0.029016953060518,0.0,0.010605557704421332,0.052430114573585325,0.04764019840929254,0.04438046962186187,0.03804051729526842,0.001751657199866891,0.0019710167127537704,2.4904293267605666e-12,0.0030256157492399367,0.0,0.0014222327057365973,0.005578387530979851,0.01240021548416675,0.08941640127244231,0.07210640962061365,0.038678565271960175,0.08527758564561584,0.01839845244005466,0.0,0.0007077203190790532,0.042205652254987285,0.0007602098196098272,0.0043723065855492994,0.0,0.025419237164980575,0.0003460374684867069,0.0551693931012151,0.003711432788828482,0.06034687496020304,0.009314549129303972,0.0512760447518065,0.017808885003334485,0.029184634038159307,0.015964804937261073,0.018294965432745853,0.0028454075991908513,0.012330580110017768,0.02367763937565853,0.0,0.059547053141382415,0.0,0.0,0.016134231012553932,0.035506528550553605,0.018422565719757675,0.000602349504624609,0.06415281891416656,0.011624674313437498,0.0,0.046618590419461314,0.008376157252570222,0.006106850793086996,0.0,0.022584668776831403,0.021694160419430814,0.005619884671332869,0.0,0.02154358367148839,0.0901150651713352,0.0,0.008625557078474014,0.000481469336471113,0.045306718713188886,0.13309263680368866,0.04428706411116645,0.0,0.015463639138003967,0.0,0.006124285567908131,0.004156350400327725,0.014387801582992103,0.0,0.12685548083828135,0.0,0.0828004317281563,0.013299472914115948,0.0021653437703952763,0.014988946121838815,0.015075979815629598,0.0,0.0008537471219992931,0.0,3.5531836346957027e-12,0.19536198170387234,0.0,0.019785199577946333,0.013182599851634579,0.07130930754447815,0.024413490811513408,0.018540806623713973,0.0,0.05686893738583377,0.01552708084105923,0.0263523805857597,0.0,0.02113080379055648,0.002920463418400871,0.0,0.0,0.03621352458914383,0.039843001542010696,0.0016288793007752196,0.03558289161899133,0.0,0.02722870915602524,0.007874004764231994,0.008252284303193216,0.002655177989034253,0.03515009526454309,0.0,0.08042828920093653,0.04219224983512542,0.025153339468971865,0.0,0.017194407495642026,0.006835146183641984,1.735896965557964e-11,0.0422209279977832,0.026100452886380427,1.0960436234369425e-05,0.011896092384039757,0.03307271232068646,0.0022740457838081106,0.053175595507407934,0.016701344204043036,0.0,0.06008771508993226,0.03464638384913836,0.041946390435975804,0.1496086297198822,0.03737692380151797,0.004007019332328209,0.05667508069079996,0.016331888554474924,0.0,2.562728493488342e-12,0.0,0.07809824762848125,0.0024578968027273614,0.015803390432054,0.005011702194763904,0.06737201974776406,0.0,0.2725452172963439,0.0,0.0,0.007290506098577212,0.00609037005644557,0.19728401356135883,0.02240249260512619,0.005261852478302557
2023,2,Indicador de calidad por riesgo,0.06191681423461636,0.10504210999697222,0.08612881222978253,0.08201046279894501,0.0579475775868017,0.0,0.15420466658630924,0.0,0.13927185893879512,0.05465067510438078,0.0,0.0449068351568867,0.0,0.14455830312999893,0.04531653007927021,0.09179233375599943,0.0,0.047043376545100886,0.0870025958643615,0.255583637137033,0.0,0.06033669729086278,0.0,0.04485594335821478,0.056467250988795056,0.12128580848014768,0.053755295624933065,0.09367425799361337,0.07052431493575463,0.02261917827688786,0.025684820209316252,0.04260080091480845,0.0,0.04026166890668674,0.05228140227346027,0.036932678500700554,0.13184126414250125,0.05730966481646148,0.07075267103926897,0.06828224329313765,0.04674902554504591,0.0,0.02992371842288475,0.06561299697057692,0.008913219398836795,0.05096314756411936,0.0,0.12004577847886096,0.03408313138083551,0.1317119233392866,0.04015340488899005,0.2707156716905774,0.04738201964853564,0.08172414142513676,0.04828088964895991,0.07525078101222758,0.08514269625440993,0.07798340991657643,0.060052357365032276,0.06688255282779844,0.04031253108707258,0.0,0.06852809524108851,0.0,0.0,0.14683147760927337,0.089445511423069,0.009834525107158421,0.07176238770757681,0.08121094486089428,0.06717753030911153,0.0,0.09057788986762011,0.04668485262976756,0.006807858504598176,0.0,0.031449598152329075,0.0286994112498546,0.06333932447654649,0.0,0.06215384036729291,0.08096440281199202,0.0,0.04478077822692155,0.06501199953458045,0.062495373170912555,0.0941337817842109,0.08436674995105842,0.0,0.06439629151259522,0.0,0.05098340181327805,0.02951219837582658,0.11912059293609789,0.0,0.1676266899765064,0.0,0.06962576302711704,0.019402419023317272,0.027911309512710147,0.031717828123903856,0.045960801452621894,0.0,0.11417288263789949,0.0,0.009735477515872759,0.14885132815381827,0.0,0.08470823546517064,0.051621692136305304,0.033239959936832715,0.06823238618408065,0.0601813951582695,0.0,0.0426417226254065,0.042345513798325574,0.08399443051846066,0.0,0.10180454522711604,0.06720137484367601,0.0,0.11772359481955537,0.057437948528386774,0.05634032027533649,0.016038986440863098,0.029115667340595643,0.0,0.0894563411153779,0.02686726115777111,0.07284491707999614,0.0675384661202274,0.2683245622739997,0.0,0.07116490257147454,0.14875228649677413,0.03181133741227203,0.0,0.08818174500071498,0.056908030302814425,0.07500489847826433,0.10338424658731782,0.04353307675047414,0.08943935975328692,0.12746877993433897,0.05087507174018716,0.023025201551463276,0.1468938577473191,0.029853307850788678,0.0,0.06501479228338669,0.06986394565694248,0.0392450806009924,0.07974703823241218,0.07830814477432504,0.10658621890709158,0.10692421286674991,0.06296340913401502,0.0,0.0827968023223101,0.0,0.04443914392460502,0.09154485987813034,0.09824527836343151,0.06948304041405974,0.053302518076904226,0.0,0.02288046869906079,0.0,0.0,0.06485489268963196,0.028284031114403137,0.05809721702635281,0.057402434319292046,0.18091089841392338
2023,2,Indicador de calidad por riesgo con castigos,0.021511263593180632,0.12950070819399406,0.1083206851649752,0.003054654825306178,0.03363235770053724,0.0,0.034900149950076606,0.0,0.0476699501285178,0.028492464058860783,0.0,0.11470936808705198,0.0,0.026870591617482713,0.02032691939977264,0.02131238139054437,0.0,0.007400339991461777,0.10214963641371834,0.10265921637709101,0.0,0.028788596269272087,0.0,0.01047796996044791,0.052071078236312504,0.04755086532748958,0.04344774863375022,0.037441234778447775,0.0017452824660836746,0.0019881069825091174,3.320117071333364e-12,0.002984539388248947,0.0,0.001417657070648599,0.005508664235030548,0.012516871898350658,0.08865784994161896,0.07156150346097169,0.03831698556678852,0.08472939498586737,0.017805617222091393,0.0,0.0006932284151365153,0.04229652828314333,0.0007538161785066454,0.004275149660978744,0.0,0.024753833313089765,0.00034541435381438664,0.05495879662633497,0.0036282585295676784,0.060512415599687376,0.009442438096790627,0.05015088732135797,0.017505892173060884,0.029070714745792488,0.016026045361481694,0.018081503034372327,0.002822645014795797,0.012248147243541653,0.023415825061884745,0.0,0.059119823426294286,0.0,0.0,0.015860426574514922,0.03567574288650216,0.01824511950718553,0.0005880721120767297,0.06226980950634193,0.011255296292210618,0.0,0.04626500122734802,0.008318532207319247,0.006174238632697032,0.0,0.022218187539108203,0.021653528007206355,0.005618910328116512,0.0,0.021805385480035782,0.08905892740392364,0.0,0.0086075645609226,0.00048063379929055557,0.0450719571623913,0.13008275605311462,0.044055547858062684,0.0,0.014913130939789182,0.0,0.006130279036347739,0.004120735798650167,0.014406522261446484,0.0,0.12576175933420383,0.0,0.08167829976830357,0.013313587241043708,0.0021497695385187063,0.015220374710317707,0.015127598643866789,0.0,0.0008358150816782169,0.0,3.459102366882611e-12,0.20191788557994003,0.0,0.01967610750432515,0.01291294025761396,0.07103507515825425,0.02384770542275828,0.018115912608672867,0.0,0.05640031138791374,0.01553111276687541,0.026638522351188316,0.0,0.019752171333284944,0.00293643092227203,0.0,0.08408882279250006,0.035513625502116855,0.038692664079829915,0.0016131776472308543,0.03565360783264365,0.0,0.026459255968201985,0.00808913970806752,0.00817714295851442,0.0026504513895153053,0.036003794112387966,0.0,0.07951142081888135,0.0424519829173377,0.024732001747999114,0.0,0.01685850262676144,0.006804979466575242,1.649067946662085e-11,0.04140712403424252,0.025874423527484376,1.0916149044185471e-05,0.01192137758578359,0.032922435367239995,0.0022749350076589772,0.053094879967925036,0.016195359140888127,0.0,0.06004097460163148,0.03371960077952448,0.04708613452795807,0.15062628792882132,0.03684604791136997,0.0039884754233363235,0.054676448676226536,0.016213144589194595,0.0,2.6997028146965655e-12,0.0,0.07672175703976283,0.00244746413184944,0.01549167067464769,0.005026158994654066,0.06639603486601024,0.0,0.26899782981785625,0.0,0.0,0.0071271362582913484,0.005752691176042082,0.19802327876403264,0.02213307921585573,0.005219168828236832
2023,3,Indicador de calidad por riesgo,0.06577741092234239,0.10088652962575789,0.087844305020699,0.08762873298868566,0.06269824062073823,0.0,0.15226577867947028,0.0,0.13903105470908125,0.052820814756802496,0.0,0.05691681925218823,0.0,0.14376200075196915,0.04571744367067046,0.09574811074247801,0.0,0.04831187512962393,0.08834942066192947,0.1816308370297581,0.0,0.055224935958192105,0.0,0.03500295778714735,0.052226376858049074,0.12130701576059214,0.05136477598250688,0.08874375346075633,0.07149339536680721,0.02141186537537475,0.024910455041287874,0.03820233569258006,0.0,0.03770671222136994,0.05123993476709339,0.03533908107777416,0.1301830429810676,0.05416058056578891,0.06402001166278971,0.06809575957564679,0.04607482733333559,0.0,0.02775886766907884,0.06596489491750036,0.004309479998373415,0.04738800940951138,0.0,0.11680294310325255,0.03400405121656061,0.12805806206068118,0.03969993110228237,0.28218228511001986,0.037595819602967706,0.07994472127711817,0.043347104308351134,0.07470347335481523,0.06610702194912493,0.07861923656081672,0.06389324603250318,0.05582814469851529,0.04134805404250259,0.0,0.06934766584131392,0.0,0.0,0.11878817798351575,0.08848736061649394,0.010118329902971795,0.0772012164255963,0.08960027487666142,0.06389591844214873,0.0,0.09526179191937996,0.04330128755082249,0.018726127846917982,0.0,0.028578611159819932,0.02851875028643135,0.059049953072018845,0.0,0.0613159955837842,0.08353963114367272,0.0,0.04863651489675807,0.07577854067437116,0.059186147962574015,0.07871538563806552,0.08674706530146273,0.0,0.07404255311717435,0.0,0.05217398158830419,0.026215335210907843,0.0895467011313049,0.0,0.16940156637459688,0.0,0.06836936093766686,0.019835682126918087,0.03137089701883073,0.023574808379011658,0.0448671884420879,0.0,0.10128421506409804,0.0,0.0093560297991952,0.1591527689553262,0.0,0.07973100719667955,0.05119657700824452,0.03072638823655359,0.0677990187179864,0.05829898758690866,0.0,0.043351055813321486,0.034816234503077505,0.07663009170615699,0.0,0.11341438514751187,0.052981561097190655,0.0,0.11478075905888178,0.0577662890383851,0.045403532839398075,0.014977632436360782,0.029675443949910466,0.0,0.07917238651377528,0.055048064953454864,0.07367672475622866,0.06414381023508978,0.27918417328052575,0.0,0.07620001980365165,0.15085812031633178,0.030009370618645684,0.0,0.08358065141668551,0.05421093488811245,0.06922908890195788,0.10616583560417937,0.044397150148144035,0.08565679514703253,0.1375230879377134,0.04569121045912196,0.021247815897162386,0.14543861341916686,0.03054519949141451,0.0,0.06945597146025281,0.06908120987521714,0.04073195182991882,0.09414308034512135,0.0722492513750066,0.10641142448243325,0.10277556044595902,0.06430147009971918,0.0,0.08162017629440739,0.0,0.047474363833343323,0.09047466519801099,0.09759468290592246,0.06890075813164773,0.052225407329383154,0.0,0.013475974752815423,0.0,0.0,0.05432966738001599,0.029997119932107803,0.059157387498684495,0.05281917151978517,0.2608061189606182
2023,3,Indicador de calidad por riesgo con castigos,0.02055332799564672,0.1277591704491572,0.1074003385730789,0.003077038521263167,0.03307332983743195,0.0,0.03460012638427302,0.0,0.04697255312897634,0.027512005860909405,0.0,0.11143758175785749,0.0,0.029727552015050843,0.020131663804837732,0.02128284092503322,0.0,0.0072917865121317,0.10137115701946887,0.1014850576395533,0.0,0.028745018269626447,0.0,0.010340301889165926,0.05129110308107229,0.046775558581068834,0.04252001447056401,0.03683525098399272,0.0017182951624519034,0.0020157590053340195,3.09916760763076e-12,0.0029751822492864676,0.0,0.001408150967584842,0.005493906291019906,0.012378912824091206,0.08761148126253125,0.07036704073570078,0.03818811757884817,0.08356003355148672,0.017728477369990687,0.0,0.0006850585150559904,0.04280088400324781,0.0007535562826285208,0.004208732080082367,0.0,0.02434069338522208,0.00034518423332404716,0.05917306296133685,0.0035171318008466153,0.06054095107695839,0.009396295773686421,0.049972797915149,0.023931491088975982,0.029016044390506524,0.01555525804547942,0.01781705763815888,0.0026996482031446133,0.012275540823334607,0.022942616669277296,0.0,0.057942727779407406,0.0,0.0,0.015652994276067214,0.035190732890795016,0.017871169689975236,0.0005726942496840047,0.06289261786228628,0.011124609582511581,0.0,0.04612430328976138,0.008252323957586969,0.006235820685599864,0.0,0.022058539860051355,0.022582106278727934,0.005660925135602339,0.0,0.021910631492212035,0.08755016475701997,0.0,0.008519121927107833,0.00047908792510661816,0.04477213559434026,0.1310262542318853,0.044526131856347566,0.0,0.014591811466834883,0.0,0.006162644872997707,0.004124303824210888,0.014312813430140292,0.0,0.12454524556217574,0.0,0.08010687314958531,0.013325027881696254,0.0021302733137327457,0.014724744118120922,0.015128038908714229,0.0,0.0008229465766137356,0.0,3.1947147804060596e-12,0.20664641502052894,0.0,0.019340221223769164,0.012796747321306003,0.07088816601330909,0.02353713643128913,0.017573503185359333,0.0,0.055834306953656855,0.016185765479031132,0.03273304467512737,0.0,0.019576432585649905,0.002883617658916583,0.0,0.08487320207309693,0.035018015721184535,0.03705698905373227,0.0015962971161124354,0.035720191190664156,0.0,0.02607443363159243,0.00813562249320716,0.008082121906460286,0.0026305021600551656,0.036037823050319176,0.0,0.07761619023519144,0.04236963662905367,0.02423356522616881,0.0,0.02014872117997181,0.006784639804312921,1.5171033356037612e-11,0.04156447346070677,0.02542105333156396,1.0715106740937432e-05,0.011868739000641115,0.03235193959869384,0.002281511001011013,0.05320764919441528,0.015687089919309945,0.0,0.05974143206776294,0.0335470805423752,0.04740422358968529,0.15216665253554773,0.03602588231519388,0.004010994466078202,0.0540797448194207,0.015967026824424812,0.0,2.668159220647936e-12,0.0,0.0756947868845352,0.002443016182526674,0.015374959213129874,0.00494271051107612,0.0664220897341637,0.0,0.2802558329445989,0.0,0.0,0.007022944123206989,0.0054149540435141,0.20008671954851723,0.022392971986576835,0.005312264441893886
2023,4,Indicador de calidad por riesgo,0.08662653081321683,0.10543036181880613,0.09111784689435064,0.09134334468098765,0.061246258060656464,0.0,0.15270382158104306,0.0,0.13870342387162538,0.05504772497940723,0.0,0.06829523766587389,0.0,0.15334867380184158,0.04075736501797625,0.10222622232654183,0.0,0.04862077229646573,0.09204164470788705,0.21484737596932715,0.0,0.0610066558960213,0.0,0.035765666656129146,0.052551599415649984,0.12256648986015833,0.0531742780972037,0.09407099718426695,0.07979827386315705,0.022905752637412985,0.02493108087702296,0.04243775175859204,0.0,0.037167365144309426,0.05615184254141357,0.042521233291084766,0.13426934823284725,0.05841590779334291,0.06521906610173553,0.06984321610754556,0.05178467644298846,0.0,0.03161508615278565,0.07454995345407553,0.006389782078704772,0.03921497934843229,0.0,0.116310867862515,0.03510946318848141,0.1375253063622976,0.041047266452168975,0.2886048257876625,0.03563702307215959,0.07654538059638895,0.0441392890110529,0.07494951617577308,0.07020189492268408,0.0819934747483145,0.06976765822934941,0.0701941392981388,0.04716680661013606,0.0,0.06907237470597156,0.0,0.0,0.12193791301324856,0.08168016341365739,0.00997458162677961,0.0774552647269393,0.10630625288676027,0.07155161964079973,0.0,0.09979976163580946,0.04704625417907288,0.02403001605385634,0.0,0.028670250586035555,0.028952705682196316,0.05969194629358323,0.0,0.06460985899799057,0.08650399407771733,0.0,0.0541543050198535,0.07511270300267697,0.05760489477204337,0.0817091967514508,0.12737447097699217,0.0,0.05781349366960357,0.0,0.05560437797791532,0.028926769203648874,0.08955513764041123,0.0,0.17220071482323357,0.0,0.07418469042411784,0.018231608404253526,0.03422559819722225,0.021756788580490113,0.044238420133258766,0.0,0.09443922344325092,0.0,0.009244619604043158,0.1582761836906988,0.0,0.08722916736306881,0.05204438778611176,0.030063472400663007,0.06343089509129306,0.05631339607738999,0.0,0.04586245061686744,0.03975605984556487,0.08038555283026537,0.0,0.10509306522860129,0.05437958645808384,0.0,0.12211418460360077,0.06267742163787535,0.048121409197324175,0.01773321808336355,0.03637432432812539,0.0,0.08660318388260864,0.021751588914449577,0.08034550518385318,0.06900807200036822,0.35665956403360505,0.0,0.08242675494793704,0.14973892530516028,0.03282768377595965,0.0,0.08219904710121498,0.05541028188866728,0.057997705382935444,0.09665542518464185,0.048656027204293135,0.08083247339426532,0.12712899822940085,0.051129079323695203,0.022003135561503552,0.13814205358982334,0.031210086194773338,0.0,0.07385112641426708,0.06962699430528259,0.036958446482755,0.09922976508020297,0.07861111759253149,0.09898460607985085,0.10394598813244435,0.06402606137593492,0.0,0.0798316335774816,0.0,0.046504825487235224,0.09089546064313506,0.09799557570332225,0.06658770958739994,0.04406086737056626,0.0,0.01754063805334477,0.0,0.0,0.0579621942129918,0.029357731280201565,0.05753395152153207,0.04620247614811464,0.1861137442182075
2023,4,Indicador de calidad por riesgo con castigos,0.020431463545770658,0.12743368802795893,0.10622452138089342,0.0030946750746609973,0.03280996881220398,0.0,0.03437182596743229,0.0,0.04644205653679446,0.027077920787284843,0.0,0.1059919216027037,0.0,0.03195709539548312,0.019939046592167876,0.021256791165798115,0.0,0.0072125194010684394,0.10106525929681502,0.09877057213646036,0.0,0.02874508275988136,0.0,0.010232375984425562,0.05106550116336241,0.04681200412636375,0.042185734840496224,0.03662226726479541,0.0017122042565091338,0.0020148623057846403,3.082155905107584e-12,0.0029535612758159143,0.0,0.001400032382229492,0.0054382277959520355,0.01230393117432713,0.08661294690292436,0.06920764855173824,0.0378717987238533,0.08285142850770953,0.017673542594274935,0.0,0.0006804893662518887,0.043015195316725846,0.0007433283215423623,0.004190279567833383,0.0,0.024556565919717294,0.00034506039834270193,0.05920682918778972,0.0035074255793110065,0.06219241721551569,0.00946091300936357,0.049372905107389106,0.02388527091133323,0.02875209376900953,0.015387483330905127,0.017582843375650695,0.002664584977239737,0.01215953187729377,0.022604086538773754,0.0,0.05720380176798118,0.0,0.0,0.020218181081728927,0.04180719045921795,0.01736620018700143,0.0005790242362631553,0.06371831406814173,0.010536910977528534,0.0,0.04475751535040159,0.00820728423441391,0.006293188192394058,0.0,0.022209562666818318,0.02262443995796813,0.005701011738386394,0.0,0.02217805145836034,0.0864697827957424,0.0,0.00847829240315781,0.0004782386333456439,0.044458387862911564,0.12998863549215678,0.041227977779627056,0.0,0.014386052402226726,0.0,0.006186360409035998,0.00414448710143569,0.014191824372800588,0.0,0.12438129437148368,0.0,0.07914177214178146,0.013026238041935813,0.002127807585396899,0.014438453534823198,0.015025993771570899,0.0,0.0008178225493797217,0.0,3.2925515168788246e-12,0.20676296233785546,0.0,0.01921862061285826,0.012899160482470055,0.07091351214879528,0.023285896816106138,0.017605364419594413,0.0,0.055292598823856426,0.01640340875704109,0.032438737331935856,0.0,0.018642967115772267,0.002865498091192722,0.0,0.08529337544796439,0.03517416672308581,0.03638420459127394,0.001555464091831001,0.03544181308979778,0.0,0.024748762045366187,0.007926028597397905,0.007958703659685852,0.006380985547006333,0.03646389240126586,0.0,0.07624806177682743,0.04261819210201431,0.023865614019956315,0.0,0.019753221286250257,0.006938091783808037,1.3144012750755086e-11,0.040525808123175994,0.02546200115110204,1.077472322171561e-05,0.01176256933428726,0.03252308470327082,0.002293505890613719,0.05323968227608946,0.015300174303429193,0.0,0.05973806292428687,0.03331357471055547,0.052354428553670423,0.152875176627379,0.035818289841603144,0.004015928787433445,0.05298296737710131,0.01576862319965844,0.0,2.6530843966741963e-12,0.0,0.07207499392554517,0.002460094754678737,0.015269700271332698,0.004896906821166032,0.06531020744547515,0.0,0.2854363131855672,0.0,0.0,0.006964492978091909,0.0052334107656514485,0.20220837001159897,0.022218714310967076,0.005298957268661889
2023,5,Indicador de calidad por riesgo,0.08284217701480859,0.10959250204149026,0.09359057800035026,0.09141743074350053,0.06266971176888544,0.0,0.14891450395321912,0.0,0.15758831603791879,0.06097996374925454,0.0,0.07404615893990846,0.0,0.15635849407144978,0.0331343840415819,0.10162220993902624,0.0,0.0509935900168529,0.09084263084749895,0.18275568931867642,0.0,0.05802233387828116,0.0,0.03280237079602151,0.05266806630365191,0.11003848085921077,0.05218648662989213,0.06785498118191242,0.07269555344071267,0.023171058238299,0.023498534251399743,0.039551134406297456,0.0,0.046143318173104436,0.05641351127494907,0.03453962213597745,0.1342944911975976,0.05738759278652269,0.0621432686766916,0.07196904643093167,0.054662637341697906,0.0,0.027537733836106276,0.07208244896692967,0.0019815674451700628,0.03785307297685709,0.0,0.12018946580512552,0.034712760838863314,0.13923004411346943,0.04481720144597843,0.29040236420238735,0.03662310727807633,0.08215043430930946,0.044439482187411325,0.07636950690851303,0.06972260817206785,0.08220685673610231,0.06926285395325125,0.062145025864563566,0.046271594506538075,0.0,0.06820527139839903,0.0,0.0,0.11268916602719024,0.08259565838248882,0.01036979202804242,0.1167784841362345,0.08389955299582255,0.06178143301558629,0.0,0.09865144081578993,0.051789252627764584,0.024550218778147285,0.0,0.026822859128684675,0.031861756118518166,0.0628277910563246,0.0,0.0724967928222291,0.08629244943033532,0.0,0.05173492942259163,0.07668451324939687,0.056947765810677925,0.09110730660133091,0.13107636929057606,0.0,0.062116227869625514,0.0,0.06829432080738813,0.030176102264596865,0.10256851482811485,0.0,0.17931843236077108,0.0,0.07178689983604084,0.017007048988038995,0.02997207576339474,0.02107124377659855,0.04609104420230396,0.0,0.07999242356312107,0.0,0.009060988673309215,0.148771696214584,0.0,0.07541603134360464,0.05981021754775183,0.02962820939414435,0.06457326755594683,0.058890157181554395,0.0,0.04882142468892951,0.05069558016361004,0.06945415261576389,0.0,0.08345553506247085,0.0579457527394288,0.0,0.12385064632341856,0.07515589894856309,0.04462581973841772,0.01517345927151958,0.03138327921847137,0.0,0.07299824755553548,0.05402580996682419,0.06511231331457426,0.06561107199976386,0.27839872889832207,0.0,0.0856448596476707,0.1494571766027231,0.0384173312096115,0.0,0.07631646420339536,0.06320297572988033,0.05363520628795217,0.09247934914458143,0.049387687996351355,0.08187990902686934,0.1252592769728997,0.0493034634830717,0.022289251350105187,0.13342814142962003,0.029376312933829727,0.0,0.07240782297401932,0.06722158927866373,0.035385480828856244,0.10226505384125797,0.07793463707557484,0.1017981050141663,0.10182476567731907,0.05865995065279199,0.0,0.07947062938573611,0.0,0.0484393090484909,0.09065856447202017,0.09808963647115845,0.0653216107717566,0.04993228499584011,0.0,0.015345088396648538,0.0,0.0,0.054227001423587655,0.026923131437831746,0.05835121287901814,0.05200009634607865,0.1846551704342518
2023,5,Indicador de calidad por riesgo con castigos,0.01930322471217514,0.12706566849635045,0.10531777001831259,0.0030283379606257784,0.03217333640291746,0.0,0.03437216330183086,0.0,0.04585029452126392,0.025602776733653857,0.0,0.09831738614168266,0.0,0.032119345901779436,0.01961516336470003,0.02109347317777328,0.0,0.007116989155507347,0.10555715154047673,0.09711850846478721,0.0,0.030042103909378656,0.0,0.010090660843785355,0.05018364077714318,0.06578482879559419,0.04149508459461956,0.035920784588180904,0.001674921129798306,0.002015293423356304,2.888132854601801e-12,0.0029261748731603536,0.0,0.001382493282411564,0.005433069359589623,0.012375826246064857,0.0850108107495275,0.06863020805354166,0.03862706332355127,0.08194768930674674,0.01758887701792754,0.0,0.0006694007985836033,0.042571089805666734,0.0007415818692723099,0.004175780049000928,0.0,7.540729116284008e-12,0.00033902602941407266,0.06170910783086684,0.003438283524955623,0.062315580478440886,0.009541823736008506,0.04933106802200182,0.0237718270684128,0.028613974943932717,0.015199193277625676,0.017305176394918187,0.002624013905452329,0.01210927097123948,0.022358746405115294,0.0,0.05647643085192714,0.0,0.0,0.019924741513992678,0.040519203108677716,0.017451672663561513,0.0005521365607475121,0.07854253397355673,0.010367270005527087,0.0,0.043690867374013974,0.008139768516842123,0.0060630096206937935,0.0,0.022064814021224413,0.02245427718664897,0.006856159309436232,0.0,0.022260549020382134,0.08517573666585139,0.0,0.008485508706257753,0.0004766787490612631,0.044222922140839074,0.12983861977516628,0.041201082311787214,0.0,0.014014280228805728,0.0,0.006049040221878395,0.004176396717844461,0.013361246628090226,0.0,0.12264068223729592,0.0,0.0774169370525446,0.012729588500615107,0.002142893499726825,0.014032706184522398,0.014855967378870984,0.0,0.0008121393162106623,0.0,3.163047127716819e-12,0.20709420851511698,0.0,0.018814546760541093,0.0127762260836759,0.07087326075910663,0.022753657503354507,0.017392795975360437,0.0,0.05523846339417714,0.016145265213936735,0.04180508028004637,0.0,0.018219925852255417,0.002881908515088913,0.0,0.09946644964354133,0.03497087343492991,0.03522438027202142,0.0015385379322651442,0.040685564967060474,0.0,0.024502007716797832,0.008065809012052904,0.00800654208015604,0.005940169269521554,0.037649357093893464,0.0,0.07534897299367861,0.04243417103435712,0.023720631133310882,0.0,0.019604304212210124,0.006941969242873493,1.216523600796922e-11,0.039310686765805083,0.025180736244836632,1.0904263685874589e-05,0.011389500685772762,0.032404735320858156,0.0022929070387338016,0.053320723186210936,0.014814387563887903,0.0,0.0596497627996074,0.03280105907311153,0.052675936687833616,0.15361060645932684,0.035017171831459575,0.004063252741349058,0.05236014071237043,0.015515070288857829,0.0,2.6969608309753693e-12,0.0,0.07240075681789564,0.0024653400057974163,0.015215882136445768,0.004833598903232697,0.0648220248188187,0.0,0.2867385561234657,0.0,0.0,0.006892326191267564,0.005078545688744733,0.20403401521757744,0.02268094388411006,0.0052681506640950915
2023,6,Indicador de calidad por riesgo,0.09430574450937923,0.13263199956890295,0.09531566832297908,0.09693758344975939,0.06596298000130789,0.0,0.1385165701867173,0.0,0.16135518281984285,0.07504031563244311,0.0,0.0828679308324736,0.0,0.15880847764817244,0.044412025191627125,0.1081900893654835,0.0,0.04837107890435253,0.09495364257257294,0.2096685179645223,0.0,0.06827351530444857,0.0,0.04209364987545652,0.05528514913997153,0.09737974043990555,0.0502814066334016,0.09353531227458799,0.10461331642681693,0.022935503617301727,0.030000117245360874,0.04303396796031916,0.0,0.052127352796532515,0.053905619928698696,0.031379063714327846,0.13640487874660143,0.05338213384938589,0.07118055052510754,0.06746543383377145,0.05076308848243752,0.0,0.029055922760193538,0.08686642442512975,0.039197479378847794,0.038996199251063304,0.0,0.12365833898477852,0.036779911226383244,0.1403580349763429,0.048332839970841215,0.2960323886559016,0.04900306762873515,0.08077779132565109,0.0502169441547844,0.07673503722101505,0.06911197768337256,0.08053572175707156,0.07324445035337876,0.07237231762603324,0.049718554083377,0.0,0.05520500761140816,0.0,0.0,0.11342388794555346,0.09323991224554412,0.013022490514320912,0.08797669152112125,0.07579898354793366,0.06593124404095091,0.0,0.11127869242005244,0.05973562692840113,0.022227526878289734,0.0,0.029853823630439622,0.03165689125568663,0.060206791923383345,0.0,0.0788207434022749,0.08661257674814231,0.0,0.05546367074719177,0.055990009838726686,0.06277746083010396,0.06834293960568583,0.12296879229926219,0.0,0.06354358524564427,0.0,0.05874016617786085,0.0304233877295052,0.10320596718873452,0.0,0.17703461959570346,0.0,0.07640559026171796,0.0396389307908868,0.030834325510687394,0.025644682058023147,0.05123088309911351,0.0,0.07803643034203148,0.0,0.01095715222011837,0.14882682769078814,0.0,0.07338249699722822,0.0684176009675938,0.03411196507433514,0.061761256188010615,0.05913275284827153,0.0,0.04910036686457957,0.0479333470037049,0.06331753066228636,0.0,0.0883578690054573,0.056750412272550024,0.0,0.13581147259885348,0.07970870063101128,0.049936286158453254,0.017078343472710672,0.02930040639702419,0.0,0.07841707617357303,0.058242070350320904,0.07796179142313707,0.08942090831794568,0.0,0.0,0.06999612543061773,0.15726345170150133,0.048942964659979195,0.0,0.0661261970982736,0.075411836974799,0.04506865674780083,0.09332630459086808,0.04958839093818946,0.05976471624607773,0.10872146293590959,0.03990772397543575,0.03414893523368961,0.12515332016336014,0.02892016923592575,0.0,0.07114529389958393,0.07291602168856998,0.03928556484289587,0.10845535965511,0.08623817394303807,0.09329603277419535,0.0922967021689988,0.05856625105532754,0.0,0.07780346782010315,0.0,0.04897194524115544,0.08542971040463358,0.07413938781878018,0.06200474837396701,0.05206941011858513,0.0,0.015339078525153876,0.0,0.0,0.04763184680578873,0.037747765413146485,0.06377854830178925,0.049448751532419,0.17543612782091447
2023,6,Indicador de calidad por riesgo con castigos,0.019309892010762306,0.1264707735475358,0.1044498601472289,0.003039704090150366,0.03200743410877404,0.0,0.034524498773922475,0.0,0.04493987296813211,0.024794419057167203,0.0,0.09854121387231915,0.0,0.032231417735656485,0.019478072802801463,0.02099521501210968,0.0,0.007113474597437559,0.10842765770517504,0.10055356805287463,0.0,0.029870861478250427,0.0,0.009930674482078426,0.04954636197619619,0.0652879862397088,0.040517877248069115,0.036198487937036554,0.0016619770049245395,0.002766700203345894,3.724854558885338e-12,0.002898971323207015,0.0,0.0013734445326435355,0.005365295288009525,0.012334945781927743,0.0836785526605218,0.07233407179943747,0.03860606143802147,0.08204546681207105,0.017593851882554034,0.0,0.000654067014738162,0.042367240031222705,0.0007389605774092896,0.004159330397911024,0.0,0.023889948213267523,0.00034795398069197546,0.06278758301354975,0.0033777641221269445,0.061364801120530464,0.009455441760619993,0.05467683168058813,0.023629900297283023,0.02839165402925951,0.015111912471475034,0.01878795027512774,0.0025959609350254794,0.013223627394681291,0.02556027420213556,0.0,0.07473887508371685,0.0,0.0,0.019690731708197875,0.04025781459428682,0.01726707825107673,0.0005489255356163663,0.07724671506946539,0.010060880578655944,0.0,0.04662058234545575,0.006732603797836187,0.00613516033578146,0.0,0.02165620167848246,0.022703233917928667,0.005836257838409895,0.0,0.02284253686170705,0.08432879786311621,0.0,0.008389259838896374,0.0004757337063419645,0.043837680819780345,0.13657369031234254,0.0410666539479109,0.0,0.013958414296049448,0.0,0.0060578563903404565,0.0042205844921883945,0.01345509768232348,0.0,0.11625620842101955,0.0,0.07520739502218846,0.010548835844521428,0.002154573099151196,0.01377902471929065,0.016513459437476893,0.0,0.000803528786445179,0.0,3.74493169913268e-12,0.20007088976694928,0.0,0.01866209921873984,0.012624516566559357,0.07096445585656189,0.02296588908308321,0.01979171646772018,0.0,0.06305538379603647,0.015902541945531094,0.041244371846614135,0.0,0.01817982827872041,0.002878777716155775,0.0,0.10074830596966414,0.034907666687649046,0.03464776269314424,0.0015287659875649498,0.03737118098483243,0.0,0.024077865631226485,0.007934473990577505,0.007899385131535552,0.005932356170862566,0.0,0.0,0.07409297908742121,0.04250245280195807,0.024219438730042214,0.0,0.02029113421882174,0.006843382792661126,1.0328261117987712e-11,0.03963997579605027,0.029016086104876587,1.08723898904406e-05,0.011241723378175316,0.03182301686885146,0.002304304348984782,0.053413901708331955,0.01473284893746625,0.0,0.05907336825971748,0.03235671817107985,0.05281540998431896,0.1558635563605183,0.03510779830906904,0.003999051670703308,0.05322858733014779,0.015866597072790527,0.0,2.6673151375008635e-12,0.0,0.07192416754025373,0.002464627719639889,0.015045324865594468,0.00486605137983583,0.06493961355077826,0.0,0.28251920999608077,0.0,0.0,0.007003748950623154,0.004933694276574404,0.2072715972909287,0.021973790083304648,0.0052680324518648335
2023,7,Indicador de calidad por riesgo,0.09116717156102064,0.15118556854647483,0.0996279016628022,0.09958630696447625,0.07309330814806617,0.0,0.13567919312397572,0.0,0.1637962723920877,0.07328074244775502,0.0,0.09697521827403122,0.0,0.22193703368213225,0.03760194501646068,0.12008195328755467,0.0,0.0470657879785138,0.09683039476467994,0.1672362572915219,0.0,0.06845842562523993,0.0,0.04017956742726859,0.0596314299424778,0.10152658583314729,0.05299230179026939,0.1071447328426303,0.11291756415411823,0.023362182063140724,0.022847868440820096,0.0429465853642457,0.0,0.05238005852295077,0.05161295665773519,0.03903584605134962,0.14504156832514126,0.05529652897873206,0.06537756419144601,0.07057198986444255,0.05086019298314562,0.0,0.029170249781567053,0.09621122722857853,0.02131940759451331,0.03996194822833285,0.0,0.1186922009293907,0.04013410575837227,0.14366100634854434,0.04600499514511134,0.30717424385511605,0.04616626226022103,0.08087568198560384,0.0498520944866423,0.08088123341136233,0.07098969501332571,0.08283358408291754,0.08207852827328506,0.0713600671955199,0.053779818080005655,0.0,0.0628115050710975,0.0,0.0,0.12573837910599117,0.09309308618433114,0.012897085695082112,0.11409229199981012,0.08414740916238268,0.06720972363491391,0.0,0.11522242443234738,0.06214946233594471,0.02432193046244446,0.0,0.03372982204724271,0.03153745572610894,0.06419179153669845,0.0,0.08774680493696611,0.09142518823175212,0.0,0.05709543528293348,0.050046801370224415,0.062330711078747235,0.07990153316011327,0.1206429767006452,0.0,0.06516414822617876,0.0,0.0607698324321626,0.03031429782909464,0.09063107876295633,0.0,0.1850785834084333,0.0,0.07968317603671986,0.039279332668066866,0.032498707025408545,0.025724215454783646,0.06068340296265015,0.0,0.0793186781603652,0.0,0.05290460313580068,0.15554917508956095,0.0,0.06820923241283647,0.08571944282836938,0.03278608232823035,0.05288180318494976,0.0536611020583011,0.0,0.05554937358127473,0.09150128867862121,0.06112256699886435,0.0,0.08007399275198687,0.06295602723632132,0.0,0.12918061143279377,0.08400229353179489,0.051141941346267754,0.01649570877824794,0.035511552279255065,0.0,0.09514078280372963,0.05609448685259896,0.07215325496533104,0.08050513071054839,0.26501111713634545,0.0,0.08498483057601494,0.16551431400557473,0.04439456098698186,0.0,0.06987235926073182,0.08018638195365264,0.05732627701781736,0.10557553034605463,0.051427390727506725,0.05566834819066257,0.12183188517309097,0.04000116881308732,0.03704302229298317,0.12417494482743031,0.02966821516629702,0.0,0.07321562849099512,0.0710138591000014,0.03767609742554504,0.1383967379408893,0.10500739612332557,0.10164861931165114,0.07958303904507821,0.06122656165030516,0.0,0.07465679154267918,0.0,0.04895185910463024,0.08164881197806989,0.07431889301159304,0.0599928867880961,0.051188278565514,0.0,0.016014902912329144,0.0,0.0,0.05129454757422992,0.03674206246815431,0.0730475523296378,0.06264980259124024,0.1715315469262658
2023,7,Indicador de calidad por riesgo con castigos,0.01923105119100724,0.12446117787887688,0.10408707761823799,0.0030239654830681658,0.031742597013953606,0.0,0.0348917110055161,0.0,0.04476842806912019,0.02428976848602252,0.0,0.09803616601770225,0.0,0.03317206355798538,0.019380736385874852,0.021000030458658846,0.0,0.007077442667584096,0.10994272848436287,0.10455150374954231,0.0,0.029772624761949494,0.0,0.009457295185469457,0.04883364604688781,0.06617699929943767,0.03997260116035784,0.036129555914709253,0.0016711998335217687,0.0027322797846946684,2.7832347109939573e-12,0.0028485857617050834,0.0,0.0013624166364008018,0.005352046067024535,0.012351137270733769,0.09110429013980155,0.07264400991580025,0.037507369041988974,0.0822064635593363,0.01748861557644239,0.0,0.0006509707834725854,0.04298747241272069,0.00074488361511458,0.004095500518674262,0.0,0.02340726177872239,0.0003434046972150716,0.0632290229498335,0.0033025015681688945,0.060992216836238795,0.009460630080544744,0.0549646462093428,0.023365136224111197,0.028433412124833374,0.014966237690113552,0.01816949575660237,0.0025561192272651368,0.013254129542696108,0.02551404756326906,0.0,0.07629774602237367,0.0,0.0,0.02086772064467088,0.04004350580602661,0.016852613986884542,0.0005417783060399647,0.07584870476783039,0.009893596111456035,0.0,0.047688085684700704,0.006561662470991029,0.0062516336482269915,0.0,0.02107282431736249,0.022700306726867927,0.005953370319507173,0.0,0.02285769475596941,0.08359741244830592,0.0,0.008402553139047949,0.0006094144401744086,0.04364362975588267,0.13654394806837586,0.040527280156792446,0.0,0.013137472565350783,0.0,0.006059691481096113,0.0041844268898008465,0.01358416512311921,0.0,0.1144486813049964,0.0,0.07338291336570038,0.010424064738939304,0.00212096750452034,0.01400983632357241,0.016604090923754384,0.0,0.0008003073883706331,0.0,1.7556636131380753e-11,0.2020694057938089,0.0,0.01700967792890284,0.012541990390623915,0.06754226886599807,0.024497688857578866,0.019853733844495694,0.0,0.06384848544865021,0.015808630534270916,0.04166274228944397,0.0,0.017854929098195624,0.00237784854335099,0.0,0.10140602257644131,0.03591511638073614,0.03399311352362625,0.0014927381421097558,0.03745669470815142,0.0,0.02367472765681486,0.008024520199798366,0.007959252914814323,0.0059885007167806885,0.03908866438065556,0.0,0.07305663730457716,0.04284656386040225,0.02479151173484562,0.0,4.696421698906123e-12,0.007271908192030947,1.3164970188964555e-11,0.03912464300058119,0.028636346966946266,1.087768216994347e-05,0.011254769014915223,0.03107107989391273,0.002319119951346644,0.05344381208671902,0.014459858538996994,0.0,0.058250447295557575,0.032017528081014754,0.05529752884925254,0.1559893601227826,0.035464939901190144,0.004026465133018296,0.0524232648902042,0.015695724969825915,0.0,2.572980245784189e-12,0.0,0.07679370573117898,0.0024520541030426707,0.014890302753794297,0.00484490913761161,0.06511576015547872,0.0,0.25524327022529425,0.0,0.0,0.0069502821988873635,0.004827804821477323,0.2586181828370265,0.0220377893971202,0.005310842209663397
2023,8,Indicador de calidad por riesgo,0.08930725023018299,0.14752704756308663,0.09906432809275012,0.0967776552571321,0.07691952791509375,0.0,0.12650308712022085,0.0,0.1632787544703404,0.08956200938824388,0.0,0.07221139325497093,0.0,0.1901591299493519,0.06930761131435476,0.11879035344813263,0.0,0.04783530537829858,0.10208072323607421,0.18898881793359434,0.0,0.07023366312717708,0.0,0.040974349067200946,0.061381904518143585,0.09618180827889568,0.05473817817056895,0.10862198457605747,0.1110719962786736,0.024661755519183322,0.026720566454745857,0.038304802921637855,0.0,0.05356623151114338,0.04819909369548447,0.03957023092830361,0.1457396929117352,0.04458137728636957,0.07902497687680074,0.0727872622647447,0.05334967597844716,0.0,0.028803077077042934,0.09529729705939209,0.02709934290303775,0.038726534797110336,0.0,0.11641655280169647,0.03939985499431306,0.1375911517711228,0.049090953648486466,0.30325553039024106,0.04376308942758233,0.06886206515485366,0.05048970104761488,0.08345626793484195,0.06910426864328024,0.0852942731027537,0.08604316705856833,0.07034759688832445,0.05768640771137333,0.0,0.06962183263341354,0.0,0.0,0.11410649585091011,0.09417244825460556,0.013081136967615236,0.08295608356078049,0.08292545802055791,0.08197323941421199,0.0,0.11522881217733066,0.06360145157077189,0.023390757003480443,0.0,0.03285841049828752,0.030315676569973127,0.06700114238399599,0.0,0.07944964329475611,0.09132943297618114,0.0,0.05821146633402503,0.055030145296464425,0.08705347833696535,0.07813885222414885,0.12687820966662944,0.0,0.06524858909664982,0.0,0.058980562315028684,0.03034762012467323,0.08045787713656877,0.0,0.18891702468376256,0.0,0.07547330401473325,0.0371465484260781,0.03327426292245895,0.02479427644523769,0.0636601534110257,0.0,0.07939695022165709,0.0,0.037846845215931,0.15747868151850247,0.0,0.07072093466275564,0.0764356808353435,0.03423648405229808,0.05767003504625447,0.06674412792148242,0.0,0.05845570435610813,0.08875719644869744,0.06083588252847615,0.0,0.07854585593026123,0.05746992648318967,0.0,0.12872206497478125,0.08522075816508469,0.047315954850033745,0.01675054207794989,0.03517921079900975,0.0,0.09425776535456702,0.025435424881845376,0.06856051147541649,0.08180166851909139,0.2342128155444603,0.0,0.0836732103925799,0.16879572484839114,0.04261707708718925,0.0,0.0729959396920112,0.08100992529148263,0.052482640569472556,0.1017178979127729,0.050638192105692176,0.05285932060114665,0.12591619288448963,0.04142717837388832,0.03858401999638149,0.12897502529672103,0.027048742236877574,0.0,0.07139007523517779,0.06951193346749435,0.035485417852330045,0.12656797840738654,0.10821743727119162,0.10259773356515765,0.08764752316871126,0.05884532839205844,0.0,0.08108855053252519,0.0,0.051823081448642214,0.0821316288790986,0.07193247001796665,0.05886888477823175,0.0485018821910396,0.0,0.009991835111085775,0.0,0.0,0.04911049810787587,0.03511012187900838,0.07972240799554108,0.059942513325136816,0.19224727212657838
2023,8,Indicador de calidad por riesgo con castigos,0.01916725317612399,0.1228134635945195,0.1035878180560142,0.003001817849233499,0.03166646415195627,0.0,0.03462783813839713,0.0,0.04401237684581262,0.023977470481257264,0.0,0.10079715704163236,0.0,0.03549701431778273,0.01939763078405072,0.020851353936685784,0.0,0.007029258742269761,0.11074817465867416,0.10745202103048478,0.0,0.029348978002235505,0.0,0.00937111604460373,0.04822747370347209,0.06570135536511143,0.03928320434877386,0.03582890443688293,0.001677825698267637,0.002658946504626649,3.129435987298664e-12,0.002831776904347802,0.0,0.0013511333399351076,0.005304762779411504,0.012110195130036253,0.09407333890728382,0.07177650519327765,0.0372630008185951,0.08186910984755034,0.017423293563154044,0.0,0.0006400275239050557,0.04273343088565835,0.000739794831939099,0.004059594535980886,0.0,0.0228095019154651,0.00034885024028989074,0.06743174231409181,0.0032037892320200025,0.060778798865353666,0.009463313202315535,0.05533065609023677,0.023079061234506804,0.028544565952691014,0.01463150602349542,0.018115423032919166,0.0025406297945402964,0.013058826702608713,0.025410169974494298,0.0,0.07533070953262766,0.0,0.0,0.020960123737396374,0.03943947123641926,0.01669289000199538,0.0013744469159734417,0.0753067499938359,0.009700836891051477,0.0,0.048412480863801934,0.006502608368861449,0.006312932894444009,0.0,0.020721341340717268,0.021862700297277438,0.00601156534635881,0.0,0.022952718387951543,0.082995268113575,0.0,0.012481319294513807,0.0006062037909153903,0.04322995512962873,0.13503502506905996,0.04277674509861798,0.0,0.012914685073523122,0.0,0.0060870401316062694,0.004075020022430824,0.013453824654680797,0.0,0.11407991191401935,0.0,0.07190860012418082,0.010241780335080372,0.0021094956481898667,0.013566940905651035,0.016443318500679528,0.0,0.0007975530135787444,0.0,1.254973421314688e-11,0.20476974660979308,0.0,0.016663068216437617,0.01258861054196711,0.0672467072502097,0.02415556054329288,0.020184814568104677,0.0,0.06426631444511031,0.016057427138470592,0.041929270463662224,0.0,0.017809559346633374,0.002286578950476636,0.0,0.10234193110010435,0.038583219864167524,0.033474517948564764,0.0014813686814608724,0.03730265800224205,0.0,0.023901950030455758,0.007861808495270482,0.007859269408551415,0.006030375070311444,0.03936552416231251,0.0,0.07181835564322865,0.042243504525779636,0.022499872493388157,0.0,0.019354273970815676,0.007357767925338098,1.1894448882243032e-11,0.03893493750073974,0.02800539029018308,1.1048590718104623e-05,0.01128289934220391,0.029838367450126812,0.0023043625872598856,0.05294138883692451,0.01397594281043496,0.0,0.05715594463516701,0.03156575482180311,0.055033699087719865,0.1661580312913259,0.035078359477456585,0.004018812792726149,0.05221849520677208,0.01558702204968211,0.0,2.811628742261184e-12,0.0,0.07514121968430422,0.0024574051028652096,0.014655188505191392,0.00481069476979617,0.06484774253912863,0.0,0.25213312805786403,0.0,0.0,0.006777521288927366,0.004720589242071863,0.27400639286279,0.021523058722632174,0.005400714952929633
2023,9,Indicador de calidad por riesgo,0.09927875214624354,0.13762000115178633,0.10360662259282705,0.09814899946943188,0.08225003775279796,0.0,0.12987706577401045,0.0,0.16288004610921503,0.09162442660819232,0.0,0.07260843255926086,0.0,0.18177614746682308,0.061163638830313824,0.13728647841862013,0.0,0.047542021595795035,0.1027524765994575,0.24713455513749394,0.0,0.07303302897771255,0.0,0.02990954865583821,0.06683163626524467,0.08595618112760066,0.05593303021885309,0.10160560650322045,0.08553013936840449,0.02795832463869647,0.02548551087977729,0.043116123199937545,0.0,0.049616240675009325,0.045599162884834364,0.05147259267914495,0.14782536917702369,0.0400402649434347,0.05223072949647787,0.08039546030791737,0.05434909413868898,0.0,0.030467981022138615,0.11117959769871241,0.039756016361788375,0.04434759485598767,0.0,0.11651902993366106,0.037104008246660596,0.13562897780280564,0.05045919171469868,0.2593531203994009,0.05917921612048082,0.07253013918620098,0.04976677970014542,0.08528357425001767,0.07420076077085154,0.09645882349495345,0.08549058388717527,0.06880666104378215,0.06276939309405256,0.0,0.07015836884780724,0.0,0.0,0.11611491382364121,0.085931045611902,0.012818472883959061,0.08520428517961783,0.08677174785436129,0.08339526785805626,0.0,0.1284257625007382,0.05525323385300515,0.022844169054186292,0.0,0.031663869834854856,0.028770948029096174,0.06767263673512441,0.0,0.08117135426750426,0.09548391489419052,0.0,0.05525110141291192,0.05411244409028901,0.060653122218573635,0.07553450921085493,0.12820625761475676,0.0,0.06425370918073521,0.0,0.05690604219020828,0.031564829030243546,0.08720319490831645,0.0,0.18443138222353317,0.0,0.07792608129779895,0.04170339472754974,0.031845789264181065,0.022956773771623234,0.0673785542579203,0.0,0.07697828625294986,0.0,0.009558946286872375,0.15244827905173428,0.0,0.05904555879845321,0.07637012457933376,0.03652096240134132,0.055018331639098465,0.08290636998951936,0.0,0.05918339386016974,0.09279464005391372,0.06550386958498232,0.0,0.08459704297302345,0.06014884939319334,0.0,0.12722482190413764,0.08813154128956732,0.047147994608707784,0.01608029138356396,0.03625286251133084,0.0,0.09703393787977017,0.01698829957863593,0.06584075153528855,0.09657196968488563,0.23558747234947994,0.0,0.08163164167788173,0.1667394200441446,0.041021853354547916,0.0,0.06869003486436236,0.09176390094513145,0.07001839858665612,0.10704766359349378,0.05086576978948512,0.05733012268946463,0.12818540789387456,0.04956526693613172,0.03830504467683055,0.09774516473595854,0.031075582801683446,0.0,0.06038087015189843,0.07068695528651434,0.04629618601238687,0.16736571946251638,0.10498315493843584,0.09884302768115413,0.08672408100968204,0.05698424437670407,0.0,0.082389170908394,0.0,0.054222259604186585,0.08252717037912774,0.032973546965662646,0.05839059650050206,0.04910624778000036,0.0,0.01138874908417131,0.0,0.0,0.05377368435230172,0.03309083127367155,0.08240546823951411,0.06871111705591544,0.21302813938316123
2023,9,Indicador de calidad por riesgo con castigos,0.018934500803481386,0.11964619622824298,0.1028384893074841,0.0029770451613032054,0.03142432885452097,0.0,0.03450608543358362,0.0,0.04358527930879314,0.02360970946455955,0.0,0.1051048623797054,0.0,0.035849182561845584,0.019473992135789753,0.02062128526298169,0.0,0.006982850811954137,0.11149361061891579,0.10656965183709728,0.0,0.028799613530630278,0.0,0.009254042976955628,0.04725429847672976,0.063521395377952,0.03845786572794821,0.0354810007388735,0.0016651652416902918,0.002618948210498668,2.8488249572586004e-12,0.0028180792773554305,0.0,0.0013334694248150333,0.007764205318493217,0.011935208887481561,0.09587595465013674,0.07283999293990533,0.03699311252908403,0.08133186445322013,0.01717978987222383,0.0,0.0006378297396449691,0.04238142940570969,0.0007415802304766287,0.004036085885276596,0.0,0.02278126041187875,0.00034638746814934083,0.0718354203615578,0.0031543925847425888,0.06048263927305866,0.009360567144448346,0.05451464926617814,0.022575032342432824,0.02853476451655443,0.013879024565657993,0.017996919674975825,0.0025040825944846108,0.012678444463009754,0.02552241794544912,0.0,0.07456826295175238,0.0,0.0,0.020776840759845858,0.048659450185840135,0.016726270348434543,0.0013509832012795382,0.0746456287128466,0.009545343995315063,0.0,0.04912390112834224,0.006106966804471098,0.006174859876030787,0.0,0.020675239060265624,0.02338660455797144,0.006077375241722716,0.0,0.023670655676743146,0.0827828986060753,0.0,0.012364588879808744,0.0006015887199496745,0.042960088778727194,0.1325797588858356,0.04221406552207626,0.0,0.018086514591575367,0.0,0.006033531937513617,0.003994456473836813,0.013198859118703554,0.0,0.11184488983151387,0.0,0.07383040473936804,0.010152055773540527,0.0021107844357641037,0.01368210985562689,0.01621482463872908,0.0,0.000792012422346129,0.0,3.143383440555151e-12,0.20165977030873294,0.0,0.026639830944904668,0.012191874681077854,0.06737463871039633,0.023446841051790644,0.02019111157422082,0.0,0.06603754122231849,0.015779025219896207,0.043356404231648875,0.0,0.017269992399663127,0.002270372297178378,0.0,0.10240036480033606,0.038979117760675655,0.03366593977719399,0.0014577253678001321,0.03663418557016142,0.0,0.023668866124228725,0.007678980911128465,0.0078346484171604,0.006014901347230211,0.0398020114617229,0.0,0.07047798326974553,0.042478310666716625,0.021745379294680244,0.0,0.025867708251831364,0.007521944827826621,1.6167689684270745e-11,0.03886019322082334,0.027259585552532557,1.0927200787023356e-05,0.01138960024274629,0.028767275848751103,0.0028188297490717757,0.05233352148080668,0.013674140998642906,0.0,0.05490244580968063,0.031138741637246267,0.05522325227270895,0.16626769769080735,0.035222773695840905,0.003993459779460861,0.05183069225683343,0.01541208719517663,0.0,2.948177204734849e-12,0.0,0.07480938451556975,0.0024496964446115324,0.014581066772052339,0.004755576761636726,0.0643157380599886,0.0,0.2503104680661898,0.0,0.0,0.00662983247624768,0.004583159645211128,0.2920421582570116,0.021982683679889713,0.0055232926108337065
2023,10,Indicador de calidad por riesgo,0.1005091388727514,0.13891246941620555,0.10740263056577043,0.02008308990598719,0.07172693688881741,0.0,0.12247769046232923,0.0,0.1626749769765055,0.1013228636887978,0.0,0.08549904686879577,0.0,0.18443327866075093,0.07434691231174781,0.11877884981754748,0.0,0.04861323874197104,0.10243378642767534,0.24373052776268656,0.0,0.07288255953259475,0.0,0.03734553291252735,0.06972337130483983,0.07659111817722622,0.05863294720865992,0.12003225749448523,0.11278196819557494,0.02689275005714256,0.03478830628359665,0.04823808364023999,0.0,0.047707443473064784,0.05076675177970611,0.05727574385554776,0.15755140035249054,0.04538052640224372,0.06222596863411563,0.08947850103110024,0.05910443040683154,0.0,0.029845715655935502,0.10170184776489966,0.04073067714884535,0.055890457498620566,0.0,0.12646571206686497,0.04059797900796578,0.14153297223776873,0.052544706193632204,0.2619759643460995,0.042707584292302134,0.0696757398181032,0.050371619706934434,0.08553605128345138,0.07722872140298809,0.1021845959740482,0.09370088389831505,0.0690563448226886,0.06962427349156529,0.0,0.07714700350631874,0.0,0.0,0.11397657238886603,0.08642159115827384,0.012951420812416974,0.09139242282012384,0.09092058300630443,0.09009218939529964,0.0,0.1278815796905691,0.05365401825562389,0.03842258833016158,0.0,0.029076694126931306,0.027229412433127015,0.07075915003401594,0.0,0.08201715672004693,0.10600559093465281,0.0,0.059137723072847426,0.0561738982508018,0.06408902997734993,0.09260202152681547,0.13147857556543954,0.0,0.07198702236154286,0.0,0.05615337578050159,0.03101639571509807,0.09101222783085562,0.0,0.20237671674317503,0.0,0.0797390707703909,0.035499039558012334,0.033569910071594086,0.02385497955258778,0.07487433180575828,0.0,0.08062175015498053,0.0,0.009241095912871271,0.15728880580316495,0.0,0.0586359549038121,0.08015334968531135,0.049059297366085455,0.05916027043112975,0.05989360363523026,0.0,0.0628261921161402,0.1637903901853503,0.06383281575377364,0.0,0.09563879422420131,0.06419800103380408,0.0,0.12882400157474905,0.09299394434100032,0.04790937732102721,0.0178251764891808,0.039869790685958334,0.0,0.09439609670971916,0.03309444877453124,0.058064361130951946,0.09121950367933179,0.2270729964673584,0.0,0.08640032801816187,0.1681946053641655,0.04376178452903555,0.0,0.06685461725418153,0.09205044814335656,0.06531395025304075,0.09637473267380202,0.052158053979345316,0.05822028776743749,0.13316474922305194,0.04709713931740809,0.03785428718126325,0.0707573773268065,0.02149214677015158,0.0,0.07060676222121,0.07572503756280312,0.04476164939694431,0.16417503703598887,0.1052592222744151,0.0949526548532627,0.08822551031758957,0.0545510607758013,0.0,0.07826710355871092,0.0,0.056379091789024845,0.0830427867591705,0.03456990799000067,0.057434735285161034,0.05268417103555047,0.0,0.020846659986672806,0.0,0.0,0.04895131942606455,0.03320680394334902,0.08901853281350507,0.056969255278626965,0.2023736903445351
2023,10,Indicador de calidad por riesgo con castigos,0.019050125225044033,0.11717195797179801,0.10087902042549551,0.0029847758645035654,0.040179557129614595,0.0,0.03408556470205777,0.0,0.043418943068142854,0.023004015935505252,0.0,0.10611797762014215,0.0,0.03992160588740537,0.01915124825316538,0.020595014273236092,0.0,0.005390683597521469,0.12012523564502922,0.1056235606576798,0.0,0.02850811852982623,0.0,0.009239895745093318,0.04670668266874911,0.061847968330500866,0.037782668626446185,0.03489955921802909,0.0016559165845301494,0.0025860875727367325,3.794506969794507e-12,0.007187655103941376,0.0,0.0013175883649238541,0.007687420819464995,0.011971832083901,0.09971379614895769,0.07371355136178841,0.037139546401411365,0.0806649602749864,0.017100408783963596,0.0,0.0006308934039206054,0.04154880098620921,0.0007463979607646655,0.003976588892800959,0.0,0.02249134017597128,0.00034277113167308765,0.072338625655142,0.00308180183982906,0.0596622513956543,0.008320548348180239,0.05442274643446548,0.022146976630743023,0.02841156015932917,0.013579913944930723,0.017971374588348077,0.002494019671062058,0.01593000732691973,0.025818467409756133,0.0,0.07472457297238079,0.0,0.0,0.020674796154298056,0.04812954584243508,0.0166541467871003,0.0013509541665573334,0.07448053577034208,0.00948533455708294,0.0,0.04895872018701344,0.005680270122653751,0.0061965629993230385,0.0,0.020667719025711514,0.022990123784554256,0.009609065722230036,0.0,0.02394204471562669,0.08241772676684775,0.0,0.012231906170612091,0.0006005201211588648,0.04225636114388235,0.13292125507793615,0.040616031583519514,0.0,0.018147527147420184,0.0,0.006045286736959611,0.003924672329844109,0.013413168777219762,0.0,0.11266533544954936,0.0,0.07282355897872118,0.015835032579620077,0.002104798619766516,0.013339049235172111,0.016104417356286347,0.0,0.0007855672386770769,0.0,2.9925199722749062e-12,0.2047796130208105,0.0,0.026190656326547452,0.012143340977243957,0.0680646575203502,0.02313308753296537,0.019954132336097857,0.0,0.06564324256551887,0.015412142915411101,0.04368229619088529,0.0,0.01704948320163732,0.002304262959949773,0.0,0.10352246388639628,0.039185260579883516,0.03318532944352735,0.0014500513825531024,0.036393281012112845,0.0,0.028353271538623395,0.0076756057644430265,0.007801193456608347,0.006008312239824063,0.039249990546677764,0.0,0.06986921131549421,0.04199804274109694,0.02218743638756413,0.0,0.03061094887010738,0.007555140429138761,1.5106004098020703e-11,0.0382186769989819,0.0267294185671858,1.0893863763930048e-05,0.011463670252813599,0.02764306514896518,0.002796640784564787,0.08140920415244529,0.0319218984088046,0.0,0.05377475173068099,0.031734967620370445,0.05481537189769661,0.1656206895576818,0.03365065734014558,0.003969405678258468,0.05219933345833533,0.015205909212378889,0.0,2.780384053374908e-12,0.0,0.07479212121701392,0.002458580307399066,0.01462393951629836,0.0047145578610878845,0.064996716860578,0.0,0.25860317380554715,0.0,0.0,0.006511589529084104,0.004472944372884406,0.3112878497737446,0.021962946453495138,0.005616089558780309
2023,11,Indicador de calidad por riesgo,0.10385285512871938,0.1452675028398324,0.09633670059494258,0.020043980343823327,0.06938000723996354,0.0,0.11688496969654051,0.0,0.16361659884664567,0.09058462088575564,0.0,0.09590576362107853,0.0,0.18022407448757857,0.05721685474999927,0.10957235696660565,0.0,0.05170715482447962,0.11139933934098198,0.19760169923164717,0.0,0.07458510322634836,0.0,0.035055060763264714,0.0683623584776049,0.07860811049322772,0.05958099287530374,0.10675393859422684,0.1156136031032807,0.028935833792545138,0.03086449968173929,0.044238474284727,0.0,0.04448570356085712,0.05049010442230544,0.053751626219460225,0.15865640089660493,0.044932091047987906,0.061396377167517176,0.09505530534932466,0.05713114963135816,0.0,0.02903355637272379,0.10912262035706202,0.04115815951802888,0.0526731391442893,0.0,0.12076973167067936,0.03850640448026501,0.14800003725707575,0.053266297292393225,0.2532305771288264,0.04045549845003497,0.07899285980232008,0.05201596465400979,0.08609482889738877,0.07753102816584134,0.1061159063622867,0.0985474176020835,0.07797196367662568,0.07213968828132135,0.0,0.06799152096200828,0.0,0.0,0.11391815768211418,0.08584740831659142,0.01343517653258873,0.07673792802031416,0.08056074102403957,0.07854040669575435,0.0,0.12937380436110665,0.0547406705113102,0.025525157111934937,0.0,0.02809888647504425,0.029356607135509943,0.06860414621170685,0.0,0.07773890290316825,0.08474859743756485,0.0,0.058612777923377934,0.056684450814375176,0.06274289974393876,0.09520646822008198,0.12290494554310735,0.0,0.0835050367822295,0.0,0.06152232193997234,0.03025683505940678,0.08035444827504107,0.0,0.19139338855676316,0.0,0.08175558463532945,0.03838515602142451,0.031843290688826346,0.023102910134671657,0.07190545794286385,0.0,0.06042886172719519,0.0,0.008469175013230228,0.15572369007440834,0.0,0.059809948498775495,0.08275710836193606,0.04780860653645187,0.06417856807542355,0.0727124452351296,0.0,0.05803065210086237,0.14538913310761367,0.06051865295890169,0.0,0.07743395652608626,0.06474362113948227,0.0,0.1194077645974578,0.09803927587186165,0.0521463818002648,0.01909861770110993,0.04979005634596855,0.0,0.10187573935455842,0.018175906277470226,0.06907805199347475,0.0767103416409004,0.22861145909227415,0.0,0.09230036453144962,0.16534163892793727,0.04334011873837935,0.0,0.07381985469785882,0.07906615126185959,0.07901719739902806,0.09311004634487405,0.04298533179786695,0.05788189830149944,0.14056377450494864,0.03842675730688791,0.039170897072282135,0.0801140426529571,0.02430404697847792,0.0,0.08005151378977496,0.07178848714797637,0.04775798842069418,0.16336092582622141,0.11363021580864974,0.08048708867987325,0.0734854587441002,0.05711724398982949,0.0,0.07766288271189811,0.0,0.059164351686443274,0.0831136491142316,0.03509810317230965,0.0567264387312513,0.05108864652261563,0.0,0.03199559551662155,0.0,0.0,0.05392123725601374,0.029187967083475527,0.09209581461423026,0.05154385806166931,0.22136444298467398
2023,11,Indicador de calidad por riesgo con castigos,0.018999752131673816,0.11920888483999728,0.11287626367180337,0.0029729187659519557,0.04025234716095927,0.0,0.0327544405738228,0.0,0.043447559004622195,0.022760113172339443,0.0,0.11152472975662318,0.0,0.04478208963344645,0.01919291359817671,0.020181606565875178,0.0,0.005357669550357731,0.12078065090008125,0.10518022169340834,0.0,0.030143992340248664,0.0,0.009208446421343516,0.04625204520190105,0.06157809383120987,0.040821662031788775,0.046776484295039174,0.0016299170708274939,0.0037307505628814885,3.1880580632425607e-12,0.006939370899954215,0.0,0.003409986181186486,0.007628317886034171,0.011962305261148179,0.10292349725213633,0.0734708933481779,0.036591323557533605,0.0789901279086021,0.016347681019013596,0.0,0.0006143898229322023,0.04095146190312579,0.0007412245244623223,0.0038733676261174664,0.0,0.021981892845779238,0.0003388784716737709,0.07289545675436708,0.0030850573317931945,0.057809066705696154,0.010694436316388249,0.0541204049912605,0.022054367701768777,0.028307243466214785,0.013316627529793791,0.017667556177039436,0.002475346906541006,0.015549211364318381,0.025868889949449546,0.0,0.08845369683754047,0.0,0.0,0.020602252722233205,0.04763691767806608,0.01684409733125665,0.001356961506562334,0.08443271940908847,0.00944331514586479,0.0,0.04863905373947234,0.005990003802750881,0.006295448925604548,0.0,0.02488213816611124,0.023179485330059178,0.009654894749476502,0.0,0.03091895450327259,0.10223402022719348,0.0,0.012061782072373045,0.0005973738652590504,0.04139249024005422,0.13110159314587846,0.03935882852708909,0.0,0.017800247107386712,0.0,0.006015145113466344,0.0038808811524062977,0.013321562442024303,0.0,0.10948528715432097,0.0,0.07150982237918706,0.015836269612445126,0.0021067204401856816,0.013588633282804203,0.015892070719031818,0.0,0.0007899210018645735,0.0,2.5618913806758832e-12,0.2021461535567772,0.0,0.025806658576456087,0.012081944575703127,0.06883679164402731,0.02638217292004704,0.019735096683765642,0.0,0.07331030478135951,0.018733878981709473,0.04372777964594877,0.0,0.016736230706196054,0.0022803827097554958,0.0,0.10373088382393904,0.043068733131240856,0.03289539141686379,0.001438651214424955,0.03648799594239407,0.0,0.02198941377890507,0.007588817743638636,0.008134059840923077,0.006023772371791241,0.0389358126184132,0.0,0.06910630350064573,0.04081599128191044,0.021924928982210788,0.0,0.037150196415352395,0.019850112447834068,1.8142396896136422e-11,0.03798230936336182,0.03156988976743154,1.0448036015114902e-05,0.011512016402417103,0.03306046709582456,0.002810366104354097,0.08155646601041665,0.03196557364521542,0.0,0.05341288540597369,0.031345583704291045,0.0545840816043514,0.16615402267512638,0.03341476867303448,0.004004312847892728,0.06434142629406149,0.01523312053873817,0.0,2.721817457345414e-12,0.0,0.07392575488455205,0.0024690637183839618,0.01583284812758063,0.004667884400615604,0.06432106944923931,0.0,0.25840425369439907,0.0,0.0,0.006794410203333395,0.004397800098444906,0.33375002893700256,0.021244378705752753,0.005656321813535289
2023,12,Indicador de calidad por riesgo,0.09483955186244768,0.12752152599157965,0.09770837609978217,0.020339597626277277,0.07291581221090421,0.0,0.143531378687223,0.0,0.1695032875959882,0.0882357569293312,0.0,0.07852839594507528,0.0,0.21209287761940868,0.054829610625664445,0.09993524712357547,0.0,0.046084858814601046,0.11803284009825615,0.1764919871921225,0.0,0.07790036941214804,0.0,0.039223756884914196,0.07513426780267365,0.05999407891111791,0.05043757296572671,0.10784211447829015,0.11361596573952173,0.023710616780023376,0.024897751627679172,0.046437497340625966,0.0,0.04006123545016584,0.04324360192750265,0.050196594409755456,0.12842742273137264,0.04095060772945172,0.05642444219848054,0.07324621689645724,0.051951603567788704,0.0,0.030465381335762064,0.11479754273507664,0.0709918098478063,0.046513156402661515,0.0,0.1528826504007843,0.06437360085854879,0.10818817000270292,0.04595256586722608,0.2566202296444436,0.04449662721527561,0.08145184867560284,0.04258911363606481,0.07346682846078338,0.06110404981462147,0.1127412057102106,0.09574036470291918,0.08664575300617676,0.08125656872739512,0.0,0.07633749915396666,0.0,0.0,0.11050449832920237,0.08842353795840333,0.011671192022422096,0.06674335832432937,0.07660391461241807,0.0923321413621062,0.0,0.12295415892284266,0.04801547141545137,0.025055017318281074,0.0,0.026367481938115406,0.029583509096921513,0.07020416325179,0.0,0.08190922515776504,0.07946495973398067,0.0,0.06374283285489496,0.05923489516390551,0.06472317523881849,0.09680158725557951,0.12090810167199628,0.0,0.08660142161373165,0.0,0.05519629546754678,0.03075110915861842,0.08743210762004,0.0,0.2107245403788871,0.0,0.09350063353261814,0.046093233120540346,0.027818546154485268,0.026141311372841723,0.08661206740936161,0.0,0.05654792008288435,0.0,0.04550868030923566,0.12540506717274089,0.0,0.061076549628803024,0.08753048425999649,0.0415330729812663,0.05886382521006816,0.05987047359570212,0.0,0.06560338420188394,0.13423417180054745,0.05801388594439252,0.0,0.0872908673469534,0.0662345163384445,0.0,0.10023398030628557,0.10514116907914174,0.04257185920762447,0.022978518212696215,0.05564629940567355,0.0,0.09131131289242163,0.007615361666438145,0.054339566400390865,0.06950962679227271,0.16751623284886485,0.0,0.07640453539066853,0.15779218497383068,0.049213071257522806,0.0,0.07335502804979296,0.08596469928785913,0.06765548851086123,0.12571724319713037,0.042587445620958564,0.07837849905234066,0.1137605744659743,0.045222085320358464,0.037701358720801124,0.07606457497098866,0.026453642563849807,0.0,0.07022731894996284,0.06733392026127741,0.05901350264059645,0.1434887724511124,0.09024274665439902,0.11084460101869809,0.09773925145113706,0.05476125933057956,0.0,0.07476275894876923,0.0,0.05903183707090969,0.09618533757504098,0.04897030589966825,0.0829390732190657,0.0556063264515627,0.0,0.03407173274182988,0.0,0.0,0.06480958318753294,0.04322432138064137,0.12310893195847354,0.06614765132072202,0.37944650952964787
2023,12,Indicador de calidad por riesgo con castigos,0.024049746917011484,0.11691750455320454,0.11188828275204231,0.003032537583714117,0.04004785404800435,0.0,0.03318817242683006,0.0,0.043243614480799566,0.022549540146838885,0.0,0.12266790575613566,0.0,0.04706481001227674,0.019238077521202327,0.020220216474800396,0.0,0.004426616600932451,0.12251168780138257,0.10568049308143038,0.0,0.0300024277548628,0.0,0.009138079232783645,0.04605935801266328,0.05951453040417062,0.04285688117296655,0.045267679795142644,0.005525361215506535,0.0036678707713408976,2.692320872526419e-12,0.006845680138050107,0.0,0.0034130785758503934,0.007543145987481165,0.012950199261084696,0.10587305897195513,0.07761266951568063,0.036342635455158874,0.10554980654871518,0.016530951385931796,0.0,0.0006002618151777732,0.04928609623809185,0.0007367517761041012,0.0037970175696998383,0.0,0.02513289544222771,0.00033521269215047527,0.07578469179187686,0.0036957097162218333,0.05672632443497672,0.010523283775895549,0.05352926197449659,0.022334667273974186,0.046344420041787286,0.014755402579084014,0.019071834104706413,0.0024496026708853333,0.016701717584218994,0.03560102575374681,0.0,0.08948811784978747,0.0,0.0,0.020536548795966926,0.04762227753866111,0.019935942447487334,0.0013718755530753946,0.08173669864692444,0.009417031209015641,0.0,0.05941378416210451,0.004409842296418393,0.006357290665989547,0.0,0.02497366924849286,0.02381181872080469,0.009819204375614184,0.0,0.03149497411504128,0.10149627784525397,0.0,0.011909401334128562,0.000595632398055966,0.04080041669697935,0.1315058717247314,0.03887736725232246,0.0,0.017796473469292837,0.0,0.00601004259634423,0.0038562242207342175,0.013482138809202416,0.0,0.11122038111199697,0.0,0.07117915893353705,0.019891443519875703,0.0021296128293948604,0.013890849748180457,0.015689503817391322,0.0,0.0007821687862419256,0.0,1.3901430327458304e-11,0.18311932877755313,0.0,0.025297412551468435,0.015634367490887518,0.06790981433806208,0.025261788317584882,0.019841168729325526,0.0,0.07159679426715489,0.0189951300874344,0.042703602437290725,0.0,0.016303522952383964,0.0021678727452025303,0.0,0.11822145724667318,0.04337232229042068,0.03257504416770247,0.0014366086424011184,0.03623894674940714,0.0,0.02558001096806971,0.0076208358643088114,0.007794226815592647,0.006064883431048112,0.11522343879797793,0.0,0.06650515687277653,0.03893565304179336,0.022107078066176213,0.0,0.04184129078499539,0.019753167460153497,1.594727250627073e-11,0.038847548286087344,0.02930529346953474,1.0302430785971973e-11,0.011391682010420859,0.03282177580528139,0.0028355873471618107,0.08667335142403935,0.032293653752830456,0.0,0.06178042920187966,0.03394088480538486,0.05484414055184132,0.18887799388664697,0.03369883545283304,0.003999607498561174,0.07175009104279251,0.01517580606179729,0.0,2.563238420052727e-12,0.0,0.07139340364359474,0.0024873878238652076,0.01574245120362379,0.00475605076412245,0.06388777711320442,0.0,0.26067891671523385,0.0,0.0,0.006961358118101718,0.004285615218020631,0.3528011157737008,0.02005466970087212,0.1408145552855738
2024,1,Indicador de calidad por riesgo,0.10467122269942053,0.1349866938255127,0.1003690832406011,0.024431414088166438,0.06838783061515885,0.0,0.1466805997656938,0.0,0.1715046202944898,0.08640741247305814,0.0,0.07784053715633527,0.0,0.20544699032883645,0.06518466802087329,0.10059983833833142,0.0,0.04974822865110507,0.12716105114633838,0.17847622962352655,0.0,0.07918286608521921,0.0,0.03202574445519294,0.07647588232877817,0.06881268518291064,0.0557328298264548,0.10793496681276413,0.10632433333048114,0.02490676702911154,0.024049397418369006,0.039649018537659,0.0,0.03929422331680223,0.04868020327031896,0.05149559169470948,0.1348644363385765,0.046526337791265526,0.0616495042395707,0.08025858079598774,0.05533777683373928,0.0,0.030396919261582864,0.11689714183485474,0.08556140118047777,0.050666388622498955,0.0,0.15787817132272788,0.06675511476371467,0.10689941521649478,0.051939320477892084,0.2586564382731201,0.04369865377852324,0.08509821156801768,0.042433560641264176,0.07867072979802449,0.06380668194734136,0.1216425233509007,0.09790317537996994,0.08764825963534686,0.08877667081647887,0.0,0.07735866339147694,0.0,0.0,0.11371738643151837,0.08970317573738877,0.011646622155101536,0.08091931926559207,0.09258157946788485,0.09489695240850253,0.0,0.13975437493714502,0.05664525881096916,0.026847432332743334,0.0,0.04331120755121721,0.032196726722033185,0.07417126130877529,0.0,0.08377659695445555,0.09040027585966408,0.0,0.06383034904890478,0.059062463871421306,0.07019481884678765,0.0936917240551868,0.11713116832239306,0.0,0.11032211126524843,0.0,0.056379596945607714,0.029804822978832905,0.07883236883599086,0.0,0.2075028366481874,0.0,0.09325287303673334,0.0498405224793664,0.02830736513178529,0.022311617417299142,0.08660619105498965,0.0,0.057831437183024,0.0,0.014852532595511862,0.1320352360401011,0.0,0.057682151281769366,0.08342133724078579,0.04979569250531127,0.07078967642551137,0.07466844307554994,0.0,0.0718100461100482,0.13735543447067786,0.06037626969485428,0.0,0.08201062977136714,0.07591593564141216,0.0,0.10487149693785593,0.11239077810362677,0.041331802058500795,0.023980446820434546,0.04784975082782426,0.0,0.08921729318120873,0.005740098184330973,0.07681739375974314,0.08261592819426855,0.19488344539044042,0.0,0.08071137637322198,0.15645213721038623,0.05536471532947598,0.0,0.08243005151697322,0.08858843756267011,0.08141578630624749,0.10696320731916029,0.04419550934534704,0.08950325574277065,0.12064891825952946,0.052163367677499455,0.03851556802422547,0.07783753667817706,0.025053616771447223,0.0,0.07309641212310819,0.07524708359534134,0.05694615590740057,0.15398906283845484,0.09532818023194749,0.10298921311346423,0.09118486457863278,0.060657096624695754,0.0,0.07318459968597878,0.0,0.06297750577150533,0.09612072328742573,0.0491776724675694,0.0846623103890648,0.06073122811622986,0.0,0.011381889616649214,0.0,0.0,0.05580636634279714,0.0418719921646894,0.11493429418555458,0.06899942650494872,0.3025461845239995
2024,1,Indicador de calidad por riesgo con castigos,0.024337826758865016,0.11570013994081206,0.11100147888306605,0.003041595896948812,0.039968097632006414,0.0,0.033050959935477776,0.0,0.04331435966888951,0.022190537939978563,0.0,0.11782264672440558,0.0,0.049717472706040856,0.01903196820020333,0.020237128415657897,0.0,0.004463801602212275,0.12364911241510675,0.10780069584241998,0.0,0.030089827233287927,0.0,0.009102568190620094,0.04683729190762063,0.06139761125239165,0.04285841895191604,0.04466181564112531,0.00558594103529962,0.0036889081588290596,2.544069887841044e-12,0.006815990225970831,0.0,0.0034195993595034654,0.007489067234323162,0.013119695134836299,0.1067767912203352,0.07904317565416367,0.03608232646891452,0.1054812607771789,0.016547812022155134,0.0,0.0006100877705603016,0.0491078478389483,0.0007444868848186457,0.0037952910521396113,0.0,0.025635757435738392,0.0003346482110819022,0.0733798960112951,0.0037099259249251887,0.05710128940076805,0.01050736670035054,0.05416986865886987,0.022280491412538656,0.04677550485268634,0.014709087864798891,0.018270855357531778,0.0024585716724106602,0.016719804843523735,0.036559101994789754,0.0,0.08891576392073144,0.0,0.0,0.02082579741146996,0.047555417448390896,0.020047831126750407,0.0013756952535790505,0.08241761554806006,0.00935134783563292,0.0,0.06171757848538066,0.004517940315076656,0.006553565681382464,0.0,0.02510441394882853,0.024397069549688035,0.009691522417260725,0.0,0.031838273395312366,0.10190593050187476,0.0,0.01190035372906451,0.0005906334561525709,0.040154757458237655,0.13272359344199924,0.03838097762851263,0.0,0.017914526247598227,0.0,0.006078371014080091,0.005771591351520058,0.01341703611803386,0.0,0.10861133348612237,0.0,0.07096792319502701,0.01982367563860794,0.0021268855242987167,0.013431080357412147,0.015695701259101403,0.0,0.0007898757188441432,0.0,4.596036028059326e-12,0.18285258223821507,0.0,0.024765876273659813,0.015456437939882774,0.06790793878575542,0.024888324266549296,0.020353446781502693,0.0,0.0721292506651297,0.018995650320319496,0.04277263766426929,0.0,0.015913078381588903,0.002190749562675657,0.0,0.11826494661812041,0.04395591169787716,0.032351263307620316,0.001427006638740004,0.035517389506117034,0.0,0.030776051750535004,0.007661284533556586,0.007714689964566467,0.006043261405104918,0.11310717616546896,0.0,0.06632911488613207,0.038594885829218675,0.022475527356378575,0.0,0.041391717575407244,0.019416391872114924,1.9141823512229982e-11,0.03967253811837484,0.028983856442981265,1.1711572090316039e-11,0.011533273457780437,0.0329628796262999,0.0028639302891530585,0.08712924940089324,0.03236491996596759,0.0,0.06289334984229317,0.03317511248295449,0.05342834186851249,0.19106324611078676,0.03407012860698105,0.004025311633147877,0.07405382693676224,0.015169877552182234,0.0,2.5583896376313874e-12,0.0,0.0717041946857611,0.0024731166744232425,0.015707734052538485,0.00474086105171749,0.0638665370547542,0.0,0.2664781316136243,0.0,0.0,0.006940495506130667,0.00442886648741268,0.3787968801665729,0.020596650969713644,0.2626679268273074
2024,2,Indicador de calidad por riesgo,0.10652974653449461,0.14174182511910352,0.09749273636753483,0.02540795780059611,0.06781511445526565,0.0,0.1429721532724536,0.0,0.17957986492673206,0.09235272107160351,0.0,0.0,0.0,0.20132984299046577,0.05766372669431718,0.10430014595175846,0.0,0.050415857559051355,0.12405722744132974,0.14481088178959464,0.0,0.07744325658174385,0.0,0.034482015363691845,0.0863519764780114,0.07718896577006257,0.051902051756406595,0.11542705288174081,0.11264755137973116,0.025511006603887283,0.04193169591342799,0.04872868444224248,0.0,0.041529069312193974,0.051293285748076754,0.051515733971266006,0.13575021176852617,0.053356893889184874,0.06465069664855098,0.08581681620465051,0.04547805350190751,0.0,0.028866593129186796,0.12812012147343582,0.09471335122701888,0.05502539804008712,0.0,0.16306289788473355,0.06476978384554151,0.10642383052312192,0.04818806717382115,0.2558573297059233,0.04352487750356413,0.08479141684042986,0.03947218821475543,0.08138025252602643,0.059101412336683076,0.11110444545144187,0.10806680499523234,0.09509845482460504,0.09614790309175979,0.0,0.07799380145020304,0.0,0.0,0.11001976424455424,0.08986709862860416,0.012300097064964466,0.09173996267638002,0.09503008935093943,0.09217871256675629,0.0,0.14576948460119707,0.05503879684406449,0.025636025383460215,0.0,0.050204513570836246,0.03286776291656963,0.07772522769001106,0.0,0.08248818744609476,0.09366254256456817,0.0,0.06494980655878439,0.06561424102968917,0.06997150823743711,0.0897772033704586,0.11588068593446318,0.0,0.10461215504987134,0.0,0.05997657311617741,0.029968741879301684,0.08391422425373656,0.0,0.2146118526559377,0.0,0.09117879230718738,0.05235055363568501,0.02554572677504856,0.022820151215983284,0.08725122538956828,0.0,0.05850513614419589,0.0,0.013885034780620573,0.1335720017060475,0.0,0.06544639821298892,0.09009670642766954,0.04556956045302501,0.0697503958030889,0.0692413238071352,0.0,0.07999572760643898,0.12819596925929097,0.0587737793759101,0.0,0.08014373230081642,0.07230945297209396,0.0,0.10022312692282306,0.12546872207640933,0.041513146603582476,0.024980586847351997,0.04881801474322096,0.0,0.08710981804363853,0.020863897696920507,0.05288279364320623,0.1152966894918361,0.2105097323154156,0.0,0.09370861766977508,0.1597384567967437,0.05583248644296899,0.0,0.0799565930963718,0.08640288275170147,0.08718073682779072,0.09933117954203277,0.04968250078725846,0.08952344135172803,0.1298179554462638,0.06833919995152882,0.03942151748967199,0.07819601446986991,0.026436540525086216,0.0,0.07443113484282333,0.05978830395780622,0.057302854543468715,0.1606413711448595,0.10469475962420245,0.09767048472059137,0.10090327317337733,0.05358217754571419,0.0,0.07776533242927797,0.0,0.060259737971748016,0.09508105358330465,0.05043647336624988,0.08147642120585051,0.057181609632006754,0.0,0.009332132116983726,0.0,0.0,0.058401609782015126,0.04542900103398753,0.11725264094429773,0.07705701829692299,0.33205906925969797
2024,2,Indicador de calidad por riesgo con castigos,0.02398840759130076,0.11360952678994553,0.10885492607946366,0.003027806524314355,0.03986673282630669,0.0,0.032629785690278065,0.0,0.04265261250780867,0.02180175096696997,0.0,0.0,0.0,0.0508278483353243,0.023672261701405534,0.020315837497464077,0.0,0.0044387064257911295,0.1242571510365625,0.10831880434916742,0.0,0.029915437938993032,0.0,0.008725964318899618,0.0462077393946384,0.06095129728201451,0.04206796936317461,0.044384447030305564,0.005524556320840537,0.0036670190798941105,4.41555658723744e-12,0.006780646073659721,0.0,0.0033913313799338787,0.007376846015993314,0.013019960435621364,0.10608947618546295,0.07905405001772012,0.03537680144660409,0.10506812652101205,0.016524443572398493,0.0,0.0006084610416637057,0.04895866452726193,0.0007359578690703326,0.003761073481676414,0.0,0.02623372807912592,0.0003310137056122465,0.07328489956375255,0.0037088046510917,0.05677730951028886,0.010263545294134244,0.05319505729859494,0.025731514006761564,0.04670597215282243,0.014661951941430088,0.018232018802833014,0.0024546749556812585,0.01664190778980012,0.037494134908836615,0.0,0.0881726946983609,0.0,0.0,0.02042008488551425,0.04708532853179617,0.020213278208662037,0.001341122735459343,0.09208411368807087,0.009082043870201622,0.0,0.06330653314792706,0.004537404984632507,0.0066653960499450686,0.0,0.02506689497304043,0.02501474091782612,0.00969259334667149,0.0,0.031939054864357545,0.10160304300480504,0.0,0.011768687424023656,0.0005850525887659199,0.04010536860590478,0.131731551233136,0.03646932723863492,0.0,0.015892833784415927,0.0,0.006112007172400245,0.005797067950249752,0.013468358861614215,0.0,0.1069242818472856,0.0,0.07074408196821218,0.019827656089835742,0.0021173627595774958,0.013470671146409891,0.015712828938818077,0.0,0.0007906506639271497,0.0,4.383065327238605e-12,0.18613080228676687,0.0,0.02351481244090274,0.015255737273648049,0.06859257073065386,0.02458059775005997,0.020265228467309652,0.0,0.07309851498889222,0.01903525106774144,0.04198625455002343,0.0,0.015477537882304509,0.002164012869005608,0.0,0.12034988980895252,0.044304111863178085,0.031577209738168306,0.0014165860747457457,0.034294260126908685,0.0,0.030122806458213625,0.00817854181177561,0.009331116985354807,0.006008501961916704,0.1145409951721248,0.0,0.06620051939643527,0.0386661607259586,0.022492145954257692,0.0,0.04121979644098852,0.01927535797183615,2.0478985047028225e-11,0.04006737322119444,0.03463285895701051,1.1746189596431238e-11,0.011604401733177932,0.0326508932580883,0.0028763214405703023,0.08704778645031203,0.03190658515450398,0.0,0.06291962187642931,0.03309692463411785,0.053289168211316816,0.19128307906207953,0.03395351461980587,0.004040031826357667,0.07552464224438245,0.015034104806633475,0.0,2.6950196829325217e-12,0.0,0.09885238137791036,0.0025028823277751877,0.015613484323237054,0.004771893731090639,0.06280546005589457,0.0,0.26973886643240935,0.0,0.0,0.006737128894086384,0.00361247045472259,0.4058685110644307,0.02040988182692572,0.26396918841183087
2024,3,Indicador de calidad por riesgo,0.11423329249381292,0.14754524738787017,0.10026109340748003,0.03195631750978232,0.07602427073733944,0.0,0.13875946895503802,0.0,0.18120460855044626,0.0969706420413825,0.0,0.11049377443529243,0.0,0.20418189069241205,0.06530476080080236,0.10432773159378006,0.0,0.057417764088191284,0.1344841342202323,0.1639823036114238,0.0,0.08011996417725713,0.0,0.047986379335033885,0.08450819750141562,0.07844069781296309,0.056584034147060494,0.14217624507513568,0.11748970092447716,0.03187054802237638,0.04149861151790001,0.047998096393057015,0.0,0.037870252802953266,0.04943844140446458,0.057875339345300925,0.1388623409346156,0.04762342315871073,0.06882207124673999,0.09225514236946744,0.05250176279348444,0.0,0.0306888127391617,0.11933995729891306,0.09119129135405939,0.06536125087607547,0.0,0.17442190685169306,0.0681659768701385,0.10934527408707498,0.05595717841560314,0.26351993221561276,0.045454768939459454,0.07817399294121245,0.03983846888951064,0.08688120930384263,0.061417958356014685,0.1238377226975328,0.10901640663090668,0.09468535599047281,0.10384958421104129,0.0,0.07631292558012155,0.0,0.0,0.12029376237206289,0.08810659342397678,0.014012711980788206,0.1042244374852831,0.09768759609908015,0.10501038662969085,0.0,0.1468221857512339,0.05699094094378365,0.0440236561589431,0.0,0.04883035299501094,0.033252285819459396,0.0779802292103679,0.0,0.08334186211843458,0.10377237265197232,0.0,0.06810120223529371,0.07177829008673454,0.07335215095030806,0.08512109200666435,0.1318508242655424,0.0,0.12455107940098166,0.0,0.05887884833477271,0.03244934376714079,0.11053070648613983,0.0,0.2142441585436197,0.0,0.09128837126334659,0.05960778862058106,0.025563150819670342,0.02995558978907769,0.09281650713730301,0.0,0.059315929402631355,0.0,0.02243617705003493,0.1380063098502178,0.0,0.0743778975669856,0.07789153676232695,0.05062221465551049,0.08025810011278045,0.09492174656516016,0.0,0.07335512222216778,0.14770706750338763,0.07267751313396571,0.0,0.1006835909594103,0.07313965378639713,0.0,0.11362325321966313,0.13494215625565018,0.04169450531166385,0.025712543088391472,0.04354173780248393,0.0,0.08184087865005144,0.03546513137169934,0.06037783127585318,0.11827707200984314,0.2081296032086163,0.0,0.10644309120327351,0.15856386232651443,0.05940935198420206,0.0,0.10599533248009377,0.08755748600830006,0.07556855080675776,0.10831828607693379,0.05339038712900726,0.0885708270737489,0.14847265660457015,0.049494845644834445,0.04302671447826767,0.09524027577407998,0.025186239283001944,0.0,0.0875246132704191,0.05882827690194383,0.054716557961240926,0.1613921710359222,0.1001822025556235,0.10279965738152,0.12462566593994615,0.055903931198270806,0.0,0.06655292945664079,0.0,0.05775882390662741,0.09573843505722059,0.05035217564825149,0.0786097020761983,0.055017895148704685,0.0,0.02233274463516121,0.0,0.0,0.058400273603213405,0.045952617137635245,0.12241632075666636,0.07211955050057405,0.326668966300001
2024,3,Indicador de calidad por riesgo con castigos,0.023991104994162956,0.11172289911102477,0.10709118174144275,0.0030299946170255316,0.03968854649108209,0.0,0.03230547192114578,0.0,0.04248125841488072,0.021588719244586708,0.0,0.12155933369537708,0.0,0.05554682588595999,0.02317596099590411,0.020295984715781302,0.0,0.004450116432235713,0.1253014270669373,0.10900137770806484,0.0,0.02989158406721624,0.0,0.008635482190413242,0.0500141446004403,0.06065329768342787,0.04181249401846662,0.04445706591713342,0.005502469250332918,0.0036735713376897542,4.399827164995829e-12,0.006672720136449013,0.0,0.0033926926705509486,0.007137973483635225,0.012868070180408347,0.10589534480038656,0.08039242737830928,0.03550614048426995,0.10460517397345889,0.016412765350407085,0.0,0.0006026411563728257,0.04905722424633934,0.0007332675885286202,0.0036973166239943783,0.0,0.0260498650030002,0.0003325968424599865,0.07712441245998004,0.003714215661446304,0.0558321125238479,0.010036704810910336,0.052344263050917085,0.025439017339911062,0.04643861746897496,0.014586033683276491,0.018306142055116655,0.002407136535949664,0.016668338279801194,0.03782366274045084,0.0,0.08760770211727478,0.0,0.0,0.02038847748052286,0.05433315378809079,0.02023587131226072,0.001329398952250243,0.09295162836186416,0.00909669739122225,0.0,0.06470554695797534,0.004581021362074161,0.006540433259623754,0.0,0.024809422171519043,0.025518618987526998,0.00972263816940165,0.0,0.03271324663808074,0.10216916850766228,0.0,0.011705725515267407,0.000580449624011505,0.03986571612461338,0.12782086952330188,0.036207797059355985,0.0,0.015485247759787945,0.0,0.006116907428488585,0.005769986814803672,0.012975384581358725,0.0,0.10800940806223853,0.0,0.07038662409589674,0.01974893231961098,0.0021294319833984367,0.013640926607882247,0.01577440249441341,0.0,0.0007895814217630955,0.0,6.9231622549441355e-12,0.18644661682537753,0.0,0.022491278448591428,0.01541246456331268,0.06887437300003683,0.024557553781757502,0.02051671216101658,0.0,0.08947446940160513,0.019211878551491934,0.04155015188756063,0.0,0.01501103839727462,0.012394747765943993,0.0,0.1217969936846524,0.04434838292531199,0.03127808749638355,0.001410337308180383,0.033936902780782284,0.0,0.024672816885062353,0.008460190114186342,0.009318783272945422,0.005872844471678851,0.11467358175010339,0.0,0.06590512383540158,0.038720337150703124,0.022855703805814965,0.0,0.04109748155896421,0.018949301027704493,1.7757792771484122e-11,0.04034596355704976,0.0341465087798376,1.1464135309702755e-11,0.0117825613755757,0.03245141242504485,0.0028864751119707095,0.08721186285630093,0.03172673182743768,0.0,0.06314763074271648,0.03309475393480976,0.053178185966597555,0.19154466438093734,0.0341092192446604,0.004045939654856608,0.07640717119279712,0.014999654491222753,0.0,2.2724860005380574e-12,0.0,0.09748907910407409,0.0025213285736683717,0.015661367649643144,0.004785135947878856,0.06350947712724878,0.0,0.2619589936261943,0.0,0.0,0.006667430401310173,0.003470466053974,0.4334938511694214,0.020780652176934852,0.26420781441607644
2024,4,Indicador de calidad por riesgo,0.08386249690456235,0.14373958623836877,0.0994631740758315,0.02634473863809159,0.07972020007520844,0.0,0.13386582633862462,0.0,0.1795989784747442,0.09073790386997568,0.0,0.127792689107571,0.0,0.19641646333533244,0.05818865585508773,0.11600590496895634,0.0,0.05462685269998539,0.13524485845217107,0.16497608401430042,0.0,0.07923674824453876,0.0,0.037446686426512506,0.08466399527021753,0.0829385686129121,0.05551871204450881,0.12970663541650967,0.11425525744788696,0.033884979582248315,0.03512074749832215,0.05381651977052704,0.0,0.04135568078563089,0.052957797993735616,0.05610805995342952,0.13386964797961454,0.048894599325290354,0.06059067909055298,0.09514913506267382,0.05440391528857011,0.0,0.03021911949747249,0.13060815972441345,0.09442787446326435,0.0735335875946729,0.0,0.14389156367230632,0.06775660963836366,0.10977487686897282,0.05639440615446584,0.26660051368403964,0.04689453805294642,0.0802007925203376,0.04147634614603029,0.08517568117591949,0.05762637216811826,0.12367157843583852,0.11142216459656036,0.0906275512295626,0.10603015846068507,0.0,0.07955371427395823,0.0,0.0,0.13594894693500778,0.0927792755793958,0.01579853836164394,0.059316963489162045,0.10139668781144434,0.10243294831070235,0.0,0.1523028957455031,0.058520485867723196,0.0247224145457664,0.0,0.05002459974284721,0.03353653978294338,0.07944622919478242,0.0,0.08136504221492957,0.10540433232987385,0.0,0.06671016624591822,0.05829030918707498,0.06201517284398931,0.08430804745970794,0.11638807013654459,0.0,0.09342740579765894,0.0,0.058559190969424996,0.032953064298827286,0.07504944834706084,0.0,0.21142671548142958,0.0,0.08606643646801082,0.058826706127212275,0.02270338149807582,0.0313238472942729,0.09421843225307669,0.0,0.05758560838132506,0.0,0.012993361943491726,0.1264892739464854,0.0,0.05293318255503316,0.07733552567488826,0.05174404710476946,0.08915290530665151,0.09049859212923472,0.0,0.0758777069882648,0.14613614695113974,0.05605298894100019,0.0,0.07149171458592092,0.07509477365014633,0.0,0.1138214943028939,0.13806143937593993,0.038078456177518705,0.028027009480469642,0.03766510476869759,0.0,0.08244116173532352,0.039671533187174715,0.08933159638232517,0.12929370310351654,0.1999681144990633,0.0,0.1085366795081942,0.16014166366380744,0.05473583100255202,0.0,0.09766920027568882,0.0961448509026891,0.08475124244385826,0.10575596738378958,0.05697046513995946,0.08837639908404178,0.16012951599726305,0.047233596465041626,0.04471300269841513,0.0805907272852316,0.027173534995375812,0.0,0.07767712123364656,0.06421196219406497,0.06750176436510519,0.19570266994791613,0.09727652291153711,0.10715606273261423,0.13285803018176368,0.05379426065055394,0.0,0.06808413934176732,0.0,0.05821881700260367,0.09545513235676253,0.05109912876913553,0.07573743687060995,0.04695537267955766,0.0,0.0367523810151348,0.0,0.0,0.05314406396444422,0.046097271137033484,0.12364035673292278,0.09049133773269738,0.33634456156882747
2024,4,Indicador de calidad por riesgo con castigos,0.024125667245964617,0.11002951814970283,0.1059107015220854,0.0029879330610385712,0.03956567606747689,0.0,0.031934214609128375,0.0,0.041785264912142614,0.021006959715873172,0.0,0.12633444238317268,0.0,0.055242788625328075,0.02274626011718858,0.019955403174281187,0.0,0.004431944295396089,0.1267428080809529,0.10739931499336854,0.0,0.029985260108865656,0.0,0.00855094617999193,0.0494125887535777,0.060388775046042203,0.04122607644906273,0.04455362637209086,0.005414970342482693,0.003673293468128531,3.697918086559552e-12,0.006614839949700641,0.0,0.0033498242501491284,0.00694201918238161,0.012789044864085886,0.11147064646958015,0.07920539570812918,0.035543538911985126,0.10429430788939276,0.01626822093387985,0.0,0.0005999597999737881,0.04923832557997384,0.0007267429081369693,0.003654304826822536,0.0,0.025384215609205174,0.0003309694907236712,0.07639038327889534,0.0036852161601441994,0.05611568420878599,0.009991269180677423,0.05279240513627082,0.0252917919882257,0.04628956922310095,0.014622018442291381,0.018217852752993105,0.0023806235541157096,0.016257862996718053,0.03867681902259478,0.0,0.08541440062481796,0.0,0.0,0.02046395385401824,0.053813385236283644,0.019952622650954766,0.0017140127225270861,0.09315392056124303,0.00897439370050249,0.0,0.06543852243089439,0.004663056179220584,0.006708779016962877,0.0,0.0252391627394174,0.025511189235815128,0.009676761004686422,0.0,0.03414836748242658,0.10214763483978584,0.0,0.011449889277522596,0.000575496427350797,0.040537202774680384,0.12718420142400969,0.03612825539170767,0.0,0.01549650602103335,0.0,0.0060817768766105364,0.005676801789232616,0.012999046364193835,0.0,0.10691198783081746,0.0,0.07588698366590947,0.01982602777591715,0.0020291158260690506,0.013704525019314144,0.015682512034028852,0.0,0.0007904810110008699,0.0,4.128988245536999e-12,0.18265784744149302,0.0,0.022310816694259588,0.015455622325652497,0.06879080453169586,0.024439091616951746,0.020691277618138267,0.0,0.09037026072526416,0.01963640746163802,0.040951584421020676,0.0,0.0144601381076281,0.012288850398580563,0.0,0.12424581956135561,0.044407062185588715,0.03113531786681107,0.0013891901819201818,0.037343531190332215,0.0,0.024469119868572756,0.009025590367364467,0.009208326295712091,0.005813818649548312,0.13131147933964346,0.0,0.06576913897331728,0.03893479321244554,0.022767418803950182,0.0,0.04059319008720015,0.018890241129378416,1.951939698092877e-11,0.04021748031127975,0.03383667266745253,1.1332353849294523e-11,0.011740929773959722,0.03249478078101359,0.0028608335775392184,0.08729940944274785,0.031191512781802988,0.0,0.061945374724021715,0.032795913456390435,0.0543083203878405,0.18970843611783494,0.03418462824807584,0.003993815887930582,0.0773654983097453,0.014900002960037444,0.0,2.3011184345995272e-12,0.0,0.09671204070763453,0.0025064480927193575,0.015642638572332224,0.004731215806810645,0.06288839028226025,0.0,0.2651497095758425,0.0,0.0,0.006385854265477175,0.0033701569593231834,0.4608365317227215,0.02101241252668887,0.2654633097062071
2024,5,Indicador de calidad por riesgo,0.08490505142240391,0.1403258454925596,0.09885181110582376,0.024536703566892932,0.08209521350076811,0.0,0.12706373757517206,0.0,0.1788533595173423,0.07035001863684057,0.0,0.15235867267593722,0.0,0.17665929623801827,0.05460602882048192,0.09274730042362771,0.0,0.053076260496205396,0.12552895914776477,0.12879153154658549,0.0,0.07845822242274551,0.0,0.03888807547570734,0.08975110406950933,0.07954528567020834,0.05690479692108728,0.12765117271972357,0.10808186816418192,0.03315473258162821,0.03191250715983614,0.06156154701639509,0.0,0.04037512456933255,0.052463497045316936,0.056076194613431614,0.1345533561419011,0.05161355784053968,0.04974074903724331,0.07159384886973114,0.05547050959372361,0.0,0.02738147930155505,0.12449084439268163,0.09386243903865721,0.0568562184712509,0.0,0.15041459304812443,0.06839098757192222,0.1112797015878385,0.058515088019749834,0.29718416786005253,0.04314748341719826,0.08066597136177005,0.042354148987862855,0.08353587989128318,0.06471351232516799,0.12096485699762452,0.11037246068665209,0.09390914368846377,0.1038115998746725,0.0,0.0788119976479244,0.0,0.0,0.12196524847485138,0.09208700410816856,0.0,0.051610635776075865,0.10540160140480052,0.0918256175409878,0.0,0.15771350911105647,0.05801620198386919,0.027614411378062483,0.0,0.04200229724880175,0.028947075109058317,0.07804150558093682,0.0,0.08355435688293769,0.10878298543442529,0.0,0.07054711121140075,0.0654419770254756,0.06097489438956738,0.09070000961996763,0.11500888433149206,0.0,0.08379656238031737,0.0,0.056885734000579065,0.030266738082162247,0.07247241958152247,0.0,0.22264499333881754,0.0,0.08267497860325045,0.06111091150267184,0.023333604407120543,0.02049907063120616,0.08823984285209717,0.0,0.058751421283797775,0.0,0.00693395058033376,0.12113997429724342,0.0,0.04994621389662478,0.07267113884272225,0.05118600991434411,0.09659060013659525,0.08921019763810158,0.0,0.07834426574172589,0.13126046923206922,0.05101475601675595,0.0,0.05985615419726092,0.07273462953369061,0.0,0.11431991653361001,0.13301615897627372,0.04237311613336535,0.025357506476344424,0.04180647860620141,0.0,0.07937480217528742,0.03666608855576551,0.05665327889572538,0.09704403772875017,0.2000234481115163,0.0,0.11437051257479754,0.1629060675462815,0.056843221751314635,0.0,0.09892435805063289,0.09914320872712813,0.04962461575393099,0.10743029344945237,0.05437782488063434,0.08325301107290933,0.13530231138959797,0.056848125613310964,0.0470404377799514,0.07853798128811702,0.025941278631378975,0.0,0.07981847447081426,0.05300160295063252,0.07307219987561019,0.18704763884046618,0.09046164397280694,0.09736121726663129,0.13563032027979502,0.052014208954096565,0.0,0.06522440130500157,0.0,0.05791825237501479,0.09567137798058813,0.05063493566245109,0.07097035057945678,0.04955445828276483,0.0,0.025263371132288,0.0,0.0,0.060827161206419435,0.04803820874927515,0.12149408693628187,0.09453165865740623,0.3332357606991597
2024,5,Indicador de calidad por riesgo con castigos,0.02357398156429439,0.10882066359917057,0.10498103285981157,0.0028821442633445607,0.03924356837819033,0.0,0.031208438633428925,0.0,0.04067971988365779,0.0200921965345112,0.0,0.12979509468988035,0.0,0.054981775172907754,0.02223651539905607,0.019862977600656875,0.0,0.0044311620520839255,0.13673000718114212,0.10744767042190251,0.0,0.03164598126287412,0.0,0.008527448907166602,0.04917922535105123,0.05913702029792007,0.04086137433576893,0.044564490772950355,0.005411744515731373,0.005776214701742888,3.4248645664250566e-12,0.006528742317691996,0.0,0.003315833453403727,0.006858950175966984,0.012760127973158264,0.1110496082238755,0.0778260496434624,0.035454174232615654,0.12662145243854,0.01600577366827031,0.0,0.0006026751468372809,0.04910839520502619,0.0007342753370839048,0.003616865099505051,0.0,0.027532096244255767,0.00033048527512860516,0.07737337821608928,0.0036824467477068554,0.054781470493953856,0.009951552133039736,0.052071133774277814,0.025370537687648555,0.04604330694622155,0.014564935919364754,0.017953959165942193,0.002344672966639471,0.01589085246014126,0.039436752530861506,0.0,0.08459784154430576,0.0,0.0,0.02057899345493875,0.05266797852161637,0.0,0.0017058152510072736,0.09347117159856554,0.007911946866765792,0.0,0.06649855928066016,0.00470971343236269,0.006674007835518846,0.0,0.024797154987637602,0.0290869457945047,0.009676342936737595,0.0,0.03695355604963322,0.10231858960616015,0.0,0.01139654019140694,0.0005664864405574523,0.04010141489380546,0.12711926458967765,0.035917976771618086,0.0,0.027201762423705308,0.0,0.006035367519910391,0.005593395065049953,0.012959967053038306,0.0,0.10577129743632763,0.0,0.07365225181372902,0.01961562501629641,0.002025534626242907,0.013714569046506593,0.015401980878908945,0.0,0.0007551664596607851,0.0,1.9573571138046848e-12,0.18228270271741756,0.0,0.021901852612865806,0.015356136867151865,0.06753639256476475,0.023997647600467027,0.020690058962351203,0.0,0.09095920355236561,0.01924894189502385,0.04241064011094706,0.0,0.013980112382150165,0.012286908959904724,0.0,0.1260686701598184,0.04789091397271903,0.030978342012131333,0.0013951043478751955,0.036803083249808716,0.0,0.024281963294086596,0.009338109330929613,0.009515903312658065,0.0038613538898521287,0.1315841312782174,0.0,0.06502294781279927,0.0393613223112576,0.022821880426696813,0.0,0.04080041749383209,0.018964062485197695,1.1426514695838843e-11,0.040696989082007556,0.03716986950349709,1.0400655165170566e-11,0.011782857604093238,0.040272819617338966,0.0028440108229429283,0.08627622713904869,0.030834167989820565,0.0,0.06109140232965329,0.032310462843545606,0.05421761754054117,0.19243285615432662,0.03427557671617719,0.003954615363620074,0.07873675455937136,0.014786806130160314,0.0,2.196809903137633e-12,0.0,0.09478104852329672,0.0025114793855325365,0.015604959464004366,0.004681814334836258,0.06289077929486558,0.0,0.2682705666134145,0.0,0.0,0.006279758175034438,0.0030931308473226083,0.491209863935117,0.02133341611372072,0.26428513993243713
2024,6,Indicador de calidad por riesgo,0.09436837291796384,0.1192646002881567,0.10109287219076808,0.028021647063840464,0.08591116291535847,0.05850727865237257,0.11181349121875837,0.030313814525146605,0.1771378406894452,0.0903428320990843,0.0,0.0,0.0,0.17949033852512605,0.052506569731639266,0.09510154508891734,0.0,0.05151103054512311,0.14932185570340234,0.132196133915264,0.03783272270151761,0.08018055781085649,0.0,0.041293883219751186,0.09633101063712388,0.09022674167625144,0.09065516807853569,0.14153147109885908,0.12475531563559178,0.03310408812533529,0.03917467225692039,0.0,0.17002084777557452,0.04400348950711107,0.05100540509264658,0.0,0.1396718332178647,0.0592371755658855,0.061573627577455575,0.08344429352314074,0.05555244078387663,0.1831652970812347,0.032036288962879626,0.1511589665912466,0.12650987971621888,0.048961829999654344,0.03500045962093983,0.2131551868827303,0.05762752356862257,0.09846159372221754,0.06377574701304134,0.30421810241599556,0.056494170732131505,0.0,0.0,0.09855772143217005,0.061648028950456187,0.12596130392546032,0.11822728853867899,0.10158332354885848,0.10891252433757555,0.047873470441630914,0.08113177782673058,0.202793210533773,0.0,0.14304141511624283,0.08797755537941616,0.01257566503152159,0.08127964199547501,0.11064155686232832,0.10348460350314773,0.09980483548309069,0.1656352066092191,0.06230478550648794,0.027561094886489466,0.0,0.06400534890666226,0.030641442614082835,0.08383354609311293,0.0,0.075734335415149,0.11449072234800914,0.0,0.07697665923061475,0.07871933558324305,0.062103998891592536,0.10775376549385705,0.09619505358882222,0.0,0.09939029613163503,0.0,0.0632553520780484,0.03431792350502607,0.08837409016965557,0.07330052615784811,0.21000109916288295,0.0,0.10443143751661602,0.08983571385782028,0.026255796697021702,0.027128021026272008,0.09010008160994123,0.0,0.05782985834080461,0.0,0.06215498548167964,0.12755896849026654,0.0,0.053102190774223686,0.0,0.05099813355153907,0.0991102929725085,0.09327968800841388,0.08662571020222866,0.08741779520287049,0.11616157770186918,0.04862653407884001,0.0,0.07669698118777098,0.0771784228117991,0.0,0.1124389924279445,0.1376594839442672,0.032117022683534606,0.03228329252619574,0.043156746289259924,0.0,0.09203489892453373,0.03998515157755057,0.05017349093646323,0.11201569323723803,0.21809851359393145,0.0,0.10353031309041709,0.1567717408732199,0.05792843908933824,0.0,0.09924058694492478,0.10657959969898952,0.06754798497214778,0.12775434483662554,0.0,0.06902522056330217,0.149305026815033,0.06026413202781491,0.049949840686126054,0.07034481713897472,0.02796127746903477,0.0,0.08337031580549478,0.0664402719162658,0.06217451942654236,0.15986039856073134,0.10895277188548225,0.10469680852681071,0.1270984420914598,0.0,0.07686579780801604,0.07853558308271556,0.0,0.05733783758687398,0.030788972260808456,0.042991326589296455,0.07814065789826856,0.048461022158199814,0.0,0.02610612112731323,0.0,0.0,0.05859553239898659,0.054396127763246135,0.1207788902412737,0.11539647603218953,0.30978713600777175
2024,6,Indicador de calidad por riesgo con castigos,0.023505965559004586,0.1255840776855819,0.10476254238528288,0.0028247850717765983,0.038828422561542564,0.02824594300994318,0.031210030857761514,0.012121406827579123,0.055364259145727075,0.01970613671951453,0.0,0.0,0.0,0.054974822569970556,0.0221291479962003,0.01647719412421599,0.0,0.004424665020478269,0.13728355398890635,0.10755058990631833,0.07325814586442721,0.03177144409355668,0.0,0.008359182561229743,0.049281391205830215,0.05797751585372603,0.040269238238809055,0.04412636823848993,0.005394325535092143,0.00571341504187896,4.357382280986876e-12,0.0,0.03841974989310027,0.0032594110531286775,0.006544777466583444,0.0,0.11093483901345223,0.08268740100787011,0.03627728487158534,0.1279355959469805,0.015803941250217172,0.004948706158785303,0.0005979746163651768,0.04807539945855683,0.0007412981259975041,0.0035681217678949296,0.0014360697858396255,0.027943740633450627,0.0003323256611888812,0.08097508663166954,0.0036935833627219548,0.05445015734436413,0.00971955780308013,0.0,0.0,0.04649158658192319,0.014621460779505376,0.02025852213003692,0.00232324473486798,0.01578152896676774,0.04051614980859232,0.008311815687693144,0.08501348925305051,0.04016058612399093,0.0,0.02072450638238745,0.06020569347723029,0.023320695371667772,0.0016968445522754076,0.09385107008683644,0.007717173765575585,0.017061420119300053,0.06795228991531144,0.0047760235414156405,0.006730589581141498,0.0,0.02501164678355253,0.02959881779824162,0.00987945600616484,0.0,0.043115827662234846,0.10247478581380456,0.0,0.011387855747733487,0.0005564383165097514,0.039533992209244855,0.12534315126204212,0.0862927182382926,0.0,0.026302140646278147,0.0,0.0059714721330743695,0.00553796656009798,0.012883214474482397,0.015413175430766092,0.10479340201071778,0.0,0.07127760150159022,0.03194150759721479,0.002060032493366504,0.013875957782829372,0.015192840767194496,0.0,0.0007512997801962274,0.0,1.7706346776541704e-11,0.17957107978910722,0.0,0.02320088946497629,0.0,0.06684019617492194,0.026201522351123593,0.021226484737358074,0.016416837413751204,0.094613587324592,0.019184806409807333,0.04228597115926499,0.0,0.013780687897886123,0.0122742913046477,0.0,0.12454879730397156,0.047651865095535574,0.030716580581174265,0.0013801189456816697,0.03396060398424924,0.0,0.029001960528859456,0.00930210166595306,0.009267273774558818,0.0038474477143820643,0.1317445400832552,0.0,0.06591517735028968,0.03992834721758916,0.023072987386765303,0.0,0.04153689880740003,0.0187293325377692,1.5732336504406024e-11,0.04126385078843702,0.0,8.530336470987507e-12,0.011896270453103213,0.040894301889091836,0.002831806383021057,0.10034055769190496,0.030920069875615807,0.0,0.06109861557578403,0.03170484424864589,0.05381880517372,0.22295664395725937,0.03452719748186535,0.0040077063961275325,0.07916960795907906,0.0,0.01038724056209061,2.6193959246277897e-12,0.0,0.09356923639587328,0.0025031697181108013,0.01546614940545504,0.004654162522083908,0.0635967923692338,0.0,0.27245465080984466,0.0,0.0,0.006263550444730538,0.010376886053736873,0.517357888846292,0.021096105644329243,0.2877107205113456
2024,7,Indicador de calidad por riesgo,0.08402598869740531,0.1136769974342953,0.10094817261157235,0.026326277888792802,0.0845426499957167,0.05720121329500568,0.10275790267975174,0.030696937273858055,0.1778601327297502,0.09559744496475342,0.0,0.0,0.0,0.1689715041701163,0.04359701582581752,0.09482818758452138,0.0,0.050253244593693305,0.15095393299892718,0.13169823860771132,0.041170638330165515,0.07595473196666473,0.0,0.037700783165348854,0.0898746863178682,0.09548776093013035,0.09158303234696685,0.135692062173088,0.11696951542388975,0.03403353285228399,0.03978365582580394,0.0,0.1648523931728246,0.04523377571415494,0.05491560262688394,0.0,0.13881518243340432,0.056828746397580246,0.05575710791285837,0.08937309083385786,0.04832742117625543,0.1916619577002499,0.03181908645682845,0.14333503282971305,0.12037952031877094,0.04510002501919385,0.039151933711375084,0.2140592768310115,0.05922780706617714,0.10338353388853253,0.06267621080256117,0.29611935882000967,0.04214581527481155,0.0,0.0,0.10087268237906788,0.06430792717937044,0.12177432751803786,0.12021253417532543,0.09656382237358377,0.11489428844645574,0.045647075523874155,0.07546445228695231,0.17886408818067348,0.0,0.13833175658547936,0.08542412885321916,0.012691060840135934,0.07738127385633582,0.1081753025856154,0.10098876077037194,0.1017857772112179,0.1736107726805215,0.06631736735709906,0.03836786362000656,0.0,0.047308526732814916,0.02965735030826098,0.07992600563756101,0.0,0.07131627938548167,0.10920354400211821,0.0,0.07887048982938889,0.08265462080793036,0.06598042651930472,0.09637755450400218,0.09596773883545978,0.0,0.10901473250788937,0.0,0.05852790029413762,0.03401862819794863,0.06491311681568328,0.07025701431305714,0.2122207232535203,0.0,0.10223947737116498,0.09322397337793056,0.028794716177003573,0.0199207254673539,0.09442173708593771,0.0,0.05663412294646863,0.0,0.06095135622573555,0.12439311011300312,0.0,0.05365238220373395,0.0,0.05281368861730316,0.0909946531091372,0.10922115868542602,0.08654686297499373,0.09127049713047222,0.14754382515047348,0.0529043601885342,0.0,0.06934425198151388,0.0628086283401206,0.0,0.11243407832841573,0.13705400594279077,0.04252873947899931,0.03142792313401181,0.04980693081116973,0.0,0.0746631483533689,0.024508432816792696,0.0613178917810647,0.11559600561073867,0.2102269133569084,0.0,0.10371834845550462,0.15752054290633166,0.05589522090545459,0.0,0.09280128439258595,0.10954904282559363,0.09351405793183615,0.12496193929070892,0.0,0.06520146527662603,0.1310972322373428,0.060021510422926055,0.05050351768624424,0.07108451523820968,0.024277649587837305,0.0,0.08388169908010508,0.06505564925182322,0.061636308880907965,0.175182472168952,0.10785879034623885,0.08741590886985653,0.12473582923011273,0.0,0.07563890025496509,0.0729916412318799,0.0,0.05640692678723209,0.03136185131765422,0.04130459463884711,0.07602333661811424,0.04789606331354743,0.0,0.023012885003805373,0.0,0.0,0.053602392240953076,0.05737674954324051,0.11542056699967723,0.1077313770393424,0.3176621069545333
2024,7,Indicador de calidad por riesgo con castigos,0.02768193714793177,0.12344192358597487,0.10405897614034935,0.0027491474609314215,0.038705757940107284,0.026228043685127746,0.030712416148008254,0.011824431070589241,0.0552070059606057,0.01911072740228216,0.0,0.0,0.0,0.05788123129759286,0.021909599072160228,0.01641165966095913,0.0,0.004397265405365763,0.1373474733792863,0.10597648772510855,0.07250732404137993,0.03175432216784797,0.0,0.00834184502190406,0.05211483617253128,0.05637803282437613,0.040259990824605234,0.044243630151511,0.005342909963798727,0.005588935678808199,4.351418401206816e-12,0.0,0.038604534538077453,0.0032227121892127986,0.006588646969229662,0.0,0.11049772309765726,0.08184692519417498,0.03579491483128544,0.12834608528011116,0.015577559106293569,0.004945420498634734,0.0005884696992569065,0.04792486130503622,0.0007409204573533657,0.003523241092415438,0.0014418382756535223,0.028378282658564048,0.00033627955716849183,0.08075935434883491,0.0036313334637702492,0.052663492366482254,0.009212533472468722,0.0,0.0,0.047717969654035484,0.014582172241349523,0.020192537675837834,0.0023269021649789364,0.016986700132145365,0.04135704233085661,0.0082976641222783,0.08378700294944753,0.0386908380878341,0.0,0.020083365932801026,0.058427349009412585,0.0228970177315047,0.0016538464012598605,0.09241586635247605,0.007442145885168197,0.01719927685297527,0.0694745641137874,0.004873386953188716,0.0067707250090639146,0.0,0.025342726780170962,0.029233064991820722,0.009877016626213247,0.0,0.04209810171589286,0.10221931746433395,0.0,0.011178745708762143,0.0005517000735350789,0.038744880255866254,0.12681068411632637,0.08494283351223031,0.0,0.026151068735001212,0.0,0.005984060646552052,0.005496042719415326,0.012851077277062703,0.015127311822832563,0.1033434274371098,0.0,0.06972955589710289,0.03209895828141326,0.0017084566450435333,0.022434349344556584,0.0159560519052466,0.0,0.0007558157715127214,0.0,1.737923248337392e-11,0.17733119966104338,0.0,0.022975532661762006,0.0,0.0669076706217221,0.025627629497028598,0.021471981143870937,0.016321195596566033,0.09543104538723002,0.01906470541173531,0.04225468767266201,0.0,0.0136581365627469,0.012161567906667933,0.0,0.12417145148627,0.04790132695851782,0.030364075401747008,0.001371255293262496,0.033665097100678325,0.0,0.023861338651692342,0.009827607254090128,0.009159559551714045,0.003863863350494532,0.13142030061720006,0.0,0.06497201239977625,0.04011141056389805,0.023079657914325213,0.0,0.04524758795183862,0.01864018167423408,2.1783593712105244e-11,0.04124474995153687,0.0,8.030388956010768e-12,0.011884326963845305,0.04101329560807521,0.002849239983449487,0.10052506062441913,0.030093328675637483,0.0,0.06093797657356855,0.031372498825894476,0.05369008040274994,0.2257849514488323,0.033903052572957774,0.003999933401551727,0.08062220622942443,0.0,0.010107416075286287,2.3862066404628352e-12,0.0,0.09405798310969044,0.0025116683904217877,0.01723768186157938,0.0045791787171752885,0.06334311563742212,0.0,0.27605044765231124,0.0,0.0,0.005872469441713175,0.009880548266018259,0.5478497364166705,0.021356852999224175,0.28603749211934515
2024,8,Indicador de calidad por riesgo,0.08392961700755072,0.10987940888016615,0.10326497730063322,0.024946041221024534,0.08426954809581118,0.053096753675199546,0.10112558219190985,0.0410230025798162,0.19483102273660433,0.0882766050360945,0.0,0.0,0.0,0.1726196962430221,0.04057681677436686,0.0957977617897225,0.0,0.04913096344389644,0.1496496129746781,0.15851245519039545,0.04060198189794309,0.07567673370802525,0.0,0.031228363266765903,0.09126240185734547,0.07557715638392347,0.09532986217096129,0.1432292539423037,0.10961892455135067,0.03620576806024716,0.035924151669340446,0.0,0.15928265465335514,0.04231076971371809,0.0562887425493386,0.0,0.13350796877026977,0.05186814083898765,0.05544452763661714,0.08801523855493254,0.046798600143423214,0.18782409709464823,0.03254134625094197,0.1150087902903277,0.09593327495477254,0.05220668501702349,0.0548754910543715,0.21131680660147126,0.05815239071354064,0.10101012891268203,0.06596909343069571,0.308800932634182,0.0399036192202137,0.0,0.0,0.10835393916931216,0.0647257393378144,0.12379696345924547,0.12532914647483476,0.10259803143772545,0.10416001726670926,0.04633633568569814,0.07763629853133988,0.1818317272673372,0.0,0.13821849279476134,0.08176442877438446,0.013051480915476813,0.08874638263884548,0.09285538663197905,0.09763831710499707,0.11084490422798364,0.1959856649593093,0.06856512018820278,0.04582516616147765,0.0,0.05042522051963368,0.02949486382157948,0.08085376893470493,0.0,0.07204129859797231,0.11022403652325298,0.0,0.08058902977036127,0.0808661131477642,0.10155022233297409,0.080120035885242,0.09295369128266166,0.0,0.11972093701115523,0.0,0.0539040733406466,0.03617087556476406,0.0834203660976214,0.07032587955458532,0.24334192691578513,0.0,0.1000179614844264,0.09005551476645934,0.02808272133748852,0.025444284128932997,0.0896170330330635,0.0,0.05190303996461659,0.0,0.05893704207925263,0.12361672299948193,0.0,0.04974528946666738,0.0,0.054162148777604106,0.09183297214329479,0.11455444649634546,0.0847595045186725,0.09105594128745687,0.13557603073241586,0.047903012386836315,0.0,0.07581801585478518,0.06736793249631388,0.0,0.1199787137282404,0.13604911601928665,0.037588590625108796,0.03311977990844507,0.046150093930840796,0.0,0.08286359546445266,0.03533758341858493,0.060449732582744144,0.10339334327258663,0.19770988120624203,0.0,0.0924070368299411,0.1566276152688681,0.055474294381905064,0.0,0.08686755823075588,0.10682775581895242,0.0840950166423791,0.12501443084104272,0.0,0.06323779577153364,0.1463685034597347,0.05079951176350096,0.05159019566319962,0.07162662875911771,0.025179319688826203,0.0,0.08561186085694873,0.05652852364646284,0.05046312367671953,0.17462282914948374,0.10037045143854366,0.04848950946529482,0.11493343291432961,0.0,0.07201791581969169,0.06598663156954225,0.0,0.051779733263466084,0.03133638865268363,0.041185201672722264,0.07308867977522854,0.04881970786701926,0.0,0.013406432049196605,0.0,0.0,0.0546024895192637,0.05620527682321869,0.12077384533212411,0.10227584646544062,0.33133867328378397
2024,8,Indicador de calidad por riesgo con castigos,0.028044538547818725,0.12291827418782512,0.10371489064622315,0.0027166755843325424,0.03843353762183796,0.024221475421170514,0.03048990361657195,0.011640904668593601,0.05464398736022684,0.018732193669302417,0.0,0.0,0.0,0.05882606424990146,0.022004797861421142,0.019001005237957877,0.0,0.004412562625658464,0.13848697228176068,0.10815744050181278,0.0725411886715973,0.03129939215581755,0.0,0.008228367117486155,0.05126902050981742,0.05590809017410285,0.04003705509415821,0.04333080295082648,0.004807956907725075,0.0054733975878358465,3.895068138896587e-12,0.0,0.03895133544558951,0.0031827106074034535,0.00654159149805497,0.0,0.11526533539140724,0.08205384415561941,0.035265741355825976,0.12790274425317372,0.015341284956781462,0.00503810728964312,0.0005842853440909585,0.06733983777041287,0.0007327897676514156,0.0034879532032006996,0.0014519764994701731,0.028664135369098346,0.00033456466337111794,0.08175403905989749,0.0036033334696906364,0.05240636544774753,0.009168604092450515,0.0,0.0,0.04922869793919767,0.014491539983579547,0.020286684172231974,0.0023349961971695296,0.01691770980611549,0.057820040062758565,0.009077118232734313,0.0829816919467265,0.039172639531161284,0.0,0.019978492273220537,0.057113297053916996,0.022952417925231144,0.0016499725232421614,0.11581969925264571,0.007377548020770605,0.01721792666682051,0.07073740759187754,0.0049720231184864965,0.006839029976142978,0.0,0.02502420113056825,0.028931689227212242,0.009817949957271959,0.0,0.041701764368568775,0.10258896442028144,0.0,0.011518238435844694,0.0005431825961398634,0.03801234108485795,0.14525614831406264,0.08371486204440953,0.0,0.02606994394143222,0.0,0.00594954898668106,0.005485210304141777,0.012624956506417222,0.014744313346009735,0.10384045173270166,0.0,0.06830886927865898,0.03195525574207242,0.0016736284049724034,0.02226092505276549,0.015711076856031136,0.0,0.0007551371796283095,0.0,1.6556437358854328e-11,0.17901764192821754,0.0,0.022137537476783896,0.0,0.0655610114764459,0.025309673192652545,0.021265172854820807,0.016109781954573767,0.09518216743303219,0.0184072009208048,0.041675946668811185,0.0,0.01354545059010009,0.011614946923046056,0.0,0.12362660943838359,0.04797645032027744,0.029969135818647068,0.0013689207278143628,0.03310330675153747,0.0,0.02297369655491719,0.010221694965932497,0.009041836352550662,0.0038904923640189293,0.1295211276541446,0.0,0.07031660563773116,0.039777657447269354,0.022924325174802817,0.0,0.042584076410503845,0.018779246006520443,1.8961920547547206e-11,0.04138671633330709,0.0,7.664343236849655e-12,0.011955332806811481,0.04149913090570346,0.00287260775723231,0.10029924994311862,0.029471464256460734,0.0,0.06034244902212587,0.03169376185137997,0.053462377157062924,0.22558600623992447,0.040760827890065424,0.0039981949077416545,0.08107846455841788,0.0,0.009917674155350196,2.1071348547436632e-12,0.0,0.09274527184633521,0.0025119001602735033,0.017121023133145525,0.0045345836240827065,0.06306038389826533,0.0,0.25965418855886585,0.0,0.0,0.005707532162038175,0.009599548527289394,0.5708855616040653,0.02132226266797661,0.2847867881499619
2024,9,Indicador de calidad por riesgo,0.08802523959992913,0.10785022405294774,0.10498982835528345,0.023899485633773233,0.08332206876429149,0.04501806859946034,0.09348526915814849,0.03545699537749885,0.2167847100833608,0.09297105043778098,0.0,0.0,0.0,0.17219654008361904,0.050906113155976034,0.10313191412752228,0.0,0.04821614780261697,0.15329179358356218,0.1442206865041806,0.04236925572798635,0.07483825088187691,0.0,0.04136216379753814,0.09208126629097017,0.07264028324006988,0.09509987587399994,0.10987752713106555,0.1060306598540092,0.03539864175170674,0.03432481578220337,0.0,0.1714798180051936,0.04005705108202397,0.056038765782653356,0.0,0.13494508397957417,0.05599518847244883,0.05646237169740512,0.0922054635524729,0.04590266649499095,0.1758209995417271,0.034104443487930486,0.11368852608569925,0.12678524010570758,0.06322016906026183,0.045821157796553214,0.20701876490540602,0.059104992392145055,0.10447568575167951,0.06948560868846827,0.30045890291543503,0.03815537207632108,0.0,0.0,0.11022678959727786,0.06740315915522382,0.1238539076360162,0.12528132636796968,0.10105079086818795,0.10403922521427747,0.04975861246784718,0.07847434840226608,0.1751740166764953,0.0,0.1436946245551992,0.0810788782050843,0.013702749760561309,0.1022799029597515,0.0933938325157713,0.09822527583500257,0.11519365469988499,0.18700292297943122,0.07135934023836282,0.01951863970711549,0.0,0.046944792268563074,0.026520674336593855,0.08000044904194618,0.0,0.06999149305750434,0.1168114610285113,0.0,0.07774396971758178,0.0697772340208721,0.09149375300214853,0.07948755494427734,0.09936756335511769,0.0,0.10533994324077685,0.0,0.06497023800047008,0.03714730681198893,0.08671679507489112,0.07220945894285367,0.277722667794669,0.0,0.09277109299402406,0.08763718858494075,0.03416931019446004,0.020354989965922894,0.09610295046710639,0.0,0.052833314169697,0.0,0.05812218152958369,0.1311781522807622,0.0,0.05011522729730538,0.0,0.05118333979571874,0.09013338381517393,0.10216820707717245,0.08361667568552736,0.08873002264186201,0.12970131960059586,0.05211728902792145,0.0,0.06132143913746765,0.05560806350620458,0.0,0.12386254259478198,0.13690993479804336,0.03784099358915299,0.03295030659857655,0.05107671116844166,0.0,0.0889512396228312,0.033134447521807324,0.05776891014877023,0.1376608685022652,0.20728688981401092,0.0,0.09776342899231599,0.1318059717090882,0.05384726166510177,0.0,0.08059046298292265,0.10594063867132883,0.08633951717082614,0.12098723081146964,0.0,0.0740570495308703,0.14346838703386933,0.05952765506319805,0.05240440613604502,0.07617708541105857,0.026210298681525464,0.0,0.08697863999929974,0.057568320259418854,0.04879556968311879,0.18990586272217275,0.11657314441621593,0.08202426762306197,0.11242907860556785,0.0,0.074775528881853,0.07577227486367064,0.0,0.05161118070222253,0.031497660076307145,0.04156161270487922,0.07097919690248829,0.04642910247209788,0.0,0.013905359827373568,0.0,0.0,0.05950718487588307,0.0548227981803948,0.1157250744776305,0.09245772603130034,0.33662669034383885
2024,9,Indicador de calidad por riesgo con castigos,0.02821229357220687,0.12137153271154309,0.10296971243771462,0.002684073236956467,0.03792353508301471,0.024445150159320552,0.029947162461063662,0.011602238532459303,0.05382431924891976,0.01809406336699011,0.0,0.0,0.0,0.05779252287005862,0.021715627524133283,0.018181912037230283,0.0,0.004374244611442012,0.13916165191123397,0.11142402256611907,0.07268449552686429,0.03035551726338503,0.0,0.008032629957934594,0.05047626988888886,0.05538719946313241,0.03971455725505144,0.0430859857145465,0.003738254987928894,0.005398089800188326,3.7002640326202484e-12,0.0,0.03982764636719007,0.0031314598364815876,0.006538877496838423,0.0,0.11474394108564902,0.08212518216225811,0.034648403382099395,0.12819556329951648,0.014926971031597588,0.005583348537505926,0.0005929485387423471,0.06543851728145961,0.0007377642239508489,0.003418302598110005,0.0014371062210062461,0.028683666982619833,0.00033458594216686675,0.08302297738034543,0.0036009248731616312,0.050854527093636186,0.009082617041248478,0.0,0.0,0.04988247464554998,0.014352644596865144,0.02024840252939431,0.00232944602919534,0.01667167824977512,0.05785965866456035,0.009097377594388967,0.08128945381625416,0.041912272251807124,0.0,0.020534536766726973,0.05474787210793824,0.02295270932361583,0.0016575608675442933,0.11632193776469686,0.007396280813639659,0.017266142173003245,0.07031082476355895,0.0049829822746656136,0.006676658515831995,0.0,0.02533276746874694,0.031565326166377826,0.009760765200641069,0.0,0.042034283392212525,0.10307447465948899,0.0,0.011310062652430179,0.0005652428104266436,0.03611296368023711,0.14328227765908946,0.08171870087168813,0.0,0.025574256925243642,0.0,0.005976595853847693,0.005484550661399067,0.01276248271835797,0.01463207139642328,0.1041561936959767,0.0,0.06737081643131579,0.03176844876003877,0.0016392208695833253,0.020807996498942462,0.015452942878915363,0.0,0.0007536548851689688,0.0,1.619537178886255e-11,0.1787640531690631,0.0,0.022259893119075683,0.0,0.06697398524032971,0.02515445301145758,0.02167067244218273,0.015877822687754103,0.10641907184422404,0.018602405582776784,0.042341680026043306,0.0,0.013420991177833793,0.011490275818082296,0.0,0.12606807757113295,0.04814961933303057,0.029478079412065095,0.0013656825979970724,0.03332805947479453,0.0,0.022604899972402386,0.010743809052422946,0.008994874599412592,0.0038695470260655834,0.13034053602010515,0.0,0.07114854196868566,0.05345704327997586,0.020675560090725693,0.0,0.04184872382881126,0.018662262968437492,1.9327800014447875e-11,0.04105705063185124,0.0,8.876763548782575e-12,0.023258875740272446,0.04145616438947401,0.0028847869598710046,0.09947566312289617,0.02966867731462357,0.0,0.058920290714451214,0.031363828747200964,0.053298687325884726,0.22835062776729118,0.0407358276737864,0.003986449756209825,0.08239557273166334,0.0,0.009297236031886988,2.4456864811270696e-12,0.0,0.09100675473392472,0.0025056421532111245,0.017039520470057908,0.004446780860676577,0.062415068813967835,0.0,0.2627031332349861,0.0,0.0,0.005617654822195852,5.180999109523966e-13,0.5960895807791862,0.021090090600730867,0.2835009939639432
2024,10,Indicador de calidad por riesgo,0.07999880013687423,0.10949977687110643,0.10259475032273131,0.02333617842441911,0.07063690350622684,0.05432787766902356,0.09362711618381386,0.04081896515224066,0.2177383026479787,0.0938240406925422,0.0,0.0,0.0,0.16574242304197062,0.04815022008817577,0.08340813643303975,0.0,0.04815666202325521,0.1431994538026954,0.13962029625812966,0.04266350638484053,0.07505177801122667,0.0,0.039806026206185736,0.09030219463682002,0.07255096147206153,0.09370628636039215,0.11036561447908293,0.0,0.03644387156991576,0.03336078555082644,0.0,0.17062212299411422,0.041369628421949925,0.057464451978601394,0.0,0.13412508832300615,0.051299761154737736,0.052745538422326044,0.09349447692052285,0.04775356089271409,0.17104518104200633,0.031492463035406426,0.11284279496899144,0.11644160193604489,0.06384371500424176,0.06896007829651897,0.2080338662175758,0.057213745705534946,0.10914601957683215,0.06642226277101057,0.22510851561188544,0.036350032332712,0.0,0.0,0.1094460852854299,0.0,0.12247978992455963,0.1281245283794696,0.09869614319878646,0.09758127510495493,0.045622786563600415,0.07817600055759079,0.1686120152369707,0.0,0.14100150700152236,0.07987545418656887,0.012116642258986468,0.07885211644721431,0.08770441742802523,0.09489004067854638,0.11160749292367672,0.19704513786051805,0.07193512565952793,0.024106406575506324,0.0,0.04308607377799229,0.02736213643792425,0.07279712621730897,0.0,0.057003937659442304,0.11739377542533105,0.0,0.0851637531146529,0.07572228970341396,0.08230527340470371,0.07626806362918877,0.09451228263037412,0.0,0.10511872531482082,0.0,0.061594299944147675,0.03662526573969433,0.0947581706863916,0.07166141548812552,0.2712375969585793,0.0,0.08826115678698386,0.09012555470540361,0.031214380720914772,0.014763822874849007,0.09326275649231876,0.0,0.05296084021877933,0.0,0.08734711717538554,0.13140388591695806,0.0,0.0542553856279618,0.0,0.046748489316924935,0.09434156621177449,0.08541446811610565,0.08313390698417893,0.08533331658863902,0.13153064746080098,0.049751134867104724,0.0,0.056633783017752015,0.046092587567423404,0.0,0.124113453840685,0.13673482928770053,0.037652546577726896,0.03219201816548527,0.050275034408157074,0.0,0.08571423304323608,0.037006658040723096,0.057335839087907056,0.10377651558509,0.1890347498701222,0.0,0.09764449974016012,0.1309247843166168,0.04993565834816501,0.0,0.07674500169476424,0.10707247444460541,0.0872649396300623,0.10750965021768762,0.0,0.054031531812025364,0.14327543849795152,0.04606700664819904,0.051312644020831605,0.07657641794869981,0.025417670910979625,0.0,0.08464506665643938,0.07137267236715251,0.04313193569841762,0.17991877505373904,0.10569504257520079,0.08312992354742561,0.10785867940429271,0.0,0.06981578935267933,0.06471501863802682,0.0,0.05116090773094772,0.031169367497089668,0.04258750452509278,0.06822136420433816,0.04734394074445331,0.0,0.012653204004753832,0.0,0.0,0.0584792287399428,0.05098904252964305,0.11689386851247155,0.09073995488271322,0.33889924237012886
2024,10,Indicador de calidad por riesgo con castigos,0.027007671430268203,0.12069084669753005,0.10231517759859608,0.0026061716327559783,0.047656447267064056,0.024047994428900585,0.029647971293699484,0.011727088774299576,0.05405459640737281,0.017878687298988463,0.0,0.0,0.0,0.06210492236514396,0.021743698643055098,0.01793413593915155,0.0,0.00432575006069476,0.1467101698259704,0.11019265473133635,0.07254007065441485,0.030058678303886047,0.0,0.008010219798596223,0.04959092228848358,0.05491527004739415,0.039518701737587154,0.04087280833485516,0.0,0.005321252006610168,3.5591550078692324e-12,0.0,0.040550787620324415,0.003110123977736474,0.006501724295206681,0.0,0.11321135824983437,0.08044845150912504,0.03406648411197757,0.12724676376620644,0.0144932295098537,0.005550899973956721,0.0005884241800788685,0.06543172842945182,0.0007362251293982342,0.003358629807135659,0.0014616786040500202,0.029327589816648843,0.00033399402153699826,0.085172411932626,0.0034330261160144507,0.05135220263933682,0.008793454753481986,0.0,0.0,0.0508936960365202,0.0,0.020296340261094198,0.0022813816576783648,0.016603335009446784,0.057601272464281886,0.009148779726094196,0.07996259700657832,0.04281573225558748,0.0,0.018434181729580484,0.05341742218973108,0.022937078755789608,0.0016419728041978197,0.11598318321226808,0.007467857116632913,0.017229393892418062,0.07041667097822134,0.005086309082016632,0.00657634447760232,0.0,0.025458154859973395,0.03192684790526392,0.016766549028734676,0.0,0.04229651627247404,0.10360501008683498,0.0,0.011084784649124676,0.0005589624864591555,0.034587815702597474,0.14361060789355323,0.0805950545818056,0.0,0.025454458865689065,0.0,0.005892652742994441,0.005435769925351856,0.012624573574927208,0.014620045040616777,0.10487275183367055,0.0,0.0660031092398578,0.030907372148800554,0.0016318902030327354,0.020754525029084297,0.015083981278207773,0.0,0.0007474555888935244,0.0,2.4607056496963756e-11,0.18057025968240648,0.0,0.022332094632937116,0.0,0.06694833547623166,0.024272243295360874,0.021913966664249572,0.015785436189060836,0.10690770779421739,0.018256842960342835,0.04140541569362101,0.0,0.013505221543202574,0.011386913899331675,0.0,0.12735354355206335,0.04809268306403866,0.02936353492825763,0.0013533749870200218,0.03297181821712987,0.0,0.022084215990302233,0.010342551620750862,0.008992214926778644,0.0038889493833724072,0.13147405262590267,0.0,0.07117978712900858,0.05943998813982957,0.020574639630697455,0.0,0.04030260004761946,0.01870569642581942,1.8837955975182296e-11,0.05076453074477925,0.0,6.33805259213429e-12,0.023397553540546106,0.0427439022360985,0.0028224544610746557,0.0988372837845385,0.028846568239381077,0.0,0.05802694493273052,0.03066480332348974,0.0525825656058243,0.22950487358324823,0.040518096065109234,0.003932077471367799,0.08310088651048206,0.0,0.009122280788178049,2.008066765819565e-12,0.0,0.08921634008714821,0.0025100748092466716,0.016971532248548426,0.004409008668791284,0.06209816942202952,0.0,0.26527464686869995,0.0,0.0,0.005543842793531019,4.679040784871962e-13,0.620792942308878,0.020904229024823983,0.28148807790947233
2024,11,Indicador de calidad por riesgo,0.08180562581812686,0.1096655289653228,0.09185720618466854,0.024818006878563437,0.0730071850888661,0.06156101484965586,0.09540051960066735,0.04009892961713692,0.2153528338502097,0.0877801038262489,0.0,0.0,0.0,0.1693352706233025,0.04946056706450619,0.08569712772967043,0.0,0.042763263362201535,0.1452849267941078,0.14182996645019527,0.03961783031506165,0.0732584928559608,0.0,0.04342106554626479,0.08608673524088911,0.06431534151181441,0.0853926635904306,0.10075780853158661,0.10557061198493746,0.03714147667220236,0.03329995438331466,0.0,0.16874603189744297,0.040116507951393654,0.057306739701030555,0.0,0.1308401585830273,0.04958508545916186,0.05731717319272867,0.08678866376027451,0.056824475458742287,0.16795298215145027,0.03165045164680997,0.11277741400132339,0.11575891727378136,0.05858732243305716,0.03785053526507789,0.20663578849009004,0.05675892380190983,0.11492652589955209,0.06574519181777193,0.23238205511729346,0.04278363021982873,0.0,0.0,0.11361532590916602,0.0686721423909727,0.12547672487698053,0.13325202671197733,0.10194633635402799,0.09306338413195785,0.05120895263178029,0.06742710182049196,0.17883449024244558,0.0,0.11317883129714842,0.08083919799526798,0.011846214786735818,0.06420758719440195,0.09109613348770063,0.09441253175653565,0.10365420258502851,0.18231678575443042,0.048860427724625816,0.026262928167840628,0.0,0.053720547368740226,0.029282139692271926,0.07406977170745663,0.0,0.05273815874917316,0.09538266643177662,0.0,0.07772215812637963,0.0684402554839052,0.08063200973697592,0.0768978251798126,0.08569621845592885,0.0,0.09355727316189748,0.0,0.05963417744855217,0.03823964921860518,0.08160985880229754,0.07015378169025267,0.24396308936770592,0.0,0.09024237200685048,0.08848453227076636,0.029312387741892498,0.01951750504159836,0.08298265751339921,0.0,0.05150316595685151,0.0,0.06493337925544325,0.13420129800980976,0.0,0.05505163227370735,0.0,0.04333235821359957,0.09113401246043995,0.07883352941544088,0.08270819813713412,0.08237071315833584,0.13052008464744727,0.05147622014350316,0.0,0.05651170649355359,0.05230112533241799,0.0,0.08340753199252833,0.11590711882371721,0.037775715375872494,0.02946968634875381,0.04940065254877312,0.0,0.08155001893531023,0.06379224117160642,0.06899220247649271,0.09906553525090236,0.18953954616454188,0.0,0.10646254195536238,0.12884551391561064,0.05062352768814315,0.0,0.07737034933780343,0.09863825421758092,0.08213407933954973,0.11941887708828008,0.0,0.04866545902476683,0.1429263201023426,0.049210576872277756,0.04410136681105162,0.08303197296418871,0.023136572574360373,0.0,0.07942501660637362,0.07027140357912832,0.043622369517504075,0.18738254488069572,0.11578883476157767,0.08116501221334663,0.10709974545300376,0.0,0.07708973469311353,0.06392763137624094,0.0,0.051435995814345735,0.03160054955786128,0.04279892154086757,0.06594486966759966,0.048121431176657355,0.0,0.013943990131137816,0.0,0.0,0.06424856640814225,0.052215843461105985,0.13005480022549099,0.0839939360749216,0.33963647977941386
2024,11,Indicador de calidad por riesgo con castigos,0.027153865526267997,0.12068728056653139,0.11443151414223524,0.002534046340815427,0.04699901361641766,0.023978684197694895,0.029182441778605146,0.012704663420470991,0.053824327581184564,0.017125332101008153,0.0,0.0,0.0,0.06143055398467259,0.021923525857871915,0.0176556519127855,0.0,0.00898734757028905,0.14626114527165837,0.11385459734276544,0.07928027456830787,0.03197813968018604,0.0,0.007886784189549438,0.05541616121550438,0.053505144609634715,0.04634874644095462,0.05070746902257782,0.0037395310664128907,0.005502198443220725,3.4859137989560805e-12,0.0,0.040504775507542154,0.003104766724641543,0.006457057869969594,0.0,0.11777084040719643,0.08163051844923948,0.03421256890069997,0.1266815756866196,0.014221265675657874,0.0055600937089954365,0.0005825863139989918,0.06545160524651804,0.0007282138627030699,0.0032868052083927864,0.0015218803606522767,0.029617041328185868,0.000333294359121553,0.08669217237214864,0.005513333016372591,0.05069728561006197,0.008627441970970517,0.0,0.0,0.051561913879598784,0.014175253329603269,0.02029474789137019,0.0022584261356905426,0.016712988154801527,0.060814342096226284,0.009053819526747362,0.09230517853891762,0.042636335844222495,0.0,0.04138920505027135,0.052735876149852215,0.023035772132632686,0.0016696965582105848,0.11602044605366155,0.00767457317197012,0.017118487525825926,0.07958307882767178,0.020077991115423948,0.00653980571685288,0.0,0.025533426426236867,0.03203853351898184,0.01655022904799931,0.0,0.04565479689820179,0.12816498304160145,0.0,0.014551269821312421,0.000554280954913005,0.03433849150838713,0.14367801497472624,0.09795777946565187,0.0,0.03691063918294402,0.0,0.00592355850851238,0.005442318040314653,0.009155824361506077,0.017319069688459185,0.1445339230369183,0.0,0.06497838043480618,0.03064124367938254,0.0016280016858851122,0.021041589875920017,0.01555203900442888,0.0,0.0007490304107818423,0.0,1.8229712223443374e-11,0.179428271935365,0.0,0.022222620939961926,0.0,0.06461570013982246,0.02500355651940095,0.02211502090545897,0.016955055509270064,0.11054606557653582,0.01958019383038297,0.04117839285187529,0.0,0.013231708855876,0.011470516958900964,0.0,0.16892551168490527,0.051502982748692736,0.029159792071089263,0.001344446411132007,0.0330242553783343,0.0,0.021785329574962146,0.00992674255522597,0.009207282929298989,0.003840276509250938,0.1287553192978416,0.0,0.07427228348024648,0.058317398936137965,0.020884898680533292,0.0,0.03974120614033838,0.024712025300510407,1.8657324332202687e-11,0.05037057459364481,0.0,5.721578392670359e-12,0.02332965334201678,0.04256653757552905,0.0028146505315146926,0.0987766870746001,0.027922885821803436,0.0,0.06819226243529358,0.030152274985004054,0.05135382630422247,0.23075878781449602,0.04057614928249506,0.003869825276596357,0.08236900056251538,0.0,0.0082884051661602,1.9511527117178104e-12,0.0,0.0882056951673637,0.0025066803825605846,0.016926029794856197,0.00441501575424777,0.062326826117857635,0.0,0.27221338064228784,0.0,0.0,0.005629462073712616,0.009712677962084266,0.644706870607447,0.019909343214163523,0.28142400179436344
2024,12,Indicador de calidad por riesgo,0.0736820265713396,0.099503835656782,0.0927945558306432,0.021684717427716015,0.07638635954245282,0.04914834897904047,0.10215972044947735,0.039034394299664536,0.22684359029611437,0.09901056164339538,0.0,0.0,0.0,0.1441176857153637,0.0456509080379064,0.08563140835890438,0.0,0.04221290815833402,0.14113125079663855,0.1261914442934114,0.03689246108283987,0.07921966506448819,0.0,0.04067820405187504,0.09718262025461118,0.057487642655521885,0.0707054017890638,0.10781103492176415,0.09123855588013004,0.03670337177148896,0.03537375390961981,0.0,0.15987534534788228,0.040805606652562686,0.05404077158823974,0.0,0.13166882498139687,0.047610196992038355,0.04933546400866639,0.08308681207611958,0.06911347821238514,0.179349877603386,0.032499654203103724,0.105938115171022,0.08847317931442815,0.050494556104449625,0.06969533321353788,0.17518137842824996,0.055798860982418305,0.1080030967396452,0.06495737591468793,0.24557303130140742,0.04195481328683016,0.0,0.0,0.13255000127631905,0.06978195027476018,0.13747770277915144,0.12835087019190583,0.10424074049775063,0.09446488176061754,0.0442612688470732,0.06465635320760123,0.2595096387707213,0.0,0.10880243576128204,0.0699565965319146,0.01588026774228255,0.04186486952065851,0.09432893030786559,0.09093336630702217,0.11416796660846483,0.1830457527523355,0.046319596520594586,0.039832559414361014,0.0,0.05383249716280357,0.02932049168769793,0.08765668043894721,0.0,0.05323179589136991,0.08666426653285822,0.0,0.07745510817248705,0.055391518579903765,0.08011917958513287,0.09790566529519053,0.08327077396157476,0.0,0.08059515194217337,0.0,0.06511659343492236,0.02909022778285363,0.10955583649116356,0.07025056723616885,0.24867790339628476,0.0,0.08266739646120179,0.05681534203685441,0.02465522415698112,0.012995749286129656,0.08492148930197649,0.0,0.04986701716322048,0.0,0.07252750276911424,0.1420334598316445,0.0,0.0595740098695433,0.0,0.05243122625732931,0.07000023897993815,0.0813915756017491,0.07642410460397178,0.08129219752879895,0.1200811386437321,0.04373158072186534,0.0,0.09178683538620985,0.05099574927294131,0.0,0.07836130211837736,0.11203285957174677,0.05060527397064789,0.029335062693501814,0.04937633631630936,0.0,0.0843423300820219,0.04042179450748702,0.060008677790355514,0.09679100899889177,0.17951956287988038,0.0,0.1127581514281761,0.12832144186805045,0.05044108043836918,0.0,0.05879862985513695,0.10405939448765253,0.09152601604333367,0.15168934504866904,0.0,0.05600044091300204,0.13334932281240947,0.06875121453856065,0.037702692038091026,0.07372441319437308,0.0276332756111333,0.0,0.07515612861807536,0.06566023892027302,0.05780826455257818,0.09901022183443349,0.10719729255521136,0.0811079454708105,0.1241843251216863,0.0,0.07714598125625939,0.06099449463751554,0.0,0.05047547466690793,0.01913314001176775,0.041543637203722554,0.06615342359081866,0.05114339246424734,0.0,0.013091759450248243,0.0,0.0,0.06590940431689402,0.07865855107842099,0.1508383697721058,0.07950070753897988,0.290741549511569
2024,12,Indicador de calidad por riesgo con castigos,0.03551389481806192,0.12588355397293452,0.11395078421293495,0.005320316972582493,0.046725550302129056,0.02471247624635294,0.02979331276623517,0.013044037389499207,0.05389335068999312,0.01694321967813906,0.0,0.0,0.0,0.07903804088650063,0.021840839727773814,0.017795847179708245,0.0,0.008934723159903247,0.1464248941587676,0.15470525377054462,0.08072312233278489,0.03203074383039525,0.0,0.007751358948590881,0.055718861328207435,0.05126518271502384,0.04645036762169616,0.04841268136426481,0.005201728421261608,0.0053978512112356145,3.861658383045269e-12,0.0,0.04100112156810234,0.0030744035902486103,0.006386193986362105,0.0,0.11809555471620038,0.08902334075576834,0.03978580396926084,0.12578572674735103,0.013937135397858952,0.005586240868154191,0.0005809378591930911,0.07368224760575037,0.0007328904270080696,0.0032468135629610925,0.0015425806948590704,0.04228544587542417,0.0003335051764588986,0.08888409768705229,0.005492398994841014,0.06928414302743201,0.00857892514342596,0.0,0.0,0.05241945255945343,0.014228247038512583,0.024008223204079103,0.0022354878117848624,0.01681287035862895,0.061267358684347566,0.00898157037825188,0.0919342673522856,0.043531133515990035,0.0,0.04236996175483268,0.05795315564253351,0.022547851383863938,0.0017618956409776849,0.11192080289038975,0.007750456672347466,0.01715403290865539,0.0810274979462037,0.02037939411511789,0.006583734881065221,0.0,0.025012580077860835,0.03425010579821397,0.016801963848321604,0.0,0.04584726095466999,0.12848121658604492,0.0,0.01506100400186272,0.0005501321925662667,0.03416709054854681,0.14156683328105632,0.09754304324394654,0.0,0.03491210076268789,0.0,0.0058524313684592865,0.005467602593312913,0.00917360114972954,0.01746990928369673,0.14367178571184183,0.0,0.0712247143984879,0.03318693084646929,0.0026328664604084798,0.020981686784389567,0.015329195735389085,0.0,0.000739796365840102,0.0,2.0553064346004882e-11,0.1615562972402721,0.0,0.022414186347435583,0.0,0.06873081314239195,0.04464393705703613,0.022088279210063955,0.016764576465737948,0.1100317861034537,0.01975736355311477,0.039733909918716684,0.0,0.01333925034632667,0.011434883522196826,0.0,0.1665940513323196,0.05054258174802782,0.029077328135511355,0.0013255068892375603,0.03999524756001761,0.0,0.02190279941641172,0.008653188935278415,0.008837734618411124,0.003834082481182191,0.13587642123923746,0.0,0.06662196605624951,0.05811403191769554,0.020631631821119375,0.0,0.04909786117114896,0.024518508796115678,2.136259699752411e-11,0.05143461269916941,0.0,6.242181263510239e-12,0.022912523571785165,0.041344288015834924,0.002816438516350131,0.10647427788242951,0.027671466789694302,0.0,0.06777630684315994,0.03361743218720639,0.05122096934556416,0.30828904762240134,0.040792729758682506,0.0038047282758507544,0.08320176496980411,0.0,0.007688923640947967,1.8614567547608822e-12,0.0,0.08731616609661105,0.0025157397128652867,0.017802106970252186,0.004604420649176455,0.06096141891506649,0.0,0.25677553331696923,0.0,0.0,0.0057726314998056815,0.011653425797244089,0.6681181429017364,0.019019721595237866,0.14067129018180968
2025,1,Indicador de calidad por riesgo,0.08051335450920911,0.11695906834458525,0.10680521594364893,0.02294261207875998,0.11453475650050286,0.06234535407525372,0.10445332165807238,0.05908673661139685,0.2460372873818422,0.08572425892661581,0.0,0.0,0.0,0.14062599125498404,0.08133134216907326,0.20980667090407618,0.0,0.04263468079396596,0.15014385444926812,0.12608983010213595,0.04392826663316219,0.08491106618402706,0.0,0.046815472511597116,0.0982338292167993,0.07587575431237986,0.0737221107923312,0.10184206715057022,0.08719090989052308,0.041643847585349975,0.0345464226257639,0.0,0.18130807656925418,0.04454635840662274,0.05697723306467621,0.0,0.13440952164337797,0.04719927761112511,0.049523369611044296,0.09436894516463575,0.06933249623424728,0.18527322097954274,0.03182203065017133,0.10710691162772976,0.1102504149152712,0.07371993051301319,0.03689233813897499,0.18124091019863248,0.059471475395119495,0.10976817671890081,0.06807505324282397,0.2754057338916912,0.042092153240962285,0.0,0.0,0.14215759354191818,0.06682566849504695,0.13259750937448284,0.13153721123273657,0.11328247317248129,0.10905062379517554,0.04450083766793961,0.07988437670416505,0.23857510111733335,0.0,0.11868475543485105,0.08250245046744173,0.018967600272702934,0.12534301647934543,0.11519458542421587,0.11052654702037698,0.12442700306676772,0.19209958169743882,0.057757886907635454,0.02419352117118529,0.0,0.06672213824321067,0.0323747360167217,0.08645090183238245,0.0,0.06183220305976694,0.11419808458826777,0.0,0.0822084204566084,0.10169792847335234,0.07856886313280745,0.12679139549676646,0.08612395675119494,0.0,0.10017205200006211,0.0,0.08119794755733556,0.03508988235114215,0.11225291422918213,0.06573106142502647,0.24923605963666437,0.0,0.08860937773255084,0.06876283192228182,0.03176414343307386,0.019293380425598024,0.08531219615978845,0.0,0.05219906046443748,0.0,0.07849867899323003,0.15499849022829656,0.0,0.05972584953944516,0.0,0.05248034764154493,0.09280600131676245,0.15316769162351246,0.07648497691005794,0.0973941709847188,0.1111557831309008,0.04827675482711174,0.0,0.09215729928580613,0.06969375587317825,0.0,0.0858655880902937,0.11012039607357643,0.049836033264347636,0.0323102037307748,0.06133354296017506,0.0,0.08200117808233888,0.05223477864727933,0.10234200860100229,0.11835924026246226,0.18352629891495387,0.0,0.1627663683451886,0.2114753488896028,0.05678879652991419,0.0,0.058486155488908884,0.1012922885654449,0.12242780733877404,0.14957213781855458,0.0,0.053683862096848216,0.1675958368051857,0.1016851406088142,0.03675088242461055,0.09022785205561125,0.029543746333183997,0.0,0.09014120366626382,0.07385943837831485,0.06330918083986792,0.14820006413890782,0.1136372688143894,0.08348972712129397,0.15150937457611205,0.0,0.07516438362919932,0.073710179157501,0.0,0.058255270143024854,0.021032070955068604,0.04346732602141795,0.06408492499131582,0.06680550161107145,0.0,0.02018249351300385,0.0,0.0,0.08736769326545842,0.08678852476720486,0.14878595715128368,0.08085118290039822,0.2909427649904163
2025,1,Indicador de calidad por riesgo con castigos,0.03650604311901141,0.12622005585543622,0.1134865344942806,0.005222253154723317,0.04699889502911926,0.025364614657687735,0.029360996449153333,0.012514035511000476,0.053889618183879794,0.016739788414980316,0.0,0.0,0.0,0.09003891898975147,0.02243887238360137,0.017778825953290205,0.0,0.008960481155388078,0.14560668345496391,0.15497537972460035,0.0794439704277639,0.0322376097074681,0.0,0.00758590917114737,0.05621566872103807,0.0530807290492024,0.04685489200281956,0.048497223924477896,0.006342192322936576,0.005414484753442328,3.729265042308817e-12,0.0,0.04171456220491198,0.003089538003794996,0.006267324553432933,0.0,0.1184656623205852,0.08990855553129071,0.039609898427123494,0.12628945017724974,0.014693245821588949,0.005428947023320144,0.0005802687909925264,0.07340910468434231,0.0007410708126788147,0.003236046098601546,0.0015840355104386862,0.04334706204540698,0.00033623782152008186,0.08698221260210753,0.0054875208418246535,0.06745404622208373,0.008553764525029182,0.0,0.0,0.053233441039058874,0.020338568334156964,0.024068748623489875,0.002249741765341832,0.01681617069292481,0.062025274509851534,0.009043163592269985,0.09129570281149044,0.044676600903385884,0.0,0.04298212499341693,0.058070724119715415,0.022942006998011032,0.0017709663559531414,0.11161055708748341,0.007853243918042449,0.01707698494525748,0.08353909333609479,0.020468625655139728,0.006709731720485541,0.0,0.02561353387106299,0.03469023208991425,0.016528937059634905,0.0,0.04672792827369072,0.12936921404561663,0.0,0.015013998083227132,0.0005402723965045714,0.033746028060894696,0.1412265427242358,0.09637586598462013,0.0,0.03418529123203039,0.0,0.005841090672378104,0.005458151519264882,0.009224185190558587,0.017602996735109004,0.14635128663721295,0.0,0.07156253203317947,0.033164344785810394,0.002611645087897874,0.020836006608205133,0.015316753973510813,0.0,0.0007410319439454025,0.0,2.2905684509929684e-11,0.16296119080666943,0.0,0.02179516225700446,0.0,0.06903831107445116,0.04379044302866298,0.022701791946138444,0.016901868345348375,0.1097272392747656,0.02072827277108863,0.040344866518346234,0.0,0.013529060148699822,0.011423096610143924,0.0,0.16661343356371403,0.05017175842010046,0.02880102568823024,0.0013307857194801136,0.0398876905237521,0.0,0.021632731520244263,0.009631281404406736,0.00878719974906578,0.003814827856480754,0.13621812634992012,0.0,0.06687658968798534,0.05822489793650647,0.020844064491530114,0.0,0.04813560528318449,0.02471725308908029,2.9159741687824556e-11,0.052224051333382183,0.0,5.982954440869724e-12,0.02338466268363395,0.041394802498663695,0.0028325379036494157,0.1060470645295223,0.027278723528453445,0.0,0.06993845854263187,0.03306677144386921,0.0683143561444096,0.31158893220976913,0.04079778002647738,0.003827029751076193,0.0837241422353941,0.0,0.008362141558910189,2.25824407879681e-12,0.0,0.08764064989448914,0.0024076143591098783,0.017736969711859087,0.00456194247735059,0.061140221072369584,0.0,0.23160809326818335,0.0,0.0,0.005586135981149354,0.012156384429607123,0.6878773309104352,0.019211188440462566,0.14113231223376094
2025,2,Indicador de calidad por riesgo,0.07584012241532523,0.12198709711597776,0.10663405050892974,0.023550893469533957,0.1122403304805104,0.0646521714006691,0.10053537618846355,0.05764051067154617,0.26149185933635455,0.09505976681990345,0.0,0.0,0.0,0.14489710015884494,0.04613449433102283,0.2196914333560594,0.0,0.04200409692030579,0.1541780485837784,0.1543763900361715,0.04745347391978359,0.08622395079089601,0.0,0.044297765285054275,0.09696760329929968,0.07703749424532866,0.07274870514444397,0.10440324624727004,0.0999778467677736,0.04293231610663185,0.03648956762343939,0.0,0.18112903424434176,0.04739428725692076,0.05821280039003024,0.0,0.13372140600875174,0.04406203508284097,0.04480087135873578,0.09508499077590689,0.06872847524940083,0.18448310839908072,0.03267197013170531,0.11147422524939105,0.09964231892028859,0.07507335795158315,0.05217174920733114,0.17525294542043865,0.05742859706387095,0.10823606587047281,0.062081906434183945,0.25382697445484365,0.0361044363853567,0.0,0.0,0.1435910173645221,0.06393015904739537,0.13023940293539987,0.12964588585063028,0.10982406500651723,0.1112658821132235,0.041711910136440156,0.0759251304365677,0.2527983843105659,0.0,0.11577293637527515,0.0881001161948933,0.018422049669718374,0.12613939197915525,0.11265820418989476,0.11079572393426106,0.12160541887137225,0.19278689118822123,0.06226782846289867,0.023180869291955168,0.0,0.06004548221449003,0.032966006038620946,0.08800787530176044,0.0,0.05370739537608216,0.12119693313368289,0.0,0.07963772887114269,0.07184399087726888,0.07244733262523764,0.13424760848881973,0.09973547953481987,0.0,0.10737861745158943,0.0,0.08409259818131906,0.046679732276909816,0.11347426230113893,0.06965192165658791,0.2560193879248893,0.0,0.08838569690265598,0.06771445145021562,0.029804922407870884,0.02815086401954301,0.08358831712874108,0.0,0.04475525138863861,0.0,0.0760761513441117,0.14708936856430546,0.0,0.06231124866206113,0.0,0.053477912348597424,0.09365605986017177,0.14613229245661766,0.07602971070754878,0.10822255463632714,0.10301149134279781,0.049091531688447265,0.0,0.09836430494743453,0.07186674559600222,0.0,0.08042944912679298,0.11005365150992605,0.059199528310416645,0.03214681126520198,0.07727905208179862,0.0,0.09495518332331863,0.07121793080078127,0.09531201892434064,0.16478015841855082,0.19013344246920685,0.0,0.12758578619214833,0.14972380544553404,0.06518335959637482,0.0,0.07828613287817919,0.09829432624458673,0.11104504934580943,0.14563903027988004,0.0,0.04948836994716409,0.1657417315181153,0.09120330303890507,0.035096724412043964,0.09729214389440985,0.03127933032795827,0.0,0.08848286596234758,0.047376824186915904,0.060107461735485514,0.16477074308015013,0.12946358933796742,0.08178904910191336,0.15820416923457203,0.0,0.07649040952455169,0.07593573492158448,0.0,0.0,0.02128569522199108,0.04384248948275452,0.06185261294159789,0.07192597140883288,0.0,0.022941484529349652,0.0,0.0,0.08037763523712509,0.08085451887438855,0.14966892251537342,0.08815862608869915,0.33296189563405854
2025,2,Indicador de calidad por riesgo con castigos,0.036736391725221994,0.12614398295738025,0.11218576134021797,0.0051371280088543065,0.04689946611445519,0.02644143034627865,0.02909499835004218,0.01249589610023978,0.053547839223822453,0.01650494791544884,0.0,0.0,0.0,0.09133607330915852,0.02240453735186157,0.0178115237578599,0.0,0.008848732576501652,0.14509259463939314,0.1536922732817585,0.07921850851774435,0.03202654480077251,0.0,0.007489268276280414,0.05543725250904747,0.05271767710014388,0.04688863668906064,0.04814791350860833,0.006346857013344332,0.005430512728533158,3.951342391249674e-12,0.0,0.04189541238896302,0.003024069304009692,0.006185217195322422,0.0,0.1162376403320703,0.08806639452310565,0.039515533060134826,0.1246225582446027,0.014428946290140915,0.005391196391363774,0.0005788761239899249,0.07272642728277742,0.0007477317411401894,0.003240403932394815,0.0016239560747351239,0.044721349131297085,0.00033332040350223825,0.08734859975525364,0.005438069910261443,0.06669593295731632,0.008695817416572072,0.0,0.0,0.053984522729846815,0.020464640439373575,0.023695616049324204,0.0022274818616359574,0.016710073389484287,0.06185004563431775,0.00905483498560448,0.08827930105266277,0.04276998436737754,0.0,0.04303725226461213,0.058011756432324285,0.02285738334125807,0.0017665888010383445,0.11115333823672237,0.007951955750779872,0.017094824471391705,0.08565209673424284,0.020985971473540227,0.006721077393538834,0.0,0.024435738194576603,0.03523097795833478,0.016540608481486554,0.0,0.04629273924986515,0.13021770173891598,0.0,0.014861782379635041,0.0005348581232021033,0.03358964470911685,0.13830759744423304,0.0964008883672145,0.0,0.03340842380121789,0.0,0.005848695847493904,0.005326974286730815,0.009103755798787043,0.01768915256048679,0.1479266905646014,0.0,0.07038939740074236,0.03240045708392825,0.0025960389727979097,0.02079390095345874,0.015376979306932353,0.0,0.0007438009295647505,0.0,2.1996709814501816e-11,0.16534594179951526,0.0,0.021378441131744797,0.0,0.06860485011764801,0.04289659032065703,0.022348288421349782,0.016870707177197162,0.11153710044431911,0.020953592104898368,0.040142403239972625,0.0,0.01354565275710577,0.011520811252026315,0.0,0.16579216597613544,0.04991774661066671,0.02859866796078688,0.0013193948256493204,0.040321848022043145,0.0,0.020379430995408683,0.012641265774515506,0.008783481295305264,0.003664998642864053,0.13566895832557768,0.0,0.06731984073788747,0.059206574630171,0.021503457287525535,0.0,0.04798364535381973,0.024238756569223148,2.5826453667151748e-11,0.0515932279261244,0.0,5.52713720581142e-12,0.023344455571607775,0.0405995217602914,0.0028001103697956513,0.10451030030281373,0.026580519293325253,0.0,0.07008132945219499,0.03225848151304308,0.06763585750152179,0.3139003655045117,0.04117795888038327,0.00382355341171684,0.08334176536382419,0.0,0.007927747380320826,0.00479680928113036,0.0,0.0,0.0023765665221726255,0.017532147425552883,0.004542869117775295,0.06030092835781738,0.0,0.23357884854178854,0.0,0.0,0.005563457553384976,0.011720272108179901,0.7058747879943361,0.019301685172349724,0.14108881671988
2025,3,Indicador de calidad por riesgo,0.0817190823782532,0.1366203303329658,0.09656977439334948,0.026990023410455793,0.10971085266642569,0.06439566017692425,0.1000918084466538,0.059565316561856554,0.37685033145945773,0.09725127904413426,0.0,0.0,0.0,0.13637338138122684,0.05394406395571124,0.2125015548915847,0.0,0.042306083626658525,0.15282322103992854,0.13065644428690065,0.048712712986184535,0.08341038911326412,0.0,0.05003838182711402,0.09762338905307955,0.08090538928849812,0.07460278454530768,0.11929759400166053,0.09516359642506667,0.046462741341938375,0.035318925397170194,0.0,0.16953908784033722,0.044068318904210375,0.05433052257462542,0.0,0.13245684920238615,0.046622715028078,0.052815555888194615,0.09703479671826161,0.07469850802621604,0.1656033240650045,0.03037884867678137,0.10529625607251296,0.0952301972911682,0.0726105719870714,0.057603277176428415,0.18029982484223742,0.05418169495319435,0.10674141767810903,0.059519849646644675,0.3039415954237605,0.03587771433868747,0.0,0.0,0.1427940204701368,0.06445114624610986,0.1285575159087469,0.1303266169222411,0.11324687186163473,0.11158830596705331,0.044615116764256064,0.07345087612714016,0.2295894075029773,0.0,0.11891385867149663,0.09286087756647154,0.018667103714829016,0.10693237986896074,0.1196712015377242,0.10758882879954432,0.11968182891864705,0.19011706936700878,0.06178267561341886,0.027903835034885527,0.0,0.05851257311711729,0.033787644818949594,0.08825390192698392,0.0,0.05567557149837749,0.1215742385228994,0.0,0.08279492952185982,0.0824164385955329,0.07881695449678847,0.12207970354094165,0.10997990146393032,0.0,0.09637113908447716,0.0,0.08162585233938109,0.04431162049958047,0.12544326758876204,0.06908576535685179,0.2574115875503633,0.0,0.08493338634532897,0.09225482616046887,0.029762702007393796,0.02033550668544057,0.07872955479086091,0.0,0.04622235317364933,0.0,0.07519422575552356,0.14822261067577813,0.0,0.05851668264886643,0.0,0.06077566094564244,0.09631090054417306,0.16678820657899673,0.07485073161603499,0.10837928556180934,0.11436187426002797,0.04824275453110106,0.0,0.10258501833563763,0.07329407828775109,0.0,0.0843735756937574,0.10907577553205686,0.06400396975969136,0.02954284790859253,0.05575380743278537,0.0,0.08256449220258148,0.05501630745440732,0.09212015728928069,0.15820420646931938,0.23194289951243813,0.0,0.1359425172114937,0.12970743150836386,0.0686375631230903,0.0,0.06482462354950168,0.0947918923688052,0.1333368151510838,0.14185470425428132,0.0,0.05067789403106735,0.16912482797729314,0.07827314696584221,0.035506717725738095,0.10258607783108764,0.03047121836152613,0.0,0.09268580739305615,0.055932189718554313,0.060109546676904074,0.13546659691265386,0.11971310583309897,0.07418995478600235,0.13899268874365667,0.0,0.07154555493397287,0.07264349050462811,0.0,0.059646485883179994,0.022195303943867276,0.04358229482189052,0.06266349301729772,0.06800481868678246,0.0,0.02227128804212151,0.0,0.0,0.08459799757237174,0.07708407220343379,0.14345707730597027,0.06779843015220116,0.333349851096241
2025,3,Indicador de calidad por riesgo con castigos,0.036548189459648654,0.1251128866234432,0.12000726880790819,0.005013364382528289,0.046086594224689824,0.02713462090567514,0.02845048057297116,0.012871897625268691,0.05317901646166152,0.016109221672209312,0.0,0.0,0.0,0.09979219540906022,0.02231295584892767,0.01789728476046553,0.0,0.008815106800070364,0.14470212659586743,0.15452557674861073,0.07711091285414085,0.03185858607654192,0.0,0.00741473889684402,0.05462484408473491,0.05199717196260827,0.04668340207060408,0.048221149147815195,0.006352151184731922,0.005327014859291614,3.826691730920034e-12,0.0,0.058848977337874316,0.0029096885459173297,0.00607178994681672,0.0,0.11518569211773427,0.0912773684575246,0.03976201016896969,0.12278710603728266,0.014168236842568916,0.005355204741760161,0.0005746903441595293,0.07190681571496121,0.0007502144935721863,0.003237812254480689,0.0016573116268834202,0.04535165926493612,0.0003299666469698607,0.09104879020096125,0.005255216662918939,0.06404697976940293,0.008638842001276256,0.0,0.0,0.05534080474545692,0.020090739564408124,0.02338755466643141,0.0022144548708703886,0.016405007482983902,0.06257014789458576,0.008912276863117356,0.08767591206990186,0.04119615392626571,0.0,0.04207156584578543,0.05772914423426529,0.0228275470181385,0.0017813090443035003,0.11257119332642507,0.007956495313035817,0.01702423884189292,0.08650390617392521,0.021560862420992186,0.0067959324573396915,0.0,0.02443976950239346,0.0363865940911773,0.016674690756901967,0.0,0.04709488996704849,0.1300995787434764,0.0,0.014836375376461498,0.0005316659677393562,0.033308311901335964,0.13777227284432142,0.09647101933220048,0.0,0.03236497682370697,0.0,0.005893891675837924,0.005243326053989597,0.00910673630448594,0.01750810600250938,0.14560668848834632,0.0,0.06965445644294643,0.032219028927253666,0.0025909871646614055,0.020813505418008478,0.015414154010386767,0.0,0.0007412703586714381,0.0,2.1782632990178965e-11,0.1654179353208397,0.0,0.020998566008530374,0.0,0.06878136398581558,0.042257022791959725,0.022760657764377763,0.0167749527039546,0.11238443085540474,0.019965199486879068,0.03985211895736588,0.0,0.013014692724486177,0.011387938905250977,0.0,0.16336721689343697,0.04948861461850423,0.028629877503858175,0.0013080947971085605,0.04036578681325968,0.0,0.020242168380628936,0.012767820686460563,0.008892160437931987,0.003610275136684524,0.13443840917081212,0.0,0.06764304792737555,0.057543908627355304,0.021669336842434658,0.0,0.052656937669966444,0.024078553086633363,3.1139210529617494e-11,0.05095849989480019,0.0,5.73031109240641e-12,0.023407308287166743,0.04040415775212338,0.0027711957217788244,0.1039297423042801,0.025942070972924808,0.0,0.06978219685442287,0.034429594134238475,0.06728208885990043,0.3148423701763652,0.04074960294833738,0.003882904440006877,0.08239568821698513,0.0,0.007903344326479381,0.004601551024890489,0.0,0.08727949177853997,0.002352284824097015,0.017388614560861566,0.004568020362843807,0.06064869266165562,0.0,0.23451005317774315,0.0,0.0,0.0055057475151655605,0.011411705143283515,0.725467328722935,0.01945362032495957,0.14171700267778395
2025,4,Indicador de calidad por riesgo,0.08432476496978403,0.13636803506539186,0.09696704489502243,0.021200307210918503,0.10799798305694111,0.069025819708789,0.09122319763952873,0.05558090365966894,0.3038815344228243,0.09286562613004047,0.0,0.0,0.0,0.14169406123252035,0.05229712295668066,0.21200261325124062,0.0,0.040273511745783475,0.15868997229606657,0.13196374506949013,0.04760532480630373,0.08440850227985086,0.0,0.05370681669524088,0.0963312295171054,0.06803758879577415,0.07356730418796154,0.11582070120066346,0.09832021610570513,0.046605513382180976,0.03197342452750857,0.0,0.16934165550420188,0.0433815313991337,0.0531511780639631,0.0,0.13365877268456497,0.049277767289955844,0.06570035890654616,0.0967340917086763,0.07405365865286151,0.1714956719426787,0.029415619436739836,0.10206517507976583,0.08817582326739681,0.07131193632492183,0.051904717753792746,0.17780042854226538,0.05314130816004475,0.10794836670998649,0.05759620492318964,0.2969043446795024,0.0368962183367601,0.0,0.0,0.14719286413136226,0.06794074796844511,0.124278785055856,0.12873318115305873,0.10894232815479488,0.11376800246538189,0.04133381029557369,0.0751577572244093,0.21949457649324106,0.0,0.12038202360416926,0.08523743101830884,0.01923532831853519,0.11747068051629292,0.11316884951389354,0.10762610109238097,0.12023774611123297,0.1928515466060607,0.06423799675012348,0.026656406778354135,0.0,0.05473079113790373,0.03319386689652264,0.08949194782594233,0.0,0.057983073589052234,0.12174036250478701,0.0,0.08470526821145082,0.07216791196055747,0.07530314511955793,0.11752404422951135,0.11300194660946786,0.0,0.09340302816646313,0.0,0.07908913956884897,0.044465863058648594,0.11284449470034699,0.06994705210494515,0.23705832621470968,0.0,0.08311101560055063,0.09632125545791664,0.03166371482062457,0.021829547035208056,0.08277681325557261,0.0,0.044829866798698714,0.0,0.07208872929629336,0.1544642901471175,0.0,0.05514075543937256,0.0,0.058832526096983806,0.09316478220420836,0.18510049385182728,0.07381745209116,0.10533116381064285,0.09695639587493529,0.04963902161328598,0.0,0.10351719484591124,0.07122290526474508,0.0,0.08715767470376257,0.10736682586449486,0.06864301473719953,0.02957404148110908,0.07421502031844505,0.0,0.09139378874301676,0.07059938233474838,0.1061241689794442,0.15882237743198424,0.23545105440106165,0.0,0.13711587732915204,0.1309468999479659,0.0708351064490637,0.0,0.06819025232481322,0.09481064689926655,0.11012649764997681,0.13886906530870305,0.0,0.04998856875779396,0.16614931295879554,0.06437639884400276,0.034322069085118645,0.10618549523373816,0.029692565470033173,0.0,0.09278291065992504,0.05260778526647062,0.05766964345716475,0.13352035341945526,0.12294704790161365,0.08712292554778037,0.11156140696492337,0.0,0.07490120546614343,0.07340551458733029,0.0,0.07047109990382676,0.022130377922808014,0.043644169879338265,0.06106335152592498,0.06740123337733582,0.0,0.022955086470828428,0.0,0.0,0.096696498642093,0.08545315774499158,0.14918665199965403,0.06741761483791399,0.3312000930310436
2025,4,Indicador de calidad por riesgo con castigos,0.03607104205447077,0.12418899098370946,0.11737413740381777,0.004916089045480044,0.04579763167003703,0.02695471277867476,0.027179123322633794,0.012892677399137195,0.05278140807682122,0.015573515243586028,0.0,0.0,0.0,0.10391931305605252,0.022147167201024356,0.017668225202722765,0.0,0.008684750434031985,0.14607404976948474,0.1561095492398355,0.07660498114937388,0.031752390137304874,0.0,0.007351051725004241,0.05391780434160138,0.051404285771407085,0.04640864732482374,0.048548287219581945,0.006362311148812244,0.0054182089201619855,3.4202498724322727e-12,0.0,0.05958628081688561,0.002873957704378935,0.005927472020946281,0.0,0.11496464394714485,0.09173051673669176,0.039503647478363074,0.12160014915606457,0.013863859869137182,0.0008471505679275951,0.0005747460980319308,0.07114987360672373,0.0007345724330864593,0.0031797900512741473,0.0016715937985376807,0.04454262184573258,0.00032818228487099035,0.09162977567596889,0.005146308487795303,0.06481836567248742,0.008441372635696212,0.0,0.0,0.056170591108982114,0.01994715901796002,0.023138222429659967,0.0021859331022508624,0.017687218566776283,0.0633183938297139,0.010149277058495993,0.08708990544601528,0.04046981117583987,0.0,0.04110188250432461,0.06350185358244982,0.022493142246694284,0.0026039420114454454,0.1116423810819234,0.00789247468342461,0.017178728935996472,0.08660978023720907,0.021232399811809556,0.0068638539447200995,0.0,0.023696930718153125,0.03644561911090034,0.016558797995009835,0.0,0.04756695756491767,0.12972378834528714,0.0,0.01478116114791266,0.0005258550084928143,0.03154037479825424,0.13703411196656137,0.09691597712199872,0.0,0.031655519249284884,0.0,0.005765305831859751,0.005213173584206256,0.009149604692690484,0.017711773127104008,0.14364678453194077,0.0,0.06941034769596863,0.03153262845106696,0.0025873613270348634,0.020789530981001753,0.015269453172212696,0.0,0.000740181541643781,0.0,2.0266366974947483e-11,0.16589108244026607,0.0,0.01962756139174405,0.0,0.06714132764549284,0.0414266400594796,0.02377622210819289,0.016576854000654666,0.11223789127795702,0.019702742100403427,0.039336621577149296,0.0,0.013009971265723525,0.011159000269249174,0.0,0.16413373992593772,0.04903091977357071,0.028563047981031518,0.0013013527369055442,0.04040141398782516,0.0,0.019622174956637064,0.013254862342833077,0.008796429438746775,0.0036042505695085825,0.13691938732969913,0.0,0.06850244185837927,0.05768775518073057,0.02454832668111609,0.0,0.05231416626951235,0.023454879478088875,2.532365080977299e-11,0.04986039861814382,0.0,5.686770497136713e-12,0.023906611396193145,0.039464645021007314,0.0027672506517092787,0.10373501208998676,0.02543824039191241,0.0,0.0694600744151295,0.034249259527595055,0.06703647542593821,0.3135701471844728,0.04012549150370436,0.003837815931203235,0.08234647036337787,0.0,0.007620587556993869,0.004575181040289871,0.0,0.08535569361279328,0.0023224713726692145,0.01715465381331753,0.004580605280246647,0.06076901521634283,0.0,0.23358209614485034,0.0,0.0,0.005501024429933495,0.011351437386809016,0.7422047820514669,0.01914875524036556,0.13972533729038497
2025,5,Indicador de calidad por riesgo,0.07966805616918922,0.13605768978393754,0.0968244457305423,0.021708547170093323,0.10725232334124891,0.06761488083573973,0.08740480640550065,0.056334060104513535,0.3287583587936825,0.08956598032334885,0.0,0.0,0.0,0.13927881954437799,0.05050732680475382,0.20342997288465695,0.0,0.039580945436308766,0.14289535007014825,0.16391930475396238,0.04695960718819728,0.07937795315516548,0.04413391326536943,0.04710430029851158,0.08437318882165666,0.06167670132016765,0.07363532144180418,0.1024552351510736,0.09606199131271527,0.04355452887159926,0.03706853900704949,0.0,0.1701572419795972,0.04061878589798682,0.053088611889360336,0.0,0.12682250867256242,0.05190687558572974,0.049816032413956,0.09458078644987547,0.07217550534410087,0.16979876379757028,0.029309530799161952,0.09209863579736216,0.13434685203833074,0.06493038958261954,0.0486619324720847,0.17825591876138433,0.050654953655390314,0.10820981756244162,0.06482745247255361,0.2925202680444383,0.03150703348463509,0.0,0.0,0.1454876395148508,0.06523133531492387,0.12297466689934634,0.1297192822072341,0.10440557818852778,0.11102733868391948,0.039303374453086924,0.07883096845677885,0.2262337294997873,0.0,0.11860440510302693,0.0826772825987472,0.019256483909765778,0.1056956534010897,0.12097048681146719,0.1063187452982756,0.12000821172115662,0.18810690774250632,0.06713231564819355,0.03352033231723266,0.0,0.05271748152797348,0.033334359680874365,0.08718958734728029,0.0,0.0551693245326296,0.1188702308331907,0.0,0.08388484079311001,0.07917086933108322,0.07326444973772342,0.12213636744098386,0.12458181785539427,0.0,0.11035596902927233,0.0,0.07771879902905456,0.054723001110046056,0.104707231864476,0.07135275059927358,0.24509120688139957,0.0,0.07139367296256216,0.09101266167957937,0.030653768684676706,0.02508069127344281,0.08766889621176505,0.0,0.042688062988015814,0.0,0.06939921366961439,0.13617964680414776,0.0,0.05219519680307499,0.0,0.057366535702596484,0.09433073269279146,0.18106283807625756,0.0719077282758326,0.08689705371965176,0.09125966442767386,0.04718898553189572,0.0,0.09691149031845868,0.06836719585661477,0.0,0.08168164489028336,0.1002798676424525,0.06143964764027724,0.028521735952367334,0.08285933365563321,0.0,0.09114978549898112,0.06579686608742603,0.09769931606171929,0.1428192460064864,0.24419195134459123,0.0,0.13940057151582597,0.1314563577194538,0.06317433791059611,0.0,0.06136500271735689,0.09409298345640935,0.11094629801326461,0.1375212976109926,0.0,0.0510544919918188,0.15326999992395907,0.056584739597383645,0.033876338615649086,0.10724073415160419,0.03050207373416154,0.0,0.09498713078627734,0.04567642802317873,0.05681163591659862,0.13280395992681301,0.11453013976464071,0.07302699666131937,0.09393916645049262,0.0,0.08497626944006244,0.07185203908457283,0.0,0.062117734929875455,0.02276557709359963,0.043153236911198545,0.0610336614902237,0.05922449900190082,0.0,0.025381005871936202,0.0,0.0,0.09911496141289407,0.07934469910358874,0.1538511605438784,0.06249410807488523,0.3254514483354853
2025,5,Indicador de calidad por riesgo con castigos,0.03562922886434601,0.12330580451675513,0.11633838548870946,0.0047923803347687454,0.04549132991648874,0.02739376582997344,0.026195274828353377,0.012529200873166883,0.0522034002026073,0.01500650250020903,0.0,0.0,0.0,0.10320889071482924,0.021758510768641808,0.017406339879170965,0.0,0.008647152664505704,0.15456411842323678,0.15828810078046596,0.07855275659692225,0.03431496425224232,0.10768826189009015,0.00726193567982112,0.0650022256406693,0.05645420549708415,0.0462338823585844,0.047921180149014246,0.006314576300231424,0.0059408974634857425,4.013012224711576e-12,0.0,0.059577395929050994,0.0028258351509362267,0.005827149464277615,0.0,0.11932527782681474,0.09164490948280947,0.0375302896223441,0.11933777371952123,0.013694897772008587,0.0008341441161419472,0.000573548995166312,0.06970472361520776,0.0007285071600904987,0.0030723062914770885,0.0016504221335049839,0.044587743656914494,0.0003262145587455564,0.0930971966370148,0.005108805422162219,0.0648916600169283,0.008192298791774579,0.0,0.0,0.05707659395955622,0.019657556195375875,0.022643531763536368,0.002119468114627554,0.01738000410654614,0.06374770738900935,0.010067651761465133,0.08545010527910005,0.0405336169070925,0.0,0.04068556455785374,0.06232571738057296,0.022011202870129844,0.0026454254921224173,0.11285478612093226,0.007703542180201794,0.016889794381693697,0.08683067664902924,0.021524961339824213,0.0068561268103813685,0.0,0.023825418288528088,0.03680597672498294,0.016519451859439635,0.0,0.04704665183510556,0.12878923706282897,0.0,0.014767657589792791,0.0005212918326666702,0.03085259120531754,0.13449047758879681,0.09559923457148443,0.0,0.03195850215953106,0.0,0.005579055182494285,0.005181829157256312,0.009104609201237379,0.017657721666578585,0.1420177610607155,0.0,0.0754731204052223,0.0313315736262753,0.0025974936181043834,0.020801514738482678,0.015084110220142968,0.0,0.0007408671448835091,0.0,1.9349715635507937e-11,0.16361732451334932,0.0,0.019432059787922215,0.0,0.06612734826931846,0.04073737412744184,0.02352920411431569,0.01636815748218297,0.11132753472970053,0.018939974124575504,0.0369315481815367,0.0,0.012817681241100984,0.010797392532649275,0.0,0.1679344361302479,0.054729264088703315,0.02856480527257817,0.0012715654974741243,0.039745420382047425,0.0,0.018061134959616202,0.013810935192048145,0.009357460905397443,0.0035308500361291495,0.13881486719351144,0.0,0.06482759763590354,0.05799540612139763,0.02435576059111274,0.0,0.05796288904887873,0.02288092680772382,2.504161377123879e-11,0.04925288634243805,0.0,5.6488864435599e-12,0.023841847512654408,0.04040159691183952,0.0027517134545962407,0.10375455060674264,0.02516926333045243,0.0,0.06823181746036781,0.033711625570457066,0.06655224239741632,0.30652698406440926,0.04016133973355032,0.0038785193979265224,0.08347035007644113,0.0,0.00755111991534023,0.004454786397581967,0.0,0.08511146463839096,0.00229708645695554,0.016866968720499427,0.004549390707337552,0.06083912888968402,0.0,0.23924968557406692,0.0,0.0,0.005444981615228619,0.014226571021089202,0.7199508535827729,0.018382995397232555,0.14011383927486404
2025,6,Indicador de calidad por riesgo,0.07736423381203197,0.13963195596603356,0.09145043669541357,0.021557768453083267,0.11284005452290073,0.06138383627430401,0.09048800128437799,0.06106855615318442,0.3269987841406051,0.08603155727727818,0.0,0.0,0.0,0.18854662631489782,0.05334311818836916,0.1994603394251928,0.0,0.038951619586429835,0.15132679633338858,0.15565692050706748,0.04691979264555376,0.08598168908428568,0.051089124495875625,0.058694651945550125,0.08771642729780546,0.06633599141379258,0.08690155211697946,0.12149565139999828,0.0962187991344809,0.044453715934409534,0.03980247591384173,0.0,0.18161151092160957,0.045503947707701164,0.056197247576437355,0.0,0.1295535703204058,0.04918604168592266,0.05434598953564523,0.09734730862510177,0.07381440421499853,0.18230152278619605,0.035090035048945166,0.09197980409466847,0.16874907031848102,0.061310775288766314,0.05821448486702211,0.21592004851326682,0.056755551656916904,0.10515604154582395,0.06656003638578219,0.29835049178119627,0.03243859014304991,0.0,0.0,0.22373964222240272,0.06365183367062051,0.12227840414609649,0.12691791466148322,0.10189864746257495,0.11188942785153048,0.044905308789462826,0.07657175812199354,0.19622870180999738,0.0,0.12557675629664453,0.08053504855770768,0.019926686355948492,0.11652998481072263,0.1376376976433709,0.0990184341260644,0.1065831274466788,0.19322017159411606,0.0778357899369984,0.031267255464989846,0.0,0.05190817583738406,0.033028301688113146,0.0905736722248259,0.0,0.04331180870526254,0.12039938744702842,0.0,0.09493260087847268,0.18296787995406857,0.07146992350293489,0.11501877555584138,0.12945109149261702,0.0,0.11561552412943553,0.0,0.07157337984025833,0.054783553118834954,0.10258460562738768,0.06753932894723688,0.29051538061623583,0.0,0.07790325238458927,0.08651956682825766,0.04775995405473271,0.024671597697657994,0.08903291374516169,0.0,0.044635630820954814,0.0,0.10616170623101513,0.1492225038225438,0.0,0.058438452213280395,0.0,0.06562344853127373,0.09445116204944153,0.18293232362992703,0.06426473351224518,0.09899089817624486,0.09945168869583754,0.04398149880898194,0.0,0.11918733516565698,0.08129189747097935,0.0,0.08520205302391101,0.09897577396029845,0.04664758926024105,0.03622505535393958,0.07742999651994564,0.0,0.1069820388522347,0.07039856671386219,0.09712829064157345,0.13249992177738684,0.1641709620503352,0.0,0.12513339530556625,0.17021772828819556,0.06861349562676178,0.0,0.07102591282317884,0.08011505692692364,0.10587654419951195,0.13166282976525576,0.0,0.09351777157694277,0.18790177554465787,0.06873633070034188,0.03522439763142947,0.1547468245094909,0.028655944643643873,0.0,0.09815333919354972,0.051558915160000454,0.04850396472355809,0.1406870153706518,0.09086901537529729,0.07257591289740255,0.16140963539495864,0.0,0.06390824541528083,0.08398259072637876,0.0,0.058578137157720166,0.02717433701487784,0.050417038375275204,0.06827143981320925,0.057001068573316285,0.0,0.03510650399611066,0.0,0.0,0.07848542809163292,0.08504570851916722,0.13902694345672303,0.07141721813316666,0.29867715401500283
2025,6,Indicador de calidad por riesgo con castigos,0.03518016288834938,0.1233340498656041,0.12188035728587464,0.004718228182014946,0.045220531257280774,0.02734167249945835,0.025657576550204165,0.012904956658737709,0.05166122841461957,0.02654865184807329,0.0,0.0,0.0,0.10291043929160802,0.02158518011602652,0.017416847724136347,0.0,0.008523021469799445,0.15298442581836635,0.16244854127774494,0.07805963743947407,0.03439014227188048,0.10732605057364795,0.0072013761552904695,0.06437959664130853,0.0555436059327235,0.04603131620501973,0.048080271251058224,0.006298726457128269,0.005788291157156154,4.658162777199215e-12,0.0,0.06036247434634766,0.00277673336986664,0.005748699120486123,0.0,0.11886800839148215,0.0932415476796095,0.037264157229152044,0.11753401461393248,0.013498714432665688,0.0011985764899198204,0.0005643132053062322,0.08149128312392064,0.0007291949436972783,0.003026194170352643,0.0016390063337945729,0.04647610657313054,0.0003244830946718947,0.09636326283716705,0.005007925357104197,0.06517092049232649,0.008029938918100185,0.0,0.0,0.05795700303932522,0.019569744467316973,0.0275002184137033,0.0020639113673529847,0.017383746665063236,0.0642586831612018,0.00996819906786584,0.08971718238615518,0.04151137314050759,0.0,0.04104080189654816,0.06212983141107889,0.022269941788740612,0.002656882658349883,0.128322603003977,0.007566877224055865,0.016652668539247996,0.08888621291172889,0.021693558370834125,0.007058363394176474,0.0,0.023826223961984985,0.03806441508920197,0.01628762582083387,0.0,0.04802240089866001,0.12817628188552793,0.0,0.014549402434975931,0.000518456888198244,0.030467355227746674,0.13175490722232544,0.10309470776915407,0.0,0.031496115004220476,0.0,0.005574429753021314,0.00516742369970833,0.009197982590648046,0.022103527571505414,0.14406795883437307,0.0,0.07536987170600305,0.030846904550947553,0.002633839060706103,0.020909644870158912,0.01550132421428881,0.0,0.0007356449562449858,0.0,3.002321559616388e-11,0.16234304914811865,0.0,0.018919396106179754,0.0,0.0654675102965574,0.04100803676063599,0.02344737873274347,0.0175101708594722,0.11177241482675582,0.018876532472177944,0.03635436616643455,0.0,0.012699539680594564,0.010674587677467219,0.0,0.16671959708295336,0.05381539853636479,0.03917311949556711,0.0012476006243004906,0.03603965429526141,0.0,0.018107441231829436,0.014825467361059098,0.009258404374578961,0.0034950991792156985,0.14048539552365952,0.0,0.06450088050334632,0.057360615325330815,0.024496722014211138,0.0,0.05120826624712439,0.0404245172728926,2.4310574811164e-11,0.04856032898980517,0.0,1.060147466831373e-11,0.02343300315048403,0.03992234209599046,0.002759458536527839,0.10591300549753092,0.025089777232434326,0.0,0.06727014245631813,0.03336216148051513,0.07060999067877524,0.3066744321899324,0.06501224960349221,0.0038948648963562323,0.08537181313374896,0.0,0.007362644480997391,0.004276979705072429,0.0,0.08442458122880442,0.0022705607511512983,0.01698361338630717,0.004585036634897477,0.06037509685197638,0.0,0.26385619952226447,0.0,0.0,0.005460248753301451,0.012145065717614697,0.7354034197090703,0.018301117859054524,0.14052669932014508
2025,7,Indicador de calidad por riesgo,0.07654553894466366,0.13342098945339972,0.08963747547180366,0.021180020913643585,0.11095617601938898,0.06693352403105167,0.10425552223205362,0.06205631599368045,0.32006279466485077,0.08682555665184252,0.0,0.0,0.0,0.16884637107910283,0.0446076324657522,0.12773485322220546,0.0,0.03791076352672415,0.14700145081577978,0.16455719058129395,0.046815973115520396,0.07618596608738755,0.0466262483428128,0.05022154721951671,0.08439762117792424,0.061780948503368203,0.0851177406132401,0.11168275912548016,0.10024878821842988,0.041890974576919475,0.03872578361894478,0.0,0.17613102767216268,0.04046685543610701,0.054704821756555264,0.0,0.1273996344566941,0.04319098097828687,0.04428558556195181,0.0951076135157795,0.06887922329601756,0.1764056591989617,0.035685375719432276,0.08418700995758761,0.1385084846483342,0.0640310866453844,0.049422761298937225,0.16381631197020416,0.05335475697440814,0.10289320422656939,0.06292424196146221,0.2959919866809008,0.02884758443820954,0.0,0.0,0.2189301987615229,0.058760712053503146,0.11583853831274364,0.11968199388246323,0.09517573302891226,0.10816493224039285,0.036157942782380145,0.07267367919493048,0.18669886998773494,0.0,0.11989725421147435,0.08228842530087313,0.01915193591535718,0.1103369643219196,0.10981600763172834,0.10113564626727746,0.10254931865781153,0.19294369969899086,0.07861628469116068,0.03673247268591151,0.0,0.0430635685919758,0.030078443331188098,0.0897183921777445,0.0,0.04242425885976941,0.11720510226555005,0.0,0.0932479696007577,0.18282011652852795,0.039124710947443846,0.09405277868479477,0.11558839340660657,0.0,0.10861917874133496,0.0,0.07149048403140729,0.05448411109444067,0.09616534838227327,0.06663727426606203,0.28476234042609727,0.0,0.07344917381354418,0.058980393098040144,0.044707984478104854,0.021963101112008047,0.0759437470237012,0.0,0.04306586592108363,0.0,0.09516054809131191,0.09050711367101998,0.0,0.05599076115238175,0.0,0.06239178227521019,0.095484310148881,0.18204749638725776,0.061787371129685235,0.09488867297429782,0.08568423472425375,0.04195183213561671,0.0,0.11095402915352659,0.061984351561282285,0.0,0.07846857244537599,0.09417107184626163,0.05521867379713223,0.033344886231515616,0.06824366676834027,0.0,0.10572110214330703,0.07206437923536477,0.09540623283627177,0.12929443488706155,0.23456359311493866,0.0,0.13486314638166833,0.16838802318410373,0.06705203826157546,0.0,0.0772509664143735,0.07831898787927355,0.11494915069573547,0.12157159148284778,0.0,0.04450678261261351,0.18236181372057228,0.07303980767540767,0.03382635650724551,0.15236919034340382,0.02970887537319294,0.0,0.0971153974093274,0.04113130736498533,0.04901361291222732,0.12680703067942992,0.08044082553963455,0.06462274263755716,0.11901651268948434,0.0,0.0775569840278955,0.07204181677887134,0.0,0.0570689921144876,0.025844304019121054,0.0568138987642082,0.06576512878451739,0.056309825289036254,0.0,0.04187399417759843,0.0,0.0,0.061018614612775524,0.14223913405205904,0.13252514732110285,0.07919915957906153,0.29722937804086585
2025,7,Indicador de calidad por riesgo con castigos,0.03526723527234815,0.13130652687298963,0.12232357251837891,0.004690920074884352,0.04500637796200408,0.027511393350419938,0.02427548480304799,0.012974228494181488,0.06655261965281765,0.025628530757215,0.0,0.0,0.0,0.10300980602728255,0.021710736871360596,0.006396103828496988,0.0,0.008450105403362131,0.14991697555161454,0.16400851649687542,0.07747686677865631,0.034159043481221056,0.10534296250300293,0.007088262632060729,0.06338727902618432,0.05349802947117922,0.04616948349414571,0.04810937926808828,0.0062330275882251695,0.005662005895426366,4.5256253457147086e-12,0.0,0.0607700015087136,0.0026580356292316234,0.005656714634565814,0.0,0.11787464900499492,0.09362745928073764,0.03635072074423257,0.1173226795207359,0.013152212640678852,0.0011752828112451005,0.0005577797345041394,0.08161224616270472,0.0007277740411064889,0.00290067548214924,0.0016526412737001561,0.04675987076794414,0.0003146203554862676,0.09580355252264869,0.0050023079749366315,0.06353073309420781,0.007870381589739616,0.0,0.0,0.057780175290097935,0.019178939224189118,0.02717987888428882,0.0020273648073078684,0.01681978029374334,0.06425905889240996,0.009749813695387419,0.08845512603411791,0.0425949954835085,0.0,0.040587215507115394,0.06097778643845915,0.022184049101351692,0.0025532710213395696,0.12907281491804207,0.007440225146320828,0.016518631684505486,0.0921223491726733,0.021797525032633713,0.007082646431366617,0.0,0.023199534109531388,0.036518411817389365,0.016137290737403786,0.0,0.04753959879508681,0.128217165669416,0.0,0.014241685661464002,0.0005141568101030844,0.0604134864075977,0.14060558778596727,0.10224573545742732,0.0,0.031260065899523834,0.0,0.005617706936480889,0.00501204288917366,0.009182006026619526,0.021898804608111215,0.13885511192432215,0.0,0.07462291048567624,0.03070458581393327,0.0025960599245365788,0.020232960225899755,0.01538639014489493,0.0,0.0007356685030091013,0.0,2.7356365111488015e-11,0.20361330040445408,0.0,0.018467593273271653,0.0,0.06124992235597561,0.039980782898144294,0.02400435174486674,0.016927507831149876,0.11980473027498664,0.01879045188700338,0.03474655953616227,0.0,0.012556127265875365,0.020100292787656918,0.0,0.1676002374428969,0.05257988256158658,0.03894111983011768,0.0012162846432646661,0.03573226841943328,0.0,0.01696648738475558,0.015534634559184132,0.009211834868616231,0.003463844164434204,0.14175218654410712,0.0,0.06452315907436174,0.05650979008269333,0.024565239447593427,0.0,0.044566845666921644,0.039503692869529164,2.6896897436695917e-11,0.04795559561708503,0.0,4.823702562623422e-12,0.023496674213173422,0.0397157472140977,0.0027675841337017116,0.10554738156088,0.024404805064836017,0.0,0.06917083682388832,0.03226804350739691,0.06913780523694901,0.2974121168214406,0.06376138953694435,0.0038191400780429956,0.08604014245082262,0.0,0.0072927654075043945,0.004230863704434785,0.0,0.08158029148259878,0.002245749297197461,0.016565885048498992,0.004531400484830108,0.05996744785634903,0.0,0.2631305680935548,0.0,0.0,0.0053126686511163436,0.011877296481310612,0.7509712520722046,0.018007304750535687,0.13890374109236683
2025,8,Indicador de calidad por riesgo,0.0758508613290032,0.12962360785743188,0.09330327232089508,0.021638020788033594,0.11061292099815498,0.06700175713835975,0.1033451542801194,0.05098671662504748,0.3232687482640667,0.08381661390965271,0.0,0.0,0.0,0.17031150047390553,0.04261788759491767,0.12461453925230907,0.0,0.03643343877673011,0.15045849728870508,0.2067688025047188,0.04482040719944493,0.07829381853507057,0.044207744890562874,0.0508732735647112,0.0842940576375921,0.05835450539204025,0.08480045303476356,0.11378159982014771,0.0993462270303654,0.04272325085603291,0.04181472377840695,0.0,0.17261944248540947,0.03989093044100571,0.055673063495248795,0.0,0.12294596696481637,0.04181877786633438,0.04645127502510033,0.09649991397787427,0.06853919964274431,0.17749227431564488,0.03438766668024851,0.08189644840521397,0.1943468685959195,0.0601165201274489,0.06074323410744792,0.1559492348199463,0.05283374027857189,0.10244036740619197,0.06277009426041703,0.3215747653025715,0.02846100413939364,0.0,0.0,0.22102224752319485,0.06218875837881033,0.1180399733464983,0.11553465804329242,0.09522733814184656,0.09555596183547636,0.038529408230994905,0.07731099914901399,0.16485066219533326,0.0,0.12329408355712002,0.07098115763938721,0.01787818434765264,0.10470331574122901,0.10969538441728285,0.08910962628664026,0.10605431828912863,0.18321709403447947,0.07989041425278515,0.03627952915435397,0.0,0.04530095384281714,0.02954659772401383,0.090942320488431,0.0,0.04255365749147347,0.1213604664470683,0.0,0.09479085533579902,0.18088984314546488,0.03776888671653231,0.07039656137489242,0.1156951055180251,0.0,0.11070951846582802,0.0,0.07302885610913444,0.05303355582728502,0.083848051079169,0.06537332589026427,0.25111338368466385,0.0,0.07294579412150001,0.060031428969466234,0.0476876489300138,0.023231664638294486,0.0825229964568046,0.0,0.04362112248116692,0.0,0.09960658698819745,0.0810033249741648,0.0,0.05542354406460159,0.0,0.05469971805055671,0.09737037438628152,0.17546070585657672,0.060157515806768105,0.0868816918550903,0.08368266038106559,0.040218310772412086,0.0,0.09824956189904786,0.05745051222323125,0.0,0.08822118096148991,0.09236354687477118,0.056423322423872026,0.03261601618358434,0.0803386370926786,0.0,0.10712394643332557,0.06054611715737116,0.09098893449165842,0.13276749309068928,0.23091968289559028,0.0,0.14502624550204182,0.1677395291485918,0.07782352170882975,0.0,0.0715487451067813,0.07965154920758194,0.10715274770514627,0.12156369367454627,0.0,0.043582460705290434,0.18577609444277524,0.06923028990707351,0.03373155895659766,0.1503524941885872,0.028451817641891548,0.0,0.0940533133502889,0.05532460533956647,0.045050357172266416,0.1179327943982363,0.07721952934709023,0.06213112644988741,0.11827250501159794,0.0,0.05266266076387983,0.07208179592240574,0.0,0.057776774219231906,0.025121401413875234,0.055036996277846806,0.06313192298622634,0.05735183970082228,0.0,0.04538794800586135,0.0,0.0,0.0653039797190398,0.1303844554088882,0.14188668518052774,0.07338233930155479,0.27361008232026
2025,8,Indicador de calidad por riesgo con castigos,0.03457593606054165,0.12823316706911747,0.12207483889843135,0.004609210192366008,0.04397428880347283,0.027108672492937365,0.023987511528448767,0.012656645071438146,0.0665717135872973,0.02514657999334074,0.0,0.0,0.0,0.10240946097633642,0.021795440360266226,0.006406877217002136,0.0,0.008381358158850966,0.14895527638009712,0.16527426368427042,0.08058228312970524,0.0340634653103021,0.10366456183481135,0.0069807910027963535,0.06245232635911033,0.05724576714361732,0.0462461969154582,0.0465880052242932,0.006149828665525135,0.005638671544383268,4.738916655221817e-12,0.0,0.06116402765117149,0.00262809669126438,0.005568192264845176,0.0,0.12203202773740036,0.09225736132842581,0.03612567495788428,0.11849356582686212,0.012795463416914201,0.0011855413895622846,0.0005445815979029791,0.08046471889718611,0.0007353919753182082,0.00578281650032559,0.0016232393073105395,0.05189642850710004,0.0003087170749724254,0.09659932734540638,0.004939774356633615,0.0625518385673822,0.007770215551895573,0.0,0.0,0.05860870612381562,0.01883388046971324,0.02693310059915972,0.002004409562694584,0.016533926618771393,0.07718832965298823,0.009851971614055004,0.08772203326639304,0.041798581106085066,0.0,0.0409700177440087,0.07211613403204889,0.021232289146252206,0.0025285123965367727,0.1286935913529004,0.016085101569881955,0.0163997727179714,0.09427695549800597,0.021773602100570173,0.0070649432173990135,0.0,0.023291771874049294,0.03579413973256395,0.015964306984821364,0.0,0.04823603732566642,0.12819175360809476,0.0,0.01425480063649015,0.000514551410854943,0.057867754733996274,0.13810512253947269,0.111740487620271,0.0,0.031031073075722032,0.0,0.005658103087008813,0.004930905629925175,0.009245569945064399,0.02176673604219207,0.21056602385335854,0.0,0.07364599884340699,0.029955394871334723,0.0025810942784917816,0.020132567197867716,0.015367088351902439,0.0,0.0007169256772436025,0.0,3.043323509213942e-11,0.20070297909414087,0.0,0.018332332613470084,0.0,0.061087514919080266,0.03954431080998766,0.023747770597546985,0.016434421828840945,0.1184778371728204,0.018466912312038834,0.03236517439411728,0.0,0.01614815530332367,0.019479996844391275,0.0,0.17028077830093655,0.05035659774850662,0.03842111287422745,0.0012032760592684667,0.03626203527026387,0.0,0.016704370272352515,0.016352290651196765,0.009381145735337227,0.0034699487939837976,0.14537777304540922,0.0,0.06448099154069929,0.0563982078795742,0.02450458936254559,0.0,0.04388817250924572,0.039293796897098346,2.58922424883649e-11,0.04837991775509062,0.0,4.724835448050086e-12,0.023709403832251154,0.03954083919697968,0.0027899582086870272,0.10549252668334586,0.023966133276423784,0.0,0.06814872013534219,0.03188646104009435,0.06979027344730952,0.2891126540974554,0.06222575799971503,0.0036438578805380187,0.08729058736086472,0.0,0.02309193666884899,0.004197876529976253,0.0,0.0810170871335135,0.0022302952257797566,0.016184215597064254,0.004495539466302572,0.059033827725401944,0.0,0.26391258483546504,0.0,0.0,0.0053207763829180195,0.01150286390141083,0.7600523401607967,0.017815738279811064,0.1377720382746467
2025,9,Indicador de calidad por riesgo,0.0711808490814922,0.12934169058433553,0.0940426781667894,0.021970527122435222,0.11094294296361305,0.06402399331380937,0.09790286532716569,0.04770387536944571,0.32118654913783035,0.07185800951439969,0.0,0.0,0.0,0.16364797261287112,0.03447597337682606,0.12903996119159303,0.0,0.03304520315131598,0.14699525661195983,0.2133467296429928,0.04487217617299054,0.07668644059375813,0.04420889277003751,0.04630106869392886,0.0844343147671653,0.0592912680464649,0.08349674622968582,0.10278879772988772,0.10418557793449684,0.04033909298161672,0.03933868747905691,0.0,0.1720858593111578,0.04136562116421593,0.05538298698161035,0.0,0.12084533754023777,0.046831435867980324,0.05167682782960259,0.09647766735583897,0.06833493974096148,0.1665071228808718,0.034224913388894926,0.0808590620501618,0.14511618685737065,0.06446765953814809,0.07536255834667573,0.14521521099279583,0.049282213158120196,0.10146350935536716,0.06026001065140321,0.3308785733407312,0.023963346939307666,0.0,0.0,0.22270682138857348,0.05965166833227044,0.11469927142065504,0.11407508174035311,0.09038411537031016,0.09290126692781601,0.03969804507573233,0.0775158982117265,0.16867567540448317,0.0,0.12424326116125453,0.07767234851022593,0.018299790708972176,0.05604644657296039,0.13466203440048263,0.08531904472670472,0.10318139563566688,0.17996091022180813,0.07919718448469569,0.029388838387543192,0.0,0.0452362355914976,0.02783211334812682,0.09222507952868104,0.0,0.04394691213399577,0.12078959605603229,0.0,0.09538869765107567,0.16871489233713258,0.0368741714237124,0.09591560894384664,0.10566817410823806,0.0,0.1055526018079156,0.0,0.07314135337393725,0.05418285395055431,0.08765422545374663,0.06260374377526697,0.31763766187308695,0.0,0.06970342409557925,0.06170577364851968,0.044934111691792726,0.022712468123960772,0.08494274990917385,0.0,0.04305690336939202,0.0,0.0958595973544821,0.07481717378128715,0.0,0.05666428613669484,0.0,0.054963603184366085,0.09936826792254398,0.1672053484725761,0.05901605715088594,0.08393338279647204,0.08006633611695135,0.04221551348368001,0.0,0.09479912203262435,0.05218386730042553,0.0,0.08913825637564107,0.09021202816977167,0.04990822569903483,0.027907187469444705,0.08138174714500375,0.0,0.09280754600374562,0.09192851292064891,0.08919429225834935,0.11232581910469716,0.21446717854755165,0.0,0.14290694709846782,0.16534683192060962,0.06447553053959466,0.0,0.0727708022634928,0.07710550391296808,0.09999173610869307,0.12423372531621114,0.0,0.04387162867886843,0.1535179862552023,0.06411729161136753,0.03186392902658411,0.15079163845702961,0.028213156711675222,0.0,0.09153441955824737,0.05243130099750627,0.04590421711601156,0.11707839632307733,0.07274750983823641,0.0642274022272895,0.11508937862001015,0.0,0.06665338358940914,0.07310173086779051,0.0,0.057908128687005386,0.021890069170218653,0.05305246140679922,0.06397224174773418,0.05883243566889809,0.0,0.044820443011251744,0.0,0.0,0.06635692639307665,0.13726145111290622,0.13471327265267763,0.07350858579584699,0.2727165194345938
2025,9,Indicador de calidad por riesgo con castigos,0.03391219143304727,0.1257627176210125,0.12106642066459039,0.004595931443878271,0.04306444669650381,0.026906467048907565,0.022946595604549286,0.012455755472284554,0.06526536624028195,0.024030720001249756,0.0,0.0,0.0,0.11133290192932992,0.02135319343943025,0.006379223993694233,0.0,0.008289506304350755,0.14702614235505035,0.16425856459516658,0.07951641245914295,0.03393781688436613,0.10194409810424465,0.006828933497553472,0.061362866888886834,0.05995568818696411,0.04550783399149655,0.04554646820659153,0.006116959439479379,0.005585068363707305,4.4465199620741e-12,0.0,0.06122202507132943,0.0025554336174619476,0.005543226690035467,0.0,0.12103433039813881,0.09195447675285312,0.03589129428978568,0.10652816969810554,0.012512189217843488,0.001162171065677107,0.0005396235708434184,0.07914524631503024,0.0007296280006901118,0.005648886859915229,0.0016662585564684884,0.05108146981934843,0.0002952419532150032,0.09793616890668291,0.004875275551630121,0.061285682115683214,0.010401875587051922,0.0,0.0,0.05943179073176788,0.018382858313595783,0.0265491829483829,0.001961386449078067,0.016047088797155624,0.07680908942639647,0.009821973154918177,0.08572830496983645,0.042608905163884075,0.0,0.04089121303041748,0.07114662043243242,0.021136883937915362,0.0027585717868983724,0.1301494127163561,0.01586389999529728,0.01604791324211688,0.09347844284022636,0.02181999637713607,0.006986056165705017,0.0,0.023530917928274754,0.03478433080175558,0.015952439108218048,0.0,0.045126646575816505,0.12754125925145166,0.0,0.014146057902686488,0.0005136550899357172,0.056774991265285804,0.13365171973761308,0.11230447725698013,0.0,0.030055086083278646,0.0,0.005641270803248139,0.004905531185548084,0.009082819397776316,0.021302930076574446,0.2096816484647306,0.0,0.07189602031154334,0.029795479383820395,0.002567757087707023,0.01974511133031702,0.014962570551584108,0.0,0.0007153996501279701,0.0,2.840404013975012e-11,0.19415156074936626,0.0,0.01808255075996299,0.0,0.06168259848760022,0.03915714366737261,0.023561606501691507,0.016143747278260324,0.11911951290639158,0.01829815533606384,0.03222674529938954,0.0,0.0161665296872836,0.018601551989976078,0.0,0.1710054851204018,0.04940327223605277,0.03775392249975897,0.0011799844191129301,0.035840845170673756,0.0,0.016563923575904266,0.016150633059848967,0.009294776290219266,0.017401840444401313,0.1477652410480428,0.0,0.06382222733750259,0.05757844332776547,0.02232968964127514,0.0,0.04330302347797568,0.03832276632177075,2.4185684437724437e-11,0.04878678854433088,0.0,4.7272462785936906e-12,0.023721100969137876,0.03878118302887395,0.004579437470313339,0.10577740468419779,0.023299714302025158,0.0,0.06734203743903767,0.03094617641967993,0.06998103709402498,0.2871036297212185,0.06020776140999547,0.0035711643918366594,0.0884918060165058,0.0,0.022593091858682152,0.004150723380531438,0.0,0.08042765039514453,0.005115915061594715,0.0156712806562223,0.004414995359899378,0.05879616855890234,0.0,0.28114761204918304,0.0,0.0,0.0052505421333789585,0.011397585065404009,0.7683278479622722,0.017968040456562286,0.13596293591475797
2025,10,Indicador de calidad por riesgo,0.07224045807101563,0.12809782707436573,0.09501094896442464,0.021625773834969362,0.10457885751766542,0.056562050764491834,0.09372669988450784,0.055043797378835586,0.31065157872677374,0.0756272526370077,0.0,0.0,0.0,0.1547579031011253,0.03608528143091332,0.11363973566236285,0.0,0.03308298399239366,0.13284134584528343,0.26368438703808295,0.045536854207508276,0.07668639263627224,0.04409196297356691,0.043586123252702474,0.08425727118834163,0.05351241577063098,0.08273393991970318,0.09759524297882302,0.09606757530961868,0.04024473758908999,0.04239221475062272,0.0,0.17211130357175655,0.03908795283431824,0.05394270042038897,0.0,0.12038225596059782,0.05960938709913654,0.05492679735919017,0.09916163987396777,0.07444939155695099,0.16114337256190664,0.029070165111553425,0.07909871436652487,0.15215739154602595,0.05978501129082924,0.06352409978585426,0.1558599920034685,0.04922383700583489,0.10214312252627213,0.06059625486381092,0.3273186316018919,0.028431178455055425,0.0,0.0,0.22293067675715109,0.06051549305834133,0.11258790889212751,0.10802075391241393,0.08991170520042048,0.09091837615565991,0.040945064822924516,0.0779950286838948,0.1659371383041282,0.0,0.11846432868381283,0.07174106528774916,0.015911875886582612,0.0719103973304529,0.1287727750985464,0.07887685421964319,0.08999316577645301,0.18909098835650623,0.07890305093641971,0.031932602014608756,0.0,0.04401955866954772,0.026175351433648814,0.07811342325297721,0.0,0.035276018482549513,0.11945651241252761,0.0,0.09615418707172976,0.16083577820640796,0.03584494396770156,0.06774148177860188,0.1063038158650356,0.0,0.097948697855205,0.0,0.07450144683986387,0.03916110609622782,0.06296131218193361,0.06112636561548984,0.28534790907126784,0.0,0.06801591512853854,0.06530241448855532,0.04360131992516015,0.01817262282537024,0.08100798565753313,0.0,0.04350643279998093,0.0,0.09539145004306192,0.06903157153843613,0.0,0.055227370676300055,0.0,0.0505667033973934,0.10249934123863294,0.15835500652445714,0.057650799953406835,0.08110638695310392,0.07314481808613696,0.034536255948915,0.0,0.09844883852978001,0.04644864276161397,0.0,0.09141681430578438,0.0830478940946485,0.04481195765981065,0.026390104560186742,0.0786727745034626,0.0,0.10296700345089611,0.09267675657838498,0.12176653018532252,0.10026531931334225,0.2120757945488015,0.0,0.11773037465590898,0.162876730999602,0.06102400046642347,0.0,0.06918471261673154,0.07716835588189487,0.10292807128918191,0.11298993298604348,0.0,0.04433401782810339,0.1587566767712995,0.060804483684839566,0.030691867607976393,0.1526180662049592,0.028531830822058745,0.0,0.08830340275177449,0.05212113506642104,0.0442909920565004,0.11642934379432805,0.07536341347408285,0.07028591975824726,0.11436042662241931,0.0,0.062256569525337195,0.06490784342618107,0.0,0.057726153029684577,0.02224777117320537,0.05313890454548642,0.06149558083022046,0.06205452334270688,0.0,0.042610693810992986,0.0,0.0,0.07627319390488024,0.14974756417252275,0.12852017423635065,0.07752710359934989,0.3027992358269133
2025,10,Indicador de calidad por riesgo con castigos,0.03355692354908522,0.1279787817399783,0.1207244262784983,0.004513433905140391,0.04285060274811775,0.026299172297054692,0.022101772969833264,0.0121923222309201,0.07715619338776077,0.02362376046428953,0.0,0.0,0.0,0.11705262927443517,0.020747916080653017,0.006314896038511733,0.0,0.008233085346148937,0.15434448329471842,0.1661229097535547,0.07817557301478374,0.03364735251594661,0.10083886195368748,0.006734029413347945,0.06053889588564811,0.0595591249082249,0.04546045188548967,0.05470476916818164,0.005962654347239002,0.005332035586947079,4.695821638962819e-12,0.0,0.06166551613399704,0.0025079993019223672,0.005526525502608488,0.0,0.11928641520915124,0.09159246333336331,0.035531254948307854,0.10725214795332745,0.012144068682976043,0.0007934331350517831,0.0005251407205835391,0.07797368036051147,0.0007296813598003767,0.005430268869759889,0.0016706617688689795,0.05096573828561643,0.0002963526900081628,0.0982241011303349,0.004767442675794035,0.06018826325913253,0.009578267414122515,0.0,0.0,0.0596687446901237,0.01810745273225687,0.02632423275840032,0.0019278653182753717,0.01578787857824452,0.07618496354176252,0.009805810738368738,0.08355416060775328,0.04753795087858791,0.0,0.0410447793254942,0.06738125591212088,0.02100634238952857,0.00276862316742606,0.13148421360292675,0.015661942130890557,0.017207795022171082,0.09403077114818259,0.021452810453825695,0.006954367813063959,0.0,0.023168773892080906,0.034085420809858075,0.029490193217081108,0.0,0.04411374713172228,0.12569547268736736,0.0,0.013991008826935188,0.0005052093731583829,0.05534818837349821,0.12743211347573088,0.11355516669524418,0.0,0.028451075221453077,0.0,0.0056203550283420774,0.004898186631189698,0.009039339526930456,0.021060740929756492,0.20956185561489069,0.0,0.07095639710718749,0.029049498425067908,0.0025644211797799196,0.019977724839694254,0.014738219306376707,0.0,0.0007102623962530514,0.0,2.8773673881048186e-11,0.19863778988857053,0.0,0.017649182395504857,0.0,0.06036376296105987,0.038582318633503934,0.02254276472509264,0.015906307458544117,0.11712979384368782,0.017949250831279344,0.03053566022299254,0.0,0.01625284197246048,0.017706613040084637,0.0,0.1730436448797226,0.05410015387039641,0.03736011269625906,0.0011583900614109573,0.03586564329975571,0.0,0.016420737845027112,0.016268593401698873,0.009396276252777603,0.017178477078745483,0.1472871516004301,0.0,0.06360044308521139,0.05732594261994744,0.022044663799992016,0.0,0.04243396807155508,0.037385674900125,2.3924218154168632e-11,0.0466826322835853,0.0,4.8123871633008565e-12,0.023162975661563244,0.0382677536952318,0.004436816688241139,0.10527736240530458,0.023106004991613777,0.0,0.06580297519040719,0.030496639704423793,0.06783021376166247,0.2776694725948786,0.05872449178561867,0.0035556686747244925,0.0899685612209774,0.0,0.022622006782573565,0.004046180226884895,0.0,0.07938336672156537,0.005020982529940231,0.01519866727089824,0.004340106823891834,0.058455934623385136,0.0,0.2639604287125534,0.0,0.0,0.005283270085014475,0.011097646818580827,0.7751382963903243,0.017721547392192744,0.13480217180659818
2025,11,Indicador de calidad por riesgo,0.08223933874758356,0.12795523818886217,0.09654267264543857,0.023176908988492027,0.0944864288352085,0.05753169248072914,0.07950709542140734,0.05840552536949859,0.30771285669670395,0.07228910098723426,0.0,0.0,0.0,0.17280113018186566,0.036958402397459574,0.11124837057386947,0.0,0.030565986589437134,0.13201463917378836,0.26234675078134995,0.0496005109873469,0.07783327129266687,0.043817958596994666,0.05185764391762244,0.07706280572160004,0.05260879406839507,0.06357441484945331,0.09510632251739307,0.09451125133539465,0.03826343920503737,0.04097202623155899,0.0,0.16837885599228578,0.03826850387533857,0.054152939618032435,0.0,0.11946200431255787,0.060041994952621205,0.04459698974324822,0.10444420740123989,0.08863630838152042,0.11377978799960983,0.03035832131773515,0.07638541778414243,0.14588553558277892,0.05756671919675322,0.039241831716039226,0.1595015155809312,0.04829421854280207,0.10231348306284636,0.0596721115576306,0.32096898486981734,0.030347851835912085,0.0,0.0,0.21794541331288053,0.06260277064516574,0.11383864858500226,0.10839224575597446,0.09157213940284709,0.0905418739837171,0.03858345774201385,0.08017926214272504,0.1540670394645879,0.0,0.11791794190007043,0.07072585248322089,0.016611086561196454,0.08235817089848116,0.1273972830210058,0.09600496821011831,0.09502156452014295,0.18208184837754612,0.07887924470424985,0.034375420077358776,0.0,0.042477075099405126,0.025002976848586267,0.07610419696770356,0.0,0.04326573667410662,0.11858196446947614,0.0,0.09692015562361006,0.1584199011419669,0.03506765763019354,0.06259769913840961,0.11275546185923788,0.0,0.11421989774581028,0.0,0.07693731775894264,0.03682767590348489,0.06527365115178149,0.05536454044802085,0.2714121422113916,0.0,0.06716979844622721,0.05926006268336427,0.0436334039227788,0.03327563944313116,0.08666681216775993,0.0,0.04337565370171624,0.0,0.09335567006910091,0.06403302001215366,0.0,0.05556893341908177,0.0,0.05383377575999796,0.10173154835335953,0.14924960673612256,0.0559006492482074,0.08447595923265606,0.07971463196566915,0.033629470820750886,0.0,0.09926364024942082,0.0435529140461587,0.0,0.0872075809957244,0.08178575372093205,0.04473843440130696,0.023561100721440253,0.09062708235461243,0.0,0.11934304648437975,0.08745708673812934,0.12028488812826285,0.1140744087751979,0.23731925913912624,0.0,0.14961821418906815,0.18166184549461922,0.06676964931073784,0.0,0.05866880481423753,0.08685464148475318,0.08369218709429917,0.0996516413901768,0.0,0.04025003061947552,0.15817655408765785,0.0634952257203846,0.030807717088587084,0.15351738249888958,0.028182060839812995,0.0,0.08966178534558933,0.062449134343728854,0.04279545037527995,0.11916295572878642,0.08128975708705578,0.07623360178978911,0.10955568578596052,0.0,0.0538499226062263,0.06913171516706858,0.0,0.05818170910942859,0.023515853183900665,0.052818856632303436,0.06288227509300519,0.062485419835928466,0.0,0.038777563613138555,0.0,0.0,0.071708162049671,0.15672303404773483,0.11788309947270402,0.07529505262775181,0.24401690316859226
2025,11,Indicador de calidad por riesgo con castigos,0.03309165535587437,0.12632527159227436,0.11984669000362698,0.0044667819443484835,0.05353626071125364,0.02651415586954601,0.03759299925926496,0.012033893286520141,0.0770400309269065,0.022820474789861673,0.0,0.0,0.0,0.1226644476829129,0.020486384049492625,0.0062861570069115795,0.0,0.010085222827081118,0.1524336747553749,0.16919187663016166,0.07751766224912776,0.03345032027654477,0.09942403548488579,0.0072278499686863,0.06631347856639119,0.057919842717974,0.06394171773440425,0.05502808330571825,0.007787267114582603,0.006272655634766081,4.584271797677138e-12,0.0,0.0614837517484666,0.0024762157752526667,0.005469697087615145,0.0,0.11745295081181038,0.09168977345342799,0.035480295702742186,0.1084973831067408,0.01189941147391722,0.053890329271634514,0.0005147398744728073,0.07743548249327059,0.000728824662550224,0.0052983665288432345,0.0016763280349242475,0.05224271195928043,0.00029499409072593303,0.09898800835615422,0.004732758968977294,0.06346704750697622,0.009536684097689414,0.0,0.0,0.05998076431377601,0.017856433189996558,0.026300848026006778,0.0018948231059983198,0.01579960003091559,0.07628213537474132,0.009736555779467714,0.08267635264484231,0.04538337247502608,0.0,0.04145472585887143,0.06435722248649871,0.020928486169978458,0.0027700674781865084,0.13414761922357907,0.0159084956558428,0.0169227312882128,0.09290902363064527,0.021047035770927924,0.007037866214439192,0.0,0.022970544726481357,0.03332646425945018,0.02943055629087364,0.0,0.04418181424615663,0.12387651933263477,0.0,0.013830927639629105,0.0005034675207236254,0.05444747775614955,0.12331532507740052,0.11689495350406912,0.0,0.02763353275869174,0.0,0.00557102609232857,0.004893052336795339,0.008061379816030303,0.030102283928464174,0.2102967506207179,0.0,0.07027028399218754,0.03462193154347522,0.002561219125184597,0.019872526273377555,0.015595123357145725,0.0,0.0007102164441742403,0.0,2.814294559357744e-11,0.1881574447306774,0.0,0.01771631534505187,0.0,0.05925893386575564,0.04621154014004627,0.021717108117357053,0.016796105123894234,0.11599667281663135,0.017283098381583782,0.02977509877031705,0.0,0.01623398944137863,0.016912318162431,0.0,0.17747669273129557,0.05231368061969968,0.036838883987287935,0.001138785662151528,0.03612170351782705,0.0,0.016505731050457644,0.015715996381303766,0.009704736192809125,0.024928045291748475,0.15008724188989656,0.0,0.05444119571346907,0.058186426259588725,0.021945029451564475,0.0,0.041982012919628664,0.03673863084080034,1.8364179181598854e-11,0.04460462587727549,0.0,4.4282410134597265e-12,0.022916589526237482,0.037886423090471806,0.004371822637484713,0.10547662143097046,0.023026696631305306,0.0,0.06529626501187256,0.03005794291427263,0.06614603052596287,0.2768069339282205,0.05909881943505683,0.003563352270496694,0.0890957017888254,0.0,0.023221449712376326,0.004001211809330088,0.0,0.07756285791616421,0.004935827066344729,0.014885328291709148,0.004337731710851435,0.058321075864464084,0.0,0.24948698924205814,0.0,0.0,0.006859871629486761,0.010892758298224179,0.7819701855180354,0.017032059561477218,0.19761967887760437
2025,12,Indicador de calidad por riesgo,0.0666648949113502,0.12696652350532658,0.09683398104257569,0.025521100949787757,0.09526077767633437,0.053404964360228895,0.08034123955813684,0.05614727867605986,0.2743556721616455,0.06962729536095168,0.0,0.0,0.0,0.17853526424142938,0.032946491076753716,0.1159188026120954,0.0,0.03131272290217856,0.12754846389517716,0.0,0.04227072660349116,0.07764042214379523,0.04543538325263893,0.04581746474156701,0.07988720158730823,0.04454750372268394,0.0592159026693881,0.09628613394061576,0.09268908173436734,0.03914741805468697,0.03702697426492874,0.0,0.1677635681983535,0.03811194624248615,0.047732681247755045,0.0,0.11880445387047613,0.05549890219554302,0.04969640100276299,0.09506866250141828,0.07459818706521715,0.05328274665749761,0.03232203440214135,0.08268806756592802,0.16759326281921616,0.06426673929227159,0.056406113911260714,0.14200400622167889,0.04770559028100728,0.0966191738555121,0.05853760130717104,0.17877613129590875,0.03786287183794666,0.0,0.0,0.19974109038214494,0.059380101559325056,0.115090671869275,0.10667365824868819,0.08670253638088578,0.0896325936325552,0.040368087478801024,0.08663421360189319,0.15629201917122992,0.0,0.116228490050307,0.06617429304351104,0.020787724251481086,0.07146855632292584,0.11538776880458243,0.08058646920386618,0.08640820405898438,0.16699532499368572,0.062311028957847694,0.03995682003525818,0.0,0.04498431694668974,0.02450067458190509,0.07687606730673877,0.0,0.04461307532242094,0.11407175092732157,0.0,0.07906386045168554,0.14670465394897791,0.03567995433684263,0.06216226624274031,0.09774608856991135,0.0,0.0865689369024611,0.0,0.07349107068420187,0.03307667202070667,0.09293954416044263,0.05618883995078219,0.23614165764751197,0.0,0.06494088014887524,0.06303877291117736,0.038712519352305276,0.023415604640956753,0.08804613888825107,0.03906285992530879,0.0393076622392367,0.22034586002209544,0.09447725596468748,0.06436431699730126,0.0,0.05424568358183372,0.0,0.050638189559220885,0.10135834228109664,0.15852643866887808,0.057860581085396975,0.08361233711150859,0.10039210311463047,0.03389152698146947,0.0,0.08824125758222931,0.048896338633314926,0.0,0.0888271197438389,0.07886427526133262,0.04996003734800536,0.022547995591381417,0.08008760578465329,0.0,0.10842180863809606,0.07475237690435658,0.1050187665402324,0.09443512616140191,0.2801713869955015,0.0,0.13342677184792806,0.17645002620083197,0.05771514175920179,0.0,0.06538832410758465,0.07293893475114285,0.08767506803884259,0.10191482611053168,0.0,0.10032152769634681,0.14248232202365635,0.0578589097767463,0.0284243573265108,0.15755186780070113,0.029899215855278966,0.0,0.08675323443959011,0.05005796994567931,0.034527546467887235,0.11498458731314483,0.08323952634458778,0.07123322838093851,0.1219987684238783,0.0,0.06511735045745311,0.08072919899773452,0.0,0.05417950627719692,0.02239078777090163,0.05742711136304554,0.0619594931945481,0.062207585908966676,0.0,0.039029538839892214,0.0,0.0,0.0677781420028868,0.14284438089419604,0.12997261176137,0.07114833547190724,0.0
2025,12,Indicador de calidad por riesgo con castigos,0.04202128874174801,0.12355481826678227,0.11801494480593033,0.004421313186657953,0.05309065770944044,0.02696694389775174,0.037655671865742785,0.013983390410165502,0.15078211432547453,0.023039994811646442,0.0,0.0,0.0,0.134146860779835,0.020411313461310907,0.00719027020062472,0.0,0.010013281689186436,0.15282937035844796,0.0,0.07976365807585876,0.03349469863816639,0.09751557124432562,0.007172383545538966,0.0660273114327973,0.0560872994918263,0.0635797892824053,0.05269877757394453,0.007588264589607136,0.006240482522962862,4.3829117023684315e-12,0.0,0.061868454173942454,0.0024456081131490758,0.00545923992157088,0.0,0.1165918085701795,0.09898364100219277,0.03600479612271299,0.11955784574107262,0.01179318390314341,0.08485437515566051,0.0005006095903153528,0.08075632770158261,0.0007173288577068998,0.005264749075796266,0.0016511521648834078,0.053862711861491074,0.0002926178977614832,0.10565949970487264,0.006076264198066033,0.1334655710885838,0.009295675052760575,0.0,0.0,0.05992008971921809,0.0179815933829409,0.029967466317627343,0.004575603401103874,0.019140474580909967,0.0763484851161537,0.00953620031987732,0.07761886615041504,0.04839592427092278,0.0,0.041275702605081246,0.06366693133911631,0.021025714712429085,0.002705748978127348,0.13128396953647822,0.015911835174260237,0.0166158134663062,0.10922179448908403,0.04068268960857349,0.006992982201312604,0.0,0.02232690672384082,0.03537795868136339,0.029991259114411847,0.0,0.04335836572694288,0.12261582538670848,0.0,0.018226800308847067,0.0004959208889515132,0.053377045291511306,0.12183319266968587,0.11592596588419488,0.0,0.026650415698106947,0.0,0.005566782443825517,0.0049294730250241175,0.008140290437391853,0.030402726814749915,0.2537491081591451,0.0,0.07155352797061461,0.03437306166580879,0.002593185367294549,0.019904945932992302,0.015622638263963666,0.1352100771715238,0.0007092749026371522,0.18921925502867026,2.9109303521222894e-11,0.17875102518728833,0.0,0.01790579319569963,0.0,0.06381683289689367,0.04454940726150158,0.025576241110891195,0.01653782845057315,0.11725698541446869,0.01729967786355535,0.02973530148043042,0.0,0.016731872119218033,0.015894830729360827,0.0,0.17699048968811432,0.05000540065180172,0.03649466489509746,0.0011315555051812191,0.04251221809503681,0.0,0.015595152683438557,0.013869626791546246,0.009431881316128815,0.024279056987056995,0.18099958129086788,0.0,0.04646680679921898,0.05816713994078403,0.022401080935287178,0.0,0.041976176268384666,0.05099062146399709,1.9374817549405652e-11,0.043435439098601855,0.0,1.0806440876284885e-11,0.044421026555912006,0.03784339718790787,0.004396930573696372,0.1053185425264619,0.023057064388949076,0.0,0.06345476691597014,0.032136653361993034,0.06548523872334235,0.28300012198405194,0.058364243563017094,0.0036176427976294737,0.08987419240485821,0.0,0.023615515417647857,0.0038118806391604907,0.0,0.07607995169828174,0.0049232276697551884,0.01625558320297639,0.004493900114994405,0.06401051610283393,0.0,0.24817016487810792,0.0,0.0,0.006871363783065945,0.010181313624553656,0.7913166517609291,0.016152679455435994,0.0
2022,1,Activo Productivo,0.8686409568861767,0.8413013041188175,0.8643882912028441,0.8103762778881588,0.7373470903604419,0.0,0.7544358354700149,0.0,0.8868984101448932,0.8909073487002437,0.0,0.6399553721132337,0.0,0.8990720532162436,0.75318681100103,0.8656132685360867,0.0,0.8068126584284244,0.8186215065070702,0.653044488060416,0.0,0.8550931432499909,0.0,0.9147575397679827,0.8930653565884702,0.9619663374127609,0.7248950967201099,0.892174982191415,0.7953088239460371,0.8555230611696555,0.8786961361316333,0.9233280722912718,0.0,0.8713596630460647,0.9417478688005256,0.8271944746555824,0.9821244200222154,0.7652524388387989,0.8364846869694391,0.8807802957133019,0.8925507587986398,0.0,0.9543981777999871,0.8822513665978009,0.9368621757677077,0.8480224894385656,0.0,0.8349000391465455,0.922460053403946,0.9247719486701858,0.86562930616153,0.8867818066133406,0.8620336671257115,0.8365214931160446,0.9978023027859133,0.9589661674508649,0.823112785850903,0.7843985833624483,0.8968734190721426,0.9151706741375344,0.8981954168455377,0.0,0.7944636618865221,0.0,0.0,0.6373778654345126,0.9684510230590083,0.8508176953057937,0.6372280971436841,0.8136010267784772,0.7841230555878819,0.0,0.7319913209919853,0.8372584859250984,0.8750253899891297,0.0,0.9413862528277603,0.9307767480165832,0.9796972351681359,0.0,0.8925656212535611,0.8789216627941342,0.0,0.939766376208561,0.8522279370473442,0.8223047343289784,0.8595336822800931,0.7489189429873114,0.0,0.893784471582726,0.0,0.904330403448453,0.8378889338983658,0.8600753296826438,0.0,0.7795974611553628,0.0,0.7544408399215624,0.8988105781925692,0.8813303065683725,0.9155919178488844,0.9266767885374712,0.0,0.878768319913535,0.0,0.8460881753136043,0.8588090428047217,0.0,0.8859948722449974,0.8217109407921367,0.7582475887945151,0.9192109395108168,0.8761720432706023,0.0,0.8391448751007895,0.6399622929418777,0.8806558830484154,0.0,0.7959797567694671,0.8269197634657236,0.0,0.9010010868063336,0.8165369481391365,0.6081419383789657,0.8971820530598595,0.9626036019801351,0.0,0.7668075844129002,0.1646732172001112,0.9117152058100443,0.8778449424288851,0.74126879032881,0.0,0.8509597906732429,0.7905230605871757,0.6335780622478339,0.0,0.9079656999469637,0.9198707488803376,0.7954016782094243,0.8400354793726957,0.8083009996919073,0.9512366667993615,0.6882962573399402,0.8095062206642943,0.9307087640062337,0.8905000482456895,0.9440489392213598,0.0,0.8804345912809258,0.5742063371043723,0.7934173441486762,0.9506801959825815,0.8199337860115825,0.933577481115581,0.8510381141454426,0.79546362201259,0.0,0.7280582363809147,0.0,0.898263952982822,0.8745829226026077,0.9501542596383115,0.8075718420648149,0.8442851494821496,0.0,0.7206625779455385,0.0,0.0,0.9626587564884104,0.9156792838249965,0.8901960749552024,0.6466696752490033,0.8917179264460681
2022,1,Indicador de Cobertura de la Cartera Total en Riesgo,0.06695372648052172,0.04093378995823768,0.09376729186001517,0.02237360639766263,0.04662519261897532,0.0,0.022009404034732578,0.0,0.08843321781195489,0.0251517905071787,0.0,0.03740144856810054,0.0,0.04184492432622634,0.030093708480727073,0.10247931665952088,0.0,0.024234802844150336,0.07155629894137344,0.11864448392786733,0.0,0.07297739679059051,0.0,0.0918065183581884,0.05741323871115338,0.05268509123227725,0.029498764949171134,0.07696299363105352,0.049084304371904364,0.04889533257732002,0.0241384554550746,0.04044365093828014,0.0,0.02372584270847617,0.034156731252929694,0.04725815824032366,0.16018496064516197,0.027887566463987358,0.045766646331571036,0.06662200595597971,0.043371653935820535,0.0,0.026325930516376387,0.06324253689594637,0.008953809684502635,0.04057813174064405,0.0,0.0330694205108692,0.06314345908856762,0.08171498458827328,0.08346085085206961,0.14913708415328505,0.03959288028342052,0.07937597134380443,0.10868393232403127,0.0911427292081964,0.04587473621015554,0.08167558730472539,0.03406114647325324,0.08616888883686752,0.08687933347781208,0.0,0.07584931882890894,0.0,0.0,0.08550581501534753,0.07612408599807828,0.033486846552622504,0.032593724255066694,0.043594304381398455,0.08412973640644038,0.0,0.0870090727839873,0.02176606800083136,0.01852793758961709,0.0,0.04045287741427021,0.057369578321048754,0.034150276566331794,0.0,0.035378089239712196,0.1047681386010536,0.0,0.028448867331386775,0.023325817626685324,0.03737358977453628,0.05063263987436349,0.03235285068905743,0.0,0.04570510211803479,0.0,0.0364145936084442,0.029561894326406084,0.05352139268715129,0.0,0.0677015541758426,0.0,0.06081750610963687,0.07147400606297022,0.023043558206556673,0.029170998270419534,0.08986225641193892,0.0,0.031054880528011218,0.0,0.02662205622030403,0.13362451641921355,0.0,0.05076222495285923,0.08660003362777566,0.04927218921011527,0.06898978845467528,0.048894185354604075,0.0,0.048539423231874004,0.06927211012789072,0.039798039711133465,0.0,0.07204196580318424,0.04145067100544906,0.0,0.042222830660929335,0.08489516847976693,0.07749731444475903,0.056216620397784814,0.05696778464939324,0.0,0.05738323268677118,0.015164047566612722,0.03836050688004665,0.05094671385929873,0.13522423843301087,0.0,0.08021096276343789,0.07951456001235986,0.035224021039940094,0.0,0.039901814572890014,0.061694589152243066,0.033511539332056174,0.057183684134843434,0.0617174925168526,0.023530608508053944,0.06978000478729839,0.03197867053540116,0.021317649882142933,0.023437067850162824,0.03747049840344746,0.0,0.04336839115372063,0.1499172010686045,0.04390216173811634,0.0465286962452955,0.10764351021362811,0.01772550813355868,0.044253635089778746,0.06254281236329233,0.0,0.028110605787453384,0.0,0.024248960659310786,0.02453788140011106,0.028445375867174747,0.03337051361721017,0.04151278789265759,0.0,0.0411554807745802,0.0,0.0,0.06679419836942983,0.01823593314090878,0.06276415029001822,0.08451013500242506,0.16391535053118575
2022,1,Indicador de Cobertura individual de la cartera improductiva para la cartera en Riesgo,0.5858035108586562,0.4579304235479078,0.844133755021194,0.9436574057522225,0.805579866434226,0.0,0.16301121496998522,0.0,0.8474205183692941,0.487884033856017,0.0,0.5018578750363941,0.0,0.5380387581944871,0.5237210548189762,0.5920622885267863,0.0,0.32979923888148704,0.5419474774799702,0.6129939942386537,0.0,0.48449544438510916,0.0,0.7553907006235184,0.7648317332739197,0.609567632373466,0.36405424164956357,0.32600882030491796,0.4614715391873035,0.5605796585537096,0.6915009869639237,0.683050120536132,0.0,0.5099250704150589,0.492649542741294,0.9572429163720849,0.8151099512313461,0.17422663316217044,0.7220633158697005,0.7243839964263955,0.37422879427780215,0.0,0.2078454231278733,0.8225010027275155,0.02544356256714924,0.6716271700555805,0.0,0.6060973266218374,0.737431079717449,0.7094819779650959,0.8275979677502855,0.5571122790650103,0.8764981333213578,0.41650022499007233,0.34878686520679714,0.8237726291292664,0.6931388871108831,0.6878860809569485,0.610037077774513,1.0,0.745750494789075,0.0,0.8014581879555804,0.0,0.0,0.49697416108898473,0.5514756084155401,0.1598077784472156,0.4794414100638477,0.5300411426942645,0.6769891833692964,0.0,0.4555857496994872,0.4407231467267011,0.9197917526230835,0.0,0.4610172967675613,0.2818873359845383,0.8434553619249896,0.0,0.5600309119420516,0.8512284092885436,0.0,0.6153650570874836,0.6465743855073031,0.6691665844971058,0.5211363415430181,0.31381723254820365,0.0,0.26251428855073006,0.0,0.551875955311756,0.7007007734760693,0.3401372992634636,0.0,0.5807558532992937,0.0,0.43255319696627487,0.9999999994735564,0.6878789397473897,1.0,1.0,0.0,0.400332217487003,0.0,0.0,0.7982918114422292,0.0,0.6558057020550768,0.9005392225015804,0.616347706065845,0.6442016354686454,0.8631240697142067,0.0,0.2879337744919809,0.9999999981677904,0.32654025071698234,0.0,0.8379229457994334,0.5810438193086367,0.0,0.5416167966336527,0.783457981346967,0.34528857787061584,0.5840071400713301,0.6436989260321817,0.0,0.30747806179102516,0.17044184944781615,0.6922817915114474,0.6001694337613471,0.5057189197120266,0.0,0.7331801725572478,0.9058136550818773,0.7443014092934317,0.0,0.6436624954054088,0.9118353090941248,0.917418177457347,0.838493122486987,0.5625474691319157,0.24743224971853517,0.44850718306206216,0.6055184144678932,0.2540072047313594,0.31004944820289926,0.8367330843294432,0.0,0.6203853205434151,0.7025953906103891,0.6697108860975691,0.5888134085911066,1.00000000096361,0.17380866742964715,0.3709576958000083,0.6484576535161457,0.0,0.11247321707842979,0.0,0.3194380523136399,0.44860912100845834,0.7150201936747171,0.5151314902177483,0.7367803635282697,0.0,0.5423205086823207,0.0,0.0,0.40658589856299615,0.2222468140641748,0.6755720832510479,0.5575350274582981,0.480717173624434
2022,2,Activo Productivo,0.8782955559013239,0.8493418927809009,0.877235076637335,0.8068097721735731,0.741490432138373,0.0,0.7668248104979122,0.0,0.8761347711377633,0.9054246691418367,0.0,0.6715514121825359,0.0,0.8881840258626987,0.7574539541080214,0.8572288780052444,0.0,0.811376129169598,0.8208440151813603,0.618961086687198,0.0,0.8603809942954598,0.0,0.9440713662805889,0.9032025521214869,0.9517354019479423,0.7162270013490324,0.85995075963349,0.7739165877693781,0.8522122771273196,0.8840473400979009,0.9231300430257622,0.0,0.8760762028143773,0.9511214918622134,0.8224243768740128,0.9831017305518266,0.7829230704391139,0.8366453830132947,0.879846249833794,0.8899640313042804,0.0,0.9543822113379207,0.9133320601279599,0.940594531197518,0.8609957547468344,0.0,0.8339933232818492,0.936199720762624,0.9210519582916591,0.8410890077735718,0.8788399151190027,0.8567807147645686,0.8435638167662072,0.9932951446252815,0.965247436585694,0.8336516246620135,0.7880600415448427,0.9125287979619452,0.9123820850293396,0.8945399002392489,0.0,0.8136770873488254,0.0,0.0,0.6335740511044572,0.9571435013341729,0.8385894757585001,0.6389855259124105,0.8041883083027098,0.7876244610838513,0.0,0.7345157129855722,0.8268548619479579,0.8554812766868719,0.0,0.9492404394686872,0.9537265055930814,0.9739619321516622,0.0,0.9047426771679578,0.8836133088836219,0.0,0.9398196821745235,0.86638602725645,0.8159076408140465,0.8780738510625182,0.7449110850292753,0.0,0.9040687457193552,0.0,0.9058279316671248,0.8409340124371579,0.8623061041730952,0.0,0.7864583401614518,0.0,0.7595408321790665,0.9336486292043854,0.9009970810119706,0.8932916431507363,0.9208963999100525,0.0,0.8871199954826195,0.0,0.8302356651953869,0.8652066419435029,0.0,0.8344979601836283,0.8384127766122351,0.7748082298386844,0.9244665354616531,0.883349489049377,0.0,0.8373642401255993,0.6310120059902509,0.883282146197653,0.0,0.7817431124809214,0.8358769887441649,0.0,0.8858621772010951,0.8194704844494016,0.6153062429412139,0.9238520828267338,0.956303266956943,0.0,0.8140094555118487,0.1702140151949134,0.9034932804428797,0.8983423597290564,0.7302711642291376,0.0,0.848527846389074,0.7354372299331375,0.6291793440356503,0.0,0.9288147330749893,0.8899093253877497,0.7978085473455648,0.8357955551707441,0.8127758125371415,0.9237068080847003,0.6907134023177843,0.8057534822353981,0.9329828868123088,0.9018296417246411,0.9376418191447764,0.0,0.8863721187869421,0.5948357317888672,0.8097546641867027,0.9445649604198143,0.8244184096656827,0.9279003255314885,0.866026529546638,0.8038940276530048,0.0,0.7235394460104559,0.0,0.8792686850938388,0.8658889977504877,0.9577899509628108,0.8041428993988532,0.8583868625354426,0.0,0.8040350243002105,0.0,0.0,0.9698021849462382,0.9144341723201397,0.8950996029485718,0.630766914419372,0.8903415271870138
2022,2,Indicador de Cobertura de la Cartera Total en Riesgo,0.06725894986375063,0.043618541163454816,0.09496124905059675,0.021239312868828165,0.04561754683003815,0.0,0.024095010926789263,0.0,0.09066524086422427,0.02538979389918425,0.0,0.03915873292499177,0.0,0.041514882149949604,0.03390974890750864,0.10545898107223697,0.0,0.023802419217810445,0.07013364710894932,0.14537250629993456,0.0,0.07378002523185287,0.0,0.09413755173451216,0.05719616732709481,0.04985447911350151,0.0299682790086916,0.08453778369235447,0.049518978322135844,0.04886822915660018,0.0239221883296726,0.04079969621026758,0.0,0.023610378231675326,0.03368818098935398,0.04755878317106074,0.158029425198508,0.02697795771747863,0.04582824774685542,0.06736754891100184,0.043356011755001325,0.0,0.026445314889201384,0.06232660144346648,0.01056293728697688,0.04084171237018849,0.0,0.033790471772944475,0.06322838591728053,0.08339402889114271,0.08287765394390328,0.15114697495006518,0.03893468793924583,0.0789780279680487,0.11120532891227589,0.09178055633555608,0.04627605173255763,0.08186544349439792,0.03494280551967631,0.08168195650918657,0.08667886525511133,0.0,0.07443675542447911,0.0,0.0,0.09131560933460603,0.078167801455021,0.033214902635992,0.03278606591478313,0.04458036741663539,0.07664115591686853,0.0,0.08806967213698928,0.02149111396777764,0.017552629787507754,0.0,0.04223791651056643,0.057706414270558275,0.03359007938414479,0.0,0.034958618644947606,0.10553981198780975,0.0,0.028426036903708016,0.02346354580637312,0.03710997776037986,0.05032804508948984,0.03305005602792584,0.0,0.04670232962967539,0.0,0.03660946926277437,0.029544603718495124,0.05131048825127523,0.0,0.07395715413941316,0.0,0.06393847737041564,0.06864778386850554,0.022638886085442986,0.029001176496464328,0.0898526478502726,0.0,0.030705204332496693,0.0,0.02656299063311063,0.13947072801292842,0.0,0.053246465218101016,0.0867555605453063,0.050159827156823926,0.06659099639077312,0.04604337604692299,0.0,0.050037218061249264,0.07384251814839578,0.03971666563743531,0.0,0.07625886846414717,0.041356444451213,0.0,0.04639476119771157,0.08477836480579802,0.0759479963609392,0.0563138660770832,0.05825354276656274,0.0,0.05709763410019245,0.014568098901627101,0.03817099059974796,0.05448252124175711,0.137710077676347,0.0,0.07991603284402694,0.08892110349575696,0.03526394331418494,0.0,0.03963695161576532,0.06158373511314438,0.03456013147467666,0.05540637157795352,0.06019549228748998,0.02358555367540686,0.06832365819861955,0.03319759056142674,0.02110230815774558,0.025249802672616988,0.03679783848180257,0.0,0.043593801946915485,0.14700435395828873,0.043890158495704525,0.04867957464464131,0.11464974894001166,0.017854709278394543,0.047816131648515864,0.06267033677995325,0.0,0.028415077489277626,0.0,0.029877694193623384,0.024649790277927398,0.02844911630870729,0.03312726151020391,0.04109931894409008,0.0,0.037321383499990785,0.0,0.0,0.0674076030926688,0.018067582984179802,0.06254802766256201,0.08865997523886168,0.16282278968998193
2022,2,Indicador de Cobertura individual de la cartera improductiva para la cartera en Riesgo,0.6600965510832457,0.4579382509660898,0.8466873081344151,0.8674825906119831,0.7918697596422141,0.0,0.19150487332065302,0.0,0.7692056473419608,0.46521171871931627,0.0,0.4768413833906011,0.0,0.5334273738701126,0.6067383131215313,0.6126511039994181,0.0,0.3804736294174494,0.5538066376082338,0.5400225161011033,0.0,0.5051463202673638,0.0,0.7592604959041831,0.737114303678275,0.5211991008720629,0.3703425383697234,0.3720119575317579,0.4628381553252983,0.5522011189120403,0.6972836980148462,0.5932102680436948,0.0,0.5163520735008774,0.4832793474577934,0.9529223328491773,0.8153367807556985,0.21374066702732286,0.6189880905408109,0.7278172842107984,0.35215149663825895,0.0,0.20974946320141533,0.826567487045589,0.14240503182030134,0.6719130750889114,0.0,0.6226419440402268,0.7346466464075702,0.7220090829079528,0.7635747610019478,0.57825484473686,0.8834547555958396,0.42061452536858196,0.3693508032747401,0.8221274071948756,0.7080680765465668,0.6911906332123036,0.6302746383763203,1.0,0.7270293968756334,0.0,0.8353881474821238,0.0,0.0,0.5036734596565201,0.5495546875990664,0.13792718669629978,0.47859059442011703,0.5326916964864137,0.5947857978612162,0.0,0.4654282207791467,0.30619835526448813,0.9616853580410399,0.0,0.4670511565217778,0.3072541664021394,0.8220736658970487,0.0,0.5439346550608933,0.8096693021346293,0.0,0.6216364279119787,0.5933948035785604,0.6710791690160679,0.5430238370700523,0.31467405713876845,0.0,0.3417544776310042,0.0,0.5369531719283438,0.7048575167233072,0.3916226238481258,0.0,0.5892611663055883,0.0,0.47658741618028555,0.999999999434866,0.6904046870194259,1.0,1.0,0.0,0.3986096065610421,0.0,0.0,0.7783064981257842,0.0,0.653628551820914,0.8592727607008627,0.6486080994754133,0.6503413797190847,0.8710334830150758,0.0,0.313770813554112,0.9999999985221659,0.3167157907557008,0.0,0.7907585048632321,0.5963433928808578,0.0,0.6062523691058538,0.7843870672871165,0.2735663244430761,0.6099592715953157,0.6623676231643025,0.0,0.3367841112285022,0.1498394438848794,0.6931632415950458,0.6614310247116589,0.49128095446006054,0.0,0.7511778074620985,0.5038212535384119,0.8019864772309064,0.0,0.6126733176747192,0.8873935915414952,0.4789434721310358,0.6171075520142468,0.5901517491656193,0.23632453048192795,0.4490004904484199,0.5593886601076704,0.2566578428523141,0.33195501604558275,0.8428240691021154,0.0,0.6126005329058308,0.7468977016988377,0.6740927303870585,0.5971612065972398,1.0000000007422247,0.1642782030463734,0.3872862419138472,0.6496018610609902,0.0,0.11046240634853367,0.0,0.25186597661275534,0.4381103538498252,0.7236940918058503,0.5109668067388365,0.7007540794826378,0.0,0.5544223138236046,0.0,0.0,0.43001408884612646,0.22584320076000408,0.6908783557546019,0.5730382549465756,0.518099836240794
2022,3,Activo Productivo,0.8747314917884709,0.8543939313755391,0.873203102783218,0.8064226042813356,0.7503269467769657,0.0,0.7572701770848989,0.0,0.9005860027760754,0.9185003169190107,0.0,0.5983537585548627,0.0,0.8934230278054908,0.7658680274482251,0.8620960585233786,0.0,0.8220938961779433,0.8183483093683656,0.6093664094100613,0.0,0.8733557059964174,0.0,0.8997653797031508,0.8970998122787507,0.9580527443654057,0.7099091940520009,0.8756990583855899,0.7502667054162773,0.8500874318585963,0.964341466530162,0.9206792431499133,0.0,0.8784349561339616,0.9559114944676398,0.8266868490555334,0.985222110112672,0.8009022762987944,0.8502276214479945,0.8717490674617296,0.8865940744198932,0.0,0.9572357027654564,0.9279508587632719,0.9292285177981102,0.8562673919435617,0.0,0.858141344358093,0.9066531925122225,0.9190430630186157,0.8601822557987298,0.8591871246783012,0.8567346004343215,0.8402387879324326,0.9840530678481856,0.9661997317663721,0.8347912697081535,0.7922281892718062,0.9108118030471939,0.8815869564717519,0.9040780319805465,0.0,0.8206670696741548,0.0,0.0,0.6318488292442931,0.9510393933499319,0.8362916427171101,0.6264796892484178,0.8333922561099952,0.7972161481436825,0.0,0.7590736031599777,0.8176204832467519,0.8510087523147973,0.0,0.9602251705032872,0.9617332048298843,0.9756494861070456,0.0,0.8921222128212717,0.8797067514516782,0.0,0.9421382201739835,0.8750491207322176,0.8197575068318356,0.8916798762232961,0.7547587935558505,0.0,0.8904366935034964,0.0,0.8911407787606251,0.858406357938123,0.8476773948573587,0.0,0.7775392418998684,0.0,0.7751980143369277,0.9163985045468133,0.9093772157236208,0.91290817294343,0.9304445188868536,0.0,0.8988536362038586,0.0,0.8595883285832464,0.7861386127738832,0.0,0.8525271461909465,0.847000065071118,0.7778303895887952,0.9241953617647709,0.8809256822895931,0.0,0.8571760626304877,0.6115791236822964,0.8876170704812677,0.0,0.7768347139915158,0.8563897150366664,0.0,0.8730007003118802,0.8242195443916932,0.6041872587677228,0.9206319756562119,0.9585969098839414,0.0,0.8140359019529779,0.17406634813751293,0.9100931160374716,0.9184888880517076,0.7338005590359007,0.0,0.8444492720023007,0.7685821741354144,0.6264475676040353,0.0,0.9202350148667926,0.8878002937161864,0.8330320144321696,0.8251236421322067,0.8191153000695817,0.904969809378679,0.6821924006182007,0.8281691162029576,0.9344160760216186,0.9016790386072155,0.9286829695021551,0.0,0.890463384449922,0.6010781554134589,0.833050399472028,0.9372771030977916,0.8176661899958728,0.926567811161635,0.0,0.8096965077265204,0.0,0.723500859347564,0.0,0.8787543624863632,0.8821783278706853,0.9625276420568123,0.8175255200363207,0.8822117942307814,0.0,0.8259150969684554,0.0,0.0,0.9661185191275555,0.930146429061991,0.9039951449818381,0.6335538141776604,0.8877836131379726
2022,3,Indicador de Cobertura de la Cartera Total en Riesgo,0.06832207242768888,0.04491761760957826,0.09410708113703742,0.02237761490739163,0.04598343849559087,0.0,0.029956294334273315,0.0,0.08921296304476131,0.026970228307434937,0.0,0.04414186683571564,0.0,0.042239978890789405,0.03357150963255429,0.10495785360685206,0.0,0.023749486877696662,0.06854424525769919,0.15201167250887246,0.0,0.0735037018194796,0.0,0.09318006294331696,0.057081808807455406,0.05482800293410564,0.029992361785438865,0.0844087602223962,0.05173901620193186,0.04862366254297679,0.022734250113769856,0.041242030749035444,0.0,0.02349773004273398,0.033758225298483845,0.04463921841430601,0.1567446125941972,0.026642828079179053,0.047572715314927204,0.06616392961013208,0.043167017026247416,0.0,0.026530370176964403,0.06105344523245868,0.009289420155225795,0.040353611566773806,0.0,0.03539508245016248,0.06321268542305407,0.08204397855703112,0.08180971097435431,0.15427879356290217,0.03820564059635099,0.07964873119514215,0.11014871216307563,0.09261896458732878,0.04644207327221812,0.08095561955083358,0.034373960927136835,0.08233561255778338,0.0867690164224384,0.0,0.07425980737123056,0.0,0.0,0.09106618356392102,0.08224736741314655,0.034063067179375565,0.028326561030001918,0.044774565757915406,0.0699976905667284,0.0,0.08676129889734935,0.026450279117782808,0.017936954155155047,0.0,0.0383204121553573,0.0582086383012995,0.03327246859735387,0.0,0.034791800678272825,0.10536072209078311,0.0,0.027933656360707857,0.02321417700943381,0.03613085861790766,0.05006725039403664,0.033362111390885886,0.0,0.04423043300757325,0.0,0.03553717347432106,0.02848584373205237,0.050912583737447385,0.0,0.07951642434995244,0.0,0.06488736111104282,0.06877751821276208,0.02284685334756895,0.030123359940516913,0.08974045713513848,0.0,0.03057824860007668,0.0,0.02621330007812147,0.13657198808496618,0.0,0.05458494257452387,0.08482276832516361,0.04930177140304696,0.06509401599014784,0.046968713935000114,0.0,0.050770624149769045,0.07276864783345109,0.03840154635474432,0.0,0.07145131936452885,0.041786653128780785,0.0,0.04728517412907768,0.08354988474279013,0.07749203696912778,0.0563423733650074,0.05944861079433868,0.0,0.05599230161111526,0.013944546828864673,0.039266884437521785,0.0470180868762566,0.1524649073905734,0.0,0.08060088932879067,0.09602601710155155,0.031674956323796584,0.0,0.04003327172464377,0.06167746104641945,0.03497527265543585,0.056069518555055924,0.053178330746604344,0.024320712313714413,0.06846261454750338,0.03363952726928543,0.020683148796880112,0.02756055886004723,0.0360757748627793,0.0,0.0439434947313551,0.14201530846308283,0.04301978174650836,0.050221653447768334,0.10677635853748974,0.01813923950994512,0.0,0.060275487610713524,0.0,0.027286384398686907,0.0,0.031734503154972664,0.02413300978737859,0.029018263486897955,0.03329217605033627,0.034573280636284794,0.0,0.033627237156799834,0.0,0.0,0.06462122685019947,0.017504616351411702,0.053742724436295734,0.08760376824773164,0.16498897697197987
2022,3,Indicador de Cobertura individual de la cartera improductiva para la cartera en Riesgo,0.5836782251817295,0.4802739230008723,0.8535163840928878,0.8824750221631329,0.7142001703187402,0.0,0.24013900944537125,0.0,0.7596657319961904,0.5372952978185553,0.0,0.45929147664074566,0.0,0.5566644195648196,0.5095088382484311,0.6528851325364678,0.0,0.3704994622010316,0.5619500168746995,0.5715152144499944,0.0,0.5236530064179368,0.0,0.5619552175047581,0.7547041304022684,0.5390892987644762,0.37221183004158975,0.38389492705611,0.4811433660768645,0.6489940317830895,0.7653102010911174,0.5938608325724716,0.0,0.5402345833966035,0.4921876225161356,0.9885702245584312,0.8228270872302949,0.2347769597068537,0.6134015356601843,0.736939040961223,0.35361757103499547,0.0,0.2209774765641497,0.8412285095399348,0.007170791231869286,0.64202489336085,0.0,0.703381182539637,0.7448059841432364,0.7256734111286297,0.708319258865734,0.5589349219336295,0.8564829063565144,0.43147792086013503,0.43348307371035205,0.7936797754536685,0.7102734873735065,0.6808254647706401,0.6562563356148426,1.0,0.727549215901614,0.0,0.8258301292314788,0.0,0.0,0.5160107110505682,0.5726752892685704,0.22063880951747333,0.3532473026309931,0.5305642564344595,0.5393992441847284,0.0,0.4886058860390233,0.3849062134176427,0.29420378144680726,0.0,0.47080565863252677,0.34653791222207786,0.8249389726410805,0.0,0.5257704471748436,0.8175311676102122,0.0,0.6081880326499942,0.5599905394400208,0.6384163649789611,0.5474350772497436,0.32579147356580956,0.0,0.3505172410413019,0.0,0.5437258390141715,0.723469707251399,0.3372940109689498,0.0,0.6224517480122064,0.0,0.5218321226406554,0.9999999994427298,0.7380740818023062,0.9384557197486164,1.0,0.0,0.38968790560843525,0.0,0.0,0.7872225129129992,0.0,0.7095703496321336,0.8797244013902021,0.6969316816067834,0.7005409500758608,0.881879628302476,0.0,0.3199450043756248,0.9999999984053518,0.29574961916801257,0.0,0.8574510718532528,0.6107897924150204,0.0,0.6442517649966261,0.798414291309601,0.2656984336161114,0.5412726669949761,0.625923061495054,0.0,0.35882602949008646,0.13991361116074993,0.6777805643007849,0.7334878369571374,0.5578496634772713,0.0,0.7461716950682759,0.588113778281163,0.80705482139941,0.0,0.6221808347023328,0.8690197129733953,0.5186571150550143,0.4528163242709843,0.5388802517097966,0.25221961005703813,0.44933354057814123,0.5842740237095626,0.25434872709770906,0.3828667430263464,0.8435874799509896,0.0,0.6525912276307393,0.7797271216894595,0.686188601666913,0.6205820911389887,1.00000000096026,0.14187183147772361,0.0,0.6289386786107151,0.0,0.10538090008352706,0.0,0.3154098792951534,0.4355393763753655,0.7573739535291575,0.523090399879029,0.6330778406268367,0.0,0.07580843166819894,0.0,0.0,0.37907542453251086,0.21453775338885914,0.6748153230114126,0.5921058061132426,0.5402905501332849
2022,4,Activo Productivo,0.8699710384868191,0.8497334846709139,0.8825477848057567,0.8087570992868547,0.7468546698760895,0.0,0.7470311967500729,0.0,0.898567926651352,0.9187547221554605,0.0,0.5725305159404681,0.0,0.880956710238548,0.7701920096537765,0.8716492853553531,0.0,0.8155679215357067,0.8273399316850559,0.5903050840247857,0.0,0.8726962116415391,0.0,0.9129058739526761,0.9026997273596986,0.9549273090088637,0.716588777056353,0.8546415723835152,0.7267003593829208,0.8592346858980305,0.983698678900603,0.928357171310416,0.0,0.8823269296538412,0.9480410343567403,0.83894734715511,0.985840521351796,0.8098691029292043,0.8496131764605862,0.8725931606432143,0.9001306698313313,0.0,0.9590694009481546,0.9457709960085368,0.9462656681648856,0.821705737933693,0.0,0.8653385216694218,0.9147231957652359,0.927823576962352,0.8686178372070468,0.8833150952247419,0.8499015748570816,0.8494103660128705,1.0305753001907196,0.9651566796940866,0.8400585548039906,0.8056953741426646,0.9084690122742147,0.8952217689380293,0.9050076236225034,0.0,0.8182607127973935,0.0,0.0,0.6427023748105805,0.9516327730297571,0.8445789211408951,0.6357338993974977,0.8135521274749877,0.8250640806960142,0.0,0.7670601446449876,0.8222198385388397,0.8651346213931193,0.0,0.9650037743897015,0.953035302321221,0.9778281999177807,0.0,0.9122460584466288,0.886472975064451,0.0,0.9423887686522654,0.8853547616616979,0.8223837983891502,0.8997674681141374,0.7453981353908312,0.0,0.8869170701622651,0.0,0.9043541596241493,0.8766209230220884,0.8736815918672429,0.0,0.8321787491282694,0.0,0.7794655445497903,0.919982202928585,0.8943977087617357,0.9188604938589001,0.9463240019795166,0.0,0.9053336291129872,0.0,0.8589603335032532,0.7689369759248719,0.0,0.854680654505003,0.8567345582631777,0.8038107409773563,0.9254272626099781,0.880176365290918,0.0,0.8769851008775176,0.6180486095584996,0.8900914382912087,0.0,0.7308195760170018,0.8172542281671535,0.0,0.8591782139216709,0.8378726750108396,0.6034588163878656,0.91914624868998,0.9604553305530976,0.0,0.8280604975875235,0.18707251473295933,0.9108813731549765,0.9496209236469181,0.744510170977605,0.0,0.8453099587099204,0.7660489166524883,0.6448290068438143,0.0,0.9126247063706846,0.9106348510150176,0.806463698059353,0.8455065537901117,0.8227654480206038,0.9463855249007352,0.7037988345905885,0.8361026503743262,0.9379396687173822,0.905988809395947,0.9425540560792784,0.0,0.8934958738338938,0.6262241969492094,0.8390879464367129,0.9410539888807377,0.8149047313376699,0.9343674697328846,0.8611074788043737,0.8057602804255662,0.0,0.7300993026171253,0.0,0.873611560482864,0.8793400044188643,0.9647893916239126,0.8365384861949389,0.8766485147087232,0.0,0.8096735024497185,0.0,0.0,0.9778844279488009,0.9024350570608937,0.909102703112058,0.6503190726542085,0.8789682743348579
2022,4,Indicador de Cobertura de la Cartera Total en Riesgo,0.07062075808656756,0.04913633787250929,0.09571976209732,0.023408228560900426,0.04639064206774756,0.0,0.03748416967725752,0.0,0.08934496269617624,0.02656299591106569,0.0,0.047965364458941735,0.0,0.04275799342707385,0.03522529858202843,0.105728904543335,0.0,0.023885220698912604,0.06782104957095403,0.15540198691316703,0.0,0.07414686314169638,0.0,0.0957711656537492,0.05755231621225996,0.05673646637943699,0.03001087709101576,0.08452194867137794,0.05315868099344565,0.04849833334636159,0.02214885342026915,0.040855402919291184,0.0,0.023778553798725253,0.034223609754168764,0.043519438778384864,0.15556240486740863,0.02641474747803609,0.047521121852905704,0.06701372831256805,0.04406034076504437,0.0,0.02654812645172977,0.060113916564222956,0.009301886165757771,0.040153600794391425,0.0,0.03591033356852697,0.0638724698256586,0.08520812911752328,0.08262407092862323,0.14826384027776573,0.037342925909651346,0.08005180939814299,0.10931948467310858,0.09264495204928375,0.046554952138666304,0.08104139741459411,0.034919946559099996,0.08287645183670182,0.0869882200178144,0.0,0.07400866578174488,0.0,0.0,0.08916073091916894,0.0798576877697756,0.03381635277276255,0.03375421644729943,0.04909031171447696,0.0665797561481454,0.0,0.08365678241481361,0.027751189552225136,0.017527264965452642,0.0,0.037884408713553586,0.05854956794160612,0.03425681493543227,0.0,0.033432272682414395,0.10563843294960318,0.0,0.02542376432501485,0.024398554175628705,0.03662461006462329,0.05517279863369023,0.03417534938730425,0.0,0.04390363265444097,0.0,0.035023633328798424,0.028187091283279928,0.05097309683029714,0.0,0.08050047295402078,0.0,0.06551433206507817,0.07005036629746132,0.023294045878487175,0.030886174476168902,0.09037216351024234,0.0,0.03022232445374434,0.0,0.026171261045987715,0.1372427869163257,0.0,0.056385589363992614,0.08611800184557998,0.04913525320115797,0.06535632498324138,0.04825391036361474,0.0,0.051530443005353414,0.07169936385361166,0.03982797182243566,0.0,0.07057932914235085,0.041669882360971106,0.0,0.0472471207157783,0.083916390896235,0.07828280287440993,0.056089399128307946,0.05356276222071976,0.0,0.0552100979933679,0.013802083281924638,0.04045850632358683,0.04112004531300528,0.15406338265190034,0.0,0.08043912094091846,0.09433342952946609,0.03138190071084806,0.0,0.04094445709932238,0.06230740822902694,0.03669862983659523,0.04384773886894634,0.05250736592260457,0.02422284011911812,0.06662528023686551,0.03381981419081865,0.021026669271234217,0.029277417818972605,0.036214310206728884,0.0,0.044381568367617856,0.13769831345639869,0.04263037694240835,0.05169910976141942,0.10874325758055164,0.017791717804543528,0.05019178174624505,0.06081526331993957,0.0,0.02752634923094526,0.0,0.03662362969539694,0.023968075291436748,0.027996308658588737,0.033727763560687,0.034895735799325284,0.0,0.036666076196775456,0.0,0.0,0.06407709342966571,0.017335401075188245,0.055898124921805764,0.08593307959146353,0.17493050161584434
2022,4,Indicador de Cobertura individual de la cartera improductiva para la cartera en Riesgo,0.6711571902152197,0.4924867903751414,0.8582584651722359,0.8833221963072662,0.7203174148232029,0.0,0.33721811894972925,0.0,0.7466234197232723,0.5226440377152384,0.0,0.4889305175767385,0.0,0.5528241312832679,0.5975950312437687,0.6746067979823633,0.0,0.39771837154861445,0.5784239656178507,0.5343469195950779,0.0,0.5333299475015794,0.0,0.5666058398354948,0.757615250114059,0.5733625283582142,0.4237962286305107,0.3729606912426309,0.4376557195761653,0.6708694293237132,0.9442888147933757,0.5842386680776972,0.0,0.47300127499280764,0.4936592533804063,0.9783959137625106,0.8322110922796139,0.209711968006523,0.6213744149716648,0.7090746030616386,0.4053427089693285,0.0,0.24493056221261914,0.8299647849757396,0.007170791231869286,0.674505499559649,0.0,0.6985928398081311,0.7805543503802566,0.7357340296030646,0.6178246781478379,0.5626290803051649,0.8713649690624183,0.4466295985765153,0.4267855479932532,0.8443852701614838,0.7091194638953743,0.6809167860786033,0.6028500151971774,1.0,0.7236530409943192,0.0,0.8244871563477598,0.0,0.0,0.5170148214975107,0.5285170848723867,0.19985679918630242,0.5236903640048711,0.5849141846182876,0.48047179380564176,0.0,0.43755665932891036,0.3821578157663275,0.4124499468094525,0.0,0.4754348585874479,0.3635879320887274,0.8171791709140857,0.0,0.518332988578996,0.8278682846837109,0.0,0.5723783003835633,0.4466965416855671,0.6557549905855325,0.5481968668313403,0.31918807643152997,0.0,0.3455193409807492,0.0,0.5891297855445049,0.731055208830596,0.34602216028820937,0.0,0.6147822795095351,0.0,0.5426860510268314,0.9999999994975604,0.7781551843844957,0.9603299006686361,1.0,0.0,0.3786638318209958,0.0,0.0,0.8041907165096673,0.0,0.7473467760392056,0.8978499497695622,0.6985054617595654,0.6712198760966079,0.6808672809810034,0.0,0.31433050658500783,0.9999999983582225,0.2750561082085244,0.0,0.841835583058346,0.6042095663868603,0.0,0.6634852436496173,0.8015805907691089,0.2878129933540988,0.5692017628711781,0.4344346548138253,0.0,0.3418737431811137,0.14123424060740003,0.7181119265100151,0.7383107255505733,0.5450124646786494,0.0,0.7133363477622651,0.5863294128318726,0.7866343421511751,0.0,0.5440279309020429,0.9101086202012232,0.4140030685741324,0.2247871197908801,0.5829031407474818,0.25479817616515954,0.44977606614720006,0.5907412489620073,0.26871467873356797,0.39372384401267446,0.8405359220351339,0.0,0.6327144465462102,0.8136613565030445,0.6334300438865677,0.6155558774002049,1.0000000009044299,0.15718187131272165,0.3525529187788372,0.6071796469358424,0.0,0.10770396871726795,0.0,0.4127122363268138,0.4400030959057457,0.7518874500209238,0.5526349753324283,0.6938745209242012,0.0,0.06668131831793381,0.0,0.0,0.4243822949264178,0.20616939980440116,0.6984993922081767,0.5908863167647372,0.537656392178881
2022,5,Activo Productivo,0.88379005294658,0.8537871114453368,0.8902337155295423,0.8091183010175746,0.7635155603244997,0.0,0.7679373868682385,0.0,0.9068145525781189,0.9289166069445406,0.0,0.5655762357467049,0.0,0.8750692129816688,0.7611378125379582,0.8650327042395445,0.0,0.8331320258610699,0.8333680510721506,0.5637316227612111,0.0,0.87086283395045,0.0,0.9087226219378814,0.9036526841508097,0.9469331154783186,0.7210892670999303,0.859711110858064,0.7263523208537795,0.8193976084610557,0.9669890862183941,0.9281273872898312,0.0,0.8921243781771482,0.9629781694002565,0.8448408511441597,0.9894868967637096,0.8161460986842224,0.8378835188672765,0.8686384381630555,0.8854723750678603,0.0,0.9613056199630277,0.9561811343651646,0.9214709744287024,0.8356496728183184,0.0,0.9397090895085843,0.924398654539525,0.9108613574523192,0.8819282037651656,0.8509441347961353,0.8676592380489819,0.8310464616309886,1.0080414743861235,0.9710202171557615,0.8587473110432002,0.8158949626477834,0.9186290488034174,0.8860153709339303,0.9035317679721612,0.0,0.8468231055415788,0.0,0.0,0.6583594314959506,0.9652188359732421,0.8273658135290173,0.6417047558878407,0.8523876830400546,0.8551695592309391,0.0,0.7620897308364561,0.8125334143390188,0.8554126959350257,0.0,0.9551540314265068,0.9728140239707298,0.9819243195612228,0.0,0.9212817135325796,0.8955389829596171,0.0,0.9427756207670497,0.9050387263585715,0.8268487148820634,0.894512592761521,0.750924493643667,0.0,0.8954571129099583,0.0,0.915185016122266,0.882213144077395,0.8873029567362649,0.0,0.8664432659855569,0.0,0.7532835191800392,0.9352063747002205,0.9024023010360459,0.9293968170902378,0.943646459440619,0.0,0.9157922753400485,0.0,0.8791385850132863,0.7797260556458381,0.0,0.8267467969091153,0.8641192951619682,0.8263362862483985,0.9170795254948111,0.869515079465286,0.0,0.8796086154491006,0.6811835048282227,0.8795383604349865,0.0,0.7292350772581189,0.8178749726675708,0.0,0.861966361598336,0.8488259570804666,0.5919670099903945,0.912150240639885,0.9572253028918702,0.0,0.8284249747613914,0.1958466516438128,0.9147471619126957,0.9154831148287476,0.7368381182044477,0.0,0.8566547174862971,0.7567673757673827,0.6523608160691866,0.0,0.9266816428087847,0.8836496133204099,0.8613708218481951,0.8362310302530396,0.8420822932611995,0.9424343766953075,0.7295431441535408,0.838520881297037,0.9375897069700485,0.9019126302077052,0.9299501652682775,0.0,0.8867840893789092,0.6360789278390131,0.8321060161571904,0.9423464091844902,0.8227195975029868,0.9380359039944517,0.8733423300090504,0.818344261242082,0.0,0.770364396799463,0.0,0.8776692359856484,0.8938934020392112,0.967484124151932,0.8517081932094253,0.8956788073919444,0.0,0.842095341398466,0.0,0.0,0.9624589865894253,0.9208755726611487,0.9128354752045473,0.6355146042132357,0.8743490800073802
2022,5,Indicador de Cobertura de la Cartera Total en Riesgo,0.07281456550504412,0.05165782072097017,0.09651497794583962,0.023610214898958093,0.04576375104281536,0.0,0.04372147866683706,0.0,0.09014089419386326,0.02638234089535309,0.0,0.04947411287315899,0.0,0.04335744363596935,0.03515438005448747,0.10705073007848183,0.0,0.02389816364301139,0.06155656669377881,0.15804928071356736,0.0,0.07198296800502525,0.0,0.09340675963093498,0.056910800917407356,0.058793258123703646,0.029956660521789167,0.08251447034646714,0.053089176339437945,0.048612613708972026,0.02145655097802316,0.04048412290217285,0.0,0.023847852442264107,0.03415499344003019,0.041978834049496774,0.14742817209314596,0.027554359298246317,0.046387902558807016,0.0686043467650667,0.044067191720850614,0.0,0.026528258380365863,0.05976614347336705,0.009330882798980129,0.04038899159979661,0.0,0.03513444498297772,0.06538781761372446,0.08656082077507428,0.08307397671035234,0.13345553019440118,0.03697447539863896,0.08039041075747563,0.1114316024687969,0.09339884664108326,0.04660036604889749,0.08082942604522783,0.03409518310900699,0.0815963410050429,0.08739281917546572,0.0,0.07496296163350287,0.0,0.0,0.0878777624576297,0.08226754005425602,0.03386655499478761,0.03616693215924903,0.0503914304450026,0.06682094743097416,0.0,0.08467136399864993,0.02860008104053912,0.017366182297860962,0.0,0.03839736519037691,0.05811783062343042,0.03533820712085114,0.0,0.030502227785800744,0.10554155564800814,0.0,0.025600329417190183,0.022639727558920415,0.04014625884980632,0.055968091955008396,0.03476820252489976,0.0,0.04289467821569884,0.0,0.037299556851243316,0.028512509706933403,0.05042116700927758,0.0,0.078679589958677,0.0,0.044393938641664854,0.06911277020884869,0.023952123421145353,0.03071121007556057,0.08947233337318874,0.0,0.03016220828393294,0.0,0.026114176866715473,0.14622700456204615,0.0,0.05596199441118415,0.08227392938974909,0.050229113995350294,0.05536342824111816,0.04681959385287743,0.0,0.05260014148015197,0.07155788155061324,0.0413194231438148,0.0,0.07326105537110143,0.04214696705649244,0.0,0.04636735350712716,0.08390620016533668,0.08314571971522663,0.056121575378582665,0.05463926810292769,0.0,0.056723614325678684,0.013741206940511279,0.040493468012029146,0.04170369347498173,0.16353091219832397,0.0,0.08064469000083649,0.09400234529252367,0.0311878874124075,0.0,0.03981836808395259,0.05891558300908532,0.036138494112963944,0.04400606148338349,0.05211828528747283,0.024097550229301396,0.06456006989509587,0.03431868381658328,0.020712444478453395,0.030652905100583817,0.03617465020966987,0.0,0.04482740205936662,0.13565948181509935,0.04466308340125924,0.05146446923610145,0.11121933862580581,0.017468403293570748,0.051266162755883686,0.060568036750124746,0.0,0.025809501387531977,0.0,0.039912800022570485,0.023504271123585913,0.027560930491189305,0.03374278456801017,0.03457443632303746,0.0,0.03874680249926337,0.0,0.0,0.06362454242749072,0.016856378644828987,0.051505090797806276,0.0894779530523955,0.17864604569147366
2022,5,Indicador de Cobertura individual de la cartera improductiva para la cartera en Riesgo,0.7022702709739008,0.5161019116753144,0.8627568626446491,0.8902154139588317,0.7104034502220663,0.0,0.40193264674447154,0.0,0.7499794805489328,0.5330916575394627,0.0,0.501661470286674,0.0,0.5199012317312218,0.556653588012564,0.6892401361345779,0.0,0.2799565488123412,0.5598221759082199,0.5371783243500984,0.0,0.5062710623248802,0.0,0.5341922270453615,0.7677915886733019,0.5799134289468905,0.4612447198079008,0.36250853252750986,0.439671844622021,0.6836446159281278,0.5085746687614146,0.6825624888653242,0.0,0.4814664303565921,0.5083472534790511,0.9395308857295347,0.8192826783496042,0.266159069337132,0.6527335310252828,0.7101414213220041,0.3830114358340897,0.0,0.2586224967752256,0.833921289510099,0.000557413646672022,0.6761412899734239,0.0,0.7259038186988497,0.7853762509406755,0.740944366231156,0.6341750565975167,0.41048364865501696,0.9060608769942388,0.4736496522235633,0.37690909913830434,0.8495725304810967,0.7109016342265324,0.6920820998459561,0.6859103410298055,1.0,0.7517260547751703,0.0,0.8229381424411536,0.0,0.0,0.5175116394475288,0.5530385629764873,0.20003834447712282,0.5730791963538813,0.6050004005735568,0.48554205730541,0.0,0.4523744778230919,0.42487404304119764,0.41236889317677267,0.0,0.4822902578937072,0.37394365788030437,0.8307144621265895,0.0,0.45430257101179905,0.8243660110405245,0.0,0.5683900643778046,0.4872172884961823,0.6736708184300426,0.5162820583054802,0.3427992239149857,0.0,0.38937997199804436,0.0,0.6086949950495553,0.7421569749498275,0.38498894006739637,0.0,0.6369130971422475,0.0,0.3383714521349622,0.9999999994877581,0.7773256515123066,0.9999999976112477,1.0,0.0,0.37435114160859956,0.0,0.0,0.8189778196046699,0.0,0.761654279129936,0.8972215441295444,0.7309021536919819,0.6896198069779761,0.7051509476914638,0.0,0.33289090640840957,0.9999999983111375,0.25280356864562775,0.0,0.8355803930511293,0.533384043538961,0.0,0.6347348569471737,0.8137506501282662,0.29040233968282586,0.576024110601801,0.44421429862515016,0.0,0.32905423865279326,0.14063443726907776,0.6635384434955451,0.7337257858789333,0.5954525743075665,0.0,0.6628648772638885,0.5600941408968748,0.747877068119025,0.0,0.5880792817911102,0.894506218685105,0.5659179242886457,0.2513079742516314,0.5958968574844009,0.2585693863207541,0.42697562434513686,0.5975089024166915,0.27657114109459346,0.41394045735510093,0.8483916889227352,0.0,0.608691345509913,0.8353871060578375,0.6966976034303498,0.6270810146550352,1.0000000007994359,0.15491694869929554,0.35080609457867895,0.5874770152850536,0.0,0.1055017478881708,0.0,0.4212934052075615,0.4355007961886755,0.7549443748423248,0.5444431555742901,0.6678751453518726,0.0,0.04886198858131367,0.0,0.0,0.4175532516993845,0.2194892100516546,0.6507677980003659,0.43577854920122744,0.5057158466635407
2022,6,Activo Productivo,0.9009643673840275,0.8602181463594447,0.8834937468476514,0.8091317557162394,0.7579765349739125,0.0,0.7531377575234459,0.0,0.8910585306525368,0.9258405323939654,0.0,0.5720301922022814,0.0,0.8763153540942724,0.7656606017118844,0.8842228250325601,0.0,0.8333366475205451,0.8272219866800865,0.562327007416686,0.0,0.8711825370137452,0.0,0.9136417715668617,0.9206695473352724,0.9649729819538051,0.736865295009867,0.8691790608035527,0.7424795024349174,0.8128776982856601,0.9303315300689274,0.927978046929441,0.0,0.8913254163801885,0.9608847052846934,0.8576642466757969,0.9841477547668701,0.8211905600462283,0.7898255410024534,0.866952435850888,0.878001060495167,0.0,0.9539459149235598,0.9436303864752279,0.9238308358686579,0.8371028334316561,0.0,0.951474120235264,0.9119602559455744,0.9216485285671174,0.9041543197394794,0.8540293473185475,0.8866124967526174,0.84795013018919,0.9997424284215332,0.9683651223426762,0.8846456429499069,0.8259622089389094,0.9136050614083783,0.9206611849694947,0.9002792536612813,0.0,0.8347697452508329,0.0,0.0,0.6700467575111518,0.9432470021662251,0.7745943574804901,0.6502279723417711,0.7849385467678879,0.8860126034647476,0.0,0.7619738917132479,0.8341961510102739,0.8674099175459381,0.0,0.9542080688763028,0.9755185458244457,0.9761902025908135,0.0,0.9157972672433456,0.8982407116817762,0.0,0.9382270759344805,0.9130095910385401,0.8280333197611077,0.9011940788469316,0.7588399103377462,0.0,0.9082863197932178,0.0,0.9269114495364263,0.8790790536232769,0.9048499174961794,0.0,0.871686695366814,0.0,0.7787825815994002,0.909658600889732,0.8834907415722533,0.9138648016969348,0.9505560094248401,0.0,0.911203624850891,0.0,0.8656652597015236,0.7905834487974192,0.0,0.8613226723432873,0.8552576907416555,0.8138111158134003,0.8832397567891981,0.8721813859426055,0.0,0.855967672064049,0.7441564666405035,0.8709343104356444,0.0,0.7519930817899411,0.8566555599851549,0.0,0.8789002499381079,0.8551526977884308,0.6064897589370164,0.9346377397113294,0.9333282831060039,0.0,0.8274610730553487,0.20585920070886116,0.9101609948967283,0.9188500330617889,0.7233092968107097,0.0,0.8552919544468255,0.6599371229524106,0.6775550482152568,0.0,0.9093410501822823,0.8986546805619537,0.8329653228562922,0.8194334866290718,0.8510374665935689,0.9341697534360344,0.744981121095716,0.8291353363095163,0.9380636729187459,0.8956052506395757,0.9432747587554905,0.0,0.8946890552752582,0.6450079151469643,0.8209708694778185,0.9407840563893031,0.8035642783167384,0.9334483309873572,0.8807014416322536,0.8273046570618988,0.0,0.7779140783271292,0.0,0.8836502777629427,0.9014080863085251,0.9631162450944538,0.8498076703168672,0.8802852645743849,0.0,0.8471133002794464,0.0,0.0,0.9656797191438201,0.8972838121255003,0.8842231951481441,0.6570918232067522,0.8710647036933336
2022,6,Indicador de Cobertura de la Cartera Total en Riesgo,0.074128340556672,0.04451420201198389,0.09888988684097605,0.023573151246456946,0.04725996228288216,0.0,0.04459951158479728,0.0,0.091442950579755,0.028784671557903922,0.0,0.0484928594049146,0.0,0.044635021307733176,0.0341795151524542,0.10329628319471458,0.0,0.0232858485290073,0.06047868927593684,0.1557881057168355,0.0,0.07214680625041414,0.0,0.09695085300340679,0.05811239393309744,0.06125369818187393,0.02950189393487255,0.08588238438552863,0.05241271568258217,0.04889465210664989,0.022377924326457438,0.04064609337468044,0.0,0.02369124674320273,0.03474600544556192,0.04073206330905179,0.14867475058069687,0.027863461975470162,0.04821492859875904,0.07377986337763819,0.043961944191012146,0.0,0.026899201881291464,0.05992728200370554,0.00966898367487928,0.03990017553789837,0.0,0.03608708759578506,0.06648141010643172,0.0825640267579181,0.08310963692338938,0.15285845435788672,0.040542463337392365,0.08268515956541736,0.11162697232173299,0.09612899925829183,0.0468045503073386,0.08105570559505658,0.03529442717065417,0.0834902525079091,0.08334862529826247,0.0,0.07587751342961846,0.0,0.0,0.0922758459192324,0.08498621783303344,0.0344824142244605,0.0364592355737923,0.05631315420026127,0.06361381617994556,0.0,0.08237908201933457,0.030766755455356325,0.0182960794215801,0.0,0.03247761246179727,0.05559273920960259,0.03612620535502607,0.0,0.030439368266676828,0.10754800808857677,0.0,0.02730375615859578,0.021160039029775132,0.04288728753744184,0.03990908916893332,0.034827566883852884,0.0,0.042942319135052406,0.0,0.03666342070553163,0.028687922876201637,0.05140546470535276,0.0,0.07926344100232596,0.0,0.04395711921158786,0.066701420495659,0.024059957209601118,0.03115856306511576,0.09101816477163004,0.0,0.03027014749743134,0.0,0.02621534821846737,0.14542629039783964,0.0,0.06451632450528756,0.08398923496505861,0.0392964740280767,0.054652683379133565,0.051593637377334696,0.0,0.04797851719680014,0.0714714931585317,0.04549651239657306,0.0,0.08008328448925903,0.0423005981680525,0.0,0.047429739354945426,0.08360046321839805,0.08284860890664718,0.05721997919500616,0.05410740962115412,0.0,0.06020051568020971,0.01260777539861289,0.04082851147848787,0.038400015666683045,0.15893947751481088,0.0,0.07779899291799536,0.09798431525598074,0.03018407638505316,0.0,0.03850120216865546,0.058144111895028085,0.039699578132825944,0.0442263570838509,0.053595587821106724,0.02318318630836971,0.06350612837126283,0.03697853187090263,0.021452061486016537,0.02368323402652623,0.03742853875376556,0.0,0.04413065889797498,0.13262772824387611,0.04108958443096701,0.03502788602564953,0.11498045794151092,0.017601697609290135,0.05181953016970795,0.06189714790341388,0.0,0.027534343560824334,0.0,0.041965580837869075,0.025041803349658723,0.027353061152407973,0.034235936233365,0.037020005051198984,0.0,0.038995639575887565,0.0,0.0,0.06127479885414656,0.01922886661749289,0.0514801391195792,0.08600478942802153,0.17637658243962293
2022,6,Indicador de Cobertura individual de la cartera improductiva para la cartera en Riesgo,0.6211515671803733,0.5669815794306264,0.8738794968436489,0.8904501169469543,0.15339450122392026,0.0,0.4011864719690685,0.0,0.6891470215383593,0.763345889999259,0.0,0.595842699594111,0.0,0.43931713041265574,0.5658087249444728,0.698813030314586,0.0,0.3177936576195895,0.5973589790027835,0.5386571846300685,0.0,0.4977853931992576,0.0,0.5351266028143165,0.7766380949122154,0.6692777878286971,0.47115063083903364,0.3502245576146386,0.43100680186247253,0.6142608070261845,0.559826697282961,0.7191082443994311,0.0,0.49764241416091687,0.5024478464995614,0.9385648018396521,0.8134422638769331,0.37175703297163276,0.6371280606257839,0.6755644960752694,0.4378350790749475,0.0,0.17074345777104735,0.7516274480427989,0.04970206342992578,0.6790634333034047,0.0,0.6836975632301461,0.6482712757049458,0.7334528800508345,0.6226597428072371,0.48778531489057764,0.8899004800258085,0.48642235094225506,0.38628423029948905,0.8268650594145206,0.698170403888257,0.6842129424347394,0.605727996638714,1.0,0.6921310930813,0.0,0.8270717182566344,0.0,0.0,0.5307389882083041,0.5733946783901221,0.2530473673153106,0.5911102840926858,0.6317720397666977,0.4925557105076117,0.0,0.47425403398705107,0.5080028535856064,0.5030798682801441,0.0,0.37048812131037656,0.251164427146516,0.8347643591633529,0.0,0.457630834815016,0.8562008688872348,0.0,0.5531082500374277,0.11980138772967441,0.6843978391858265,0.4424033372514855,0.33659608260059065,0.0,0.3513727295525387,0.0,0.6423844722239992,0.7920112013009115,0.3894187502408079,0.0,0.6866211261892141,0.0,0.36291934097012685,0.9999999993598356,0.8205670905059592,0.9999999976112477,1.0,0.0,0.3574294722376021,0.0,0.0,0.7568901181375204,0.0,0.8185059023639897,0.9545740055266932,0.6153008118448333,0.7142391057800138,0.7518589419166298,0.0,0.24290981787570287,0.9999999982848955,0.279378836293481,0.0,0.8367503425245638,0.6734151360051633,0.0,0.5663374677794937,0.806724408731337,0.37841364921711557,0.6456561155889091,0.4793202207363781,0.0,0.35744062064623633,0.09862880836428499,0.6848061197326375,0.5300197462878983,0.5393537200849119,0.0,0.6890108534859393,0.30281952122282574,0.7313284431841969,0.0,0.6150099036718291,0.8213342899244233,0.6503567366680696,0.15599002895709435,0.593753097397077,0.23100985078621072,0.3718249331078923,0.598320225228026,0.3386228242121514,0.22956377927109797,0.8706976218283312,0.0,0.5987721910869787,0.8334996299159719,0.7225104074277042,0.45191067708838106,1.0000000007035863,0.08147177562805935,0.3280021315359231,0.5963263373583977,0.0,0.05433085206316509,0.0,0.43915157041030745,0.36819446570025305,0.7380647618113307,0.6313794906105187,0.591708467906161,0.0,0.052814177522908214,0.0,0.0,0.34147627525743446,0.2971257121675016,0.6283651197416534,0.6097314029892918,0.5204949251297557
2022,7,Activo Productivo,0.9118328725415913,0.8589507666849866,0.8933466946785107,0.8109152327457685,0.7752264312209314,0.0,0.7784071247692056,0.0,0.8995777876505817,0.8990581045224857,0.0,0.6050451912243413,0.0,0.8864541635788287,0.7735523448647287,0.88251383730948,0.0,0.831306884631958,0.8357831062650168,0.5793750678971782,0.0,0.879984497750441,0.0,0.9297211454761378,0.9156808942369344,0.9328939418440759,0.7269490332192657,0.8478856855350728,0.7509566175362404,0.8216156292553152,0.9359202509424572,0.9409062022900987,0.0,0.8910892358509807,0.9346790499130907,0.8623096232878941,0.9675232148464042,0.8612802546739766,0.8222526418372406,0.8628076601226943,0.8882193050298841,0.0,0.9533535014490745,0.9426696628947111,0.949397784770182,0.8778377387431963,0.0,0.9479954961211824,0.9454747235468952,0.8838722716630838,0.910671962276416,0.7827213991857045,0.8569995073383812,0.8569576115411279,1.0151100764142256,0.9600662980288294,0.8941455426568402,0.8253942661422737,0.9147039229397235,0.9267794012102958,0.895638612999571,0.0,0.8256658792922681,0.0,0.0,0.6890614481948194,0.9608055115030116,0.8089661612055311,0.6679301669295079,0.8162899467179691,0.9345994285081844,0.0,0.7406456338408852,0.8419142296251545,0.848769374780411,0.0,0.9509990690498024,0.9608894626727756,0.9764427485224106,0.0,0.9262731972352917,0.9004944947646821,0.0,0.9360160187037414,0.9174538575992,0.8164732411715581,0.8619008579994654,0.7795090208013341,0.0,0.8752011666177728,0.0,0.9297426274367356,0.883029639533678,0.9357385831727046,0.0,0.8534576958143438,0.0,0.7713253076084826,0.9050821146301073,0.9003121211303051,0.9246804919367861,0.9367847274362143,0.0,0.9155982783017214,0.0,0.902534203283554,0.7833293547270254,0.0,0.8794268454701469,0.8341287797579429,0.8260770771635487,0.9210761544039431,0.8735173079836498,0.0,0.863837172503642,0.7590733391662353,0.8787641845911224,0.0,0.7582515398338958,0.8494185264944059,0.0,0.8487444268236839,0.858045893497759,0.6051628834202781,0.944122834804792,0.9507859424750146,0.0,0.8489205750731863,0.19874126138819434,0.9229485101854875,0.9071986034532623,0.7156467666151899,0.0,0.8603477610934177,0.7321425843916872,0.7015864365271245,0.0,0.9043169393011826,0.8707139291801195,0.8339447647900757,0.8236343700428725,0.8306851230923631,0.9464902707498252,0.7684934668638703,0.8288066476354763,0.9311089956249845,0.8925611731079608,0.9398827435235437,0.0,0.9045833567815519,0.6762459332490729,0.8339184432732513,0.9431884077675139,0.8080545977577159,0.9528173102505006,0.8939232833303457,0.8391471983649524,0.0,0.8321662038841965,0.0,0.8931806952572371,0.9075316378696743,0.9323628618600888,0.8500809284421087,0.8672692607594591,0.0,0.8492301216048995,0.0,0.0,0.9696701820119397,0.9169798184588941,0.89820481593486,0.6666462048189691,0.8744048703672218
2022,7,Indicador de Cobertura de la Cartera Total en Riesgo,0.07458607008821014,0.04674023119529543,0.10002648188641806,0.023479244122855132,0.04771571964731097,0.0,0.048794310953392775,0.0,0.09289965365393157,0.028100873125935417,0.0,0.051783263065649766,0.0,0.044256460417384985,0.03850848928146013,0.10291319026641498,0.0,0.0236762079189018,0.062403073162511556,0.1574549992612682,0.0,0.07205806278286354,0.0,0.09613090778358432,0.05665657699313001,0.0633871488362082,0.027226010927899988,0.09166939680923007,0.052692313990474304,0.04935049989756893,0.022043414594748487,0.04145476750491334,0.0,0.02380604738476635,0.036102164964735985,0.04040753645539434,0.14578681926784656,0.026322395620089454,0.04737099451360239,0.07457308305521487,0.04402727904458087,0.0,0.027182917955648114,0.05951237638772198,0.009669148708340188,0.04031191383269181,0.0,0.03628722066430756,0.0684841794003581,0.08145725625669202,0.0823286367085732,0.16702964007007082,0.03980414972819608,0.08209602155928837,0.11224269027015261,0.09615506644078226,0.04635364478272247,0.08001076071734485,0.032098035473286476,0.08190079104263133,0.07570538719186734,0.0,0.07770006487424662,0.0,0.0,0.08986453464230694,0.08746650697354909,0.0343515835739767,0.032008763872221284,0.057162915441180975,0.06378113252820133,0.0,0.08518041912648983,0.030956501290865517,0.01796109791342125,0.0,0.03312825075331584,0.055977654322807054,0.03686687964191838,0.0,0.030210689274861934,0.1061784616181593,0.0,0.027032640152206907,0.02407497802219619,0.04322662044161411,0.035344955619421435,0.03440935511758208,0.0,0.04272075822055486,0.0,0.03815993956737796,0.028088142902455288,0.04719610292170037,0.0,0.06135531954684613,0.0,0.04672621456914943,0.06649095357896137,0.02428091366695113,0.023171032989203377,0.09019403660762293,0.0,0.030403405803663578,0.0,0.02615468944805246,0.14490808326270235,0.0,0.06269336671544591,0.08430180268816145,0.039141665449949854,0.05182869476987072,0.049231890130234116,0.0,0.049417029847650285,0.07017445082124174,0.04322064922704251,0.0,0.07882290358729321,0.04320768388374336,0.0,0.048482190488954156,0.0828307888420248,0.08071460553134609,0.057128361152623486,0.05633792303909701,0.0,0.06021425633055958,0.012377524816310732,0.03941572745375487,0.038638764897661645,0.1638161655111555,0.0,0.0757113385186606,0.08337995910046613,0.02920587022696547,0.0,0.0422872876957667,0.05834971312778108,0.040287510938922896,0.04330733639004376,0.052750404050838307,0.023818568762214436,0.06284943154848092,0.03696257686698429,0.02230782982020419,0.02550437618108064,0.03660452756132125,0.0,0.045310669172858524,0.1269586082725753,0.04329340946855704,0.0392663804537494,0.11841977060273061,0.017371169360154513,0.053757152442477626,0.0626373207518881,0.0,0.023534781305479695,0.0,0.04245476571003101,0.023179803180680046,0.027608517275109115,0.0339557764857862,0.03693166552748556,0.0,0.034328911439951246,0.0,0.0,0.05959864527750548,0.0186747566343376,0.06251176017274152,0.0841616365676923,0.17304308409802735
2022,7,Indicador de Cobertura individual de la cartera improductiva para la cartera en Riesgo,0.6140077523602803,0.5699279007927781,0.8783509233852388,0.891718335768015,0.5967788702875986,0.0,0.43051021070618617,0.0,0.7027646921926669,0.5958612523990034,0.0,0.6948770519300665,0.0,0.4585441827552326,0.6038006169462673,0.6970796706617141,0.0,0.4423586865425098,0.6210084692835857,0.5547533089681813,0.0,0.523182404386204,0.0,0.5759342363225227,0.7866558845608277,0.6617130947156236,0.28682821846365225,0.41345467551915177,0.3814342511134909,0.6513279529451601,0.5607671317598263,0.6010856383356853,0.0,0.5141642746122819,0.4713238992116222,0.9207662219074102,0.6422338627477052,0.3883235502265491,0.6079713540254253,0.6876345432819048,0.40749062985381324,0.0,0.19993993653823244,0.7622991688236688,0.049450165239048785,0.7214032945329033,0.0,0.7324530959349447,0.6530158900453719,0.5639481866724061,0.6342371854894965,0.48136128648502147,0.8906044990014355,0.49725974901801845,0.35207794653557367,0.8374743611580117,0.7061716548978725,0.6215687987154207,0.34733130676967167,1.0,0.7114707735384216,0.0,0.8399075748560718,0.0,0.0,0.5314628165225085,0.5780720421655846,0.25273572772588204,0.6718753572453925,0.6284985486349249,0.5047839180566993,0.0,0.47821085487384446,0.5210303697395163,1.0,0.0,0.3966760585023723,0.2852808942698918,0.7998500033120108,0.0,0.47399453407529246,0.8305686134451703,0.0,0.5318163546946947,0.5116080407118745,0.6947931274118164,0.35634990495015906,0.3005926675007746,0.0,0.33396697112484347,0.0,0.6368717786890883,0.7932966719067063,0.32679330267621914,0.0,0.6795438945211952,0.0,0.4183297135507341,0.9999999994431727,0.7798721231792373,0.9999999902061568,0.47802662228095005,0.0,0.39407009753063704,0.0,0.0,0.7827694666104769,0.0,0.8199981101985563,0.44229121202890576,0.6147118908727406,0.6899354504436517,0.7508957409362991,0.0,0.26512477736695494,0.9999999981439036,0.29569774216366385,0.0,0.8360722614541186,0.6732816591632768,0.0,0.5305837752901649,0.8219704687752735,0.38099939374204345,0.45490527573071554,0.554150042919205,0.0,0.3804092162696888,0.09111378063254134,0.6139124921844299,0.5695471207923217,0.5807749870030565,0.0,0.6589640829314606,0.39888198286553717,0.6894666833317326,0.0,0.5334060182120107,0.7891276646158919,0.5281678815526955,0.13443629256504522,0.616286406104968,0.22750071083398243,0.370132724957537,0.5868334546858074,0.3482477622287417,0.25990705770835854,0.8644802526970095,0.0,0.6058477924156151,0.8909497360306767,0.838318400552686,0.49707508847205595,1.0000000006401066,0.0,0.3451479851050109,0.5634084460942316,0.0,0.08005604331702958,0.0,0.46610196698020323,0.3399876731679393,0.3088127778097714,0.6320107898960908,0.5880963567372159,0.0,0.07466362835294088,0.0,0.0,0.3197776029998184,0.28380805905981477,0.6957161111473916,0.6035104641129619,0.5446194233059396
2022,8,Activo Productivo,0.9166437239964729,0.8644051867064294,0.9007786286648701,0.8078537560601903,0.7802625163218893,0.0,0.7643413285311542,0.0,0.9007012337911058,0.8912539712501588,0.0,0.6182952012541628,0.0,0.9094939309934854,0.7547741971048956,0.894020111353517,0.0,0.8429582352731555,0.846330298130895,0.602810037208968,0.0,0.8946006455333262,0.0,0.9582027835684046,0.9166489888719922,0.9512467166214116,0.7457106061845101,0.8784901452989844,0.788548401727833,0.8385038513688442,0.9425262928535135,0.9376343705954989,0.0,0.9001201808138206,0.9268538552114757,0.8869293659415255,0.9648773504961625,0.8439404812497443,0.8406755295130791,0.8798148901403523,0.8934025015427643,0.0,0.9511679813485457,0.9323157665070003,0.9488572900268136,0.8941279835502822,0.0,0.9633343720616298,0.9311159313822898,0.8995759365895984,0.930350002472358,0.7854734993058748,0.8724873811167598,0.8562435283592806,0.9914024925704548,0.957163759009662,0.8907555240646916,0.843191603380438,0.9143729226650564,0.9552343614628188,0.8986134195094908,0.0,0.8334712888223621,0.0,0.0,0.716877137025864,0.9710089574487215,0.8384398924322537,0.6906263084245996,0.8205093504151657,0.900288466845178,0.0,0.7438234843477216,0.8452645689601336,0.8670835376676038,0.0,0.9542564572265595,0.9573914495617872,0.983684656413297,0.0,0.9034817030764081,0.9095937010783472,0.0,0.9386196265438624,0.9130067922400359,0.8229470896366837,0.8724202072922714,0.7826344842299225,0.0,0.894170917517606,0.0,0.9318674123407272,0.8813379139483812,0.9090266845526287,0.0,0.8933171021414252,0.0,0.7693820826465401,0.9082161899707598,0.9251789528027389,0.940575719282694,0.9408280982417857,0.0,0.9264943850980677,0.0,0.9045845924587406,0.7657027957536384,0.0,0.9167842383116778,0.8562600708954671,0.8245314288119713,0.9238163079114855,0.879254723986401,0.0,0.8698117577283174,0.7495084535931662,0.8719032364275976,0.0,0.7558274234910896,0.8518817929363229,0.0,0.8790936652839595,0.8619953236987814,0.6073644127221797,0.949780346035967,0.9421851940047916,0.0,0.8363556986329514,0.20740897116398782,0.9179268975010109,0.9291947624571859,0.7168481851301385,0.0,0.8415599958732762,0.796910673305417,0.7467570494055384,0.0,0.9068447888515839,0.8888049881767858,0.8193001869363455,0.8166910179648211,0.8662620148882262,0.963414528311029,0.8064505607660717,0.8326787686106477,0.9292361966811729,0.8562949238068636,0.9414512963036643,0.0,0.8897974559215923,0.6956822893456092,0.8426529087620179,0.9471833577036184,0.8004606893356463,0.9044850237250566,0.8949690862608312,0.8762403384853932,0.0,0.8755997528260822,0.0,0.8949751164310754,0.9094568058830516,0.9250257481910226,0.8541022934884437,0.8680240826471038,0.0,0.8416679169799608,0.0,0.0,0.9679025703735902,0.9260626011269348,0.9044854720001677,0.6699107400654664,0.8779079133699973
2022,8,Indicador de Cobertura de la Cartera Total en Riesgo,0.07498619154216528,0.04877386097387499,0.10071986515338632,0.0234750472600624,0.0522101055884413,0.0,0.05013287865588225,0.0,0.09566654877308736,0.02976855445959319,0.0,0.050528829352142576,0.0,0.04373764129865152,0.03601582610103579,0.10310256416682313,0.0,0.02449675327009768,0.062222081883022924,0.14804679855427821,0.0,0.07265487381620482,0.0,0.09582762793134274,0.05694220253614873,0.060671631491973056,0.02745851955051437,0.08554504917812362,0.051794735250776304,0.049450714351457876,0.02181627727860676,0.0437609418138535,0.0,0.02356977039539082,0.0360287359495496,0.04903233013522949,0.1448409936202673,0.026606106795468435,0.04341506273155701,0.07499413637893229,0.04417499515849838,0.0,0.027225159919029813,0.05876139307744817,0.009664988147918314,0.03934146790034039,0.0,0.03583408848962986,0.0681508277496405,0.08204545554476636,0.08124086703459313,0.15724971894323397,0.03916848218735438,0.08162993380737849,0.11387237170216336,0.09515442505816175,0.045566400892706034,0.07891470309159215,0.034830553676879095,0.07810790860050819,0.08208125946466666,0.0,0.07714556773284972,0.0,0.0,0.0865615496953373,0.08535003598853527,0.03422480499131501,0.03017649355648549,0.05698890350206424,0.062474983733048335,0.0,0.0882726326362485,0.030883186635954466,0.01795474484103222,0.0,0.031888207089668885,0.05369770695677609,0.03797588936344105,0.0,0.029808373355619894,0.10559308837672567,0.0,0.026106038234220457,0.023986936751785395,0.04305231930974938,0.03551193563928504,0.0345376957468179,0.0,0.04242673510982008,0.0,0.0381985464080538,0.028312497213610673,0.04589013649805827,0.0,0.0598568985489213,0.0,0.049484102217878356,0.06688999453911602,0.02472817077777783,0.023196501151586908,0.09047580832113823,0.0,0.030076757227622326,0.0,0.026162057627549796,0.14655779630008536,0.0,0.06096496572038674,0.08393701416964411,0.036518916571266186,0.05110383232682742,0.04831887996487761,0.0,0.05182482879003164,0.07752951683210818,0.04603686733184073,0.0,0.0847831580927956,0.043613682866808626,0.0,0.052369007699674425,0.08240323609535473,0.07927312537362334,0.0593325517402855,0.05800161046464187,0.0,0.05869042826844794,0.014653755304093264,0.03755596789425122,0.03658697604658011,0.16872028200013345,0.0,0.07396158365975856,0.10575357348701937,0.027940589639137054,0.0,0.0421558263855614,0.057135553138029455,0.04385247204671181,0.04363668354127809,0.05256176287933082,0.022860440411151588,0.05967044460306305,0.03777414942552033,0.022114270242925633,0.026277353529724278,0.03547396921895236,0.0,0.0439894142880472,0.1232202451544594,0.04212604792363043,0.04100403912575699,0.12075730441171131,0.017258119295421034,0.052821520589441597,0.06172282223313106,0.0,0.022907627055760986,0.0,0.03789702762082948,0.02298434067897125,0.02480082049862419,0.03411680240279881,0.03583894652004461,0.0,0.034241559746188546,0.0,0.0,0.051960721013338165,0.018183801693196118,0.06362472108496807,0.08644989433323422,0.1695122041124936
2022,8,Indicador de Cobertura individual de la cartera improductiva para la cartera en Riesgo,0.6470375199433744,0.5704030550977944,0.8852965708677816,0.8859225105981243,0.746652077199986,0.0,0.43284212882999273,0.0,0.693992504043072,0.5944003039399013,0.0,0.7251591321603857,0.0,0.4371824621213025,0.46805103417009386,0.7031286875943209,0.0,0.37912782156567304,0.6421333492672666,0.5516395719477463,0.0,0.5326457606335231,0.0,0.542949558501502,0.7638694302809566,0.6717586897659736,0.299062625065793,0.3897450469124557,0.3800615246339647,0.7615506630003637,0.6072370442524121,0.5737436179629221,0.0,0.5136472122973624,0.46645527941674275,1.0,0.6445684785772678,0.3454536744050252,0.6792755531642211,0.6865823380095712,0.41692539429300657,0.0,0.20054580302727198,0.8037844725640446,0.05115286878240556,0.7209803419612468,0.0,0.6963575456589646,0.6658691921580915,0.5679298184490628,0.5814392808417577,0.45536515402016814,0.8420572514099975,0.48685517437339965,0.3693795774293137,0.8352960476627698,0.38362363135666955,0.6723540584256466,0.3659122634111481,1.0,0.717954338745578,0.0,0.8335674044509448,0.0,0.0,0.5337736089701189,0.5461884514791507,0.2541714033648525,0.6869257461813447,0.6468167810869878,0.5035107090249591,0.0,0.5728147917712714,0.5324188726509854,0.9324563527335892,0.0,0.4166677553408992,0.28715723246161673,0.805285118572372,0.0,0.473525766071484,0.8081721876982175,0.0,0.5082842069943255,0.4765341847803295,0.7001539990926058,0.3372527723016775,0.3063647883751869,0.0,0.3789172197306756,0.0,0.6452599074135094,0.7894181106902289,0.32568012534279045,0.0,0.7587623278184997,0.0,0.48023808489633163,0.9999999994421402,0.827400433557888,0.9999999902061567,0.47311009219140454,0.0,0.41781778391313873,0.0,0.0,0.7377059066096778,0.0,0.8179002880622133,0.46982637363037266,0.5361661432822858,0.7160559889930354,0.7305068549047593,0.0,0.2958527499065106,0.9999999986458492,0.28655039540930527,0.0,0.7770714813395474,0.64089320645703,0.0,0.5601596972854439,0.8343711218771352,0.36755420284528606,0.47286018671138325,0.589895137689965,0.0,0.3440648404141045,0.1791770356549932,0.5864878395573917,0.6724811908072349,0.6225962634954955,0.0,0.6863028143972889,0.7521458070346674,0.6911967028746845,0.0,0.5701551816405025,0.8100567194295256,0.5554739445530418,0.13773733757628218,0.6251966496045593,0.23456455147679114,0.3666786349291904,0.613098120471966,0.33153980157447416,0.14329226019462582,0.8633212460480464,0.0,0.4857920009535241,0.9108455380858619,0.8172869415406209,0.5074311751272104,1.0000000006075627,0.10814266806676727,0.3464246352691889,0.5996967328805359,0.0,0.08949984812486107,0.0,0.37742543351074226,0.3402308274304168,0.2691823375847113,0.6471304476736242,0.6727852963404926,0.0,0.07474288159079817,0.0,0.0,0.3328457353506838,0.27860776922211905,0.6926748922316871,0.6321942835289914,0.545992366661899
2022,9,Activo Productivo,0.9288319032240512,0.8623129100286216,0.9035039767962249,0.8079611446083349,0.786118921643043,0.0,0.773615432420293,0.0,0.8964041563476836,0.8864083160051716,0.0,0.6139475901444319,0.0,0.9201821378260024,0.7543029940329878,0.9163212817397808,0.0,0.8339788392905966,0.8411848851898799,0.5992358342966234,0.0,0.90563939404312,0.0,0.9480897140787803,0.9220172176615229,0.9538666467756709,0.7560865429647443,0.8927995822806652,0.829457874409866,0.8679395023821284,0.9735095286737442,0.9298475310116987,0.0,0.8938769653612347,0.932436722463701,0.8968849853878217,0.9502846717573238,0.8525624724735902,0.8453262683943435,0.8856714322277954,0.8951219372369364,0.0,0.9504764658419708,0.932153880806715,0.9697686644299252,0.928681265737994,0.0,0.9479105389798661,0.9439547336098759,0.9054463352488097,0.9379666101399511,0.7924128616634515,0.8824311982215487,0.7933616062131386,1.0052452739989308,0.9576274680060082,0.8769586983236554,0.8516785302432006,0.8938602243437527,0.948423431094779,0.9021875475953084,0.0,0.8448842987362607,0.0,0.0,0.7561078371005153,0.9823171999989778,0.8543184212284841,0.6932120528318875,0.8347247109109242,0.898690577840421,0.0,0.7702084635364023,0.8616571516686734,0.8714277436951936,0.0,0.9496662904834753,0.966706411605435,0.9765325377300544,0.0,0.9340904773842101,0.9104871305985371,0.0,0.9396077242637552,0.9153548519395556,0.8260014856029512,0.879366203931661,0.7893557901158075,0.0,0.9018456945226297,0.0,0.9272835110075,0.876473968618678,0.9335131296885713,0.0,0.8949762852733862,0.0,0.7782040446640173,0.9324364339794854,0.9307501730230224,0.9413333300404194,0.9446925464301767,0.0,0.9277458164351499,0.0,0.9172590138386087,0.8082091408134126,0.0,0.9431736846852743,0.8837229332672979,0.8285952830495362,0.9310010033648748,0.8612269514131266,0.0,0.8742518323348006,0.7543846855110609,0.8837968384840263,0.0,0.7586300824877967,0.8332540204637459,0.0,0.8569255893970291,0.8657449291419228,0.6279772656342725,0.9411408231925866,0.959479592822121,0.0,0.8707278727580244,0.23734984281572044,0.9208788086305638,0.9378966531694923,0.7189115407509158,0.0,0.8664818415934756,0.8025762395147823,0.7651165532631081,0.0,0.901589425181099,0.8959678263841088,0.8421398954765137,0.8299713431051498,0.8214783274351968,0.9609805429354366,0.7899720674136305,0.840103295258099,0.931303477158555,0.8595707462828074,0.9482338741496775,0.0,0.8937606451443391,0.7297900347073901,0.8408249574827821,0.9397074804168087,0.8188593682254242,0.8908605235881419,0.898632284653242,0.8797873685496764,0.0,0.852924378535697,0.0,0.8953557712299022,0.9060686895708135,0.9304490319629524,0.8690287169467346,0.8603945664333266,0.0,0.843915643428237,0.0,0.0,0.9653467241427548,0.9303600083611853,0.9101178775629883,0.6885780993628102,0.8849707420334378
2022,9,Indicador de Cobertura de la Cartera Total en Riesgo,0.07650989409078934,0.05234860751494019,0.10145125273308563,0.02416673378269089,0.053236561803901385,0.0,0.05664487340176416,0.0,0.09857143299394495,0.030478144736403968,0.0,0.049802093137587454,0.0,0.04381931508086844,0.0357189614671069,0.102555167316317,0.0,0.024951489240650937,0.05953627397483555,0.15099546179154844,0.0,0.07273175597148127,0.0,0.09654007295223346,0.055468429743832856,0.06470144318322278,0.02804720622017881,0.08549441579645056,0.05233245213683843,0.048661199886782934,0.02052770835012852,0.04559404011243652,0.0,0.023752639799956253,0.035915833997114344,0.05043157910111345,0.14482097987708528,0.027507027500422235,0.04135861451983748,0.07600912626083302,0.04450794609956948,0.0,0.026506592209504472,0.05607835343823128,0.010280285030928805,0.03919607434059718,0.0,0.03485981134901451,0.0684237154356172,0.07783657189880115,0.08116265373550176,0.1602555174443431,0.03800748040658523,0.07095277649402303,0.11279107759116722,0.09549624347135788,0.04541757040725417,0.0774870455084556,0.03701674964991257,0.08047336092018166,0.07999075620553245,0.0,0.07375927630743151,0.0,0.0,0.08280590605604926,0.08823040867337369,0.03480279927423889,0.02211494895605207,0.05855744510910525,0.06111186992096376,0.0,0.09046914604123522,0.030534656172097684,0.018417317359878803,0.0,0.03361032470791352,0.05303739915564977,0.03966835360300691,0.0,0.030183993413512297,0.10653916546644535,0.0,0.026144549715105138,0.024738000239885326,0.043546564976335085,0.04150707772357655,0.041606203542726976,0.0,0.04249885867769569,0.0,0.040172206051232486,0.029814829333757745,0.045738186983638615,0.0,0.054740492397786715,0.0,0.05014923642989303,0.06819954106971601,0.026714094830817083,0.02514530468878732,0.08971625547753678,0.0,0.029657183871646342,0.0,0.02608802541096842,0.08638273762594012,0.0,0.059618834190771276,0.08359734050126681,0.03685785613377377,0.05122028119850842,0.04768291016764606,0.0,0.05337103912255722,0.07100006212074078,0.04556909869319555,0.0,0.07716496637748828,0.043340301000862884,0.0,0.05537738003514024,0.08110404370229754,0.07731790999021758,0.060676534547751036,0.06012590399967083,0.0,0.05793824827630335,0.014155449499483715,0.037240694690429274,0.03374457585307854,0.17137668926004268,0.0,0.072067283459519,0.10478505777483062,0.027393557067385804,0.0,0.04297998839882532,0.05605470281327819,0.04267599854070257,0.042433606459355906,0.05003174353830268,0.02264585669942277,0.058994749165098344,0.03741378401363916,0.02218144672696248,0.03187634947535608,0.03427835960841146,0.0,0.04314591914202738,0.11755033835423562,0.04155255411051619,0.0424890814587926,0.11528103591311896,0.01718644873015364,0.05258180405403984,0.061800563374943086,0.0,0.02329526779909776,0.0,0.04140131451352637,0.022669280859091142,0.0263022446230838,0.03390422593123743,0.03592196355315236,0.0,0.034980021594167375,0.0,0.0,0.05061272639375804,0.018204504643832355,0.06397074882145386,0.08420387798136818,0.16690178178656165
2022,9,Indicador de Cobertura individual de la cartera improductiva para la cartera en Riesgo,0.6699242408193625,0.5540120276808324,0.8867199670918776,0.8971928751481665,0.7627011712512136,0.0,0.49188305264481086,0.0,0.7162109205098188,0.5016285075177069,0.0,0.7355001144118061,0.0,0.4525269191863891,0.45337763961455,0.7667916553902185,0.0,0.3852271642887542,0.6086983749545595,0.5896702818042562,0.0,0.5374696337862287,0.0,0.5281362202869425,0.7749494604052856,0.696763441025189,0.32083694276472197,0.3997503370288509,0.42969150303030973,0.7834009885549359,0.6698788861167825,0.5612209978104207,0.0,0.538850989495334,0.4711759117566328,1.0,0.6451050466993781,0.38438476777618524,0.6897679765082798,0.7162699675121615,0.39890737714618424,0.0,0.17651316940377107,0.7897115597182367,0.049797714778605846,0.7229195977249928,0.0,0.7484428713491343,0.6799701269913536,0.5527346740326329,0.573989064052173,0.46786494015638186,0.9005591766316978,0.4938096530979671,0.29254053419957726,0.8619065503895801,0.3826698778959621,0.6489062807915487,0.3013490493182845,1.0,0.7085752302067178,0.0,0.8173123671839847,0.0,0.0,0.5222473864921815,0.5665874418338991,0.3072699588907287,0.37679373051104215,0.6480653880762772,0.5482978771309113,0.0,0.5869704663030422,0.5740124659911895,0.8733299449243993,0.0,0.43914840683637874,0.2585276724462304,0.8044187532847891,0.0,0.48373219136515444,0.7973911516181896,0.0,0.5016777083142591,0.47968661552158837,0.649013337127827,0.35614474715217703,0.30960839977083643,0.0,0.3797160714155505,0.0,0.5987463149982916,0.7808592402751696,0.33837174297518774,0.0,0.5604429294556791,0.0,0.4981974143348223,0.9999999995387129,0.8288458257830369,0.840435302941455,0.3581234477901961,0.0,0.397991921956089,0.0,0.0,0.5844500876460271,0.0,0.819785811541766,0.5118992815104665,0.530406833454145,0.7201087748003158,0.7607654533090586,0.0,0.3205622510796498,0.9999999981852772,0.2675134772381645,0.0,0.8296413275509839,0.7085352686207131,0.0,0.5725971390508019,0.8378207312690487,0.32899396997596947,0.4405167850853228,0.6022434529983901,0.0,0.35083287498340043,0.17255129831243388,0.5978141364080165,0.6725906791173792,0.644378740987809,0.0,0.7126911825282358,0.7260753659701122,0.6679724676254452,0.0,0.5817663106328506,0.7505481816147791,0.5538519412432448,0.12993229452991212,0.6082998765224853,0.23251935659120812,0.378386446050916,0.6243811948361631,0.33768832857150227,0.1836665432866529,0.8753100314462177,0.0,0.4905205805608505,0.9106856516993058,0.7792162683488031,0.5353239759410153,1.0000000006717251,0.09029672346301044,0.29175561530525335,0.6188661220176724,0.0,0.09295900026058322,0.0,0.362921323725513,0.3357409311126909,0.2703719272136612,0.667750737922939,0.6626212113771519,0.0,0.07606892791082037,0.0,0.0,0.33199974747628885,0.2658728356227357,0.7196518720798621,0.6276770011425751,0.5286975424529603
2022,10,Activo Productivo,0.9194539124327097,0.8582492040675461,0.8985824326471481,0.8059778838921007,0.7783130539073908,0.0,0.7619701941739886,0.0,0.8875606920051671,0.8777098274576856,0.0,0.6392360616948863,0.0,0.9053328975070343,0.7586136041920136,0.9281254330087743,0.0,0.8365287521138066,0.8453401103235852,0.6088182351515308,0.0,0.8819591595654076,0.0,0.9463452498845236,0.9364029510028088,0.9493496737084366,0.7615401640592702,0.8746718892870133,0.8558540667353716,0.872033230231581,0.9410829925376882,0.9155956163967308,0.0,0.8937230413643452,0.9434282002287521,0.9054967934745103,0.9463707447544883,0.8551222833075562,0.8708151501055897,0.8945962276515536,0.8978142166494227,0.0,0.9466779464144818,0.9451470170952343,0.9648370145995292,0.9064160254181372,0.0,0.9617252698565113,0.94092889120034,0.9042422938726606,0.9236245867645638,0.7885436805756098,0.8858455054451225,0.8178229122792311,1.0209800201570376,0.9632628362992842,0.8570925590960211,0.8515102723693212,0.8890824109969634,0.9470743299694472,0.9013803954107098,0.0,0.8642850310245429,0.0,0.0,0.7782977190797192,0.9858008135927413,0.86912065649408,0.6965990302636657,0.838673280932487,0.8885177639325745,0.0,0.7878310139150224,0.8818593846462726,0.8805394580723414,0.0,0.9451018159980719,0.9741945853387324,0.9765666500476364,0.0,0.9424836808509067,0.9119414471148318,0.0,0.9426902262207808,0.9182224797609913,0.8130802271127539,0.8745084876958052,0.7818426481648171,0.0,0.8948776600131695,0.0,0.9228777513852598,0.8760545346794274,0.933401310085132,0.0,0.8795880475143544,0.0,0.7889982702764119,0.9231531825793419,0.9250190664495777,0.9622997725148331,0.938204994004788,0.0,0.9161624363806812,0.0,0.9446693454428937,0.7928809875185928,0.0,0.9348351883561483,0.8769909231915768,0.831138168659061,0.9214871807117706,0.8797515633423367,0.0,0.8779695847633918,0.7763280579407498,0.8904864843740274,0.0,0.7415648917063764,0.8326809951276648,0.0,0.8546321497235244,0.8678464321257086,0.6416999051354588,0.934002451367372,0.9618366383962564,0.0,0.881419422912454,0.24574270637245998,0.8984851345869104,0.925088872801814,0.0,0.0,0.8490947414606667,0.7841083537267235,0.7555482210189398,0.0,0.9046240740627878,0.8934162677809914,0.8226554011514866,0.8503151849926153,0.8407675505238394,0.9386504089992275,0.8008640753446744,0.8258469322360114,0.9374711897771055,0.8619761667737333,0.9428863188622354,0.0,0.8932163112112608,0.7652211390849615,0.8455791648269418,0.9282811961567694,0.8130478609673009,0.8520267550307783,0.9067616007839252,0.8778831960963868,0.0,0.8552150563178298,0.0,0.8984624842878381,0.9095770173469011,0.9385068227613,0.8872892251163754,0.8542231245298436,0.0,0.8294882425439462,0.0,0.0,0.9630968132180666,0.9191383351453575,0.8767796391164869,0.6909087392602662,0.8814077254323549
2022,10,Indicador de Cobertura de la Cartera Total en Riesgo,0.07967719922274441,0.0550160661282906,0.10252893704719968,0.024477110238785783,0.05101252926340409,0.0,0.06638731680404039,0.0,0.101352648882971,0.033813069486818954,0.0,0.028875110409373714,0.0,0.043621155390490635,0.03572011207080867,0.10420310916970979,0.0,0.025255123425117106,0.05135499488841128,0.15027239002309242,0.0,0.07280120340733245,0.0,0.09620311964387804,0.05605954226198401,0.06297030677529197,0.028796454080142884,0.08572487719471097,0.0528119855629902,0.048359961949811854,0.023287914838377867,0.04792861608119694,0.0,0.02329370848298395,0.035740087939867694,0.05668508615410231,0.14722339654855177,0.02624695810655312,0.04055249241681422,0.07210193405587036,0.04777937657568987,0.0,0.026441064064320757,0.05601762798565552,0.010000716644122167,0.038568862523533226,0.0,0.03204719525116888,0.06890785062419802,0.0792651479210565,0.08070753799157822,0.1588010840364327,0.03725037703797251,0.06904321008801584,0.11464049806338793,0.09748758787555538,0.04582802135168566,0.07705942309969466,0.03274575653392637,0.08069951535826153,0.07918432366690176,0.0,0.07543066168619753,0.0,0.0,0.08140735188040246,0.09109982856448932,0.03443758049969945,0.022378923353723868,0.0678039793561003,0.06608312918219643,0.0,0.09121535377084647,0.029894532335665417,0.01817852763625931,0.0,0.034032705391493126,0.053127810789305265,0.04189398528514075,0.0,0.030240936923154924,0.1081962560851479,0.0,0.02563435661685265,0.024477889591764675,0.04509159225323886,0.04397113303204276,0.04121082215877983,0.0,0.03333987800570704,0.0,0.04246115333856427,0.028659360322507592,0.0427200226256664,0.0,0.059593729161344186,0.0,0.05153114632940749,0.0688966959344888,0.028046295636675003,0.023142651286529613,0.08837801281355605,0.0,0.028563853499389315,0.0,0.026013279609898757,0.08131566822812258,0.0,0.05919730960987147,0.08271757048285655,0.037039246028895474,0.0490037328552718,0.05088574229491555,0.0,0.05439086007606176,0.08164687107369742,0.044830821824088804,0.0,0.08314325665179928,0.04326737629894041,0.0,0.058181541933823196,0.08084405513709408,0.07568848816182161,0.06144320068856745,0.06307345713785625,0.0,0.056759001030099746,0.01272991653955094,0.03348480088008315,0.0330365403253112,0.0,0.0,0.0724826285522202,0.10226196758706302,0.026345192568217622,0.0,0.04200124309538531,0.055603096055188844,0.04175085391481824,0.039975223769569204,0.04779105930993723,0.022846945164010493,0.05822558532792131,0.03868297871822222,0.0222113301291236,0.03593441946364601,0.03355992577551433,0.0,0.043077952372673874,0.11259795873020108,0.04017831101172194,0.045059670237137084,0.11602719827381446,0.019384183514225693,0.05006199197313071,0.06030112307457387,0.0,0.023248125973007388,0.0,0.04349844041544661,0.02280963287279717,0.026490485100061887,0.03318407221527291,0.036554651604069184,0.0,0.03766882535617491,0.0,0.0,0.05196794950499981,0.01864987563929839,0.06355078792282358,0.0837257286508561,0.16099206054289233
2022,10,Indicador de Cobertura individual de la cartera improductiva para la cartera en Riesgo,0.3965862399612083,0.5525461795611475,0.8817847674159052,0.8998512732541437,0.7362458976618222,0.0,0.5889475239847533,0.0,0.7300592496460422,0.5080779421529319,0.0,0.428802316768734,0.0,0.4892064946486769,0.44373691024528167,0.7474382392106429,0.0,0.35855812350031113,0.5606732854276908,0.5611450670362219,0.0,0.5466682532663604,0.0,0.4899077080212766,0.7690594912760977,0.7248552750187857,0.27531476350048484,0.4161136742770807,0.4697091750510372,0.7537754852412651,0.6889228438907352,0.551429315331175,0.0,0.5437885623617035,0.49424783497239666,1.0,0.6505055031278443,0.4017866328603007,0.7248967779964269,0.6837744566521892,0.379833485167559,0.0,0.17628916267302508,0.8019802826937082,0.0,0.7353637348177336,0.0,0.6820946657355312,0.7021481760268474,0.5496131964340878,0.5727554581513303,0.47889802982036567,0.8976438160015168,0.5087966798642112,0.3465299509051901,0.8583281221395548,0.38292062443108066,0.6342608354664526,0.3408555602004917,1.0,0.7168481623873567,0.0,0.8602017846140295,0.0,0.0,0.5385698169840124,0.586247619602176,0.3434142969087749,0.2603441363368674,0.7573562599371274,0.5624090054669457,0.0,0.5294351475256294,0.5911621419547042,0.9779207914038138,0.0,0.47901518632094015,0.2593080061147996,0.7814911485741142,0.0,0.48430918673536605,0.8054254910708019,0.0,0.5107036875824833,0.4780712231461073,0.6867476768918274,0.4157086505793761,0.28101570028904005,0.0,0.191202140491687,0.0,0.6222143811747674,0.7861868914023483,0.33618305889961925,0.0,0.5921148889196801,0.0,0.5249733852790073,0.9999999995272434,0.7389920409838182,0.9999999902061567,0.34802374156870775,0.0,0.35029502350789554,0.0,0.0,0.47886151089248746,0.0,0.7987323669361357,0.5288618538562047,0.5393009556866611,0.6959741119719313,0.792895816070963,0.0,0.3366491271108589,0.9999999988621273,0.2744581580270173,0.0,0.7837645742741695,0.6887115515632105,0.0,0.6054959934039916,0.6704989023846861,0.32660680875120524,0.4486971934854377,0.602231372495551,0.0,0.3456420748818577,0.11875795715188021,0.3452240275266696,0.7176855766424777,0.0,0.0,0.7093260035418493,0.7104169244727981,0.7611339690678126,0.0,0.5370134067792008,0.7594842494266282,0.522938890239861,0.07465871338981644,0.6354383810875278,0.24279542360050624,0.3712222313687969,0.6182725649390082,0.3537323425634149,0.2255608260162769,0.8499010740835379,0.0,0.5040156592233108,0.8977436006102667,0.7857777114898375,0.561963398920099,1.000000000299746,0.11148248625570295,0.29086643666368517,0.5688573810762542,0.0,0.09640522804791214,0.0,0.38238893104573346,0.34674431268967254,0.27896422894597267,0.6503123000462597,0.6838111528699703,0.0,0.06883522001883527,0.0,0.0,0.33365928347831664,0.28439491573003717,0.7139950154390925,0.6285476464837599,0.5161712528779671
2022,11,Activo Productivo,0.9104208713486147,0.857620371978884,0.9054619687390495,0.7952949730557702,0.7734043022449794,0.0,0.7897771330733594,0.0,0.8748738395077554,0.8888461978805823,0.0,0.6755459193869405,0.0,0.9117981464627024,0.7552663437249264,0.9378363348990257,0.0,0.8353370923353853,0.8486334914151669,0.6028476627472477,0.0,0.9024719468498504,0.0,0.9408318131157223,0.9468558090672077,0.9513384020682298,0.7811546081955602,0.8973703480465113,0.8518346922488582,0.8849223892606651,0.9713086380499355,0.9232857214931878,0.0,0.8893535449887396,0.9501200592519431,0.9019840071041978,0.9468915051750074,0.8600401777709272,0.8426305337806891,0.8878989744341206,0.9064885349980406,0.0,0.9500221597428092,0.9608707072661593,0.9646098189145564,0.925945127492509,0.0,0.9681525045953866,0.9253797370163769,0.907614100910832,0.9122332260296604,0.7920293138214918,0.8883064726264372,0.8284369795044711,1.015013403782368,0.9672189363425898,0.8573440292893206,0.8434667264442991,0.8968484431196668,0.9592063076271778,0.9319436074517939,0.0,0.8686260284933796,0.0,0.0,0.7979011642945874,0.9918089824587086,0.8631793597132023,0.7171502772280117,0.736485056224433,0.8750053358650953,0.0,0.817274341632761,0.89435811255656,0.9579392292496932,0.0,0.9352359398826281,0.9525065631787657,0.9702276405639936,0.0,0.9477226805773165,0.918897753037865,0.0,0.9401696295410836,0.9126626561682818,0.8302300701332066,0.8760192700805386,0.7745248520358873,0.0,0.890708961788084,0.0,0.9190244130987046,0.8791180099056576,0.9095431658875069,0.0,0.8106209327266581,0.0,0.8504039209017771,0.9236803333798687,0.9265563834753784,0.9626866914314145,0.9343717136874123,0.0,0.9225320759035327,0.0,0.8475329957268786,0.7976310610548834,0.0,0.9408857280040939,0.8629075035696053,0.8475732650104753,0.8702795067414298,0.8498715459139147,0.0,0.8852856521216187,0.8279022755210881,0.9007013164306357,0.0,0.7578164655173032,0.8346973785887666,0.0,0.8629895372021699,0.87432083638933,0.6509246073570196,0.9134135312788882,0.9568865033659887,0.0,0.8642181849536058,0.2578142110580998,0.8855379176822488,0.9284309042462838,0.7043595517335055,0.0,0.8596319321658396,0.7948975353294986,0.7702164968569689,0.0,0.911014413893431,0.9159218013557722,0.8526891376121577,0.8109383278057682,0.8601895272276538,0.9813868619935415,0.8190845919731583,0.8313333183384011,0.9380666042254509,0.8566430183484682,0.9460087727022775,0.0,0.8976062847361983,0.7830881753071324,0.8367954866947003,0.9263053231585241,0.8167363584567849,0.818509546540762,0.910270263147342,0.9021645048625806,0.0,0.8690580556406685,0.0,0.9193064182007684,0.9049330108878321,0.9439721231904864,0.8949630305655942,0.8503823325976672,0.0,0.8048658773905488,0.0,0.0,0.970793367536702,0.9230223467851999,0.8835957764530442,0.6998591179442123,0.880318201092795
2022,11,Indicador de Cobertura de la Cartera Total en Riesgo,0.08176934626657396,0.05767110606007581,0.10436219333227612,0.02655469706020142,0.04357364223754645,0.0,0.07234400431510374,0.0,0.10351280702021967,0.025982849142816844,0.0,0.027392355341755843,0.0,0.04582888377198421,0.030915831766584433,0.10586453040785651,0.0,0.025026413087714673,0.056414699731968415,0.14302738607526427,0.0,0.07195667511502084,0.0,0.09659736991981123,0.056134506009599544,0.06331851823010691,0.029608287498367893,0.0721916978180863,0.053725713597871906,0.05184142266707062,0.021688829629158277,0.049254535686134165,0.0,0.023325560461848787,0.03594664849453787,0.05511482080419421,0.14818207114577356,0.027177802070338843,0.039566433584108864,0.054331845512424384,0.04516110631070133,0.0,0.026574487680538123,0.0566633460667912,0.009999999815177312,0.03808937049483626,0.0,0.03248861129194045,0.06956933823324392,0.08121986340697109,0.09163701669346494,0.16150302101808217,0.0374496547516211,0.07709981554763254,0.11587763511041406,0.09791560773525704,0.0463582363229319,0.0773420386853016,0.03800058023887436,0.0808722944506938,0.07918027832245857,0.0,0.07085687904055367,0.0,0.0,0.07508290314397345,0.09067520348863324,0.03443183177287926,0.02076423036546442,0.06843728134798364,0.06444995695435496,0.0,0.09166395121590494,0.030458457139726468,0.017600870128835495,0.0,0.033562839708683165,0.053575392825327584,0.04170192977239372,0.0,0.02958639950543097,0.09330113404450549,0.0,0.025066616920314762,0.024523958521095863,0.0457838322905983,0.045109589627502326,0.04119971776855312,0.0,0.03263321637014693,0.0,0.04202707389946778,0.029578680658686983,0.041703143008343,0.0,0.05885302412635388,0.0,0.05315541715138863,0.06833006582024226,0.02986487835555552,0.023266502772529923,0.08962767901234553,0.0,0.028446294279328908,0.0,0.026454001401584874,0.08160661983856886,0.0,0.058614927225544546,0.08632684390054747,0.035596404346834934,0.045561740584394286,0.050283550979966736,0.0,0.055569057056531056,0.07171006241588355,0.04701137096378522,0.0,0.08687085271158379,0.0438938512079968,0.0,0.06198834191821092,0.07484388674133127,0.07645539861667233,0.06485514373921974,0.06528000665526115,0.0,0.05563507323480698,0.012205842949949319,0.03347373519062332,0.03284175093037567,0.19264576180946189,0.0,0.04533350261211046,0.10058115382489456,0.026629124323892764,0.0,0.04301933547911427,0.05484109765180777,0.03684767236399398,0.04166271816214975,0.04344689445008236,0.02328758013612392,0.06113255585634375,0.03873611642930572,0.0221301503382836,0.039779421887240776,0.032399214231538846,0.0,0.042798606158936735,0.11449243742007913,0.04123767666202396,0.047952953071399275,0.11680764978587882,0.019427493781608084,0.05144848432560005,0.060106528871561614,0.0,0.02322308472960038,0.0,0.05629302328245879,0.022699358053392772,0.027172695437286138,0.03253550725787812,0.0369814698807611,0.0,0.039371734542793295,0.0,0.0,0.05140146636221113,0.018854109122186016,0.060992349987597505,0.08376508613503206,0.1614122527850047
2022,11,Indicador de Cobertura individual de la cartera improductiva para la cartera en Riesgo,0.475471891490319,0.5704938526314803,0.8839487377265924,0.4695939232576873,0.6333412508358872,0.0,0.6539804568616084,0.0,0.7465550280807056,0.2766602581223812,0.0,0.40457100629238946,0.0,0.44385128589298284,0.3954810519504149,0.7555532803776474,0.0,0.3649506939158086,0.6171969276963061,0.5202450610471543,0.0,0.5482366479602678,0.0,0.47019683195160195,0.7757767527331276,0.6923509845505984,0.4333318521632883,0.3098834247290414,0.43782470461774986,0.7362729685208259,0.6054313369565439,0.5621916183861279,0.0,0.5310400825197923,0.5007364864417619,1.0,0.6427016726503196,0.4208270701992398,0.6924601013196358,0.5902678369437979,0.4535962593253861,0.0,0.19212370720558625,0.8158711052044384,0.0,0.735797351104633,0.0,0.7491786085963323,0.7190680554163645,0.5515176622845869,0.6079063634271042,0.48732172836731236,0.901437858022937,0.40856138631963923,0.3608826868622338,0.838418121615342,0.4001680912555303,0.6324323274635486,0.46502579444663616,1.0,0.7289317581679894,0.0,0.8557437425079809,0.0,0.0,0.5005294390908993,0.5876282302959976,0.3203980016826454,0.2973909674882549,0.7520558856978249,0.5525115073695898,0.0,0.5945832214031006,0.6075019387818759,0.7516599002312838,0.0,0.5037821604905637,0.26034274012643915,0.7610495733494999,0.0,0.43090857539462096,0.7371078264824245,0.0,0.480446999745297,0.4642742765464807,0.7108149172188345,0.3902927907106062,0.342818352730119,0.0,0.22252272645537757,0.0,0.5348955463137827,0.7834969866171222,0.34794570444462153,0.0,0.5117404559966324,0.0,0.5559995089969936,0.9999999995005343,0.6624812007735991,0.9999999902061567,0.4413747189407798,0.0,0.37059720102952154,0.0,0.0,0.4458737107438477,0.0,0.8171362268400819,0.6073046509906807,0.5205079284996919,0.6553056866548924,0.8535073425188905,0.0,0.37367455140577976,0.9999999984578547,0.2985077322237212,0.0,0.819466857705236,0.6749558242859931,0.0,0.6492496843871629,0.6066640714325142,0.31388802396480286,0.5760352438496068,0.5804953279949707,0.0,0.3519596235975738,0.09561120349102428,0.3946086318218365,0.5316583940827672,0.6670209210019287,0.0,0.5646863874146121,0.7351111488426085,0.7422424892831252,0.0,0.5713682426459469,0.7146319779214264,0.6308299436487105,0.15724631507972517,0.5773523615625331,0.5218324321578586,0.40798623465339195,0.6354631382112624,0.35274127068411604,0.25625178186377096,0.8597037092263523,0.0,0.539467704069432,0.8160197286038468,0.7703666709922441,0.5437356593833772,1.0484600543005336,0.10632863121053374,0.3203986432833134,0.5606347070600536,0.0,0.08974214120140493,0.0,0.40113664405101473,0.34975972642646136,0.3002243091397954,0.6349933463726305,0.6755817178143521,0.0,0.09541693369428703,0.0,0.0,0.3375971433807579,0.309262739870746,0.6930687694087467,0.6268148657967016,0.5208117758181848
2022,12,Activo Productivo,0.9348289390446047,0.8646198998677482,0.9098527354805431,0.7873196045302334,0.7842547401297796,0.0,0.8047415191066623,0.0,0.8909838905872841,0.8968646750558525,0.0,0.7150558421400874,0.0,0.9149872353998546,0.7670076817436609,0.9547582629061465,0.0,0.8255887996308282,0.8492634130745151,0.6085832822093739,0.0,0.9003783529804379,0.0,0.9726488840575478,0.9463507985847187,0.9407312974899711,0.8022852361337268,0.8991290908690839,0.8615111824682521,0.900286475382018,0.9606859468352733,0.950692571541792,0.0,0.8763441232971528,0.9419337417113721,0.9053034900765408,0.9439034491027202,0.8329455045440073,0.8411426910882477,0.8957886700733406,0.9045439022096022,0.0,0.9473736074106968,0.9497689485980302,0.9764749761842864,0.9310381076879559,0.0,0.9638799148964486,0.9195320917483142,0.9065351421389161,0.9186774731556764,0.8022912766375053,0.879412016936397,0.8110726549880627,1.0025904406967145,0.9693337142472319,0.8659683331002467,0.8390200371073901,0.893733983989094,0.9445014482591191,0.9227402342050919,0.0,0.8493584866536421,0.0,0.0,0.8184331954846873,0.9699646703376056,0.9000789438622457,0.7261387182600784,0.7922772429988828,0.8203885233018792,0.0,0.8243317546347411,0.9021445433757183,0.9364393515671616,0.0,0.9361073705740255,0.9971324788297138,0.980551770580412,0.0,0.9499626706236173,0.9304506363122417,0.0,0.9411103230227272,0.9144475656643818,0.8288089841777596,0.8769197419015968,0.7797205634720439,0.0,0.9122984688190204,0.0,0.9223937772805332,0.872312182957406,0.9177984689499802,0.0,0.8550848709132302,0.0,0.8721827453219202,0.8932430538409915,0.9260892987286338,0.8899133521990972,0.9425504473489466,0.0,0.9267848150786154,0.0,0.8631957563804329,0.8633856291226958,0.0,0.9286435434207359,0.8635140821270851,0.8457786670335593,0.9077155676636467,0.8720250475045683,0.0,0.8935645820558791,0.8369599189435091,0.9266198938821856,0.0,0.8003135735535821,0.8454766695444533,0.0,0.8541482781495452,0.8884991221229065,0.6605279492601649,0.9501155922196879,0.9531817824206997,0.0,0.8618750000290509,0.26465925601744933,0.8968419774270128,0.9090769410731611,0.7252097813121471,0.0,0.871081955638337,0.8022265519917086,0.7976499678696808,0.0,0.8981653729943291,0.9252445177943158,0.8238781343219397,0.8120925457165582,0.8413351524632042,0.945346709750686,0.7939301738041006,0.8376366958925211,0.9370694639513374,0.8444488418395018,0.945414282660361,0.0,0.8865659651176669,0.7987871464944502,0.838632015640789,0.902932765416467,0.8317892921924349,0.8502443194485728,0.93361552256442,0.8680609429166884,0.0,0.8850355165284863,0.0,0.9155844337782933,0.9030478248939319,0.9444524619545085,0.8574639093384614,0.8938264470488083,0.0,0.7909588675084759,0.0,0.0,0.9552394507546118,0.8971561665247622,0.8766164331546523,0.788718718282101,0.9223105819972273
2022,12,Indicador de Cobertura de la Cartera Total en Riesgo,0.07703209604596983,0.049053808310954475,0.08426179648275325,0.026652486359771146,0.045074625777919625,0.0,0.062767726522498,0.0,0.10202085517993265,0.035837997521740036,0.0,0.029785191211397572,0.0,0.05118632200446064,0.031322179598226293,0.10606906948310067,0.0,0.025470304289765582,0.05744145969417861,0.13993566468624924,0.0,0.07280665474401415,0.0,0.09764389098283559,0.052231781102095996,0.060242772331884395,0.027005197362510395,0.07467570521251227,0.054828397854789816,0.052107472209306685,0.022691499805939864,0.05756831381501934,0.0,0.02403770666830676,0.035818067611644154,0.05196368067445452,0.14182612450308138,0.02266400959914327,0.040456107227283225,0.05513073250867086,0.03746138598077516,0.0,0.027526186437608152,0.0558035098495757,0.010347535807608116,0.03713172725335886,0.0,0.031027122522190708,0.07112546095760042,0.08198817135904332,0.0900257622260033,0.1507151770846087,0.04748465347807919,0.07799368534619024,0.1177945676873301,0.10170953790249336,0.04499513559801445,0.0685667118578312,0.0368634060675669,0.07515677406772339,0.07884040522468233,0.0,0.07199833469266606,0.0,0.0,0.08294324415438203,0.09245858347624826,0.03972483259301362,0.020070417895692853,0.06444223374720989,0.06738252077421837,0.0,0.08521236064672605,0.02185637083613828,0.018022483898275894,0.0,0.0354789948525347,0.05930858635462031,0.04467217530095026,0.0,0.02917091374310218,0.09674946475023004,0.0,0.024829005689784037,0.025789565620545095,0.043380541701285136,0.04614193015427133,0.04133467601559514,0.0,0.03196679956903834,0.0,0.04546372040684646,0.02853373108214762,0.044049862999736886,0.0,0.0652435888518155,0.0,0.05366091026459848,0.07025049044424124,0.028168957468433436,0.023541129532181057,0.08850226067975396,0.0,0.02680126377782481,0.0,0.02545530694357812,0.06446452486894605,0.0,0.06587699464201054,0.08367197164028639,0.03920295063233288,0.046595698058856015,0.047774005518322615,0.0,0.052149897643146245,0.07432950206842848,0.045768367494119465,0.0,0.09723883391069293,0.04724866030901003,0.0,0.06776579667679936,0.07538739199406995,0.07586875455231033,0.0666665716087029,0.06740337936468607,0.0,0.05696686758867332,0.012938393771203486,0.032320610531132506,0.03493988660637662,0.20133876446694554,0.0,0.044538177773663465,0.11779220895596719,0.027373833121080274,0.0,0.04049734993234562,0.05684255179521267,0.04187220141887436,0.04301257587685946,0.04335490814259504,0.022939981425877755,0.06388371410656131,0.024249918724984002,0.025744024835988623,0.041423231388795584,0.033178683629677574,0.0,0.03654470553271851,0.11336656061139494,0.03526625499385325,0.04287236002393848,0.11350089555367332,0.023082344612185772,0.04965784895054194,0.062353051894678144,0.0,0.022664904528717417,0.0,0.0617826424100611,0.023926819243023405,0.02469365431712667,0.03590212162041981,0.038863563716895644,0.0,0.03795213477721737,0.0,0.0,0.053194953965870845,0.020340825533991174,0.06325240290775493,0.0736780924579578,0.05552288057727156
2022,12,Indicador de Cobertura individual de la cartera improductiva para la cartera en Riesgo,0.3516841160857833,0.5425078801554893,0.8431445087244288,0.46691939863853854,0.6576609638425751,0.0,0.5892686786320657,0.0,0.7427615438632587,0.2448937818663759,0.0,0.49011415205979103,0.0,0.42695971038688346,0.4218594785434398,0.7978161699441112,0.0,0.3362963722248132,0.6346433823657293,0.5138633451689881,0.0,0.5243243770562799,0.0,0.527006638553757,0.5353139491573173,0.728053114527809,0.29733143119444766,0.32608358284532046,0.4585506734194171,0.6793596629972753,0.6239409797054595,0.5342785607815751,0.0,0.47632614784226834,0.5418846977667753,1.0,0.6180033844203692,0.2257455332332476,0.7610638489014216,0.6345670993363135,0.4448013461721636,0.0,0.20139044994378033,0.8111307839969496,0.0767681815301432,0.7443652111661492,0.0,0.6473773504231166,0.7965830585850435,0.5088071077857175,0.5430031766951079,0.4733107873990398,0.9142879933611185,0.4108631094267173,0.4017005020305679,0.8598380362449191,0.37640914786630597,0.5577496181019689,0.43332108840938416,1.0,0.7209893173574522,0.0,0.8548843487127795,0.0,0.0,0.5531195410709844,0.6315882856473773,0.5486230637716535,0.296267053326958,0.7390943603462442,0.6277819819803377,0.0,0.5671635556491166,0.5013349061974668,0.5998034825089359,0.0,0.5205125364456153,0.28477518710394817,0.7974474548350432,0.0,0.49589852317834326,0.8263182859362669,0.0,0.5093616415669779,0.4600493922093224,0.6977103176654967,0.4513540067490145,0.3515985646216659,0.0,0.3169597550802612,0.0,0.569519117861599,0.7988832254714673,0.39193813283151296,0.0,0.5229196960758088,0.0,0.5605248792201569,1.0,0.8454389351880932,0.9999999902061567,0.47151368966275065,0.0,0.32545742897396807,0.0,0.0,0.4695289430757283,0.0,0.7716139995068554,0.5217883867391269,0.644489447632715,0.6584980819871491,0.85917758487331,0.0,0.32353322085413055,0.9999999986629948,0.3030578040124464,0.0,0.8630883125009431,0.7577373304467103,0.0,0.6725077915817623,0.6251189101534784,0.4027745472469763,0.6162403428110758,0.569602475331239,0.0,0.32611210134928553,0.14292099474059292,0.44284079001486965,0.4952278362004702,0.7011446705209275,0.0,0.6736925758260015,0.8428199360514846,0.8033271295739038,0.0,0.5729684876783221,0.7628851454160168,0.7743714799751381,0.1710137926511511,0.5976107580729946,0.2932640229338943,0.4362127766270399,0.4711719870693504,0.48599655062814,0.262868938520794,0.9182989838542189,0.0,0.39430226131192503,0.8020966296769229,0.3430215304972548,0.4955142835858727,0.47282833838769284,0.10945964587837344,0.3739875750460413,0.5745919020899595,0.0,0.08312768600780826,0.0,0.4423429510993389,0.3559337764180604,0.2685614403272087,0.4042703652502965,0.6790483703778448,0.0,0.0913520982468709,0.0,0.0,0.30646940388800903,0.2955928000423615,0.6965906855209344,0.6404238596595389,0.3711757696471332
2023,1,Activo Productivo,0.9360898961675916,0.8680571088043171,0.9053789127904025,0.9307735440356497,0.7884303910153033,0.0,0.8218408931006784,0.0,0.8962779227713855,0.8986648665200762,0.0,0.6938162991643305,0.0,0.9029927933962021,0.7641679903151772,0.956307009838422,0.0,0.8325272415039517,0.8497399449512149,0.5874064587735897,0.0,0.9025304172519099,0.0,0.9718811827935303,0.9495733409868516,0.9348134820078127,0.7921804391411313,0.9058508815922205,0.8605573813846683,0.8976939584339734,0.9550796324330899,0.963235486257953,0.0,0.8703341680834217,0.925863684891809,0.9053487968867152,0.9313901325253227,0.8373221191568341,0.8348934949719288,0.8925397410060844,0.9051656151502266,0.0,0.9143301621834026,0.9553431728462929,0.9684920217216036,0.9338836662776469,0.0,0.9703091815049626,0.9396809481346745,0.9066156169066414,0.9114999345142729,0.8046598554203869,0.8647875497138474,0.8069705901463079,0.9842174105190761,0.9566993267395344,0.8539422165075367,0.8139758201116013,0.8870131630824825,0.9283200284208926,0.9063178011894502,0.0,0.8443473906507225,0.0,0.0,0.84743932053529,0.9617698061137925,0.9224502644135701,0.740630826823881,0.7716544758061896,0.8460111831210818,0.0,0.8093172739345409,0.8872675252942854,0.8814339682026205,0.0,0.9382973490611652,0.982527110231608,0.9733904132846906,0.0,0.9164138353609229,0.9162242419955495,0.0,0.9378627309726567,0.909703910057029,0.8351079144069138,0.8723186056043049,0.774930784107656,0.0,0.9036788692929105,0.0,0.9193523005134397,0.8824954666670882,0.9263295232161928,0.0,0.8615310546993149,0.0,0.8618588418313788,0.927004450878207,0.932352741416855,0.9083808724804963,0.9412707813583719,0.0,0.9171227541328919,0.0,0.7815186215721545,0.8574677204327665,0.0,0.879596041614481,0.8497342071562407,0.835751113680267,0.9140335509432499,0.8718035912969575,0.0,0.9014639739740232,0.8372826593481342,0.8818373810908733,0.0,0.7788873607049356,0.832399561925949,0.0,0.0,0.8984235410674802,0.6655376296737547,0.9382948117210008,0.9577900912679116,0.0,0.8946684497060944,0.2617044404365569,0.9012661290245219,0.9102805830199235,0.7417215751171697,0.0,0.8440619565678686,0.8002822872867634,0.8265621359371943,0.0,0.8847324262876418,0.8958942960405665,0.8539974279530775,0.8009115438829215,0.8395852050145516,0.976925346230252,0.7956435807617136,0.8357580969935668,0.9424260022211273,0.8460930306484179,0.9464539097120577,0.0,0.8720006218956775,0.7990224599750818,0.834568797935004,0.9074693088067463,0.8319640538279703,0.8977622504925815,0.9513089054311892,0.8672852062932205,0.0,0.876588591128389,0.0,0.9097129018745457,0.9006541415709046,0.9509929784525096,0.8516404187360656,0.8777353008815729,0.0,0.8431646086004082,0.0,0.0,0.9526958910063107,0.9021706378168061,0.8875916804436058,0.7873128509782202,0.9233900711405111
2023,1,Indicador de Cobertura de la Cartera Total en Riesgo,0.0801758654959335,0.05228161391732361,0.08633081967264548,0.028205842405569014,0.04806043523250271,0.0,0.06824535691335121,0.0,0.10340121697301001,0.045261445451911186,0.0,0.028492403015471315,0.0,0.05826296196189884,0.03151818160534115,0.10560078794452545,0.0,0.025645097020316126,0.059951149022850064,0.14317066827384803,0.0,0.07429447771312539,0.0,0.0970404030935466,0.05202738889644651,0.07200238509219248,0.028080348528785503,0.07582124357892311,0.05477757025738033,0.05295099469501608,0.021194526720528312,0.057221305651430965,0.0,0.02383786154537127,0.03626062332581505,0.05312978009654505,0.14474203440499397,0.022496841584723277,0.040142917055075646,0.058208492201118345,0.03841480611297979,0.0,0.027733286441612957,0.05709169732531325,0.01034762345143664,0.03828095725874732,0.0,0.031328404846125674,0.07290613098621856,0.08337176924027365,0.09079226269645035,0.1565749713288265,0.047319113035868,0.0767189052018478,0.12093342903393145,0.10548099157308953,0.04570884155223277,0.06998760035385557,0.03726533368478998,0.07539882115981837,0.0797046244217482,0.0,0.07276019003454515,0.0,0.0,0.08706824550278512,0.09477791712053468,0.03966506325467258,0.01980939023790355,0.06619693485346892,0.06871566361336207,0.0,0.09309737754414688,0.0226104888696794,0.019300163327776104,0.0,0.03406614092739241,0.05964075923299753,0.046371887133114,0.0,0.030049619770949124,0.0972048727834693,0.0,0.025963862962838927,0.02746591021813656,0.04633609353861428,0.04690122980304151,0.04229307127413334,0.0,0.03239867433518987,0.0,0.044363176719765925,0.02751293176680406,0.044792034436441565,0.0,0.06893813041956875,0.0,0.05623062273397529,0.07091272646039319,0.028168224102380433,0.023565354926676375,0.08898465487122464,0.0,0.029728564082779647,0.0,0.025493349356016565,0.06359484957810822,0.0,0.06593971152146717,0.08428901332610793,0.03822035647507075,0.046180949763582786,0.0462975613096593,0.0,0.05356011355024209,0.07379936066919748,0.04364447328753781,0.0,0.08658157217958608,0.04883704212805543,0.0,0.0,0.07617544194115318,0.07519405551847157,0.0661485150524558,0.0680744093141388,0.0,0.05611534695824244,0.013115805973309407,0.03242072713364605,0.03431234634224327,0.21668636117739584,0.0,0.0430747762812129,0.12031723309725319,0.027169032100968375,0.0,0.043265337588701325,0.059066430265886406,0.04179709678208049,0.045162176980932056,0.045581777912861825,0.023050680239477758,0.0671258076909001,0.02640072318422879,0.025899703674628235,0.046581601309909376,0.032856854338449946,0.0,0.0375161911055562,0.11304519293931195,0.03867794008460495,0.05092837378164071,0.11579593121914905,0.02308940659412868,0.05863201676691635,0.06355106871295148,0.0,0.02327646107680103,0.0,0.05158662916012046,0.023812013810057247,0.02644733761704768,0.03601940952087776,0.039182223560388585,0.0,0.03459803551787787,0.0,0.0,0.05220809196379667,0.020161551936628302,0.07427937787503278,0.07357901985418246,0.06420033995012793
2023,1,Indicador de Cobertura individual de la cartera improductiva para la cartera en Riesgo,0.3827786975197691,0.5545249715522524,0.8546613873456728,0.4920168252971769,0.6893584123569666,0.0,0.6533408848431749,0.0,0.7550991904954074,0.6564068123719508,0.0,0.4955374468670002,0.0,0.44304714086007363,0.47265992470428053,0.7672459861474252,0.0,0.30817951855098175,0.6337621414446724,0.5226585753367249,0.0,0.5483599974555302,0.0,0.48821082990609777,0.5618909903620816,0.5404486930480688,0.3342245385329332,0.3378668066431319,0.45403612328432924,0.6927384803025626,0.6653150522823362,0.6337116577604297,0.0,0.5109959195164917,0.5465526786317877,1.0,0.6186585485123434,0.25969211282773397,0.7424414278792999,0.6609846733229342,0.43566290556808945,0.0,0.2121043194152905,0.7459946293997708,0.077793504396865,0.7558280405468912,0.0,0.6174084776316162,0.8050845137852022,0.53036668015558,0.5597061157607244,0.4968047179189733,0.8956630273824886,0.41532874135992753,0.37183045742150017,0.8478884066617352,0.3907034008073094,0.560648017973875,0.42233782137702186,1.0,0.7089271169469513,0.0,0.8664568694050203,0.0,0.0,0.576059199546019,0.635321077738347,0.550255003325722,0.29651603151632755,0.6735403033101709,0.6565578699317924,0.0,0.5610983253157851,0.4796116802743653,0.3597574351266988,0.0,0.5272643441295737,0.3066067391599815,0.7877300485539,0.0,0.45537448514263884,0.8159782951733628,0.0,0.5088930909553518,0.4631599568476301,0.765407508227393,0.4525907790571098,0.3531766194491854,0.0,0.2921816282315379,0.0,0.6049765940812368,0.797282538763939,0.4135845408396732,0.0,0.5385243623745467,0.0,0.551781387049501,1.0,0.8496224378144099,0.9999999899955712,0.46269018291174313,0.0,0.2148427796233529,0.0,0.0,0.4601096270246745,0.0,0.7531914073719063,0.5355940261435927,0.6282879515193732,0.6537593262857719,0.8617650588442092,0.0,0.3563622387115142,0.9999999986739052,0.2665526594382374,0.0,0.8366924611954037,0.731137775245736,0.0,0.0,0.6291271687126507,0.3315823261563116,0.5421962872639213,0.5944085273919576,0.0,0.3289167554430533,0.14653338479157527,0.45213472427235807,0.5175571290606142,0.7197339551494494,0.0,0.37502358233704935,0.8559331711357013,0.79377653702329,0.0,0.5510439003778745,0.7170515810752793,0.7617536928377954,0.19816320104192012,0.6029519012320689,0.4123824682174953,0.4539504047803961,0.497983058004917,0.4813234385253511,0.30406473085339647,0.8822553510599835,0.0,0.41193858813666706,0.8040330576620337,0.4168175960133361,0.5757684015471817,0.5032143294761426,0.2147888660072955,0.41841110731224823,0.593505550359976,0.0,0.07607595864664421,0.0,0.3105874717351037,0.354356845867243,0.2750036051790456,0.3964322204409305,0.6918210106585627,0.0,0.05355852009534155,0.0,0.0,0.304782656855825,0.29351492796402795,0.7447893121237639,0.5537682439088468,0.39060427063062436
2023,2,Activo Productivo,0.9479499723752144,0.8662418678043174,0.9041205646165239,0.929141427015434,0.7915661135624332,0.0,0.8013855993086219,0.0,0.8861927442380951,0.8946890806769564,0.0,0.6919094786926697,0.0,0.8935269672279671,0.7721003824593429,0.9479075535908884,0.0,0.8227549687424753,0.847656528305691,0.5874670444008673,0.0,0.8972928964167879,0.0,0.9767215507302408,0.9507867266569913,0.9394273420515064,0.7935187991769219,0.9288618919903496,0.861063159153479,0.9024370058573093,0.9051548015580617,0.9578985389512512,0.0,0.8645419638135743,0.9207351428557148,0.8761977667145956,0.9247673062604023,0.8433399566202545,0.8473129432991446,0.886102616947531,0.9038643145166589,0.0,0.9186489633236725,0.944902449785836,0.9689811505200038,0.9076340496734141,0.0,0.954294370014428,0.9576275120545339,0.9054825760290772,0.9141022045936684,0.8093043256696741,0.8646608368983042,0.824764364025619,0.9837703006598696,0.964891470085376,0.8892590420529413,0.8034776516989519,0.9010706638284055,0.9378535132214147,0.9164115896387293,0.0,0.8458293753526495,0.0,0.0,0.8642342114569305,0.9480153576232583,0.9114616205384276,0.7474197429154269,0.7808468589972615,0.8794194205045601,0.0,0.8010191254342159,0.8808544376778217,0.8898501477400016,0.0,0.9517020405682808,0.9909563613416967,0.9709986874367308,0.0,0.9103722061529439,0.9130460319747944,0.0,0.9396273958624815,0.9018383342884166,0.8363945007368412,0.8981347672167966,0.8008372552673848,0.0,0.8974633638213132,0.0,0.9240847734614321,0.8939209199142037,0.9336215269608794,0.0,0.8708229619326312,0.0,0.8732485515637197,0.8927948392816262,0.9338623900789286,0.9425703932162961,0.9414064301590065,0.0,0.8657946750686919,0.0,0.8412405772730537,0.8523077522560886,0.0,0.9008507114891352,0.8406657195167856,0.8522463697775243,0.9176224914609162,0.8638929455807492,0.0,0.8732940327322459,0.8603235724982656,0.8820362342134862,0.0,0.788570364405838,0.8479594894858057,0.0,0.8453645720211445,0.9106349110734575,0.6777861105046963,0.9616767957158678,0.9513314772905973,0.0,0.8935796001191362,0.268459560028268,0.9073650109316425,0.9183579475465662,0.7344432473022168,0.0,0.8640829484498989,0.8008808536681294,0.8196008441074413,0.0,0.8947844119662518,0.903324322627508,0.8533525010903343,0.8092326970106248,0.8423966856580132,0.9573761406792611,0.7961709129999407,0.8270914489987374,0.948138502779337,0.8475638645196177,0.9461655522574186,0.0,0.868621083392154,0.8196671611949538,0.8397389242391833,0.901842827606141,0.8368715712067054,0.8926573814322487,0.9518123548875628,0.8539395447907637,0.0,0.869780662548555,0.0,0.9158499197921666,0.9062311345549966,0.9476994106446298,0.8489161563920908,0.8880874299779756,0.0,0.7798475825405501,0.0,0.0,0.9471110994709689,0.8970871577691315,0.8839771775594762,0.7896076884165644,0.9250187924693932
2023,2,Indicador de Cobertura de la Cartera Total en Riesgo,0.07859924530970376,0.055315160929563775,0.08859924104189851,0.02687440743206772,0.04879088183629733,0.0,0.07269179201280342,0.0,0.10442699717077361,0.041730663666584976,0.0,0.02917412700284568,0.0,0.05385406017263804,0.030874677042349002,0.10574145823943397,0.0,0.026084460545928032,0.06151821522754422,0.1357817756664337,0.0,0.07513058200835715,0.0,0.09946864342657769,0.05266834231609095,0.07487322796830864,0.029399923789124077,0.07426216442368395,0.05565864348121935,0.05298745456354056,0.021160900768921628,0.05774544658877698,0.0,0.024074324799962705,0.03669935710188485,0.05614181307811361,0.14673760881637887,0.021224082640517426,0.039139300009936644,0.061486125348180785,0.040613501437683656,0.0,0.027958563702345736,0.057919493501361816,0.01067873995284761,0.03699055470536667,0.0,0.0297469003992718,0.073779261002626,0.08691598622283338,0.09077793518225961,0.1591080686082463,0.04647181194221884,0.08313000728625239,0.11954703236086356,0.10604873412499419,0.047264226646645785,0.07106216960030887,0.03808723199253959,0.07587764377355603,0.07970326349333812,0.0,0.07264463564922082,0.0,0.0,0.0879762945479062,0.0975053741441741,0.03948725759581783,0.016864227075922254,0.06360169396669962,0.06729479251126318,0.0,0.09815805889902081,0.024173949302876436,0.018523475093514034,0.0,0.03387077566969551,0.06002921473876821,0.049518825325328836,0.0,0.0300966009250734,0.09782344618782884,0.0,0.026651854608911032,0.028981473089435175,0.046762762031989265,0.047144815354496813,0.04291707226118701,0.0,0.033048126271491035,0.0,0.04490687872616524,0.03020042335722878,0.04455820995550203,0.0,0.07655501554687162,0.0,0.05802891932055021,0.07082325844656277,0.029134087279257183,0.025983063317286333,0.08926288005229617,0.0,0.02904344227258372,0.0,0.025486774037459217,0.06962699465692085,0.0,0.06517363574589968,0.08445645486726729,0.039394924340151544,0.046391608303126046,0.04546602203108132,0.0,0.05201197649860287,0.06958720805144569,0.0485666928822751,0.0,0.08579824030864308,0.05031485454698406,0.0,0.07761544467483956,0.07725340812656521,0.07339193421334911,0.06613011524312007,0.06899450485683269,0.0,0.054833389256692934,0.012380386867323201,0.03260092338390989,0.03458905459956452,0.19877376144454414,0.0,0.0433423447879806,0.12088312685530156,0.027183942958835666,0.0,0.04654480881518267,0.06019011104060106,0.042668455803486376,0.044133120210868446,0.045696565972151125,0.022995776860013986,0.06639880004293583,0.02778685639106637,0.025861026634499212,0.05102836258034609,0.03214226987721825,0.0,0.037631351035841136,0.11042900510146642,0.033729381970921755,0.05299383388584132,0.11659813284795666,0.022720001226641504,0.05568331490795319,0.0632478556742651,0.0,0.02327528532414351,0.0,0.05335481636655868,0.023630374465094455,0.02653092891016496,0.036324401245855197,0.039251918596963614,0.0,0.03490642497789291,0.0,0.0,0.05297734770258161,0.020247022651977885,0.07745149739031676,0.07515168365588723,0.07156650535120367
2023,2,Indicador de Cobertura individual de la cartera improductiva para la cartera en Riesgo,0.36027829357656527,0.5813606338822151,0.8681283515901828,0.44950178048878686,0.7251987461102113,0.0,0.6394847135344194,0.0,0.7527040020104805,0.5925029185785449,0.0,0.5122741314111565,0.0,0.40935768254829646,0.4688125327445377,0.7694075206639983,0.0,0.3256628783966408,0.6225980510035446,0.5119514778245594,0.0,0.5555280630920711,0.0,0.4912926533664365,0.5793529516314918,0.5367267785445647,0.28047674875751427,0.33583783135039624,0.48072082629675655,0.7091550640260548,0.6672629841179802,0.6413314813897927,0.0,0.4872851698953882,0.5536098999730725,1.0,0.6173118170167018,0.23273905189269325,0.7307172281567392,0.6724107508271235,0.3785663650727084,0.0,0.21343143698219827,0.6672848712038698,0.07885619534205793,0.7611054046223736,0.0,0.6813472151112787,0.8109626167122912,0.5553452952240616,0.5467792942826288,0.4958643765868261,0.9082238076624284,0.42296217155197985,0.3857859097190113,0.8363288663873556,0.43046891953485267,0.5406027338216293,0.4026777132778716,1.0,0.7134384438081975,0.0,0.8566163072786301,0.0,0.0,0.5895844022651656,0.6308466182299132,0.5507535849450392,0.1801559893006143,0.7284706529301873,0.6313905682499698,0.0,0.5873308660067589,0.5036116480122858,1.0,0.0,0.5348932786296539,0.3204284174325648,0.7822890827540802,0.0,0.4578242212568943,0.8052677158787529,0.0,0.5048424805562207,0.48717090362863724,0.7272385384862765,0.4393465836119835,0.37878378998609313,0.0,0.3152317409530514,0.0,0.634514880140869,0.8232268310067069,0.38386086891524945,0.0,0.575279254481824,0.0,0.5632929575584147,1.0,0.7773321536306933,0.8109838912857659,0.4628511539695587,0.0,0.08089697032123021,0.0,0.0,0.5077424025658898,0.0,0.7356939791148059,0.5113873691295603,0.636976522168219,0.6210919979711638,0.7484241196285308,0.0,0.42732887283440735,0.9999999983764916,0.32319759213099525,0.0,0.8194234227308127,0.6635847269379581,0.0,0.7348900964513956,0.6115705528014975,0.32826384202795367,0.6147372167101984,0.5771319623562485,0.0,0.3219876063139562,0.11962105856836927,0.45497065097804495,0.5109459648853315,0.7371761002618866,0.0,0.6380884577493604,0.8612450781859698,0.8253334079797634,0.0,0.5301427065163389,0.7171279648658458,0.4897327669250109,0.1565867935137519,0.6044849932414322,0.24543841218592813,0.45791871339875206,0.5167444905934495,0.47129616682609915,0.32838105371777054,0.8472034454189478,0.0,0.4117136222055121,0.7959983998171803,0.3418333212356307,0.5769123216350225,0.4958807368305757,0.2442854403308503,0.4530634313746502,0.577891727089252,0.0,0.06790603131629,0.0,0.3488769001009783,0.3497086269868044,0.2694254329906625,0.38917840372605533,0.6870867416049952,0.0,0.19191114284398522,0.0,0.0,0.29955375237996107,0.30390953351707484,0.7456586661607574,0.6192368047890491,0.4386325082343335
2023,3,Activo Productivo,0.9394789584414467,0.8660235489250111,0.9086277309458569,0.9206582407858739,0.799358493180136,0.0,0.8121409233577017,0.0,0.8959909048397369,0.9080111800377424,0.0,0.7226494502950814,0.0,0.8843040330240283,0.7704325411915207,0.9473646020966514,0.0,0.8072046927950728,0.846643193116122,0.6156994948012257,0.0,0.8958328813821615,0.0,0.9893648041223335,0.9435825476657169,0.9317777826158672,0.8193188741480936,0.9143845151175742,0.870717380572034,0.8550184518990548,0.927958376512797,0.9478886570299383,0.0,0.8660689160119874,0.9089583435646473,0.8748411813791303,0.9299734819252206,0.829118169763585,0.8419746115943316,0.8832641113243801,0.9064393731318433,0.0,0.9164753189143103,0.9328440582133077,0.9566395162210897,0.8887882898185309,0.0,0.9455090057578549,0.8866813103925838,0.8849421987377102,0.9158175541838247,0.7874181330905345,0.8816344792053321,0.8180060817005077,1.0048345243704861,0.9600386113144261,0.9269923499328188,0.8026195800545706,0.8974102867792078,0.9282107080582901,0.9125322316584781,0.0,0.8610275037535459,0.0,0.0,0.8664937310235716,0.9517821215453274,0.9181631052463098,0.78598100203172,0.7953765635046972,0.9124210351675047,0.0,0.7952866390179149,0.8669140594106549,0.8840237798193332,0.0,0.947173256661125,0.9838767659480755,0.9728686170384486,0.0,0.9055144279832928,0.9066360758814098,0.0,0.9370158833164656,0.8879900389218177,0.823732997985584,0.8664766120888323,0.7702624778654639,0.0,0.913772736317829,0.0,0.9181160729421608,0.8774272472013958,0.9405239928725263,0.0,0.8702173012139784,0.0,0.8738934436518361,0.8890930912030006,0.9392514492549711,0.9615331100682971,0.9296246727621166,0.0,0.8720167737636214,0.0,0.8651627636284308,0.8240904083080972,0.0,0.8968339517539512,0.8391239337923951,0.8438788113553656,0.9127815382000497,0.8876625037414562,0.0,0.8932580292678034,0.8689070915864642,0.878494873403138,0.0,0.8381109737308842,0.8597021770623191,0.0,0.8356012451598055,0.9193043496744686,0.6923608670533259,0.9562076267198096,0.9482218078171069,0.0,0.8880789028906274,0.2588953031283021,0.9023501493840429,0.9059881439770907,0.7299741736367271,0.0,0.8734778241206321,0.8059723011696104,0.8371247601016087,0.0,0.8998634817847645,0.9016053684052159,0.8448400212385667,0.811981551836169,0.8720915054396113,0.9710591238695412,0.8035235352979231,0.8464884750157781,0.9440889770923997,0.858330665763961,0.9475388890011419,0.0,0.8651690144500435,0.8184750415728339,0.8407244531573469,0.8915888152918438,0.8593574922362607,0.88339418849041,0.9339367951757014,0.8645943026833711,0.0,0.8335588485140369,0.0,0.9107452452450611,0.9067261542675584,0.9462392406609992,0.8603594808169089,0.8838625656398228,0.0,0.74848675696983,0.0,0.0,0.9467175058321182,0.9179335859290787,0.8881392517455027,0.7883790651346538,0.9312475901208336
2023,3,Indicador de Cobertura de la Cartera Total en Riesgo,0.078584639964,0.05745981317155873,0.09062345337915381,0.03016606187870333,0.0506106307123082,0.0,0.07681131917859033,0.0,0.10512944348318196,0.04208836793838532,0.0,0.030012259636832628,0.0,0.052742762259218486,0.029939849045041725,0.10645608000108885,0.0,0.02724213577870045,0.0638086908100608,0.12993235719795487,0.0,0.07485854800151205,0.0,0.09831451998885701,0.05302414937018156,0.07322441252799164,0.02961319911293866,0.07427154209801919,0.05542067386845794,0.05306986782028483,0.019812666852888648,0.057500722040391444,0.0,0.024582187803184233,0.03625020466633948,0.0563009087218425,0.14852319462829416,0.021398303337185027,0.038121323442066715,0.06157116166320615,0.043137574202533564,0.0,0.02783093843272974,0.05916911989563798,0.010344015077780702,0.03707276034193921,0.0,0.030359012955245932,0.07447940377883891,0.08464561912352524,0.09081642745555611,0.1566340588406793,0.04385693723287074,0.07604324079958556,0.11237313987216463,0.1091288891787149,0.047220006282017946,0.07169209636282797,0.0380852208817986,0.07467722610744607,0.0804938815819411,0.0,0.0734822634922468,0.0,0.0,0.08563614513159026,0.09881429692191472,0.03978219543999517,0.017028498416544875,0.062267484059582726,0.06628028541483504,0.0,0.10173091473942532,0.02478283392095083,0.018683233252324467,0.0,0.03331950031583004,0.05952297197410702,0.050971684095823006,0.0,0.030198573965000503,0.09938878933291283,0.0,0.027598505403279492,0.029667673306908424,0.04708497269124711,0.04948856912406526,0.04389211838357753,0.0,0.031180456459842125,0.0,0.04598026895256379,0.026626905689459433,0.04413233974938633,0.0,0.08106954966517751,0.0,0.06029687305272853,0.07266226034169662,0.030132565382838507,0.02659377512045986,0.08958845186683759,0.0,0.02764363897462269,0.0,0.025467801901419687,0.07449058450690832,0.0,0.06371469696868855,0.086259229961135,0.03872220151468316,0.04633388530251949,0.04391217631399219,0.0,0.052985828715878334,0.06995152278736746,0.04285975398442349,0.0,0.08475702221794382,0.04937862864807923,0.0,0.0780547190494912,0.07821077956989207,0.07048581689872362,0.06659322101145798,0.07053042966945987,0.0,0.054537493967945855,0.012365981625641145,0.032966048602886884,0.03335061979945946,0.2024227954727246,0.0,0.040295660490790024,0.12042743653815202,0.02642275241400823,0.0,0.041407040443305974,0.05980032267669008,0.043277624974032904,0.044955644885418394,0.045196534175145416,0.022402414789619806,0.0643123363305802,0.02599393544041294,0.02628966485628117,0.05474751524788341,0.031647395987597235,0.0,0.03775803041500457,0.10891190402693315,0.03400214410869577,0.05728255739459745,0.10945029757742569,0.022728060925825192,0.055244792304240106,0.06407783467167824,0.0,0.024761481986027692,0.0,0.05505897892512739,0.02360561872345165,0.027297924044024906,0.03660164803375642,0.03943009962255884,0.0,0.03900675590513159,0.0,0.0,0.05280137080066102,0.01956215921911346,0.07869729743262441,0.07725227324848775,0.08037017179047198
2023,3,Indicador de Cobertura individual de la cartera improductiva para la cartera en Riesgo,0.3239323317642736,0.5426114930590189,0.8709063676944565,0.49889229195114104,0.7405505721185006,0.0,0.6700158976923076,0.0,0.7673554559798358,0.5519085131083571,0.0,0.4754023087873655,0.0,0.3937639176173113,0.45863022157574845,0.7824364533913117,0.0,0.3268635918328519,0.6456761100288222,0.5968497852656878,0.0,0.5620487334936838,0.0,0.5301293175571526,0.5862000233724535,0.5812622091737247,0.2846281198816376,0.34411639109242,0.48094418398640526,0.7748900129171079,0.5527562413198276,0.6221918927255463,0.0,0.5412345869955755,0.5371151680001591,1.0,0.6430369570020837,0.2521976061013197,0.7155635319400295,0.6944386212825088,0.39720900024604405,0.0,0.2101900697299393,0.662739586381426,0.07982751425834964,0.7005784077221263,0.0,0.685857586396899,0.7740620340521581,0.5403296521944221,0.5455573574122564,0.4690600263245775,0.8845513724054621,0.40651503634639485,0.3052461355500846,0.8160356109628385,0.43958885242583723,0.5403865080039131,0.4089156773208446,1.0,0.7173714377578447,0.0,0.8584504456155869,0.0,0.0,0.6103665804128385,0.6527381241490311,0.6578883193392913,0.2104602506034438,0.7395356729024894,0.6134622076533296,0.0,0.6007476890554799,0.4913732700572972,1.0,0.0,0.5381272549122496,0.2888861586194138,0.7687902697499759,0.0,0.41913121781705115,0.7817975936619145,0.0,0.4848661947730526,0.4294537734483141,0.7030403710437525,0.42734767025773746,0.38061862168759547,0.0,0.30314914936561727,0.0,0.6425343864688342,0.709306502597128,0.36525828729447246,0.0,0.5647257296704503,0.0,0.5820224189366304,1.0,0.776708978005721,0.9999999959489372,0.4841771308803566,0.0,0.08756803314484145,0.0,0.0,0.5062746026987539,0.0,0.7391659721265266,0.5041341359774417,0.6067965074698175,0.6497473552175962,0.7937369846591662,0.0,0.46361314549918625,0.9999999981105396,0.279459529866053,0.0,0.8347876900212947,0.8047870432045541,0.0,0.7376981320921867,0.6183085376367462,0.3058224761372291,0.6296472387559636,0.5708398110199036,0.0,0.3069688099595668,0.1764926728333883,0.4103623782754768,0.5107815402699166,0.735334074108835,0.0,0.5760323454297902,0.8608830467977229,0.8293493808043438,0.0,0.49759296274226755,0.7426252331868742,0.45637968714676924,0.16453424902184247,0.6212053238375834,0.3617836429534129,0.47069366370516463,0.5249348094819498,0.49504901677911833,0.367050677918664,0.7946225314375766,0.0,0.43024086257318683,0.8166129680318158,0.35078203686381837,0.5563024777986503,0.4955509842983866,0.23607187428012444,0.45762102383818093,0.5724713397876778,0.0,0.10403919645395152,0.0,0.3645358389886744,0.35185465425573537,0.2762389682400545,0.3991460525604351,0.7116092178193175,0.0,0.3804378408787436,0.0,0.0,0.27759770138018025,0.3192408731471461,0.7519380679271763,0.6233607879397671,0.4890509733170066
2023,4,Activo Productivo,0.9385534712235132,0.8620449857035946,0.8799439061916579,0.9228453205138599,0.8006203450824606,0.0,0.8097303070196102,0.0,0.8960580852015745,0.9050409901129038,0.0,0.7514133982987511,0.0,0.8779580365347238,0.7774657720577042,0.9339641786302666,0.0,0.8087897362628016,0.8476043023778391,0.6291759150669537,0.0,0.8962987714327196,0.0,0.9943060571284036,0.9421946335356117,0.9328354863215524,0.8150018690445728,0.9164490799335521,0.8716983021063519,0.847068705252249,0.9356715287055138,0.9404583858437883,0.0,0.880591690888871,0.9011033160989264,0.8840990119507004,0.9493839525415619,0.8445893860501276,0.8480198608792694,0.8948637739939973,0.9130604246561523,0.0,0.9107549080915914,0.9184106760988071,0.9616541118281788,0.8899164736060753,0.0,0.9360402593925552,0.9252636389039532,0.8687523549850472,0.9182419548607366,0.7595937101908293,0.8772006516171559,0.8281600124611541,0.9885883885509399,0.9558006362800112,0.9328623912477391,0.7983027156007572,0.8963608389614546,0.945247551826607,0.9046316877481165,0.0,0.8687548956853542,0.0,0.0,0.8683759428990259,0.9660617791116235,0.916467327835809,0.7711931961325164,0.768147490992134,0.9087545576255671,0.0,0.7946621390034444,0.8732935196202103,0.8665330693950751,0.0,0.9405725070389269,0.9586510055170763,0.9719713772556695,0.0,0.9359021359270477,0.8995028063736478,0.0,0.9331728060922598,0.8741871149984923,0.8291814075218991,0.8779896886737555,0.7558738873136303,0.0,0.8988793127939826,0.0,0.9159969864088774,0.8690952452955177,0.917495290457781,0.0,0.8674124207782574,0.0,0.8818743023326074,0.9046713338976301,0.9230161991209305,0.9524201898146372,0.9312838648489665,0.0,0.8770918110489452,0.0,0.8490026460909132,0.8165973747128783,0.0,0.8889303241120569,0.8438697970424482,0.8424475293210251,0.9144246436530938,0.8852882427033273,0.0,0.9040938698646539,0.863584083926198,0.8761432595235231,0.0,0.8441009249778568,0.8654230355724276,0.0,0.8298867556179305,0.9108633261762438,0.71084447007609,0.9606420778917606,0.9320142222026139,0.0,0.8644019911716194,0.24457380685738475,0.8961497716343461,0.9047427145663371,0.6899996080306173,0.0,0.8763847203644736,0.8194475447279785,0.8358012074260156,0.0,0.9080892861136367,0.9008444823590092,0.836286131796024,0.8314787587068236,0.8753895689763606,0.9596482158622311,0.812211332794937,0.8374564070232012,0.9402630155730155,0.8495218044001097,0.9263814420233678,0.0,0.8658727794574658,0.8195687104897048,0.8167327479017434,0.8871617322517447,0.8550711164705492,0.8765176077114806,0.9488169543157173,0.8595496069522879,0.0,0.813343422092085,0.0,0.9405368781081196,0.9095175956199775,0.9388066894117783,0.8740083517800088,0.8855427965935383,0.0,0.7466471515880914,0.0,0.0,0.9389959439720539,0.9184182715339528,0.8738683528955637,0.8028990049531628,0.9213610535269126
2023,4,Indicador de Cobertura de la Cartera Total en Riesgo,0.08009409705845856,0.05937635267445708,0.07053758369246317,0.03211393443028756,0.05099978305626923,0.0,0.08071528161318263,0.0,0.10619698709968278,0.04284653140806865,0.0,0.031166948273657416,0.0,0.054960337370070854,0.02945737612239995,0.10646535726271886,0.0,0.026864077982163274,0.06580079967211246,0.13848040834728023,0.0,0.07429273823865033,0.0,0.10127630727382816,0.05376865028756232,0.07009346795617664,0.03003524468612659,0.07570757855523669,0.056246252079345437,0.05319231571864194,0.01982715446396453,0.058039990563753516,0.0,0.024043494269550658,0.036110285454780594,0.06138471429184274,0.1508865172890247,0.022818449590206562,0.03912351734326201,0.05728870450305334,0.04257844168407801,0.0,0.02839976736686182,0.060980702277481154,0.01034675940360442,0.035768564069568985,0.0,0.030594701056160887,0.0758064352122963,0.08600778905996934,0.09265532422301721,0.15872456868028828,0.04419178394848624,0.06642521754307963,0.11332430064452005,0.10674496751209496,0.047535518985338115,0.07340048593170218,0.0386765875567239,0.0770362361840302,0.08140597826829056,0.0,0.07495003665547224,0.0,0.0,0.08008076758815087,0.0932520352513465,0.03986995723836745,0.016232424136153046,0.06742082771862076,0.06690921096663945,0.0,0.09665085826700465,0.026469649621739214,0.01834675325810466,0.0,0.0335737744967046,0.06490177530747844,0.053647298491006384,0.0,0.029373311474362975,0.10139964422845617,0.0,0.02910783363035784,0.03368166578016207,0.04837971797242593,0.05200224375993614,0.07746452220844093,0.0,0.031796895842517735,0.0,0.047357679489666085,0.02748743207587318,0.0440968924165739,0.0,0.08382263610073418,0.0,0.06210141475584527,0.07032614390757676,0.030710465643441497,0.02542067805755906,0.09018073204488407,0.0,0.028107806367789423,0.0,0.026107905657464847,0.07755953205678923,0.0,0.06342469046384046,0.08688361351774324,0.0381825811662632,0.04748071291881099,0.043929064419770174,0.0,0.054018058027934863,0.07210565935799686,0.04261756738019341,0.0,0.08529808102296706,0.04792735301744309,0.0,0.0819458202690944,0.0801327078762955,0.07020490899420453,0.0668420369282677,0.07134950980779887,0.0,0.052147040827288695,0.012304749001728859,0.03362301882701927,0.03351043906121327,0.2240661534251337,0.0,0.04141803946458068,0.12184973960444055,0.026872415450009974,0.0,0.04272322588800337,0.05979726469733733,0.04376703940656797,0.048425949923349525,0.047967256806163136,0.022476311249081633,0.06468384441863122,0.026445386015820804,0.026689245612797417,0.04434790080036783,0.031313829939745325,0.0,0.038882062309419804,0.1085627573646076,0.03626542378550112,0.06051422858830358,0.10957121075155439,0.02237940818518869,0.0544095465665524,0.0646011855003467,0.0,0.025644127401107233,0.0,0.06817972433588111,0.025342312747183616,0.027781361973654765,0.036402499990686246,0.039756512411470775,0.0,0.0437466589672613,0.0,0.0,0.05286593874786475,0.01951781384556814,0.07928274837678545,0.0752966511533059,0.08219493294958474
2023,4,Indicador de Cobertura individual de la cartera improductiva para la cartera en Riesgo,0.29989733496989834,0.5592952268242499,0.6586889720092534,0.5285166752615381,0.7818971386321768,0.0,0.6923728677659459,0.0,0.7635530214210027,0.5583428811325499,0.0,0.42124292830259613,0.0,0.38332565832864135,0.4608116637879333,0.7986707548898135,0.0,0.32250919527064614,0.6359267227784734,0.6777969265514555,0.0,0.5401503005367678,0.0,0.5285416084206576,0.5857040036372213,0.5063003192870223,0.28952093814962354,0.3607472495168967,0.4723814888823206,0.7695462486548378,0.5848313784109118,0.5294189163194455,0.0,0.5242329800797623,0.5356638370683435,1.0,0.6478635117221413,0.2567630619835857,0.7212849316913627,0.7328283182828791,0.41081596864498715,0.0,0.21348470195195782,0.6437575092965642,0.0,0.736997987756554,0.0,0.671608722289182,0.7719879423480944,0.5114103864588689,0.553678320404677,0.46932039478595766,0.918771409750751,0.5124206512416524,0.35539979546179834,0.7536276323673305,0.4529328884189706,0.5408084387813004,0.38570001356817035,1.0,0.7101430818612783,0.0,0.8646616850135426,0.0,0.0,0.5709909868247417,0.6277023305203376,0.6633756832716746,0.16616068365852538,0.7180729601501247,0.6301668452075526,0.0,0.5205377777174242,0.5148410935588519,0.7290431896042587,0.0,0.5493233969398574,0.2857309111281555,0.804267103719495,0.0,0.5134112457730592,0.7708196661778528,0.0,0.4709777728162214,0.41413911375955453,0.7324403870269416,0.4850807060235522,0.539946132416212,0.0,0.3299572344594265,0.0,0.6654816557766527,0.7040863787645079,0.3869243629500019,0.0,0.580886669580441,0.0,0.5819476991490569,1.043822259987243,0.7170193625847017,1.0,0.499361763306668,0.0,0.10005719955545779,0.0,0.0,0.4962032092985319,0.0,0.6869205689607855,0.49779444221484476,0.6385425278626277,0.7002798121637643,0.80798295354082,0.0,0.48500447759034493,0.9999999985609541,0.26332538431152663,0.0,0.8316436218889796,0.7640013034731699,0.0,0.7423051833188913,0.6158246159977316,0.3261710682420448,0.5955632850899545,0.5633892881817103,0.0,0.29578029285154145,0.1875397821803129,0.3995163552989374,0.49518779555575987,0.5721201751199556,0.0,0.5858808995759234,0.8445867770670473,0.7441227581218008,0.0,0.5418616988447826,0.7206962701734291,0.6719010641887491,0.23157190046012474,0.6221374530753112,0.3379912948044533,0.4848914057753453,0.5545920015136178,0.48601104251358773,0.27387281101102706,0.7977536425902526,0.0,0.43712877122911753,0.8131328668802021,0.46236222072521727,0.560274164691347,0.45484358024933796,0.24480779174642012,0.45756322530249693,0.5951439425017129,0.0,0.12136280406814512,0.0,0.3755391245273508,0.39442444228731216,0.2878776278063118,0.4020227891154045,0.7126237298214154,0.0,0.6310357891457459,0.0,0.0,0.28926010933593016,0.29117487110914236,0.7796051855533923,0.6527953388179175,0.5183909511578052
2023,5,Activo Productivo,0.9228600567895755,0.8577644404774387,0.883747068074528,0.9225024449378055,0.7934256050637739,0.0,0.815271705741724,0.0,0.8983676491571915,0.9078590981376423,0.0,0.7590348959696857,0.0,0.8874224874345678,0.7841812112933009,0.943745203584883,0.0,0.814971328773978,0.8510462892523017,0.6185191892817754,0.0,0.8942092335761254,0.0,0.9862946630566523,0.945159423475681,0.9246658576522964,0.8234697608224623,0.9302982883940243,0.8818959351135983,0.817885430997455,0.9389718588483172,0.9400717857892641,0.0,0.8835437639772814,0.9064973672317127,0.8720221223021839,0.9521413024542088,0.8448545017765879,0.8497865891109522,0.8945742038377528,0.9170319921280233,0.0,0.9141873970496617,0.9333508863061114,0.9669296466650894,0.8652730328476876,0.0,0.9480323766142135,0.9194159028768548,0.8858096495152832,0.916173079564861,0.7608919869063555,0.8606007914928774,0.8252642696160507,0.9968933528877829,0.950868467655364,0.9418580904374036,0.8081463757890612,0.895426404285991,0.9403041809381587,0.8849239084410081,0.0,0.8730236025178514,0.0,0.0,0.8624641592297554,0.9570703424844578,0.9120094156180469,0.8009739811137595,0.7559254428381051,0.9057691659418944,0.0,0.8191428965602424,0.8742234474757444,0.9107739797673744,0.0,0.9566341226862509,0.9804302915394218,0.9667736155756601,0.0,0.941456240610856,0.9022346062994374,0.0,0.9288511240526425,0.8685037519088766,0.8340233657229646,0.8968408754947135,0.747770569433252,0.0,0.9160817242771969,0.0,0.9211209645810007,0.8647065309380706,0.9179806129321557,0.0,0.8666900228534704,0.0,0.88978619922308,0.9116861690555337,0.9062091599616063,0.9145671917956569,0.9297658191294952,0.0,0.8960470567533936,0.0,0.8510774548453438,0.8092994981730199,0.0,0.8954557938845145,0.8383935715979894,0.8443080067212955,0.9074847787200454,0.9021378346510821,0.0,0.9015021402365747,0.861811999957832,0.8763342452337295,0.0,0.8668837635697265,0.8615753694428135,0.0,0.8178051259164334,0.9098775184859879,0.728599433811908,0.954474625083576,0.9457815258570124,0.0,0.8626391175209248,0.23251729297068488,0.8966866613231378,0.9057853101748685,0.6841466172342562,0.0,0.8549388503005666,0.8155923528603827,0.8290231963049537,0.0,0.9027750725942842,0.8776013828063762,0.8189215724847545,0.8300197399693007,0.8657038772314222,0.9278657815617634,0.8267132483310886,0.842345126915317,0.9396215598092668,0.8501081008247017,0.9402308645017395,0.0,0.8665143966939348,0.8289807871857444,0.8131083863660935,0.8916635477267506,0.8701800602050168,0.8856316385000579,0.9343033926164996,0.8568913208745788,0.0,0.7889540607870038,0.0,0.913741480998287,0.9102990858439025,0.9401917088102403,0.8792810348381939,0.8868362816705397,0.0,0.7339919506088151,0.0,0.0,0.9442155310797712,0.9176458071572473,0.8779747494377154,0.7931796666110359,0.9214616968966877
2023,5,Indicador de Cobertura de la Cartera Total en Riesgo,0.08419280928296079,0.06310588358254665,0.07175855904793128,0.03267220237694451,0.05151424040865228,0.0,0.07959458494584551,0.0,0.10678208376816722,0.043872394056810836,0.0,0.031572992037755834,0.0,0.05714848921278262,0.02839907662957783,0.10805550480435111,0.0,0.026122038079876078,0.06101268219659026,0.1332812561923208,0.0,0.07095486450305143,0.0,0.10064483123374433,0.053885534066130884,0.0534375820597416,0.03148665096385155,0.07095748405565513,0.05604103714940225,0.05292200422190968,0.019753050965186696,0.058038339293864524,0.0,0.024877075142222246,0.036085279342652266,0.05422438258138494,0.1513489765636689,0.024286310465413543,0.037358180141828144,0.058126956135720026,0.04125360534217904,0.0,0.028115115897218122,0.06243522071417375,0.009999999914915635,0.035146665282389196,0.0,0.030225013715565897,0.07598745424917053,0.08706191125950657,0.09406071724831223,0.1603383647645068,0.04310782791967256,0.0734898462352215,0.1134083287120545,0.10331621188032286,0.0476589243436478,0.07412190379979706,0.0417244999396109,0.0769656482864136,0.08258150038238847,0.0,0.0752865923610542,0.0,0.0,0.07989834929843598,0.09280678485569147,0.03992968938350901,0.016075977545290172,0.049570971372394225,0.06518553192244991,0.0,0.09708190929018516,0.027162459846682665,0.01820743222293576,0.0,0.032858392242853834,0.06521750476590708,0.055886891853691195,0.0,0.029712474212380453,0.10236261621281616,0.0,0.030392135263303317,0.02868702899049141,0.04823317658124232,0.05267262031022862,0.07586968186722355,0.0,0.03276915699042286,0.0,0.04863498982096646,0.02848707834184249,0.04677718920134326,0.0,0.0828124270896964,0.0,0.06323674161395917,0.06921822079689777,0.029490421717759046,0.02526421590851096,0.09016552085466513,0.0,0.02861430102303569,0.0,0.025787945899065388,0.08000534214353318,0.0,0.06138897266048536,0.08684615171983541,0.037508409504217265,0.04711091283281516,0.04348634847655295,0.0,0.05567675959492322,0.07471600150151095,0.0339965244161892,0.0,0.07691950508853962,0.04773611649474104,0.0,0.07490825934342824,0.0815120043658443,0.06879039438189073,0.0668573187647996,0.0666364622021211,0.0,0.053638860917700204,0.013019103206287571,0.03349015310406462,0.03364340336174989,0.20998066125114348,0.0,0.041430204399213064,0.12343127885924754,0.027559770342492285,0.0,0.043260208586171564,0.06212898666127116,0.04461392293070677,0.049167057441061986,0.047350195404746755,0.023125644364922274,0.06417524870729993,0.02732952652248941,0.026277621134939845,0.04576794955838748,0.030769602332255952,0.0,0.039260709083203414,0.10791434559740727,0.034346168113917545,0.064588162625626,0.11223299805397126,0.022389671965795985,0.05823206176103407,0.0638931549213256,0.0,0.026440212501230312,0.0,0.07109176181246396,0.025283324725699684,0.028279996552472902,0.03629734144481982,0.03997031415699828,0.0,0.04421927638864753,0.0,0.0,0.05372611070781737,0.01896207550760107,0.07923315757310284,0.07614868489889139,0.08755237004805987
2023,5,Indicador de Cobertura individual de la cartera improductiva para la cartera en Riesgo,0.3423254396178278,0.5661027137852662,0.6575372495500567,0.5558054165820505,0.6946613002078361,0.0,0.6888005990542274,0.0,0.7651840542351914,0.5635867354185072,0.0,0.4085575959943925,0.0,0.402366643529804,0.453103417469076,0.8122392155609269,0.0,0.30738178123925197,0.6131218850224108,0.6362545398324189,0.0,0.454347352703036,0.0,0.575602648926859,0.5984030482395035,0.4627691105897363,0.3119745617493123,0.3898627470287928,0.4496293937278417,0.604943724718581,0.5835620011129522,0.5928985644025805,0.0,0.5350554173776678,0.5496360207440911,1.0,0.6570720361760742,0.280314428124234,0.6693964226558136,0.7217851345984482,0.4141232120075025,0.0,0.23075006451601282,0.5655372115504761,0.0,0.7288438162008111,0.0,0.6981818794321285,0.7766266811698205,0.5172912410574918,0.5594991141819119,0.4817038396711901,0.9146166417542907,0.5001964072799598,0.37034220854372285,0.7693476663283997,0.44446621683740134,0.5486724734799938,0.4127612396367236,1.0,0.6990683112955542,0.0,0.8771757753812317,0.0,0.0,0.5852497871153769,0.6460805155202684,0.6651920721743455,0.14071320571465312,0.5754389813850478,0.6157311313418119,0.0,0.532689168177796,0.5377715410704952,0.40946374805467045,0.0,0.5599392075124835,0.2867390625420006,0.8233418387454787,0.0,0.47908046640148,0.7652212509325765,0.0,0.4720474499881905,0.3701671598887472,0.7329975219096748,0.4785083833929472,0.5535464686128828,0.0,0.3915776392134511,0.0,0.6725901279119697,0.7051446315496158,0.4374000029371514,0.0,0.5543498294073707,0.0,0.566355430694256,1.0,0.740337766051216,1.0,0.5021594434763064,0.0,0.1672271149445348,0.0,0.0,0.503361863375618,0.0,0.7109064066984059,0.48755569846124386,0.6326691446020318,0.7053176147583995,0.8757212442413393,0.0,0.48454999267211,0.9999999987411807,0.13762704966892214,0.0,0.8829422059507621,0.7864054551803191,0.0,0.6565339001776368,0.6056794614318923,0.2799878453122725,0.6581589446469764,0.4567064375026551,0.0,0.29188006823795887,0.2479191506722844,0.4738121381636613,0.4866386923812353,0.6905347513062366,0.0,0.5039711241478776,0.8488209909884022,0.676227629231133,0.0,0.5436036788021742,0.6881043412224872,0.5558646781393212,0.2624368797876602,0.5935875597516964,0.3332592264741565,0.46678463498344286,0.5682666603348165,0.46011381267344964,0.29782529945634323,0.78821413956032,0.0,0.43356616589696095,0.8070338159372586,0.4409864260478632,0.5753908655697492,0.4958136634970621,0.19462097191945069,0.5195851830783286,0.5898735110108029,0.0,0.11041437340557946,0.0,0.3806506471188542,0.39348163986048434,0.2925221943926007,0.4053918678104954,0.736321508498249,0.0,0.6340887033293401,0.0,0.0,0.3022870627475098,0.3263581535401058,0.7821237948273501,0.6565348146335688,0.546136336733331
2023,6,Activo Productivo,0.9066349467800326,0.8481774914948661,0.8737501445669016,0.9161533981122277,0.7869901110225274,0.0,0.815083271090083,0.0,0.8969031386694643,0.9150113216600761,0.0,0.7621208997315035,0.0,0.8855874548515922,0.7663033451557782,0.9353808388612318,0.0,0.7913072409223298,0.82257971318559,0.627584497445827,0.0,0.8909195845778065,0.0,0.9991438533315826,0.940651086468379,0.9162852344852714,0.8228634070129179,0.9005001744594673,0.8894682872518954,0.8058706689853941,0.9058489356451396,0.9294102746946866,0.0,0.8824670905930397,0.9017403384650996,0.8745874168175127,0.9501671604561257,0.840470712153588,0.8415890061266385,0.8854201405322298,0.9090208609390777,0.0,0.9156362540944277,0.9313865901420615,0.9553118773508393,0.8505589005507936,0.0,0.9609623312268758,0.9023285672005557,0.8798144935817435,0.9073625328648759,0.7653868604366345,0.866186133619152,0.8334809504735489,0.9763269313507312,0.9523542203116167,0.9364098607823097,0.7918342351643353,0.8989766156933308,0.9543451708185636,0.9007813274196079,0.0,0.8657819013649267,0.0,0.0,0.8647342917671177,0.9475705065463162,0.9055932785835816,0.7941216756644338,0.818917553248858,0.9023272912813095,0.0,0.7614431056738656,0.8712739923022755,0.8972128886399695,0.0,0.9545067588976369,0.9623562622930137,0.9724483005061971,0.0,0.9285021398533141,0.8864787851427522,0.0,0.9320991525579815,0.8686433569666007,0.8334063251200623,0.8952216175195166,0.7269174225834765,0.0,0.916439996076781,0.0,0.9105932934132454,0.8549944485370543,0.9225560729939067,0.0,0.8471048879301624,0.0,0.8935464254133294,0.9012337017982212,0.8832894981080116,0.8935431834900205,0.9320828719708377,0.0,0.891277185344207,0.0,0.8235584140288444,0.8130074201699714,0.0,0.8840598647044665,0.8327645342510183,0.8501548101141273,0.8913942230274107,0.8792489282909608,0.0,0.8387504146837834,0.8534464339545477,0.8809498892546884,0.0,0.8949254259494136,0.8529278548863515,0.0,0.8151516777021149,0.8994023347050246,0.7360668546772345,0.9525910848280582,0.9382007352701678,0.0,0.8762922048482971,0.2281504860675832,0.8989467228965792,0.8941469463106189,0.0,0.0,0.8456261175652773,0.8066745861354799,0.8082850068291709,0.0,0.8922216647190826,0.8709736385195993,0.8062726101424941,0.821986758486358,0.8569548953956183,0.9560828702590907,0.8448573623021217,0.8299054592935956,0.936803832628494,0.8546006862533317,0.9463494554675126,0.0,0.86576259294372,0.8148235060929776,0.8078260198631706,0.8775950294258247,0.8563399542916679,0.882173180191635,0.92540453790304,0.8537323915618832,0.0,0.7746647183214611,0.0,0.9300633093939058,0.9141006536226729,0.9353106869207328,0.8740961321012622,0.886396710820636,0.0,0.8102853860587275,0.0,0.0,0.9414594103129128,0.9069721799400682,0.8675888829741926,0.8206941764390263,0.9461405701848898
2023,6,Indicador de Cobertura de la Cartera Total en Riesgo,0.08822933380330306,0.06541372318906984,0.07268287007655934,0.03347348496719507,0.052334132167290645,0.0,0.08178292780662304,0.0,0.10885058686502655,0.04600372299047078,0.0,0.033489078741615406,0.0,0.07576255683552467,0.029288560579255198,0.10936662393290811,0.0,0.025343626185119934,0.06517357211378239,0.12831429576457168,0.0,0.07791312553712984,0.0,0.10145804828853441,0.05482516149723232,0.05469044491657036,0.03257651345396318,0.07639285158904031,0.056636514601633665,0.05282867855874559,0.019998922858093873,0.0587328641630503,0.0,0.025020751407092718,0.03643574879266176,0.05307577676017247,0.1522568220898234,0.01965467082932387,0.037063702137778536,0.054945655252541005,0.04311838347381113,0.0,0.02827806386839102,0.065119785062039,0.010374074277447833,0.03618019989928829,0.0,0.02997291454008573,0.07957345638916703,0.08805639223059411,0.09513322373138093,0.1688600510378739,0.044506178987832004,0.07236516204967683,0.11375293352794606,0.10261142412812813,0.04849575767633023,0.07447373120672122,0.04293538255141862,0.08241745353108101,0.08136153716955694,0.0,0.05986104471152724,0.0,0.0,0.07905741365472041,0.09609683322386668,0.03994380267770792,0.016289146680680388,0.0507082325899503,0.06615048668721676,0.0,0.1044709523656924,0.02943398030256247,0.018855847335356064,0.0,0.03287495482119256,0.06589594114574801,0.05769160446884871,0.0,0.0318851667624669,0.08777602292197337,0.0,0.033227429966318875,0.025314838985721073,0.05066070533693416,0.044548423268702945,0.07150221819504433,0.0,0.03328986552922295,0.0,0.04867705537485368,0.02940376992300636,0.04759141730354274,0.0,0.08702606288510417,0.0,0.0638063315277029,0.07698362801444343,0.03270247612500823,0.026033622017343373,0.08828669800071232,0.0,0.028711981811710523,0.0,0.026434996494492543,0.07747949162346086,0.0,0.05999533307095436,0.08750285358724207,0.04379867714940117,0.04848420259181177,0.03673233726942435,0.0,0.05633686463025403,0.06835959300497511,0.033187387551085114,0.0,0.07876449990151568,0.049266992837076334,0.0,0.08099194421918705,0.08340452562910196,0.06859220948157065,0.06708218626568747,0.06309228440167032,0.0,0.05861293373308076,0.01396737557325628,0.03169733328280173,0.037759992473063775,0.0,0.0,0.038782656966037624,0.1238689181299515,0.030501548245884958,0.0,0.04636949700239109,0.06534350464380138,0.04813186623446385,0.04847649439820467,0.04365092034231837,0.024094126901000486,0.06098482937648979,0.027752720472378787,0.02655126879790826,0.04863148625055505,0.032771889879946677,0.0,0.039303745876051656,0.10674753342769884,0.03688756125243532,0.06991352818224073,0.1128747548445282,0.021978744123375433,0.05852245686926737,0.06272942861883492,0.0,0.023700809216012163,0.0,0.07394556086736451,0.025917068678255613,0.028495503194720318,0.036991947757334574,0.040650809495300935,0.0,0.043186176490324614,0.0,0.0,0.05300079016468411,0.02192761546481512,0.07998021600566363,0.07516714936545968,0.08918845235132837
2023,6,Indicador de Cobertura individual de la cartera improductiva para la cartera en Riesgo,0.3575722364625173,0.5641446635997784,0.6484349115447323,0.5877386527162471,0.6714283061230985,0.0,0.6910767124496561,0.0,0.734286604478488,0.5422552619279573,0.0,0.40571134759186933,0.0,0.5036086568476289,0.4862844575929976,0.6924115677288989,0.0,0.305551759933741,0.6750959282532958,0.6490440622954281,0.0,0.5593843905951115,0.0,0.6177816714032501,0.6216524566194903,0.4457727467504876,0.35540958399574235,0.35161322230245623,0.4494605210939622,0.5903545952726419,0.5982767803758785,0.5243761639764469,0.0,0.5335672173351554,0.5505683076593496,1.0,0.6611411109997662,0.33665314724639867,0.6544747599006255,0.7073099767043615,0.43685879765503105,0.0,0.23722114675868058,0.5418531618816542,0.015555592066064884,0.6806643377827296,0.0,0.7136998716402935,0.7842043157650286,0.5114030373488392,0.5343926072208579,0.513881836528656,0.8844773134173111,0.49828535998273477,0.41568938416429335,0.8130873030204729,0.45126372328319786,0.5402073020265966,0.411546754354553,1.0,0.6525704982009017,0.0,0.8605310613382178,0.0,0.0,0.6158178771609365,0.6623185128022963,0.556687910747034,0.11167991867272488,0.6126184460766947,0.66552149359334,0.0,0.522973095542552,0.5968434255108848,0.41687353128168886,0.0,0.6102811260147013,0.32256540846039483,0.8570333575019536,0.0,0.5012601670832538,0.8307409178321704,0.0,0.5587965188906363,0.3821906621889531,0.784012886015196,0.45343649015642895,0.5221289882337894,0.0,0.42091047963896566,0.0,0.597268709465631,0.744344474581289,0.4012140795720721,0.0,0.5149395845545371,0.0,0.5668563325849094,0.6989932884215677,0.7101708573255758,0.9349654101591334,0.4443329711939208,0.0,0.16678810494410146,0.0,0.14999998266327735,0.5117792382043012,0.0,0.6448600495863884,0.4410164431860025,0.7180965074841545,0.7651507999366703,0.5578346587963103,0.0,0.7443579697746018,0.9999999982505109,0.13668405433726724,0.0,0.9213382158863083,0.7528512006117591,0.0,0.6751507211530189,0.6124009363939726,0.3368803587657911,0.6281361561619779,0.46901624467351016,0.0,0.3973838445097517,0.3614650465889912,0.46073075162145166,0.46629457185062834,0.0,0.0,0.5423581190494645,0.854636473414979,0.6822409487790074,0.0,0.622640307319062,0.6817485772225924,0.6312134555671407,0.22181920247277603,0.5767644570680435,0.26088505129790535,0.5087267606069013,0.6415943662250587,0.5241195783606233,0.33044542880793215,0.8772884915785233,0.0,0.3688406010507493,0.7836011460065454,0.4412876330922673,0.6013716877561184,0.48526215052603383,0.22741909387265974,0.5211825961314984,0.5868948863185658,0.0,0.029454144940908818,0.0,0.4234886805289788,0.23942867879356636,0.28310560343822233,0.4461002093778501,0.7654107534025851,0.0,0.5881088965142219,0.0,0.0,0.3229104903675545,0.3533415134721186,0.750229755478026,0.6554789319795391,0.5870933319763719
2023,7,Activo Productivo,0.8992274092753831,0.8511409020882509,0.8738980405470061,0.9267110887217453,0.781421897283146,0.0,0.8124122946881437,0.0,0.884615305138611,0.9123196420652867,0.0,0.7239099264788766,0.0,0.8269236080485202,0.7653911692875683,0.9210012685994388,0.0,0.8020719151790213,0.8078697061569968,0.6285550222335303,0.0,0.886407924989064,0.0,0.9845104242380368,0.9458755438465992,0.8863667236750665,0.8218069429344408,0.8798801747898211,0.8788355125323034,0.8134178129952975,0.9206688897228483,0.9263072727181171,0.0,0.8750980591344188,0.9104398599724064,0.8675146926483508,0.8907245179750176,0.8354601993122206,0.8597419708315975,0.8720389386599195,0.8997078413596334,0.0,0.9175367426609543,0.9116025230373558,0.9533141328952272,0.8307300362356026,0.0,0.9385873542207845,0.9268952571842256,0.8870304932075043,0.9061899302416345,0.7434395303201522,0.8475613338192255,0.8144113235138831,0.9889187398802313,0.952594152992278,0.9404613064950594,0.7938371104190007,0.9039635172659504,0.946731764670051,0.8974390558744101,0.0,0.8220201903939787,0.0,0.0,0.8127964885745596,0.9500144361090578,0.915408827651435,0.79694409207523,0.8257969129699066,0.8664111464037039,0.0,0.7325312692617271,0.88051284166949,0.9036534900414414,0.0,0.9638672792917765,0.9607815911682095,0.969986474758853,0.0,0.9108450558365186,0.881496770642271,0.0,0.9265483982234113,0.8639964190773672,0.8363989140279938,0.8880485529674215,0.7400230166515896,0.0,0.9130492306774715,0.0,0.9156280129822608,0.8545873532409552,0.9097432846752064,0.0,0.8270917688032672,0.0,0.8941946609697415,0.9075238107122806,0.8942892237376289,0.9185407405861482,0.908701328993084,0.0,0.8914116296983637,0.0,0.8465086107975383,0.7994326956135948,0.0,0.8990902457300586,0.8334132929370798,0.843206912812615,0.9235560495637182,0.880710573238235,0.0,0.8182575423290659,0.8585050808448094,0.8700127253368126,0.0,0.8313808038914401,0.8446007793774397,0.0,0.8431842646891967,0.8601025854767135,0.7424373726701659,0.9537176188848241,0.9536359154572562,0.0,0.8821093223820732,0.23511838317712608,0.9073636750058853,0.9059978044833427,0.655773781645545,0.0,0.8435499265376891,0.7957681077500331,0.7857920316401611,0.0,0.8867595487424638,0.8283176287325178,0.814948470357792,0.8261873887824503,0.8614870401753137,0.9574342302808928,0.8466282291201904,0.8292238414624076,0.93026114796205,0.8594779001781294,0.9505044703678891,0.0,0.867314927238794,0.8122160084628164,0.8200197656886321,0.8667263890304796,0.8372980427274841,0.8712336184904451,0.9259038165971888,0.8601689231537186,0.0,0.7615065747684778,0.0,0.9232575970412686,0.9073221525575089,0.9226803178865789,0.8697372775558195,0.8815188985852666,0.0,0.8373045501433609,0.0,0.0,0.9416037272222162,0.9016615599026645,0.6609757397122676,0.8051183855279916,0.9445574278849745
2023,7,Indicador de Cobertura de la Cartera Total en Riesgo,0.08746545656247137,0.0727855722647234,0.07218788340655613,0.03316646918141825,0.0529071941319974,0.0,0.08753672750943192,0.0,0.11086494496620788,0.047608339778041533,0.0,0.03601894405837116,0.0,0.07842198650836882,0.02910199927568635,0.10956445944579837,0.0,0.024766861069790487,0.06808856690860485,0.12148931010427855,0.0,0.07944461093490729,0.0,0.09858033398585514,0.05544214667560644,0.0589736939288647,0.03362577350316403,0.07768621585876925,0.05853861160124321,0.0534552681083889,0.019899177245468757,0.05921263616273709,0.0,0.025432012033777044,0.036883483046291965,0.05736253410571051,0.1585441578600557,0.020245373702006603,0.03601132047527704,0.05605622989806991,0.043708248054033075,0.0,0.02805533712706668,0.06956293166627986,0.010440130358320325,0.03574585695232413,0.0,0.031181819102814607,0.08052666191687356,0.08899964547192714,0.09309927584632774,0.17221021160013,0.04506607205434884,0.07223857820672047,0.11344614500098613,0.1044830834318146,0.04907245431858539,0.07671480660847073,0.044446960922011884,0.08282579233307737,0.08283573622398087,0.0,0.061725362149690786,0.0,0.0,0.08331384169347993,0.09830566115333565,0.039746418900208885,0.016575139203705087,0.051807100273598757,0.06584467473612059,0.0,0.10866127925461527,0.030168679131289396,0.01870623787792567,0.0,0.03379557950836644,0.07139250812037234,0.06038288327178771,0.0,0.032795365930568976,0.08883908582759052,0.0,0.034295553304040154,0.023435127112727355,0.05410931686050645,0.045797009440838664,0.07097009021251063,0.0,0.0338385329451234,0.0,0.049136056192682825,0.029145835704359527,0.048506353003636565,0.0,0.09376923734429551,0.0,0.06522182739149311,0.07306416233276063,0.032405413676554855,0.026533181169611626,0.08964437173029369,0.0,0.028986661025966302,0.0,0.028506607506415416,0.08053783052730001,0.0,0.05914725059141157,0.08929781133601364,0.04283905395366578,0.0467872700178134,0.036417484471403805,0.0,0.05859402447080094,0.07408864017169409,0.033041326483968576,0.0,0.07294640900213348,0.050377410596712024,0.0,0.07161986798809607,0.08624976889324043,0.06909853135741639,0.06745287234578898,0.06412350579970669,0.0,0.05877676705262514,0.013549660294609705,0.03291910373007925,0.04123005779769087,0.23570081006354554,0.0,0.03981809004048621,0.12605148177437434,0.029425420094177448,0.0,0.047563648726041255,0.06883173954818966,0.04857088041629511,0.04932190838414434,0.046540226099668396,0.02407396190977732,0.06342189634574188,0.02804329861199127,0.027040257324017866,0.050862515649371325,0.03207234673644657,0.0,0.04027302829314009,0.10605381127578102,0.034367071689056,0.07517041545163265,0.11369134292232773,0.021916555889404544,0.05949506336002941,0.06366013555145483,0.0,0.027438306454185456,0.0,0.07191265485517263,0.022037399265906855,0.028132591247544716,0.03740579034812027,0.041602292145393904,0.0,0.037913186605334305,0.0,0.0,0.05193136224388929,0.021896974706470534,0.09036667088341005,0.0757429322621209,0.08985107096490762
2023,7,Indicador de Cobertura individual de la cartera improductiva para la cartera en Riesgo,0.4059289640707404,0.5405791449903852,0.6513610034360915,0.5754732996565871,0.660426336497153,0.0,0.726661443694688,0.0,0.7589237701627501,0.5331411674275192,0.0,0.3622891126947437,0.0,0.4420451036709259,0.49408270548009803,0.649505140123673,0.0,0.31513342738485445,0.6789430871582828,0.6315863310142059,0.0,0.5770793552095573,0.0,0.49339865554948503,0.6413486712962029,0.4898297866509014,0.34407515774652114,0.38199284986197923,0.46039386470543314,0.6184429728368617,0.8054945921166875,0.5431487135243783,0.0,0.5089396045452722,0.560118806922362,1.0,0.6530208394699769,0.2704178573542556,0.6448173224475516,0.6991972933916722,0.4350823805646081,0.0,0.250973362883438,0.5352168072282711,0.04334614086029708,0.6734840236439829,0.0,0.5672579082755592,0.7480517282525703,0.5245962017279775,0.5413612482337586,0.5052226590565508,0.9457893140400103,0.5052006614178349,0.5527578435317685,0.8285614590444196,0.45771105588319816,0.5545365153749355,0.4074059919000041,1.0,0.6401728947777543,0.0,0.8525807336441469,0.0,0.0,0.6405702729815558,0.6565298153666419,0.35935224884125183,0.08146638284543321,0.5230552781010591,0.7248439606170077,0.0,0.5628431379916777,0.5832339744218178,0.6118813181045021,0.0,0.5899634614818628,0.3436900475294875,0.8808182117130039,0.0,0.44294195941368997,0.7964892112905356,0.0,0.549755172098834,0.3909513068118093,0.7744719458018313,0.44744993869487226,0.5143006978454522,0.0,0.3664219087298673,0.0,0.709411402678465,0.7461138440768439,0.44749047652785706,0.0,0.5059800487561296,0.0,0.593042485519401,0.7487912210943055,0.6904099214979571,1.0,0.44142343620641605,0.0,0.16867212411413265,0.0,0.14999998266327735,0.5302846429961842,0.0,0.6460811983616535,0.45682419607372754,0.750645101834429,0.8014192746012115,0.5686993711755107,0.0,0.697773019847206,0.9999999986901007,0.13208733841264636,0.0,0.9237297988118486,0.6956234906814723,0.0,0.6097561901783018,0.6058670875153336,0.37076680246087257,0.6249192764705608,0.49980023051090233,0.0,0.38557481206948585,0.3655596832290031,0.40990741438794254,0.5372149072697332,0.7766054105237189,0.0,0.5473775250580899,0.8627522266851253,0.6798113823842634,0.0,0.6174297956477003,0.6839518046766895,0.6248222907757236,0.2199593792865323,0.5861358967099148,0.2538576932458692,0.5089873919916481,0.6415774837431523,0.4734012474848179,0.35563552167699936,0.8476846041496627,0.0,0.38111068658155894,0.7825892390418325,0.41084421929820697,0.6244107486160269,0.4124170827863375,0.15023051048533276,0.6325914471277662,0.5947381045663963,0.0,0.12136597850205778,0.0,0.42677598224820007,0.38155678256671244,0.2912017507217014,0.45789112660171993,0.8113767688416635,0.0,0.7913624280255261,0.0,0.0,0.30815126087731765,0.33813387660232486,0.7756178806728155,0.660544454646913,0.6081794569324732
2023,8,Activo Productivo,0.9056914537723346,0.8515303398443994,0.8795593186275915,0.9300304533005408,0.7801089638150246,0.0,0.8087770260454641,0.0,0.8906901081643236,0.9003370968325839,0.0,0.7105508708254095,0.0,0.825066723192515,0.7675635874296526,0.9199937875721851,0.0,0.796859131571618,0.8013119917479736,0.6197954541328372,0.0,0.8770330999297202,0.0,0.9844976497799385,0.9413818209468903,0.8790236919088414,0.8246361019506212,0.8706792278333401,0.8593388299298044,0.8430817069249074,0.9273571660399549,0.9113274140048784,0.0,0.8690589659313527,0.9235076323257929,0.8837188320382398,0.8708585821415733,0.835675950190683,0.8236085080455031,0.8759989113640679,0.8916488799504589,0.0,0.916995151786931,0.9045861294793882,0.966874210958719,0.8247545217751815,0.0,0.9396861415274185,0.9098094766888983,0.8880058859221024,0.9282432312365603,0.7408101226288702,0.8533379745512953,0.8002608552528148,0.9926328212967798,0.9470956000711057,0.940668842952517,0.799220144667733,0.8947335702536002,0.9356388296438078,0.8897207024911022,0.0,0.821052465707676,0.0,0.0,0.8014458598659764,0.9552169260628778,0.9148350580039385,0.8126685469856171,0.8259870302283844,0.8915448773366907,0.0,0.7153209053039805,0.871264197479052,0.895069076393245,0.0,0.9628668346254451,0.9830861817002104,0.9704915687429788,0.0,0.9276960996216302,0.881569529630791,0.0,0.9217594267478572,0.858400947129207,0.8344248658859001,0.9056767685069,0.7610930851904785,0.0,0.9086800115793168,0.0,0.9062338884923539,0.8723549872162162,0.9130921548508427,0.0,0.8272213774724811,0.0,0.8593636610933475,0.9263494488473896,0.8986929891512391,0.9407005488581874,0.9180022170887421,0.0,0.8863184807746876,0.0,0.867829402177548,0.792557453534473,0.0,0.9003832768074079,0.8351488005971373,0.8419405482234279,0.922885356616851,0.8693834575820799,0.0,0.8116569856258438,0.8436702695222895,0.870238559626077,0.0,0.8300714356124522,0.837898854589234,0.0,0.8499641914514937,0.8458047742569337,0.7484114428194976,0.9540674964908772,0.9407577773222524,0.0,0.8756587775153912,0.23856205055801194,0.9109487693755247,0.8952347510974034,0.6901229022744083,0.0,0.8589711605637889,0.7971018040135984,0.8015283466824953,0.0,0.8885486664822658,0.8107822010446568,0.8199177942247522,0.8222697731467891,0.859369432796809,0.9361850436144378,0.8465779674107302,0.8470934080992564,0.9345881546977334,0.8629603627464812,0.9536895593199523,0.0,0.8824964788693554,0.8171439356429777,0.8179290101162713,0.861425631060471,0.8462518665918654,0.8799676948463793,0.9002330069790374,0.8636720488232139,0.0,0.7481217586135531,0.0,0.9196027356841372,0.9171231652382174,0.9236905013072291,0.8745250708145762,0.8777980693120041,0.0,0.8208122136635297,0.0,0.0,0.9489731926125292,0.9101038265835283,0.6168308456729853,0.8399950056357504,0.9375238861941239
2023,8,Indicador de Cobertura de la Cartera Total en Riesgo,0.08941367444643937,0.07370954133737845,0.07466726099219023,0.032695891352491,0.05427280627961488,0.0,0.08506087315975921,0.0,0.112182869611425,0.05029859114230273,0.0,0.035038736274075034,0.0,0.07715953153008764,0.029750944069078807,0.10892042721027707,0.0,0.02438300705098954,0.07118823796781958,0.11275386894152109,0.0,0.07988868332285853,0.0,0.09823306916218075,0.05704860553340767,0.062007587722667054,0.034896735555017856,0.07857931770006539,0.05992843261145635,0.05390205562467276,0.01914190849235825,0.05835627067124,0.0,0.02595004438677005,0.036283977812689,0.05748403967673665,0.15938728642127625,0.019771543226749892,0.03543065425195458,0.055803111902474486,0.04325066115365994,0.0,0.02861867707843169,0.07569825632266622,0.010467613363887004,0.035236131199334546,0.0,0.03164364281055454,0.08301236831673484,0.0869208604242118,0.09325088050223133,0.17453245826040772,0.0422414535876118,0.06133061915559397,0.11283187227425111,0.10510488245607086,0.050048921524956616,0.07679923500470161,0.04525026089963431,0.08370660592218528,0.08489284805515,0.0,0.06330017752143284,0.0,0.0,0.0832284388146256,0.09955648787992219,0.04010891903409873,0.015818600096662264,0.05343216870151814,0.06585925644922633,0.0,0.11157037264518488,0.03475129301169592,0.018854357753676936,0.0,0.034037930294715406,0.07197950278176331,0.06225463077881118,0.0,0.03285763100214548,0.08986231038307331,0.0,0.03152930095923166,0.024053309032952008,0.05535304640656951,0.046056536270610654,0.07513975441882054,0.0,0.035477725287603235,0.0,0.050621654178795,0.028539873749397034,0.04486718098283817,0.0,0.09608494967086544,0.0,0.06671263745014654,0.07211885042763376,0.0323365523449738,0.026104509014635645,0.09071509568499994,0.0,0.028757669441818196,0.0,0.029032242770930097,0.08927553633334745,0.0,0.05831949509510813,0.09096688440154314,0.043590775526842616,0.0469652389386227,0.038435936258924115,0.0,0.061012852063381806,0.07247765910193436,0.03307128429592372,0.0,0.07457890090732032,0.05185161215305933,0.0,0.07433412974229926,0.085767408748654,0.06990729477225183,0.06757460101058832,0.06495865923994855,0.0,0.05800993360265839,0.01195111833972465,0.032606197767813615,0.04132427991790839,0.23060132622027282,0.0,0.040003673960538354,0.127022488484186,0.02816871276766892,0.0,0.047976110770927755,0.07045201278288818,0.04802799492926356,0.05097562939993679,0.04585350826327176,0.024711331932973344,0.06290767069434788,0.028012634236727944,0.027044045206053875,0.05205626556727619,0.031133744763544288,0.0,0.04102959528882089,0.10417969596909925,0.03393087368053944,0.06512602221929542,0.11291432007257071,0.021291420142464025,0.05930676629224995,0.06293959613013117,0.0,0.027917555970123537,0.0,0.06736075099519259,0.02200416834252615,0.02815743835906552,0.03730474693943861,0.040957321879855645,0.0,0.0377726409701075,0.0,0.0,0.0546164508219704,0.02149499968505049,0.09536506531011808,0.08025784622281197,0.09334981843194014
2023,8,Indicador de Cobertura individual de la cartera improductiva para la cartera en Riesgo,0.42587628929296395,0.5354816961835186,0.6577559906945287,0.5598273384396018,0.6710823346266486,0.0,0.7456380685710036,0.0,0.7676176197249273,0.46214428799266555,0.0,0.3890441810979552,0.0,0.42425989990278024,0.4418393969611712,0.6674728270036019,0.0,0.32736033181693786,0.6806933735293533,0.5597291295840585,0.0,0.585704377843896,0.0,0.5122375377911718,0.6115870224302551,0.5114345314266788,0.3706763723801009,0.3786778973927959,0.42102649685409504,0.6018927293908172,0.8415271799830804,0.5252441438197378,0.0,0.44826444202637133,0.5858224055110081,1.0,0.6504379737148192,0.21800890399631037,0.6030029018236729,0.6807906564119705,0.4624971543454039,0.0,0.2403773112760378,0.5756854914537166,0.04164393640684109,0.6924758537257041,0.0,0.5735012319299923,0.7619514115556327,0.524543874761375,0.5544385381665079,0.5221398873360543,0.9405721352834089,0.4650626007628749,0.56455094146755,0.8040053939386785,0.4435599249703357,0.5512560267063485,0.428951882996608,1.0,0.649997485575482,0.0,0.8314207435794387,0.0,0.0,0.6379117790409846,0.6789776746881085,0.4158958833704685,0.070978007553933,0.507603835289862,0.6944550633429347,0.0,0.5625027903677144,0.6103634408151053,0.4299085354536934,0.0,0.5748808018605193,0.3784658468740521,0.8728496277955575,0.0,0.4342213285070735,0.7887552652037538,0.0,0.49071275390099744,0.38688988606200286,0.7860222738596689,0.41268784868202,0.5448570144607533,0.0,0.3725207662211001,0.0,0.6834652717474062,0.735167206477065,0.41464905298718324,0.0,0.4926456028421992,0.0,0.5957312933699771,0.7614566909776033,0.6827296887178844,0.9254531074252077,0.4494361213521145,0.0,0.15839824304737615,0.0,0.30000000385260506,0.5546363548646565,0.0,0.6500818312101724,0.44979651064929954,0.7504673203785596,0.7523147118511716,0.6051299948307483,0.0,0.7180132970118377,0.9999999985608801,0.1348560025610984,0.0,0.8771853997432633,0.6654119328961304,0.0,0.6028550603338358,0.48998154468706184,0.4154809550504329,0.6092819054233024,0.46441296420167766,0.0,0.3240739588553914,0.20474540134357316,0.46045063982639634,0.5555650057911945,0.7883278694526261,0.0,0.5556260288304339,0.8008450965240675,0.5967833638374003,0.0,0.6014759541534223,0.6603770242900827,0.6311125178783671,0.25973964347056067,0.6109157483952714,0.2397390253382354,0.4614054385105566,0.6526693475175425,0.44269075088207743,0.36371712475429346,0.8209204473969184,0.0,0.4072896507744611,0.7860995301067638,0.40527436930439414,0.5802703242951044,0.4239613747930288,0.15064280858413542,0.6292613552544526,0.5649985416496632,0.0,0.11912968285196981,0.0,0.45620267160011585,0.38373870554694434,0.29450131804431395,0.464097178599816,0.8030659051469692,0.0,0.820054572285286,0.0,0.0,0.3205156826656781,0.35277322467969313,0.7936901499099104,0.8025834274776333,0.5784577202372971
2023,9,Activo Productivo,0.9062598644727504,0.8420436647077373,0.8819423496959856,0.9297450477419101,0.7782996203551759,0.0,0.8155531055983908,0.0,0.88353277273818,0.8985414514579544,0.0,0.6844152831110342,0.0,0.8175627544031567,0.7729008866944796,0.9200052041673124,0.0,0.7929567362450948,0.7942415803370187,0.6204915840574825,0.0,0.8764427695083358,0.0,0.9926599003543228,0.9384939927378173,0.8745409116742016,0.8296498152650741,0.8622834093867409,0.8546007059128259,0.843211050758437,0.9203404132777232,0.9095680852689968,0.0,0.8780275438412471,0.9208393578462051,0.8956850131516386,0.8567545335566683,0.8387052319782093,0.8304652549312747,0.8763076958879368,0.9048858693334477,0.0,0.9167781006914504,0.9161885256791606,0.9693566213104623,0.8250232295569496,0.0,0.932050605273884,0.8950215189739015,0.8878570452581029,0.9267395480959644,0.7713311570174617,0.8546769124482891,0.8095696233122126,0.9994153358319773,0.9481346195116939,0.9419268512985933,0.7970212003745607,0.8861207055744158,0.9530191608130565,0.8713895859869605,0.0,0.8166373116880082,0.0,0.0,0.8058756816258079,0.9567480558927933,0.9018006040460488,0.817477000087359,0.8544864768713344,0.888379916262193,0.0,0.6969080704094999,0.8729047664297157,0.9262519408709,0.0,0.9580135946106922,1.0030627111167074,0.9730820955733812,0.0,0.8906373041351394,0.8786095873604457,0.0,0.9226355102945348,0.8556657205015382,0.8301772664525866,0.9062762184164643,0.769970585294536,0.0,0.9048375022656876,0.0,0.9114851025863432,0.874132034218884,0.9159407417293721,0.0,0.8384933777178876,0.0,0.8731745602844385,0.9314512405290184,0.8988352923901144,0.893750586407484,0.9268282312598205,0.0,0.8814072782140132,0.0,0.9072158994529103,0.7938549011196129,0.0,0.891844153172561,0.8452637159210881,0.817511469470105,0.9234312345467369,0.8572863406299622,0.0,0.8020566783168877,0.8564233930584205,0.8578386235189484,0.0,0.8484149901452134,0.8439363363716649,0.0,0.8574240053762514,0.8318306251675252,0.7514568462865425,0.9481041374272587,0.9353533377354953,0.0,0.88759540290238,0.22920936478608403,0.9137446507245515,0.8995836017523061,0.718066189204357,0.0,0.8635448418304034,0.7956491567170718,0.8104460043398083,0.0,0.8879397186164368,0.7999420084934962,0.7992862039384305,0.8186246949606764,0.8598438400617847,0.9692412880075726,0.8497294451676008,0.8581509266128622,0.9298843946488294,0.8880841890193731,0.937219084754604,0.0,0.8962273823915234,0.8259455778304704,0.8112542950831173,0.8601597954291167,0.8422302600376457,0.8793422592347968,0.8984685075903851,0.8601920548943323,0.0,0.7404342947922853,0.0,0.9008522076139082,0.9139465058616661,0.9370558363450232,0.880841332335431,0.8872051032041156,0.0,0.8198961958802269,0.0,0.0,0.9460616239923758,0.9195878468178035,0.5745266308501569,0.8129967321109306,0.9193894941124544
2023,9,Indicador de Cobertura de la Cartera Total en Riesgo,0.09098247132930533,0.0764895130149364,0.07701387621993691,0.03266039991429716,0.05739702243398514,0.0,0.08684013341240349,0.0,0.11376787440926656,0.05223421358332508,0.0,0.03601483192097422,0.0,0.0786792264003688,0.02969994393176487,0.10991916833472408,0.0,0.02434570288801668,0.07523641754776797,0.12803640912053993,0.0,0.08059080910649344,0.0,0.09659530635231496,0.05854588930641971,0.06234024720578931,0.036953325510372954,0.08080562884983945,0.061403940323696636,0.05494046316720823,0.01816826070448262,0.05945968069145803,0.0,0.025687164243144926,0.03425169951616918,0.063684572955088,0.16044781710477202,0.01959611952678072,0.03456336523542628,0.05973607485357932,0.04500084280194574,0.0,0.02873361557103345,0.08245771987317523,0.01034847016610273,0.036560517283750725,0.0,0.03243427012904113,0.08407792379375378,0.08447771478694337,0.0948827362844716,0.17281871569721485,0.041940107800341644,0.06523610531625626,0.11152103701134752,0.10635652992087483,0.05100185308117426,0.07695354943800843,0.04799958322775185,0.08292024942190351,0.08815138531627711,0.0,0.0657228020399938,0.0,0.0,0.08279749138446935,0.09016614656641224,0.040149630081542334,0.016097937835149886,0.05512892952993613,0.06827810334770106,0.0,0.11854957010275326,0.036409594758505484,0.018548379298139836,0.0,0.03483307264232716,0.07070143501047389,0.0628118822549669,0.0,0.03465898479754442,0.09182032686673886,0.0,0.03224833965873235,0.023978955891999488,0.05411762970839824,0.04714822545971313,0.0748586641615625,0.0,0.030360133592045403,0.0,0.050204171099947396,0.028877805447283824,0.04308492695383065,0.0,0.10298052683360977,0.0,0.06547110703995096,0.0717357275665879,0.03259913289498754,0.026568236759861405,0.09035607618759099,0.0,0.028817636271201326,0.0,0.02542472840737415,0.09268212629126865,0.0,0.04947570148656013,0.09157857630177711,0.04499038690771434,0.04681126026860813,0.041212464737689414,0.0,0.0609483389114585,0.07402635435118037,0.0333387578462494,0.0,0.07298671729219258,0.05097146379284299,0.0,0.07767652436323978,0.08869581031695703,0.06989099286257547,0.0672920682034362,0.06626154261578157,0.0,0.05895629934458629,0.01175021341632167,0.03336444012518195,0.04360306267068261,0.22850641148084058,0.0,0.035039545122337694,0.1294422501301724,0.026793807660882088,0.0,0.041488662686320364,0.07193928222273963,0.04962641973745936,0.05038247180132665,0.04611291032201809,0.024857930724939557,0.0653608713763714,0.02792251867710395,0.02633834133566675,0.05495456180927355,0.032687422064982395,0.0,0.03994980230462768,0.10356696062765453,0.0425300696191792,0.08523614700585344,0.11513125704285834,0.020800535432057454,0.05944065345884222,0.06278166785793582,0.0,0.02960641263376868,0.0,0.07024700367144973,0.021893118570223503,0.021522794267260906,0.03722080314305831,0.04092296430289244,0.0,0.037555957019005715,0.0,0.0,0.052027672884783424,0.021865986440993298,0.09847298247053698,0.08214245947974465,0.10055366969750544
2023,9,Indicador de Cobertura individual de la cartera improductiva para la cartera en Riesgo,0.4484977240228158,0.5208503177147229,0.6661169994685798,0.5354084910749431,0.6473775195409779,0.0,0.7196575479229463,0.0,0.7289065639246253,0.4675744963503798,0.0,0.3765612047047223,0.0,0.436688742457257,0.5319940767252064,0.6874726259874357,0.0,0.3398857611964628,0.722939380987607,0.5454411192862934,0.0,0.5845546657218708,0.0,0.48913063614245855,0.5794121800318074,0.564973848951175,0.40988169172702527,0.3765060185896658,0.47504627729255366,0.5890918580369015,0.592586414366611,0.5502157182560984,0.0,0.48485737802727097,0.5553523143069395,1.0,0.6448332803324037,0.26456727176240136,0.7602533470120806,0.6857837001352455,0.4745698178199405,0.0,0.2519362513023824,0.6468230482052642,0.013281124071157906,0.7121121470137656,0.0,0.5032424295122606,0.7356995404688627,0.5116841526518096,0.5658148386109483,0.5824000487550609,0.9272633341916742,0.45792997326522616,0.5648752893778731,0.8113546676925889,0.4309640949843154,0.5241225490581397,0.4564251515023619,1.0,0.6534382537080856,0.0,0.759653832318774,0.0,0.0,0.6274331594590418,0.6335057307013114,0.4101932672266297,0.06776048136653907,0.5090775667636318,0.6056283745684807,0.0,0.5865492170035792,0.6487887335646828,0.6509174392325507,0.0,0.5982036890004365,0.35056155803720357,0.8839598774317332,0.0,0.4063420012442112,0.7850801713197375,0.0,0.4949890896130256,0.3774134068980706,0.7919597050283256,0.4788371986834395,0.5246286072252846,0.0,0.27545901441520526,0.0,0.6788790655543288,0.7249439446067459,0.39583276912469045,0.0,0.5658641844397311,0.0,0.5895326735822879,0.7716992631890935,0.6747133100897041,1.0,0.4434307105520319,0.0,0.15847434596636517,0.0,0.0,0.5927661942677157,0.0,0.6141817082536739,0.42654880439863846,0.7546975739402898,0.8132212571383177,0.4924889530350662,0.0,0.7153205613559649,0.9999999986796937,0.13916190747218335,0.0,0.8968470257778112,0.7196320759928291,0.0,0.630618142720688,0.4969361333549063,0.5064929264004429,0.6095490701329611,0.4739304193861232,0.0,0.3387369343594229,0.2710641333975897,0.48382982534990865,0.5899336635776107,0.7973467725292702,0.0,0.47477217594392035,0.7999229023892637,0.5547763703119201,0.0,0.5256357991684893,0.6528669168819192,0.6014812858505572,0.2503503413311692,0.61967584306496,0.23654989711204305,0.48255048986836546,0.6724091092717165,0.4077388092764,0.5352621028020265,0.7849067527538408,0.0,0.34023880460950146,0.7624084518947627,0.696469723918679,0.6076868291715891,0.4488342913147258,0.15229678589373405,0.5448403330314278,0.5979098649258042,0.0,0.12401587410754701,0.0,0.49399566216346835,0.3840978902663178,0.3905517052387605,0.47053331073568994,0.817271730259514,0.0,0.8533657956082548,0.0,0.0,0.3072606987447155,0.3309548079332697,0.7911223988691514,0.6750365753133086,0.5642519886463823
2023,10,Activo Productivo,0.8958518593180824,0.8534337627562876,0.888491149915316,0.9354829812855627,0.7711581232578971,0.0,0.8179207038458555,0.0,0.8834910315168693,0.9038476323963694,0.0,0.6919700410651862,0.0,0.8182890341982241,0.7702822617443963,0.9164023393260786,0.0,0.7812114484210182,0.7861121478636545,0.6009140217697782,0.0,0.882358099432723,0.0,0.9894796480982868,0.9371880066644606,0.8615014617024342,0.836347768935295,0.86648223728656,0.860399146066668,0.8451510644999047,0.934101645237239,0.909370757905698,0.0,0.8943420420439767,0.918882056102312,0.8847791683450847,0.8248162015780076,0.8301396283511964,0.806442813649967,0.8744165616424547,0.8986301091344235,0.0,0.9197225446387246,0.9106216310633459,0.9576393993737125,0.8251061852170289,0.0,0.9357085264667275,0.8884567801057534,0.8882113640971906,0.9257406383928288,0.7890398745261658,0.8639661448130276,0.8134484001911576,0.9915390623696035,0.953408947003129,0.9442839249523175,0.7839126692848951,0.8860211401280016,0.93244401950291,0.8507464973969735,0.0,0.8199968067646478,0.0,0.0,0.7961403293945009,0.9506318256809924,0.8898645654432151,0.8125436205101954,0.8462803009138238,0.877376843036138,0.0,0.6886610649332704,0.8890191575189308,0.904230985361458,0.0,0.9247275210893131,0.9917074841123853,0.9694171844237542,0.0,0.8655478357409168,0.8789825865979525,0.0,0.9195203577795726,0.8580594623799982,0.8293723880083808,0.8954567723942894,0.7921943227587138,0.0,0.8904068472938077,0.0,0.9107897425596231,0.886021704404394,0.9013621537592943,0.0,0.8287974367207478,0.0,0.870550147527615,0.913092090593968,0.8993012114451957,0.8991858588705295,0.9198023322018118,0.0,0.8803870932569647,0.0,0.8980924202888336,0.7890260820537095,0.0,0.9107134369697178,0.8529493232547158,0.8102807226681611,0.9218904196530119,0.8836178953759172,0.0,0.7924940740544808,0.7775306268174113,0.8735316778519921,0.0,0.7217446528145143,0.80594831999194,0.0,0.8689519458745084,0.8140660510137345,0.7601446825982108,0.9487956020423008,0.9419318285632244,0.0,0.8919621873983331,0.2115083137131172,0.9180401091218398,0.8929020776366807,0.6911555677073654,0.0,0.8646343394138972,0.7525372879767526,0.8048883717273831,0.0,0.891805631803683,0.7764503838616715,0.7688200419961094,0.8245934074098528,0.863519216776406,0.959701520166867,0.8419117160726041,0.8646392044873227,0.933784730835917,0.8791680835082855,0.9366363701751664,0.0,0.887782965492147,0.8360162386225732,0.8042633587692992,0.8458989557389495,0.8626171439020911,0.8746563891817002,0.8772967412955484,0.8630368407440062,0.0,0.7401764130318409,0.0,0.9188426526155535,0.9138758417445026,0.9226164683527489,0.8830898169579856,0.8807897747665834,0.0,0.8072388726254904,0.0,0.0,0.9478689728900624,0.9155424789643086,0.5313323237724416,0.8112290440234567,0.89942533665917
2023,10,Indicador de Cobertura de la Cartera Total en Riesgo,0.09403204196660778,0.07804987120902583,0.0790260116865795,0.023466413220514185,0.04929776208712176,0.0,0.08692793912333938,0.0,0.11550234067705652,0.052126978250687794,0.0,0.039528328629109016,0.0,0.07621377646075818,0.03780604284923956,0.1109306233728104,0.0,0.025025355763239984,0.07112444614100402,0.13471855015496847,0.0,0.08154705629922512,0.0,0.0967563698397154,0.06024503752113588,0.046303767065710606,0.03795235390491771,0.08536929346467324,0.06168834165519528,0.05583239459259214,0.01778083319568443,0.05608278507209045,0.0,0.025819354565815782,0.034332227956306076,0.06941596765383684,0.16476646232474068,0.020047781016961027,0.035528392496325854,0.06499389815886542,0.04575339270868598,0.0,0.028758854528919336,0.07767741142125481,0.010510594557604174,0.0371683968456466,0.0,0.03446682192900677,0.08524820246295987,0.08684462858095152,0.09509098498654918,0.17778339995636724,0.04042454581274387,0.06298575690260547,0.10898217906593952,0.10819915833474561,0.05227147551424186,0.07827062345891271,0.04544737160507793,0.0817817425500148,0.09123848484555208,0.0,0.07093933857427866,0.0,0.0,0.07838345647726638,0.09328549585667491,0.04043985582543692,0.016390807351090313,0.058629153177458274,0.06870153467202735,0.0,0.12240491464749673,0.03668422451453169,0.01862326200302857,0.0,0.03492035774680286,0.07092785839931079,0.060566253528632846,0.0,0.035819123563717685,0.0947922762403471,0.0,0.0338614754679638,0.026374504910551003,0.053814915366902395,0.04796829110374535,0.07382804759892715,0.0,0.030471405112650125,0.0,0.0512219132826421,0.02933152514424298,0.04377933624818277,0.0,0.11145104796713114,0.0,0.06721841702730673,0.06702363309273428,0.03251325318070715,0.02645155005012592,0.09185357554747663,0.0,0.029561980232704142,0.0,0.026255849583975133,0.09490359980469772,0.0,0.049134102843163246,0.09214790850182399,0.0462398806241936,0.04670155108868152,0.03919980537807766,0.0,0.0623515224822888,0.07492309222577594,0.032712021483531785,0.0,0.07474900034628038,0.052225438247116396,0.0,0.08128716292676981,0.09281249615217706,0.06949667259759063,0.06721559850879504,0.06708178150220477,0.0,0.05718660154891405,0.011833963924095064,0.031961160655204615,0.050542477739102705,0.22577978756669914,0.0,0.035981982277188455,0.13792503124192548,0.02721303103164899,0.0,0.04171591161427831,0.07457874180159106,0.04624426870924335,0.04996977088259217,0.04744613747796404,0.024949119129166718,0.0717621065252491,0.028085651666548587,0.026166582595103054,0.026667145842424213,0.025301188455685242,0.0,0.04071772222741861,0.10253660158955802,0.043560737144389364,0.07821900274322727,0.11429244283314445,0.02065240093775008,0.05928559423344249,0.061906169510289315,0.0,0.029798487141371663,0.0,0.07082037536313973,0.021910814389540192,0.021425912318858386,0.03678630607507936,0.04140807547671431,0.0,0.039276033874654954,0.0,0.0,0.0534411088657436,0.02251451609115731,0.10237010439071226,0.08209220017208246,0.10343353094896972
2023,10,Indicador de Cobertura individual de la cartera improductiva para la cartera en Riesgo,0.4636884969927695,0.5450286747992982,0.6711712359534088,0.822961899361232,0.5902736797437071,0.0,0.735474455403171,0.0,0.7389439143975275,0.4632974938968276,0.0,0.4080321569604986,0.0,0.427647755011106,0.4354031219954043,0.7088665754272894,0.0,0.3354261400724115,0.7014617681887918,0.4900354406413219,0.0,0.5655050147589538,0.0,0.4773472331178552,0.5957338074962,0.40828762684770903,0.41283275878614034,0.4123991042755574,0.4746609302979433,0.6090786361827195,0.6650169209636421,0.49354560261915265,0.0,0.46392269452913026,0.5297823497594698,1.0,0.6253007880150698,0.29123726112777126,0.7090196684293176,0.6690458198275611,0.47343668219103097,0.0,0.2546008152769739,0.6631427936667941,0.038297809087072456,0.6142656251296673,0.0,0.48866606175006844,0.7558866146427,0.5201419517484991,0.529925428213324,0.5988272638325061,0.9378732887057812,0.5758399136815104,0.5592774904262459,0.8007134569632751,0.44215299643590583,0.5103771577834484,0.40653470753188703,1.0,0.6467915524801399,0.0,0.7849739443363573,0.0,0.0,0.6037717716116798,0.6254532581442992,0.422883280675395,0.07119597520568074,0.5246396975282966,0.5733934751977185,0.0,0.6134957770165262,0.6534262695028638,0.33824682805096934,0.0,0.6365596208606991,0.3529947476446446,0.8485376654950205,0.0,0.37006705131600387,0.7801501500090695,0.0,0.5015454454523975,0.3668805465635211,0.7735054853907347,0.44862383148273005,0.5382958296383878,0.0,0.2635633279613722,0.0,0.6811908900582356,0.73057225739561,0.3604972598699116,0.0,0.5957189997782739,0.0,0.5798470598934716,0.5763446103697362,0.6712203060875829,1.0,0.3936212483523445,0.0,0.14987704717908515,0.0,0.15000000815897202,0.6125254287677553,0.0,0.6317002376550431,0.4406781602978433,0.7432137993453242,0.7571321081018876,0.6045823328689162,0.0,0.7390393256141431,0.9999999987274589,0.1323887031131679,0.0,0.9287051774325256,0.7144935374380978,0.0,0.653676429774193,0.5133910025551688,0.4908854665026051,0.6593902574492091,0.4562419651202549,0.0,0.36915993027526184,0.20765250174156183,0.5047641311039744,0.6147516371536393,0.792103455145196,0.0,0.4872376140143592,0.8866548549730234,0.6079809446452153,0.0,0.5608847644234708,0.6222861195546104,0.42763065748318424,0.24976499254004939,0.622786360284576,0.2343546527757275,0.5198470109571499,0.6796370374273956,0.4057232972906447,0.2799181524298265,0.661173258279338,0.0,0.35685684760109454,0.7678441346961824,0.53998854271519,0.5288299603561378,0.45766879986835113,0.14076811802914807,0.5492763620438943,0.5928370030487101,0.0,0.14225086991854285,0.0,0.4968042237877581,0.38424127426150184,0.39580474255791487,0.4724170740487428,0.8112881664608929,0.0,0.7680001999739761,0.0,0.0,0.3230727452244435,0.37033498198671017,0.7725948753413001,0.6754646573021378,0.5229308869591149
2023,11,Activo Productivo,0.8970386283692663,0.8562006942925,0.8780414182794386,0.9347842284786246,0.7688912771560698,0.0,0.8326787604932606,0.0,0.8676475071150713,0.9087724001087719,0.0,0.6435799594762761,0.0,0.8060019598556946,0.7705008485440715,0.9317970373283089,0.0,0.7647163328439373,0.7777284809968578,0.6263287645985347,0.0,0.8929591224340154,0.0,0.9910600388533247,0.941086242104573,0.8577918064617381,0.8335084995977183,0.8668699370632201,0.8614751233650337,0.8528938325345932,0.9585297126264288,0.9247914642984002,0.0,0.8925431965222289,0.9222978532783807,0.8717403855057269,0.8024956247698638,0.8352304356508564,0.8011016988541331,0.8797628260754453,0.9168380793601646,0.0,0.9224192797852973,0.9110593936972983,0.9633382459009765,0.8315428555772073,0.0,0.932406564943309,0.8891768466869112,0.8799995200823971,0.9118326892626046,0.7762531207783095,0.873609717849441,0.8109412738376214,0.9940806895521255,0.9570919688477699,0.9340937539771387,0.7811480301582788,0.8810283512709353,0.9507428886365203,0.8494651149635006,0.0,0.8066787599384928,0.0,0.0,0.7950029802140423,0.9575818173224171,0.85511737537464,0.815230748228945,0.7855105078121158,0.8719419842245962,0.0,0.6782539516400362,0.9059607414566812,0.9213895770154062,0.0,0.9538455559740375,0.9736691299951352,0.9773771833125724,0.0,0.8616533175293227,0.8830546591962054,0.0,0.9214723876522543,0.8513967347764031,0.8290362999814259,0.8975687554625025,0.8031661086820593,0.0,0.8960104185014198,0.0,0.9138184327691705,0.893394640863874,0.9191763416633809,0.0,0.8182461105403683,0.0,0.882359571577389,0.8732719374095379,0.8976206731436736,0.8988591973800489,0.9251361886206447,0.0,0.8750810195498911,0.0,0.8905016375999942,0.7915404178403307,0.0,0.9103621181180989,0.8508341219367498,0.8089850103446103,0.8681534408882565,0.8910017135824128,0.0,0.7756117683148863,0.7599165221533266,0.8730333771608206,0.0,0.7147207206344269,0.7933277358584294,0.0,0.8777715147041802,0.7982692049576504,0.7677712159663322,0.9253776236220199,0.9361585496986832,0.0,0.8928921802945923,0.204174855260101,0.8753641803173687,0.8944162818597515,0.6644075575903547,0.0,0.8570912553499116,0.7654696883858682,0.8116097303554483,0.0,0.870930382061162,0.7694017595610133,0.7714368906646037,0.8282890112573823,0.8588493181637487,0.9571050264168935,0.8415394979402329,0.8483133804804873,0.9355150675299234,0.8789717076752951,0.9404121646852373,0.0,0.888157767596737,0.8370298838481806,0.8251328949626577,0.8261291726176612,0.8448530425685163,0.8541106158792903,0.8718620304648239,0.8651111619042795,0.0,0.7474695561797681,0.0,0.906445663440068,0.9144307612280181,0.9171811530599531,0.8933203911529385,0.8786223971879716,0.0,0.8168871558604914,0.0,0.0,0.9388695979527779,0.9337902545056138,0.49188903275726203,0.8390726513300644,0.8988507090428629
2023,11,Indicador de Cobertura de la Cartera Total en Riesgo,0.09716874683544548,0.08222361809853744,0.06610626213587434,0.023377531208613855,0.051288025263583906,0.0,0.08303673241378208,0.0,0.11796168976791123,0.0537717350802834,0.0,0.045356548538177194,0.0,0.07479833670352645,0.03627075910136902,0.11032434615247866,0.0,0.02536258678395344,0.07475303859279016,0.12754926773218653,0.0,0.08180968410861661,0.0,0.09607629439075696,0.06239294978345452,0.047796137665224704,0.03638520481382921,0.07707373442145707,0.062479934152030396,0.05503640250282423,0.018880357847764814,0.05682004884864198,0.0,0.024558011067904173,0.03466224730815607,0.07131870453062532,0.16688611202561301,0.021663567175379414,0.03625156220915463,0.06670977664988466,0.045087729712974346,0.0,0.028588242334845856,0.08127023609822949,0.010374930415786968,0.03784041778537587,0.0,0.0358989831153514,0.08712438632162091,0.0889814905628567,0.09979771058562768,0.17663987691607141,0.03701652994686574,0.0710233826377029,0.10769015346813297,0.10963978770266193,0.054364477882042295,0.07982496071494001,0.04908821453996968,0.08616233018075145,0.09321356147247377,0.0,0.06023656301677205,0.0,0.0,0.07292153928071084,0.09601626411354616,0.04159683636197122,0.01682157835379735,0.050646100018660406,0.0666173580491354,0.0,0.12369879384725284,0.038641197497079297,0.018724093214682772,0.0,0.03153105676054172,0.07155370473512607,0.061508019351968084,0.0,0.03138809976278295,0.07627997065493379,0.0,0.033968843521059264,0.026122577108548255,0.054994263253537144,0.04825342881346539,0.07245462771610221,0.0,0.03444298591088934,0.0,0.05199558983145648,0.02888891641920125,0.04316023776566818,0.0,0.12247108675067475,0.0,0.06906200179141087,0.06825816121963543,0.03247547277082865,0.026543767581384457,0.09357896512237528,0.0,0.028316769368787464,0.0,0.026289130126910754,0.09037882675438752,0.0,0.04855859354777555,0.0934836750907411,0.04735678484558668,0.046364129607037355,0.0453352128252058,0.0,0.05802858494669374,0.106260646708753,0.03015635981987638,0.0,0.06954628783151819,0.05418719180403686,0.0,0.0870038226991922,0.09114767581783977,0.06940926676582541,0.06832186648794909,0.06907532129081596,0.0,0.05660413104688945,0.011843159031034462,0.032769560172341596,0.04529844123923786,0.22250700001733748,0.0,0.03702442123311848,0.13711325916698516,0.02749563979671838,0.0,0.0358820972720473,0.06436482060895805,0.04666185662874293,0.05095338939548299,0.04073846014594309,0.024337331596509196,0.0714420716006182,0.01979205098210631,0.026402094941942216,0.029687776941327293,0.027182336854218375,0.0,0.04190512509053748,0.10242959532489536,0.043386994355724205,0.08757839231157204,0.119513677634661,0.027325513742613834,0.04790677267457106,0.06284806514489373,0.0,0.030118239334384136,0.0,0.07076187918354578,0.02216214568553842,0.021045022793449265,0.03638066073294391,0.041354684379672775,0.0,0.03490021737689499,0.0,0.0,0.05405088778349704,0.022646797403303876,0.10251864670318497,0.08568086626758094,0.11412400485356548
2023,11,Indicador de Cobertura individual de la cartera improductiva para la cartera en Riesgo,0.48071092687660516,0.5621721115982636,0.6057029934560224,0.7948659271763293,0.622529007017542,0.0,0.7422441312048624,0.0,0.7343389631521685,0.47352321568959765,0.0,0.43251556772467625,0.0,0.39554865619043345,0.4290843224257754,0.716964380108158,0.0,0.31477845862057424,0.7009310877322623,0.5589209854030228,0.0,0.5573121526050465,0.0,0.45839736800568476,0.615656735187191,0.442487526244101,0.36232336113191105,0.33963882288550934,0.47367380608969484,0.5463269052553672,0.37197317961064835,0.48446631309366656,0.0,0.44900891384433195,0.5006250013667816,1.0,0.6267798895717542,0.35701748955154505,0.6728957157694998,0.6492592343204961,0.4495661722149027,0.0,0.25630662066830373,0.6871562806318006,0.018607676381373277,0.6044897559172201,0.0,0.42845037718080425,0.7595753641282672,0.5250853822001826,0.5733487853716965,0.6110513344678775,0.8929386158988316,0.4851923279678545,0.5996615720953954,0.808103688310338,0.4676559006814372,0.5265544104508822,0.40478291766095237,1.0,0.6425700628735288,0.0,0.6993965331518274,0.0,0.0,0.6103257458602996,0.6442691676727166,0.5001479764290969,0.07884823157108695,0.4638002370919058,0.625620342448086,0.0,0.5978353744926834,0.6830810280836573,0.5675503582474586,0.0,0.5682254902249453,0.3755531818884277,0.8452174901555488,0.0,0.34459071601704827,0.6967578391103487,0.0,0.5148720274979154,0.3888578636637288,0.7525454861258746,0.4778627401574019,0.5378978975407396,0.0,0.30967609758386266,0.0,0.6799830445731769,0.7379275568143597,0.3795688836008573,0.0,0.6312635464232218,0.0,0.5909592250681914,0.5258179710523804,0.7193851512705028,1.0,0.4088619707372958,0.0,0.18799797419349074,0.0,0.30000001631794404,0.6170565802574982,0.0,0.6287921275450956,0.44007329293322567,0.7701552844448487,0.7596830933098037,0.6064430774556248,0.0,0.702468319747765,0.9999999994761245,0.08071828111494975,0.0,0.8642032413641418,0.6218775756811363,0.0,0.698384506279769,0.49005640771753806,0.5070364143940308,0.5701402193660521,0.4757389676686191,0.0,0.31493457662435975,0.2540540235370801,0.48686234693606817,0.7612662797339557,0.8010748480857011,0.0,0.44564897275439996,0.8483000793711486,0.637785275091678,0.0,0.494999029834936,0.6276066250539443,0.4101478758656496,0.2695316340974387,0.5961207042178897,0.23127237986202825,0.4979791477877069,0.445542788818453,0.39222098884714107,0.3073400962683768,0.6367698521982474,0.0,0.38842543486887815,0.771049431281688,0.5598815250443377,0.5085888882269908,0.4615422671682272,0.1402992762343948,0.4827593130360352,0.5851579692097771,0.0,0.14678946488764597,0.0,0.47869274896864333,0.3896600584324024,0.38269971019563875,0.4747467092066562,0.8028711439093613,0.0,0.20224577201709493,0.0,0.0,0.32985881586235805,0.4094215146080872,0.7337485253529744,0.7796506028033994,0.5833894163081735
2023,12,Activo Productivo,0.9106077170798964,0.8640092791159301,0.8870999150668267,0.9190287911480299,0.7628646379416949,0.0,0.8311357964721197,0.0,0.872808418266845,0.9021823703880081,0.0,0.6858782428707132,0.0,0.7915961719779853,0.7742969137204269,0.9384836649275309,0.0,0.777103527650079,0.7414742086758007,0.6247050076666204,0.0,0.8922734504803153,0.0,1.0134210917600859,0.9290339454602946,0.8602674526368489,0.8426418659848248,0.8773895725738957,0.8560221833193964,0.8656702217791676,0.9448884924252027,0.9490176320577066,0.0,0.8763877458694815,0.9318971427987331,0.8735324193956198,0.8033200063935424,0.8150612973179888,0.8198445420904977,0.8806468238626969,0.9204648289425135,0.0,0.9203675138692256,0.9157476684785866,0.9537751264468903,0.8427191969886737,0.0,0.9241972516273336,0.8917159714237393,0.9087601241683876,0.9434975871065461,0.7782870947752255,0.8770611343140758,0.8068333695642438,0.9797350313206834,0.9488318483699174,0.9388594466493174,0.7810014444664819,0.8867692232623885,0.9430060194745897,0.7590876635696786,0.0,0.8024694892557069,0.0,0.0,0.7987934382319906,0.940909369022454,0.8568948596341435,0.8112796887012794,0.8433885065468802,0.8709601125016756,0.0,0.6768187656697674,0.9135516047266151,0.8955016391373811,0.0,0.9488588626618601,1.0026595023079719,0.9770905665076928,0.0,0.8469434217370259,0.8982426646213019,0.0,0.9170756878455365,0.854463451801198,0.8306700942211986,0.8720891360565448,0.7927184448200182,0.0,0.8822196691100549,0.0,0.9046768342254242,0.8871808447347098,0.897790732689476,0.0,0.8334284462413817,0.0,0.8952981034913469,0.8338892147063811,0.8858291294002,0.8864248677073149,0.9345464101865537,0.0,0.8806335083873872,0.0,0.8385854454585365,0.8438220682466132,0.0,0.9197050148108202,0.8555798612789779,0.8198013002716592,0.9254394651006332,0.8736835204078663,0.0,0.775022905873867,0.7902723550668264,0.8892333827315594,0.0,0.7222173303651956,0.7923100159457228,0.0,0.9039210547189249,0.7837316596006166,0.7763674398656115,0.941354526190909,0.9193250217465095,0.0,0.8752520219989782,0.21421079843127316,0.9133029763141858,0.8806233582151018,0.6907240565045919,0.0,0.861070619885237,0.8133172964909345,0.7920910750006379,0.0,0.8436510275256537,0.7870284230406128,0.7480467250229881,0.8138323582486434,0.832077345217259,0.98599186229602,0.8470876962437086,0.8414827954856189,0.9322941267249872,0.8768983638689282,0.9505922686306904,0.0,0.881612371834229,0.8424368057753242,0.8065866071210743,0.8441026767296868,0.8669507522048436,0.8607435800390726,0.7626466463904487,0.8644679195506786,0.0,0.756078530605905,0.0,0.9042154611347295,0.9012736948683604,0.9026126973196213,0.858963685705069,0.8626597243643908,0.0,0.8121436644945168,0.0,0.0,0.9308350922543716,0.9242380951995167,0.4500423379033593,0.8843876442407675,0.8826602368109664
2023,12,Indicador de Cobertura de la Cartera Total en Riesgo,0.0941119549204245,0.08327626074020214,0.0676617775025885,0.024707767875966784,0.05453197101292046,0.0,0.08339820564336686,0.0,0.12079853866413846,0.0529610974998566,0.0,0.03972952273829304,0.0,0.07392367649674035,0.03590638721353814,0.1104731948442578,0.0,0.025607782776783036,0.07560330875612335,0.11728107748724691,0.0,0.08012330440051449,0.0,0.10548702517263396,0.06231155324807761,0.04799969711330383,0.0336912348475512,0.07606391823249535,0.05948272315801971,0.054189404300602456,0.020178948567577022,0.05779016011364647,0.0,0.024471797782198886,0.03374827815695236,0.06967809255201836,0.16666298005798735,0.016502500479345185,0.03803409174178806,0.044297755545495386,0.05232063800904444,0.0,0.02985954366239099,0.07534797562934845,0.01288079786758648,0.03899537262478344,0.0,0.03379064793855479,0.08943290618660768,0.08686389885423594,0.09808049813409829,0.17142345061764624,0.04726405568610147,0.0736381636005518,0.10939920997419517,0.08838839098990853,0.04933988185848274,0.07999704448187385,0.0481447852675658,0.09454205755269368,0.09201196833118662,0.0,0.06210646845101899,0.0,0.0,0.06760298578785799,0.09864826798449669,0.04290770811638551,0.016868175133955686,0.05372542641688589,0.07193492521112275,0.0,0.1171422291761937,0.03247493563921412,0.019382649471387146,0.0,0.03124638596828958,0.08637708347856508,0.06481977390055649,0.0,0.03806590005549018,0.08908103560687199,0.0,0.036701083712152284,0.02735420605958802,0.06074066257951113,0.05035506432751178,0.08003172448519012,0.0,0.036299810157877296,0.0,0.05324276024866213,0.029860676664270332,0.04595464389620401,0.0,0.12896279786676446,0.0,0.0717307945103085,0.06419309495758219,0.040698316138755304,0.02676687425974577,0.1050997821912506,0.0,0.02823237120476647,0.0,0.033628214292787284,0.081421554321585,0.0,0.05266667068308202,0.09112135471506365,0.04937955846402477,0.04570211896085128,0.04486934722006218,0.0,0.06036055886533149,0.14933790710362913,0.03066004918779338,0.0,0.0703432762316035,0.05913462089645735,0.0,0.07171791236507495,0.09499020163258945,0.07009138683283347,0.06921840036357303,0.07075596583118793,0.0,0.05470584614237693,0.011926672577154929,0.031638212269819284,0.046665283848961736,0.14486579791453316,0.0,0.035140947260724316,0.13509046906826297,0.02908540680653087,0.0,0.031711974114430025,0.06969349681327847,0.04898500688784256,0.05308796365837832,0.03983836012290051,0.025180079659825653,0.06871509649283582,0.02073617281152756,0.025676935720920113,0.026914289551977274,0.03187146348075428,0.0,0.0346510481250421,0.10156098195462998,0.04415097447110301,0.06628660478146889,0.12164736890463299,0.026811506103654098,0.05067657831138906,0.0629220017115027,0.0,0.031330681479036365,0.0,0.07216863488729718,0.023968111837097215,0.02281378448200999,0.040155176174650885,0.0414005298692358,0.0,0.03760728785508098,0.0,0.0,0.054630348722045544,0.027292454020918386,0.09914028534405095,0.08876999287773144,0.25821298376308616
2023,12,Indicador de Cobertura individual de la cartera improductiva para la cartera en Riesgo,0.4469008295212915,0.6057526536249315,0.6224817782728713,0.7727102604238085,0.6290046389440819,0.0,0.7866203663866997,0.0,0.7350039510120178,0.45136703948169954,0.0,0.42422517816445665,0.0,0.3595317890067811,0.4256410869696778,0.8295567486372841,0.0,0.3919247194214642,0.6350020805091363,0.5524348270949764,0.0,0.5226942579745351,0.0,0.466885476833913,0.5689782212719828,0.4784827451439756,0.32926887469476207,0.2778024822052712,0.45542062088327134,0.6193072003161785,0.92313483094728,0.49769860373194247,0.0,0.38675508808958153,0.6068354230073758,1.0,0.65076105350266,0.21499398109377058,0.6422945384307437,0.5182975489018101,0.44932244528322546,0.0,0.27380428514629734,0.6862975485712114,0.11193774186409847,0.6679523740313629,0.0,0.36934109010498256,0.764495628582787,0.5697500520287817,0.5677020262149113,0.5705841937728847,0.941610130883433,0.4551644639262062,0.5527565394317527,0.7468150676958113,0.5604310835840788,0.5272669006097869,0.41245808823725194,1.0,0.5942483315165035,0.0,0.7227416068131575,0.0,0.0,0.5812051147367555,0.6390933141505455,0.7452713428656592,0.10776500774387784,0.5259369487462288,0.5462410095203806,0.0,0.6101476241473047,0.6242634786434552,0.3667017311041581,0.0,0.6256230571348368,0.3797597809738534,0.8640887862554589,0.0,0.4275569168439159,0.7810157769012728,0.0,0.5287081931214601,0.4713826598595697,0.8605020076370403,0.38574784966943104,0.5890919720094764,0.0,0.31242880626411457,0.0,0.6919119695742094,0.7367664647832005,0.38257095838191485,0.0,0.718264639763258,0.0,0.5973960228436058,0.23420842932026237,0.7075701972647406,1.0,0.39067318556818365,0.0,0.18725786039631098,0.0,0.9090512634571029,0.6083492216286283,0.0,0.7299083080118857,0.3287698587334105,0.9090008400770404,0.7577747244402864,0.7268083180785306,0.0,0.7478123407275666,0.9999999997186989,0.09351461270513402,0.0,0.9170322859527824,0.702619751901572,0.0,0.6418888827967376,0.5005440213678826,0.5246690530856607,0.5866781418854607,0.465720206572096,0.0,0.2409569517536519,0.31980896434860256,0.48638430195180166,0.6730368712178121,0.5880829312922469,0.0,0.5910506247994189,0.880833386442946,0.5408643240866046,0.0,0.3686143855469521,0.7286305705386613,0.41463691823999504,0.2812617957216735,0.5998586178977381,0.6553699694046751,0.5335502786167979,0.4360822226212434,0.43943201200178766,0.27372233926916123,0.6939633730417303,0.0,0.23142676979762888,0.8226162279215026,0.5067020977441999,0.4233579483404583,0.5525217117686088,0.12199154422116605,0.48592368924790313,0.6187722801778398,0.0,0.15742639140272938,0.0,0.509393389587034,0.3333138226928896,0.3173329371759722,0.36358226596433063,0.6980106543874162,0.0,0.13093210762782878,0.0,0.0,0.32550383756813844,0.44284928632023535,0.746938825269663,0.9355171906448261,0.7623200786715518
2024,1,Activo Productivo,0.8962960801471581,0.8485461048591733,0.8722740593113955,0.9223927976206872,0.7493301316261967,0.0,0.8519311595762439,0.0,0.8736516792141278,0.8953501499306389,0.0,0.6461084018723038,0.0,0.7847250687969812,0.7722471385175292,0.9340052957724223,0.0,0.7675218900091156,0.7338851989434528,0.6265231981630609,0.0,0.8871427230621275,0.0,1.001229477856584,0.9271620452774463,0.8581438242704305,0.82867270896705,0.8739728102134068,0.8428975503828383,0.8578382298023226,0.9267121148948576,0.9321713865449281,0.0,0.8649295383330939,0.9107774732697784,0.8573244570472942,0.8015600326669369,0.8018288299384047,0.8260918910192526,0.8748606245945434,0.9074925813503967,0.0,0.9193271397196776,0.9217032343533789,0.9471177661147192,0.8383577120215836,0.0,0.9221234268465806,0.8945518992701128,0.9059579169463238,0.9103267026509181,0.7775695412357035,0.8860576250935425,0.8039445212283877,0.990725300342969,0.9410058127460125,0.917422142191066,0.7617132936844463,0.8801931219810918,0.9310203853099998,0.745547481419104,0.0,0.7830191133187057,0.0,0.0,0.7854313722722658,0.926859299378721,0.8507436147321652,0.7980586556576373,0.8253058386644451,0.8698360900844639,0.0,0.6349743928345084,0.9022230040832844,0.8556565992845787,0.0,0.9259583326325527,0.9767259298128121,0.9651376480646159,0.0,0.8376074629289175,0.8770610340857969,0.0,0.9175904431314471,0.8481415822964282,0.8441176491183187,0.8664844591099455,0.8001869199075978,0.0,0.880198981322535,0.0,0.8974763537663011,0.8752702379341988,0.930155605344865,0.0,0.823564657861511,0.0,0.8831755245627069,0.8494867510167046,0.8754762983382335,0.8912234401269645,0.9268989696073552,0.0,0.8615303781815044,0.0,0.7969606201498519,0.8636087108167535,0.0,0.9159925099893707,0.8746965824820702,0.8105628574174695,0.9103333113959741,0.8417733325453464,0.0,0.7594808054003138,0.759536731183028,0.8911366833679293,0.0,0.7234756370085977,0.7725337695079606,0.0,0.8938370385353138,0.7706258713496605,0.7724525714263172,0.9536402058865366,0.9266905379341098,0.0,0.8699445043007906,0.23711903042896837,0.9177871922439272,0.8782439915919643,0.6996143124739905,0.0,0.8402337843121722,0.8316986163259559,0.7800118617838209,0.0,0.8626787247368268,0.7892385238744534,0.737124470397648,0.8058760759690181,0.8192678619803072,0.9616326901680974,0.8328828398505683,0.8149482791462718,0.9327027564970622,0.8753928395024466,0.9576751816137673,0.0,0.8635257481545819,0.8430776493882796,0.8181412997955668,0.8738244504721597,0.854084720597561,0.8493426901089087,0.7492340498830795,0.8628869855007968,0.0,0.7169421893695993,0.0,0.9211979804980426,0.894491149852078,0.897334736001031,0.8033115339241571,0.8653724481240958,0.0,0.8037220258229576,0.0,0.0,0.9001003006746265,0.9206036262798215,0.4095422435219837,0.8637353662256233,0.8811089611875297
2024,1,Indicador de Cobertura de la Cartera Total en Riesgo,0.0990660933524279,0.08613896321107732,0.06708345774287669,0.024458863296033476,0.05533810057889162,0.0,0.0846585912583343,0.0,0.12308931874415241,0.052969149941230496,0.0,0.04256869957916715,0.0,0.0742480028729931,0.03584268939375223,0.11162117998507651,0.0,0.02614371559598125,0.07962386646936219,0.1144232373881758,0.0,0.08142374242485952,0.0,0.10560191685848942,0.06489159425442172,0.05019036973481109,0.03583762935161338,0.0781534074117549,0.06054988251880348,0.054862897037479236,0.020205392836244947,0.05736928086147948,0.0,0.024458396857140012,0.034943286801816645,0.07141228975833488,0.17270528299197138,0.017378399106842544,0.038806666813705384,0.04700419213025982,0.05376718555934789,0.0,0.028900324646481197,0.07875765276127764,0.012844635503213617,0.038861360534746245,0.0,0.035814960449862286,0.09127225439368289,0.08760506094689845,0.10180030683861764,0.17634693000910445,0.0464136611391621,0.07617639409170962,0.1105904800337493,0.08917626400912668,0.05202973703714733,0.08264466639986838,0.048889402582219924,0.09751232665498984,0.09790782738526413,0.0,0.05706639753048303,0.0,0.0,0.07063571072530286,0.10182362316769791,0.04302646721362837,0.017063716851367625,0.05740458497600297,0.07255713898275176,0.0,0.12017073621863397,0.03491112241807072,0.02029976755313993,0.0,0.03158120315281666,0.0857826925843313,0.06575985199684833,0.0,0.037946598187680675,0.09155552411614591,0.0,0.03829907113348785,0.02781451533773828,0.06127600899412387,0.0510043202337028,0.0808699519886369,0.0,0.03817616228513392,0.0,0.05418655121276848,0.02859741516833539,0.04652035220525159,0.0,0.13315896611598113,0.0,0.07499415970269906,0.06571064242413599,0.04051656607196884,0.026455377795901385,0.10203000871555157,0.0,0.028744222695021266,0.0,0.03303962721850045,0.08423116015814931,0.0,0.05213093043627059,0.09587520801218354,0.051396457956756465,0.04708451711498041,0.04760096591287013,0.0,0.062221474053095804,0.11797252344062124,0.030835678849595177,0.0,0.06876155435698461,0.06050232941185871,0.0,0.07408682784439732,0.09915337608398321,0.07121061168284815,0.0671522727098367,0.06966442023428784,0.0,0.05442746441926133,0.011478292684858914,0.03199556951250493,0.04860593823610716,0.1559418487615176,0.0,0.035357198181501466,0.13441837483649266,0.03156921710705382,0.0,0.03492402519214508,0.06916328243454714,0.052465976725959124,0.05020452049022636,0.04080902727173518,0.025667262060678805,0.07028547855233383,0.021976016599178184,0.025988916898642633,0.028980544337569258,0.03207079269192065,0.0,0.03684562701701412,0.10161593527486423,0.044532655936386334,0.09167756693857453,0.12255945610362028,0.026955949155643626,0.05210699887120199,0.06407237584940968,0.0,0.03265377286173942,0.0,0.07501268245247925,0.023769262219822933,0.023328876389665975,0.04071071680238125,0.04189274416246447,0.0,0.03690145281906117,0.0,0.0,0.054306205185751265,0.030310790518215027,0.07851338166959969,0.0940671293927131,0.13916159228119568
2024,1,Indicador de Cobertura individual de la cartera improductiva para la cartera en Riesgo,0.4703132893657544,0.6180027803604279,0.6251658011549897,0.7758715082211974,0.640778354646,0.0,0.826446518039613,0.0,0.7266394815458889,0.47469390557507435,0.0,0.46355236682763257,0.0,0.36498291104766956,0.422061243916326,0.8408199885695146,0.0,0.3921591478574215,0.6473021082594715,0.6283574286663153,0.0,0.5316517164987902,0.0,0.469540523135197,0.6149592924881186,0.49408458504122577,0.33392267334454295,0.28707124944988505,0.4510846744492592,0.6270326387305664,0.6953543375957336,0.5191432970213322,0.0,0.38050891398295883,0.6129771937911764,1.0,0.6654996964557623,0.23929967884483141,0.6700481488267288,0.5137773952425626,0.4442356823295249,0.0,0.2541718666898364,0.6790272782000852,0.10905714064058693,0.6656196138789807,0.0,0.35115552214789947,0.69795908491151,0.6101129654567321,0.5825621691277213,0.5983234611242273,0.9046175711214788,0.4692604141790569,0.5363258252325841,0.7476734112061281,0.5744191465678689,0.5285486779428581,0.42677070549795487,1.0,0.6094856275169034,0.0,0.6886097647896953,0.0,0.0,0.5929028070610971,0.6287512676023079,0.7551316801641653,0.09807488951895407,0.5612378299343309,0.568633509491428,0.0,0.5770901213212765,0.6123562711355671,0.37098087536217766,0.0,0.6376620845946359,0.40659862500797805,0.848277884465904,0.0,0.42925780490926974,0.7722731142210971,0.0,0.5366361830742171,0.475803025258672,0.8842338161131967,0.42693143013291485,0.6118474378216441,0.0,0.30388661853427035,0.0,0.7470565608819687,0.7294198706042602,0.39034979302234396,0.0,0.6732195269175115,0.0,0.6153909220772354,0.2519601305122739,0.6962664466880761,1.0,0.38272228016016935,0.0,0.20379143613272352,0.0,0.9090512634571029,0.6217023817855252,0.0,0.6804708137371216,0.4292565445797507,0.9132900380559668,0.6838664912025193,0.6504893209633389,0.0,0.7208247524398864,1.000000001253344,0.08914458532429292,0.0,0.9197935988309598,0.686980618231256,0.0,0.6104074630865141,0.5016978423546474,0.5517546556681637,0.5743777648607581,0.49564203049505456,0.0,0.23596289594946382,0.25753788899243407,0.4492875928171769,0.6071191187114476,0.6805876508845434,0.0,0.63858449490249,0.8890444140951406,0.5947605305545709,0.0,0.39509491434506083,0.663359857857662,0.40192156854115796,0.3112197728960005,0.6100978055043097,0.645610013452791,0.5262017580162152,0.4540445066811798,0.4253403322615567,0.29624341506525464,0.6901006961000058,0.0,0.22103297719720377,0.8295919340829814,0.5061627809905969,0.5567899089997426,0.5611986272452937,0.12220330098070471,0.476047155841375,0.6124726229049657,0.0,0.18303012006672376,0.0,0.5612399049674858,0.3349450233704679,0.32751716657903573,0.36311801852154546,0.6881823334489385,0.0,0.29484701089400417,0.0,0.0,0.35839930033982326,0.4670881662241008,0.5991641639852886,0.9320799743418695,0.5235027534646328
2024,2,Activo Productivo,0.8958600684949769,0.8670746645684778,0.8802067301893343,0.9212020912752694,0.7391121268057789,0.0,0.8282408796427106,0.0,0.8688620007083746,0.9100533433619579,0.0,0.0,0.0,0.7701240302188423,0.785682136430783,0.9271968254082118,0.0,0.7615493126981557,0.7274388845352744,0.6080843355362245,0.0,0.8937556984645201,0.0,1.005727598293224,0.9253448252875296,0.8475663487271912,0.8196176300539615,0.8518907223070288,0.8461459589758769,0.8254460994065492,0.928625963263995,0.9289441693813142,0.0,0.8729503574069373,0.9166998664455882,0.8483511656612774,0.7959908821749632,0.7979905056221935,0.8307939097521363,0.8644424288803483,0.9055251533838258,0.0,0.9175291883318875,0.9133377594472166,0.9233116070612525,0.8378922103160655,0.0,0.9060799709852031,0.8821022314764946,0.9090327085985691,0.8946147879326252,0.7710782198481823,0.9022871088297265,0.7998139887540111,0.9869148507053195,0.9333028369084196,0.9273750443515341,0.7684231017029468,0.8787042153624244,0.9411342516067753,0.7179935181069883,0.0,0.7915706360378976,0.0,0.0,0.8016486293352698,0.936588164816543,0.8274108430763287,0.8065536172867587,0.8222631264578955,0.889303678658057,0.0,0.6344116025716379,0.8965108732844199,0.8659389468357415,0.0,0.9434729315858369,0.9639424220127651,0.9718854563418986,0.0,0.8407416152751809,0.8625698989755449,0.0,0.9171192227826735,0.8479556252083386,0.8299338671879009,0.8784372377771342,0.7987464066939992,0.0,0.8709964813267392,0.0,0.9046962056902726,0.8676930363386297,0.9320907335263615,0.0,0.8331446610503989,0.0,0.8743200196853314,0.8466386999234708,0.8864964540335467,0.8914392078447589,0.9240166337314318,0.0,0.8429836046331072,0.0,0.779620384586317,0.8187814325287899,0.0,0.9171514611385215,0.8762745655840578,0.7989360385429473,0.9154630652413038,0.8493481557071749,0.0,0.7393462252333766,0.7716384019975558,0.8973005693904716,0.0,0.7343008603418704,0.7810843694864928,0.0,0.879552049525209,0.7536184908117556,0.7878483755168075,0.9363807334163674,0.9131561569184033,0.0,0.8990705489572975,0.2586540398185994,0.9149179298226916,0.8716479919869741,0.6791587787716452,0.0,0.843555183419519,0.8316047122883465,0.7771194063318382,0.0,0.8545034688808869,0.7734102369459177,0.7349397621400647,0.8048071709349742,0.8275484221619515,0.949381104704565,0.8279629213454351,0.8194456049847245,0.9234624938097266,0.8692310645100083,0.9582513881207553,0.0,0.8653985980631026,0.8207287004754487,0.7740973550753029,0.8506795494363043,0.8462880785513668,0.8562008132032587,0.7368143093466607,0.8695974811558667,0.0,0.7188921795640173,0.0,0.8993388508191188,0.8855762702149651,0.901826058732416,0.7974907337828815,0.8794551481819436,0.0,0.8004931147677885,0.0,0.0,0.9257267346207035,0.9381774545540105,0.37534911635193685,0.8699319193169524,0.8749187439811767
2024,2,Indicador de Cobertura de la Cartera Total en Riesgo,0.0961785847811497,0.08875801951728607,0.0690566206993572,0.02438037767093988,0.05407645987631197,0.0,0.0858479744919529,0.0,0.12371043358604301,0.051981030631977475,0.0,0.0,0.0,0.07921235598072866,0.0330659464401185,0.11216596797661207,0.0,0.025761673581410034,0.08369065232419565,0.11267978360987256,0.0,0.0829661782259993,0.0,0.1068688054119041,0.06557033181734909,0.050693174927654704,0.03630391530811039,0.080861605522129,0.06205912751346027,0.055084849686994695,0.020692005170554115,0.05728914714366021,0.0,0.024524169852068196,0.03515803920868119,0.07193093534593353,0.17408605809672334,0.017804238000345692,0.03842044156731392,0.04823414788285197,0.05343854524524227,0.0,0.028729066477259167,0.08421855231711214,0.013257502160658201,0.03818778737480753,0.0,0.037927001172317724,0.09334847215894689,0.08687918245331877,0.10135228983323329,0.17275406385507486,0.04362592790080388,0.071183415384482,0.10865535324591148,0.09103017826712591,0.051884158617220594,0.08277195251520206,0.04965700293283035,0.09759746742230384,0.10438412396212261,0.0,0.05952005126739375,0.0,0.0,0.07595864789507682,0.10499040948472761,0.04312916122049785,0.017037257106283288,0.06070199185447467,0.07060410879959743,0.0,0.12237172448118153,0.036724590241161995,0.01912152270158413,0.0,0.03306067060382875,0.08716442303292375,0.06756999453486813,0.0,0.03779960969043784,0.09263873615587274,0.0,0.039354164166534096,0.0288048759308799,0.06196062442538501,0.05153740799425103,0.08301705194832545,0.0,0.03852898416821669,0.0,0.05615946551021282,0.028737580970626,0.04778589473263566,0.0,0.14075346309532888,0.0,0.07614867764924263,0.06845681448426226,0.04001896866077722,0.02650187252823978,0.10251240056716805,0.0,0.028836257458935286,0.0,0.03342215088163533,0.08849474775952312,0.0,0.049893374505148455,0.09433646848740747,0.05141929611915943,0.04689229216720695,0.05066698364219596,0.0,0.06469025601817341,0.09948775764722786,0.030038263517698467,0.0,0.06854449189335544,0.06155268940661945,0.0,0.07656162821402039,0.10287631864649441,0.07031283244448136,0.06689216779693087,0.06885251566645996,0.0,0.05459551442140509,0.011539473521713374,0.02985212550942091,0.04220572925906174,0.15853242899165249,0.0,0.03700407448452984,0.1364683353516983,0.03247979287663568,0.0,0.04442643453849493,0.07018348432783746,0.05373463189807296,0.049387072197927,0.04580806911798324,0.0272921294315964,0.07507925875216871,0.02356364306477047,0.02552419493845556,0.030819761988957285,0.03199197554320555,0.0,0.038054175897176634,0.09781765648086158,0.043497819966834016,0.09496803907214148,0.12107436853324399,0.026922757528502195,0.052806453728694705,0.0642488966671711,0.0,0.03267676364221664,0.0,0.048375036174335334,0.023747901372134925,0.024101122743649898,0.03997224424211032,0.04061730201583582,0.0,0.037062792841511656,0.0,0.0,0.05331693267890503,0.030633553129465866,0.08005672442568547,0.09037506317558687,0.15652539778919228
2024,2,Indicador de Cobertura individual de la cartera improductiva para la cartera en Riesgo,0.4501389247822129,0.6318148734970184,0.6456899944761789,0.7400692107997866,0.6234154543460924,0.0,0.8326002160123758,0.0,0.7235349701863267,0.48038862823233347,0.0,0.0,0.0,0.407446520317115,0.34712871923472804,0.850796928257672,0.0,0.39443685347904095,0.665580273785517,0.6202155638438175,0.0,0.5594151148413353,0.0,0.4746377458215126,0.5647814287402446,0.48496785311810675,0.35978605230054106,0.3173588275990652,0.46622828234562935,0.617815238840113,0.9514319614524324,0.5922047260730218,0.0,0.3814115719790229,0.5973052529955611,1.0,0.6719501626703077,0.22419333952456258,0.6378680212154607,0.5233366034098025,0.4946067395426948,0.0,0.25145258074958826,0.6911284024827543,0.10734131335382346,0.6293748231742359,0.0,0.39419186809947343,0.7346614588378357,0.6388270237103141,0.5936354373053602,0.5883193713695881,0.8973417987800115,0.4852482840042082,0.48908516251361284,0.7260494029105141,0.5986086689915934,0.5673948351360288,0.43628951954599154,1.0,0.6142709959618297,0.0,0.7459723278920618,0.0,0.0,0.6471243627831341,0.6538116406693963,0.7518445685911794,0.10456002085112948,0.5274868924328793,0.5814409122252481,0.0,0.5814627600450986,0.6390152465491036,0.37534968350637776,0.0,0.6329812615265351,0.41666037804297384,0.819843634609464,0.0,0.42576760195476865,0.7435555423971669,0.0,0.5446076156434706,0.49701963361320606,0.8039774087960758,0.43744572712918306,0.621594523465832,0.0,0.30685697790639993,0.0,0.7653288433960782,0.7090736444440908,0.47179618426632264,0.0,0.7064175236118215,0.0,0.615578336544225,0.32213614771428,0.7096313337642698,1.0,0.39178194133003935,0.0,0.1968371686971022,0.0,0.9247422785061277,0.6408560530237535,0.0,0.6276489025102422,0.4435167185717956,0.8946057012748062,0.7113882551785135,0.7180526705889888,0.0,0.730025221834807,1.0,0.08561840424636201,0.0,0.8192166355284136,0.6584780359894522,0.0,0.6600284681039172,0.49043747418055766,0.5742031433709257,0.551267552334745,0.5332350220307338,0.0,0.2575661392588505,0.3122380710487935,0.4741207718015538,0.44114781198633124,0.6701083707911039,0.0,0.594585175654824,0.8979832039119111,0.5578247060986138,0.0,0.4966739786580444,0.6125809922702465,0.3622893459128699,0.33502945658993405,0.6204599097088248,0.2340244934764363,0.5289664421396375,0.4604736329461328,0.38606470630442613,0.3195704795480661,0.7143289953819943,0.0,0.22443869204839173,0.8606663445577729,0.48772645070790216,0.5528893910693348,0.5213151789933388,0.1268954165675693,0.4737469705125972,0.6554637275947798,0.0,0.16794879921134426,0.0,0.45460516593082195,0.32886942258630536,0.3367695914145414,0.37639854457403,0.6304015478874531,0.0,0.28235592887367983,0.0,0.0,0.33310213630307334,0.4452669795594313,0.5599397524558247,1.0,0.5184782201089188
2024,3,Activo Productivo,0.8836937041507521,0.8595472776897808,0.8831399887946719,0.919428794025521,0.7357397029461299,0.0,0.8440556982067465,0.0,0.858543320758446,0.8905165272906288,0.0,0.641785533978116,0.0,0.7651485956229034,0.7551446956840606,0.9251463368188445,0.0,0.7421830317954727,0.7180868240153833,0.6088875663697257,0.0,0.8901868055630235,0.0,1.006225830222004,0.9234041520321499,0.842303006900764,0.8261205705902644,0.8249575236194403,0.8363788295454136,0.8090045195924275,0.8934110971032729,0.9225641286505906,0.0,0.863316947500749,0.9199242580769624,0.8613882219061917,0.7940412913832953,0.7791480485348259,0.8222206457201505,0.8484776802647365,0.8995774877077546,0.0,0.9211914020431443,0.910503043496181,0.9278196219461341,0.8607913225976074,0.0,0.9258389579189525,0.871895718824262,0.9069054065036911,0.8843494487578694,0.7775638354761696,0.8878579101467808,0.8046102575517841,0.9978802476807422,0.9397185007885058,0.923481166323921,0.7594226843180902,0.8790658355415971,0.9395339340773039,0.7045557301218238,0.0,0.7944782475379889,0.0,0.0,0.8035285636982163,0.925554054524308,0.8095514892609781,0.8011477549129158,0.798790642590027,0.8741966227114845,0.0,0.634592939444233,0.8730245542653267,0.8583849434030559,0.0,0.9351940197193931,0.9972664742195156,0.9699477983254907,0.0,0.900298208727695,0.8476810471849403,0.0,0.9150446943293272,0.8507303738146329,0.8356517382861768,0.8908953593333968,0.801320918768897,0.0,0.8641726704889677,0.0,0.9012614188451431,0.8676003659513346,0.9151337308680262,0.0,0.8242117256515046,0.0,0.860540750434011,0.8321562179754644,0.8775553487330888,0.8801547565919272,0.9109702644617547,0.0,0.8353607173307424,0.0,0.7994982836591641,0.8047938545653486,0.0,0.9365285908095551,0.8636525207451488,0.8040325555913939,0.8898004756372097,0.8450186971776613,0.0,0.7335142118703489,0.7410142327746781,0.9010582441778927,0.0,0.7724535994851174,0.7856029371363404,0.0,0.8396979850458854,0.7358217636158219,0.7857931611701211,0.9395580503326665,0.9277364566350137,0.0,0.9120663598863897,0.2690007985368791,0.8973481145169636,0.8567802944137792,0.7047550214224281,0.0,0.8319922650738657,0.8341403478972809,0.7637650826699783,0.0,0.866046090634269,0.747471572759055,0.7397140937974228,0.7808078385605208,0.8240204980459037,0.9477414924385391,0.8182297536488082,0.8258557542403232,0.917566925157459,0.8657620239755733,0.9474675150858373,0.0,0.851717512052763,0.816243649215063,0.7687830598317096,0.8588453226931294,0.8430597443029465,0.8537195668773027,0.7105203612035331,0.8727398934937737,0.0,0.7249724028036826,0.0,0.9067715272875569,0.879991767453246,0.8978638679753821,0.7994110298376697,0.871995572673387,0.0,0.8044533171021672,0.0,0.0,0.9320101041449451,0.9577188491382957,0.3461940565772045,0.8470003048606023,0.8683244821112042
2024,3,Indicador de Cobertura de la Cartera Total en Riesgo,0.09861273455020653,0.09154808856206649,0.07105925687205737,0.024583597431690557,0.05508768313026826,0.0,0.08435466499152071,0.0,0.1257861807455881,0.056019169149727134,0.0,0.04817483750486575,0.0,0.08411119709427317,0.032404667833542386,0.11158230203779841,0.0,0.02626647929167728,0.08770731816020955,0.12093114657821236,0.0,0.08397722214268434,0.0,0.10803020401655408,0.06354837553824504,0.05101942004498578,0.03723014845073917,0.08254927927837435,0.06268738699139093,0.055508070125530266,0.0207794631833279,0.0559470218631052,0.0,0.02515608609043579,0.03564137059939633,0.07608558128140269,0.17683974685730114,0.019082508737315804,0.03976317295741984,0.05104406066748323,0.055144113471536325,0.0,0.028942557061365285,0.08645371634401487,0.013162835885843525,0.03968050948465104,0.0,0.0354210322252378,0.095583957371516,0.08399919297956289,0.10338251621300333,0.16830807579763213,0.042934506749886185,0.06508438928782742,0.11011463071641359,0.09297007034969194,0.052162896023992635,0.08487785933249138,0.05013025496956316,0.09802513672062389,0.11160073406317128,0.0,0.06154912802803685,0.0,0.0,0.07681657800550541,0.10066931340384346,0.043257010924566595,0.02422542958498317,0.06338934543273717,0.07430566066047353,0.0,0.12307443433387241,0.039305426167177214,0.02054223019971413,0.0,0.03317441146967785,0.08824997137550891,0.06943299288482567,0.0,0.037995739339554725,0.09737276387481762,0.0,0.0408064050155089,0.029890926860919185,0.06312459324388263,0.052396309497432875,0.08312479875667807,0.0,0.04059278424097683,0.0,0.056876825568572015,0.030056955269765075,0.04698926903172097,0.0,0.14446061584815112,0.0,0.07829077807761668,0.07107144434341213,0.04032847944286276,0.02675866926644696,0.1041335929119152,0.0,0.028793505881989843,0.0,0.0264550949414987,0.09082900460939966,0.0,0.05018799743861022,0.09385344176180951,0.051485871053198434,0.04841209467543885,0.05378287256317714,0.0,0.050949199039693104,0.1556563849962695,0.03105567978741035,0.0,0.074572896608931,0.05314248226919622,0.0,0.08349642481624911,0.10835761561366668,0.06947960324342624,0.06724386624418985,0.07090337426938324,0.0,0.05409244248765229,0.012594829114543274,0.030351636306493786,0.0428929008765984,0.16454284413255074,0.0,0.03765060414795663,0.13919180120741295,0.033379559698572106,0.0,0.04164196127058706,0.06989892488543607,0.051107082402077425,0.050326294968676175,0.04916955520284224,0.026676113317610446,0.07997856846116738,0.024019102400463864,0.02577328137966765,0.034281521456560334,0.030468967281011877,0.0,0.03855025960445311,0.09516380409585659,0.04353210274118029,0.09967440224568187,0.12955768069124546,0.026793283059994573,0.052981364665038305,0.0651753359051658,0.0,0.03282048174943333,0.0,0.0526759334461663,0.024123653014547358,0.024952890457289087,0.039967995746003335,0.040972613691703595,0.0,0.036267810420317084,0.0,0.0,0.05421546880665666,0.03131135579742789,0.084173980257956,0.09236171091897231,0.16211274094944156
2024,3,Indicador de Cobertura individual de la cartera improductiva para la cartera en Riesgo,0.4296873092213619,0.6168613455832893,0.6665242224741957,0.7138972909977939,0.6415070151107145,0.0,0.8391467294495815,0.0,0.7045343244830378,0.45894780081880854,0.0,0.4652441555596766,0.0,0.4395261111833989,0.2883025641468513,0.867237226979297,0.0,0.3296089063820404,0.6648580164841346,0.6362327975632373,0.0,0.5600469210029887,0.0,0.45540165066869753,0.5267271332088654,0.49492558091689326,0.36590360049464987,0.30563649489355865,0.45436576230395376,0.5643305016479346,0.3041070617375449,0.4922982468124577,0.0,0.408122186904929,0.5882712743900316,1.0,0.676162924858921,0.24814670574621442,0.5657132218532951,0.5321588867605843,0.5177527213919956,0.0,0.2536809095284812,0.7024455950513675,0.10343766407557352,0.5774551926105439,0.0,0.36112943652714113,0.7506500948915648,0.6263104283804808,0.5589018261096695,0.5852675001136993,0.8814190165529362,0.5001916408715835,0.5028185766481326,0.7203656099474246,0.6020255955862478,0.5722089208828041,0.4140803983725445,1.0,0.6288206526476618,0.0,0.7642325674055392,0.0,0.0,0.6708954668919549,0.6223861354980037,0.7074721301893507,0.1966568003970441,0.5653567003731214,0.5525285085688468,0.0,0.5799931410490905,0.6655871674256596,0.3778036379786066,0.0,0.30224978120739443,0.41704360683521696,0.8540435240927918,0.0,0.4120691874145024,0.7506818357083597,0.0,0.5399786862704054,0.49771580518764774,0.8349656308609009,0.4483857555810572,0.6446236926371512,0.0,0.31300954188312,0.0,0.7611906620243951,0.7258299410778899,0.39915193259496823,0.0,0.7345809754592292,0.0,0.6457854048107834,0.3127938835091117,0.7406947071290615,1.0,0.3738368552942138,0.0,0.1935813873766819,0.0,0.15000052257987231,0.6659123184800982,0.0,0.6773796309429724,0.40957380365330154,0.8933920802719305,0.6143159485048116,0.7005162410161454,0.0,0.521268997667491,0.9999999994623082,0.11200352492934301,0.0,0.8089152464176265,0.5733584462526348,0.0,0.6867880265707184,0.49919107942711016,0.5359904198653139,0.5450334873429491,0.5782994532365784,0.0,0.2587245021237292,0.5197525063885832,0.4490374935269601,0.3858514452451615,0.6455134665080267,0.0,0.48075384737854354,0.9011060101719555,0.5349014914933454,0.0,0.44304567975781234,0.6083159180486131,0.35319974664405274,0.3296890819489584,0.5938708945072545,0.20362778109539315,0.541986894817204,0.46757438561786135,0.33871759023720793,0.3477033384958916,0.6771409653225505,0.0,0.24561721456828128,0.8283704190805353,0.4900782699223748,0.5844064216967887,0.6233537985381988,0.10657133690713945,0.4315934118669867,0.6342381826267818,0.0,0.19844355645578685,0.0,0.5011099635036134,0.34578097975360617,0.3556515683622196,0.38328619773736927,0.7772846968551942,0.0,0.2964890320267239,0.0,0.0,0.31722392020950124,0.42960210508582786,0.5672323780978794,0.9800895933861618,0.5295103303734048
2024,4,Activo Productivo,0.8773322123583307,0.8644614631481419,0.8867953494339372,0.9244521011453875,0.7301394349936029,0.0,0.851925520135525,0.0,0.8599342084061072,0.9049602554784925,0.0,0.6033284359148939,0.0,0.7626743884187103,0.7636142603880504,0.9493099615049192,0.0,0.7576184329480985,0.7131829065572924,0.6205618058023962,0.0,0.882972374843543,0.0,1.010472177882938,0.9241296872112058,0.8305482597686094,0.7181920837119222,0.8044943488766695,0.8288178318109014,0.8263640492986429,0.895762486644331,0.9132662294111039,0.0,0.868686590108524,0.9348428288287549,0.8620702530398197,0.7877373797058693,0.7810221295838506,0.8146599836698771,0.8402898523190061,0.8998642668045943,0.0,0.9214601762118096,0.8998302702519577,0.9469074121981361,0.8623658517261232,0.0,0.92263009197143,0.85643670460476,0.9045050893555544,0.874626278795061,0.7576420046215172,0.8941634041525847,0.7938502209757424,0.9839828644582638,0.9384373207958391,0.9305088250731,0.7508040225476201,0.8686769674572855,0.9301257894187397,0.689043895277194,0.0,0.7978143423054719,0.0,0.0,0.7935487781863874,0.9166671146210471,0.8165412816805263,0.8146282555314476,0.8491646957460277,0.8622584316383629,0.0,0.6314190108970625,0.8647254381796626,0.8557837933572213,0.0,0.9435095860228981,0.9807834139654431,0.9749858839791059,0.0,0.8832587720384216,0.8438136377353295,0.0,0.919536627100066,0.8497737723525567,0.8430583875220597,0.8901910697556018,0.798798084496115,0.0,0.8533471312984159,0.0,0.903589181259149,0.876894307445903,0.9159295361975107,0.0,0.8292072319136186,0.0,0.8550885153560532,0.8323547984113903,0.8714576863321172,0.8759777079811281,0.9257765022172287,0.0,0.8238324958652387,0.0,0.759214419925202,0.8053545588379002,0.0,0.9349260285608917,0.8585965097574267,0.8088900938958482,0.879572697627543,0.8483008555271137,0.0,0.7310609295074085,0.7220351298053226,0.9071120555537284,0.0,0.8015143157462243,0.79275190083419,0.0,0.7963746821300535,0.722001692643281,0.7785362388041764,0.9342561090945989,0.9085074137732205,0.0,0.9027619799905788,0.2484516435370331,0.9032271391598867,0.8447302771817041,0.715931828932581,0.0,0.8191653851156993,0.8305522551080144,0.7635742975568052,0.0,0.8631132055737702,0.7626661987500294,0.7557007549245913,0.81850302331713,0.8094631585623909,0.9575989753216059,0.8183994334969086,0.8211403106651916,0.9178698444641485,0.8659458420006503,0.939283738286856,0.0,0.8564850704227843,0.8171540154243412,0.7834260966235408,0.8620638734812297,0.8327428012878056,0.862727246557287,0.6894108439550919,0.8681618963961141,0.0,0.7377371927223628,0.0,0.9006792123324867,0.8726967746917889,0.9024022208106643,0.8008279725637404,0.8758707391273569,0.0,0.7728333007817692,0.0,0.0,0.9502728626746039,0.9348699788945164,0.3119970606435397,0.8424318420080912,0.8601298552276034
2024,4,Indicador de Cobertura de la Cartera Total en Riesgo,0.10215724039897178,0.09522820567905595,0.07361092110129684,0.02429199182726217,0.05863161091493446,0.0,0.08235813929383931,0.0,0.12630535061292006,0.05587971509088243,0.0,0.052871523009220926,0.0,0.08707583360535565,0.03258438851926058,0.11041037394413243,0.0,0.026310753868477362,0.08968818295675204,0.12048785579173178,0.0,0.08570914067890341,0.0,0.10656850462304845,0.0658617146249485,0.052917825634937334,0.038883010686841676,0.08392388580585856,0.06336005299527919,0.057289942561350206,0.02133657945309037,0.05631448412956719,0.0,0.025793362553165063,0.03659888665328999,0.07611822670643821,0.17429501135658954,0.019475543157003443,0.03908897989527825,0.05433164809204748,0.05445465060038456,0.0,0.02906522585342309,0.08908774190144475,0.013104614636159207,0.040709094594604006,0.0,0.03707259868107014,0.0971931587748433,0.08410600715825067,0.10589195120954882,0.17061018304753417,0.04375240272511458,0.06674188107770337,0.11027679350794753,0.09444862821008303,0.052876656515079654,0.08562424514514314,0.050222026973116875,0.09658079372889229,0.1174231673727868,0.0,0.062222897165647335,0.0,0.0,0.07693136835354676,0.10387865781432525,0.043151781418652155,0.01873977134404409,0.06691727883769737,0.07292910533004154,0.0,0.12987679413049402,0.041660624575456176,0.019247417421755134,0.0,0.03509161964843779,0.08864723688820218,0.06976529230780062,0.0,0.0369190463099674,0.10000819538682115,0.0,0.04066320780194195,0.027607139745806253,0.055916201201681774,0.05319157152859907,0.0826478923767589,0.0,0.041806936089229786,0.0,0.05602752710646213,0.030272915636638136,0.047124845751717194,0.0,0.14787082582712158,0.0,0.0732705318895827,0.07347791723752937,0.03832040373031492,0.02821833311027416,0.10522681722548483,0.0,0.028904281920647697,0.0,0.026421899984804202,0.0878402239717574,0.0,0.04895415190775548,0.09516776131292674,0.05166299143099111,0.05075235438496919,0.056081400915003084,0.0,0.05448584971708393,0.1601975531732844,0.03042593183479263,0.0,0.06457493782149926,0.054719420835363575,0.0,0.0866199189545684,0.11208978117524353,0.06908677301215195,0.06804459977460213,0.07028771900118322,0.0,0.05298441992168187,0.012760846402149776,0.031564197993748405,0.04524417315579116,0.16382302592037642,0.0,0.04062163115742332,0.14010905322735961,0.03655432085971521,0.0,0.04302196304604209,0.06878381486659581,0.05219775006901411,0.05196916818136978,0.052724660964378285,0.025782728900858094,0.07819665065447881,0.024969472009241975,0.02561941596451648,0.03661782601826907,0.030569383392059318,0.0,0.038706155262892804,0.09495424344894669,0.04364265935170253,0.1035535674478667,0.12460040494285177,0.02588028998407024,0.05352502711894814,0.0654243996563604,0.0,0.032770286558743984,0.0,0.05494439712299704,0.024113369033125494,0.02624172190386082,0.04010709021719745,0.04060597097516822,0.0,0.03648330467485386,0.0,0.0,0.05300450278261659,0.03202148472568228,0.09151104397469045,0.09936564570026277,0.17071418195484
2024,4,Indicador de Cobertura individual de la cartera improductiva para la cartera en Riesgo,0.4868120183657301,0.6308975544017075,0.6654742880408677,0.7154561586274109,0.6694649116345432,0.0,0.8411733055558015,0.0,0.6956461474442506,0.46760393556916924,0.0,0.42345037288115744,0.0,0.45606119435025994,0.2961096819211875,0.9018224568666801,0.0,0.3333035967020378,0.6643029817284883,0.6281839975154602,0.0,0.595453014108237,0.0,0.417331204367069,0.5581848549963911,0.5376105668603011,0.3999642108487158,0.32459163094002086,0.4865951009694697,0.5500577789961405,0.3821480426839425,0.38945949312472933,0.0,0.40884777676356304,0.5960121194509171,1.0,0.6673943071177226,0.22409712532158593,0.6611058418481357,0.5574908634233341,0.5315218708694911,0.0,0.25766017248799994,0.6750665287495864,0.10703832285357795,0.5493305040042584,0.0,0.35326517256692114,0.711113744178341,0.6442639620519142,0.5849920218075023,0.5800175487926887,0.9091000961173076,0.5102798735953279,0.49548676354986504,0.7275364833250669,0.6041356917080163,0.5764082263053443,0.3943767520787868,1.0,0.6545456764102998,0.0,0.7824371346620045,0.0,0.0,0.6685983416214533,0.6289102227458031,0.6319790914835296,0.1673415291469252,0.5774046005731505,0.5469185691692252,0.0,0.6425428603001389,0.6700583405281426,0.3448935468568562,0.0,0.588606548482726,0.4471978554608633,0.8549737147846189,0.0,0.4121796671017563,0.7310618503305779,0.0,0.5450744685360973,0.46312036977943527,0.82898434937429,0.44969541189604895,0.6257571584607406,0.0,0.34876120333148175,0.0,0.7496734875581655,0.719836373892178,0.4914743239043218,0.0,0.7206233176895098,0.0,0.618924131847091,0.3344192568914534,0.7258859048881103,0.9214953288920538,0.39002746809519967,0.0,0.2118303247983748,0.0,0.149999924506309,0.6481880394112798,0.0,0.706769740823035,0.44584310697053503,0.8860336042370799,0.5959249161748612,0.7297056163506052,0.0,0.5981878668920695,0.9999999994737104,0.10097760928737838,0.0,0.8405893988577058,0.6060490861624921,0.0,0.687320059222363,0.5152938771833123,0.5946211670233034,0.5267501464914651,0.6042674798931248,0.0,0.24644954668632596,0.5312145662808806,0.4225710431023281,0.40299205123037823,0.6893255290027155,0.0,0.4673517528319849,0.9027445769122483,0.5984815866028801,0.0,0.37074354982075747,0.5554021330988748,0.43091216396366927,0.34582484520691054,0.5599133666592964,0.5234340608750826,0.5166776731992784,0.4834991368989328,0.3241847538008551,0.3922779916302145,0.6743959758900961,0.0,0.24601573729746648,0.799141339530817,0.497443366795855,0.6066037434590931,0.5653124879929574,0.09569548458331013,0.35428050951591417,0.6337775005549015,0.0,0.19572185423399008,0.0,0.5724713441593865,0.34561627631978353,0.3759783914346993,0.39877123391426905,0.7733653778491085,0.0,0.15332608270412038,0.0,0.0,0.36056388224697106,0.487410081231466,0.5891954228476409,0.8581795437838583,0.5380420843607233
2024,5,Activo Productivo,0.8896880094186271,0.8677527438377971,0.8815257070593369,0.9205405601431956,0.7250279004352747,0.0,0.8530145191870395,0.0,0.8443242217656161,0.9006577897452073,0.0,0.5763161039722485,0.0,0.7601838874248908,0.7653707629145239,0.9320460287016666,0.0,0.7386255979473803,0.7040033181261381,0.6362007133663423,0.0,0.8776636066494944,0.0,1.0063931730142532,0.9141882364400209,0.8236985480922582,0.8019374821712895,0.8152026829747875,0.8303737151168857,0.801867751225825,0.8794922207588679,0.9251347951015291,0.0,0.8686964294674635,0.9355367538379946,0.8517663264696574,0.7832135210626844,0.7933148386141594,0.8094639188334232,0.8471749361376683,0.9010577005174304,0.0,0.9257755256149814,0.900328512411836,0.9536018012496843,0.8787747427842124,0.0,0.9244795717249682,0.8465202901359081,0.906306670623998,0.8614055331656232,0.7458382999527111,0.8833854158423975,0.8016400074591077,0.981109792419386,0.9323810903828829,0.9424765436722177,0.7587322634949036,0.8714599006913927,0.9538818427381166,0.6732023792899744,0.0,0.7759863612003571,0.0,0.0,0.7723896612484085,0.9278171525683016,0.0,0.8192580344763207,0.8303338797894346,0.8692043746090216,0.0,0.6218182963323469,0.8619826431273631,0.8690686127752347,0.0,0.9278216268668297,0.9826081781826783,0.9746770898770485,0.0,0.8814433539464175,0.8429474012396572,0.0,0.9169535366157489,0.8529974327885622,0.8330750171113637,0.881909753534737,0.7971617874861481,0.0,0.8673840575661662,0.0,0.9058998316194792,0.8791545009506248,0.9062711699159118,0.0,0.8468376107487733,0.0,0.869932881277516,0.8340142865354915,0.8784660942085849,0.8353374800347668,0.9490667522705827,0.0,0.826287828927904,0.0,0.8489300728171113,0.8063143223430965,0.0,0.9282075894662475,0.8541655788348728,0.811980635858564,0.8825642382976425,0.842304033467603,0.0,0.7175365200476835,0.722517594379175,0.9035305108219368,0.0,0.8265573631261789,0.7847823227289014,0.0,0.7947240262468009,0.7187607011461485,0.7807295286271341,0.9340121846298078,0.9085745656377873,0.0,0.9174738998261278,0.22862240854157115,0.8751449879256812,0.8399992933445314,0.7052883328373649,0.0,0.816453617087669,0.8222111010505863,0.7578486515431627,0.0,0.8425904890773067,0.7086007143856037,0.7728809133954873,0.7986814502727201,0.8058306845551981,0.9724322735079894,0.8144413034802197,0.8236032426755051,0.9126291979914372,0.8704953530149149,0.9448635174680946,0.0,0.8642971853628498,0.8213945630053862,0.7891712347772052,0.8537046756012636,0.8234468263362057,0.8806415949067511,0.6706299350032976,0.8657990439771911,0.0,0.7408749657577753,0.0,0.9212993937295517,0.8673986396120964,0.8950856422105528,0.8203590170590483,0.8757574756116534,0.0,0.7844674647701585,0.0,0.0,0.9426787276481101,0.9373180997780302,0.2854201700948429,0.8192073173893498,0.8588121557215229
2024,5,Indicador de Cobertura de la Cartera Total en Riesgo,0.09977924310857997,0.10037261965658803,0.07443568993444322,0.024028831555468047,0.05921268613254951,0.0,0.07602194718535224,0.0,0.1260946592058597,0.051397999344695834,0.0,0.06005731287509054,0.0,0.09399316816662862,0.0323800583190021,0.10984646207965738,0.0,0.02721472354530372,0.08308777507523075,0.11325549280519051,0.0,0.08413387692729869,0.0,0.10324141590684033,0.06774812726297151,0.053975814379494017,0.03955463882631929,0.08471015389575773,0.06491280748945787,0.056133062145509977,0.022317390841156297,0.05863992462232124,0.0,0.02566462882131734,0.03676312003278485,0.07666541036209441,0.1766220330615492,0.02091403251911866,0.03886450722829254,0.03363155056676787,0.05512750818471099,0.0,0.028198834350044538,0.08841207235438939,0.012783919655613107,0.041671830123431,0.0,0.03778319059401634,0.09944031098352453,0.08420229997926486,0.10353037316576943,0.1774477946116802,0.04226924707335234,0.06785040081049211,0.11215907411544579,0.09427397941178893,0.053387568530743314,0.08744209796442168,0.05096821336081916,0.10077786422611969,0.12188820388698882,0.0,0.06347229187315614,0.0,0.0,0.07809252716470148,0.10609107829840961,0.0,0.020469350029280537,0.07023040894109124,0.06999744885863686,0.0,0.13364073647723912,0.04443455865714128,0.01902538789449535,0.0,0.03333290371070572,0.08513301796546349,0.07130317808084045,0.0,0.03473241531612684,0.10237879852169868,0.0,0.04154683753212509,0.029539505656288628,0.057616245732547165,0.05433980283600724,0.08206162355873481,0.0,0.033111280410758205,0.0,0.05565565073002572,0.02892804584829182,0.0497658282636958,0.0,0.1524778451370337,0.0,0.07610950736811715,0.07478255166577862,0.03800797276390808,0.02848017676622728,0.10405861914426365,0.0,0.029206840978378144,0.0,0.024352815788254597,0.08939901473075096,0.0,0.05153501911158356,0.09645495548941557,0.05249364526422729,0.05262615433185111,0.05509729080325332,0.0,0.05819064958353675,0.15977857139711588,0.0305130966404749,0.0,0.05983189380709784,0.05544459072663289,0.0,0.09192290604236361,0.11005103128911287,0.06812075078716703,0.06848461921756913,0.07130596342241789,0.0,0.05310554462213895,0.01264882471897977,0.0329016786544183,0.044436381645551186,0.16280125120828323,0.0,0.04201627909573547,0.1416761677498127,0.037477039092522965,0.0,0.04528044773885982,0.07077118425291518,0.050517245875593836,0.05383926815621362,0.05029235364615286,0.026517194836359146,0.07815072514512421,0.017356960223437506,0.025680484835530187,0.03905111801846544,0.029959502636826268,0.0,0.04011041948406394,0.09312914822763266,0.04425937306765769,0.10859916765375825,0.1251899528085942,0.025604271408064292,0.056439521754901294,0.06592993357204327,0.0,0.027459753896167817,0.0,0.05505724380022829,0.024142588910725234,0.02750979525390145,0.03858186484085155,0.040863322217699,0.0,0.039320702216608674,0.0,0.0,0.05271563506587269,0.03224093340806981,0.09555869278731174,0.10042618442268053,0.17849017805722342
2024,5,Indicador de Cobertura individual de la cartera improductiva para la cartera en Riesgo,0.4411660068188793,0.6687427340564157,0.6775173328502357,0.6960053719054163,0.6816078229954308,0.0,0.7876830701586364,0.0,0.7033605793619323,0.5255689040083303,0.0,0.42624509971354974,0.0,0.5112845769499963,0.24604854244111654,0.9196619889373574,0.0,0.3467914479545773,0.6406446837794246,0.6987490952906554,0.0,0.5720798329494062,0.0,0.43035708168936365,0.5402201766894937,0.5766727510774318,0.39798777379085276,0.3354383533319684,0.5080566908407386,0.5407656761803985,0.38720522732230583,0.469804976110424,0.0,0.38910800178116656,0.5742648790434453,1.0,0.6759281257278588,0.2558541406963095,0.7065756339046467,0.42182496103302136,0.4938498288939085,0.0,0.2775550093143918,0.7315129821076302,0.10879919327919438,0.6136154561397403,0.0,0.35820442025560445,0.7150029041637794,0.6642105294440306,0.5483536697467369,0.5775561772525858,0.8768517473312774,0.5180353947007444,0.46452346437698766,0.7311631801599328,0.6041640538128058,0.5743608697006307,0.406576533380545,1.0,0.6875991461541894,0.0,0.7726349490816581,0.0,0.0,0.6619290804270486,0.6520806122380722,0.0,0.23391127882198515,0.5871564022066018,0.5465902241041407,0.0,0.6038792470137707,0.7207342526854944,0.3257686143705923,0.0,0.6575880512544757,0.33988208230953365,0.8707223823974026,0.0,0.3850201478586646,0.740170136110319,0.0,0.5543814837964252,0.4845129925567576,0.8485099166365756,0.46724480080203773,0.6217171349504687,0.0,0.29545622271309907,0.0,0.7394006894913117,0.7311026242035205,0.5160082035613995,0.0,0.7477628310596609,0.0,0.6402208505309456,0.41057595909549527,0.7848288779328199,1.0,0.3991387509662973,0.0,0.20687997891106286,0.0,0.14999929917162086,0.6888159906626312,0.0,0.7250242819655998,0.4758073953403547,0.8996164467799047,0.5582392533956273,0.6126230107172362,0.0,0.6206714909390502,0.9999999994814205,0.11037900963694551,0.0,0.8554597872201463,0.6169943592036127,0.0,0.7236591909255782,0.5088506511766625,0.5871672908152508,0.563180912606178,0.5861078889906863,0.0,0.28282780593586027,0.6519059594023631,0.4501930427590431,0.4650419891631196,0.689912692070756,0.0,0.44166985120325886,0.8984031449147245,0.629080080650275,0.0,0.3922616525473387,0.49243941677986464,0.5716029557967569,0.37641330139970486,0.5431153559431693,0.1997766469563181,0.5262196939416603,0.29348414049369004,0.30621184410978247,0.44167496193787775,0.666872109602114,0.0,0.29238215267965406,0.8373913818108863,0.4336822387277571,0.5669572500529944,0.5677780662124503,0.08970550804662998,0.31969228502821306,0.6665322825664793,0.0,0.06134792173822146,0.0,0.577036176628658,0.34767526083667993,0.3975045166554446,0.4031529665808626,0.8058849415915768,0.0,0.28687235327304356,0.0,0.0,0.30457469410921817,0.4299431716675278,0.5808922361803827,0.7058291827260293,0.5713928918493676
2024,6,Activo Productivo,0.8817300759727003,0.861001544893191,0.8797827499923936,0.9257199237656589,0.7178330920576155,0.8259959400302567,0.8541618636357114,0.843826730898884,0.8363912111037518,0.9036171901994645,0.0,0.0,0.0,0.7772210664656047,0.7615776005894815,0.9229401255485332,0.0,0.7404027999414388,0.6980299765309462,0.6286065841237297,0.9050433842830883,0.8607086518955007,0.0,1.0088806675678121,0.9081476036973568,0.826237614320545,0.7347823828959881,0.7940130914219529,0.8200923406012696,0.8067045159794598,0.8552564126517236,0.0,0.8084057095447904,0.8760059199392168,0.934408981427561,0.0,0.7765269231229206,0.7930995734176535,0.787651937881592,0.8224785524290418,0.8918893608916757,0.7756095323088122,0.9388775290773783,0.8950571155331533,0.9156940873869468,0.8741219462513792,0.8887596987796079,0.9168559223638577,0.8185963616900642,0.9052284452159108,0.8527270576777362,0.7431291692547911,0.8998698709203333,0.0,0.0,0.9175141556052886,0.941037445445788,0.760243279841525,0.8682315377716276,0.9568259959097456,0.6504347267687702,0.9126666932312433,0.7690477002317582,0.7777014200231905,0.0,0.7683596042935492,0.9317073093051073,0.8121691549286922,0.8066084392192633,0.8045924776154647,0.8561257982770892,0.8438902084542405,0.5563488294229195,0.8484048059996092,0.8611075543719601,0.0,0.927929297640662,1.0008877197929298,0.9747987708872431,0.0,0.8815451384245376,0.8423000911096458,0.0,0.9176428030407829,0.8524619786009385,0.8350284142014728,0.8769361061181106,0.7660782427476394,0.0,0.8742031353450238,0.0,0.9182177886579534,0.8782003352413873,0.9050608641607782,0.7542537218842097,0.834212898755563,0.0,0.8876601872895498,0.8253831899105101,0.8499563058772801,0.8247996198826254,0.9597930760781979,0.0,0.8341898332611816,0.0,0.8559997429896161,0.801063834559274,0.0,0.9131462860165042,0.0,0.8089677862486216,0.8401867206875434,0.8322634146280325,0.839719667563434,0.6948427687652363,0.726370687869277,0.8863971836859418,0.0,0.8319086591484122,0.7615730092729581,0.0,0.8172837672749038,0.7080335923495,0.7729947416954958,0.9381045495520072,0.9203954948325911,0.0,0.8872172493607725,0.21282699506140246,0.9039432928237428,0.8452488954996654,0.6873580928413534,0.0,0.8215373818988235,0.8124844099321006,0.7356108685136603,0.0,0.8156756063024965,0.7158128578871087,0.757729384367932,0.7690104891413762,0.0,0.9509715054021748,0.8034737473024385,0.8037901034510959,0.9091165996847255,0.8806954883860585,0.9522396218894655,0.0,0.8542093529547854,0.8235890085026525,0.8006201348844675,0.8735391412413506,0.8002844019899319,0.8560748991795234,0.6586470270465489,0.0,0.7831414709150256,0.7409351351061425,0.0,0.9310170370063859,0.8706362143933496,0.9030978799782802,0.8136941160002842,0.8697298675742634,0.0,0.8054396111978875,0.0,0.0,0.9305915296619254,0.9326522716671525,0.26476602738600724,0.8225968725480475,0.8691727892063057
2024,6,Indicador de Cobertura de la Cartera Total en Riesgo,0.10038024498264772,0.08642183878567265,0.0780259849568493,0.025190893145835388,0.06373641325259971,0.1030692175830164,0.07359542303184101,0.02155551028835176,0.1165784965045419,0.053331317083932975,0.0,0.0,0.0,0.08170222967991153,0.03248100350945739,0.11212559390175716,0.0,0.028317189183138202,0.08864261149304913,0.10933986979122551,0.03983475633058808,0.08557587210309553,0.0,0.10472509099868338,0.07133713802256346,0.05358739106044913,0.04116656392296642,0.09274209746960034,0.06568075705879091,0.055532894130680986,0.024068568165170976,0.0,0.1995205038538095,0.026887067308373223,0.03786801021581289,0.0,0.17968565824349939,0.018014193342735893,0.03971666950988647,0.03975879499173721,0.05747704515682478,0.0804681540649369,0.02849526179715939,0.0927483093397032,0.016539903594446216,0.03895281774462133,0.049981026666485344,0.03810261948070444,0.10319580242650293,0.08069197059098185,0.10528052538177297,0.18012254372313602,0.042441544016591365,0.0,0.0,0.09261263533042846,0.054302424949884645,0.08669281425750877,0.05173400650847354,0.10696761874969417,0.11775512669901286,0.08967190560167,0.06838450939639219,0.09554474162456547,0.0,0.08032921320389416,0.10343584327231525,0.04062977228401095,0.02316743116127237,0.07574405428967754,0.07658891574982925,0.03844082960115531,0.1423468412696463,0.048208047013413816,0.018990420532376134,0.0,0.039617764805899396,0.0903333374423041,0.07573956157147452,0.0,0.029496849012845782,0.11144892163763048,0.0,0.04680051953417326,0.029399724380216714,0.05823717107338601,0.05674232025704557,0.05958531038461569,0.0,0.03765414277685231,0.0,0.05622731690721742,0.03075613192217516,0.05127852723155486,0.05911479896574818,0.15656166440317412,0.0,0.07678089920059404,0.06575240113306186,0.03610528562171231,0.028779382922564937,0.09900187021959189,0.0,0.029404302265557417,0.0,0.028692733779383212,0.09045403763287414,0.0,0.04848130873311267,0.0,0.05285008393133941,0.052912843080605794,0.07140968794428111,0.08984856881764482,0.05921358761698,0.1438061023423326,0.030476035582471896,0.0,0.06552505330183558,0.05689022597480924,0.0,0.09380430825324017,0.11305549171616755,0.06761028712644673,0.06865690008271338,0.06799095610820655,0.0,0.05539116136536312,0.012997553438554408,0.03147864818930817,0.045833639170020736,0.1726586529475633,0.0,0.04291171840591226,0.15013412579734137,0.039668656789964195,0.0,0.046623587617996454,0.07256359085487872,0.0493713953243649,0.05589574876991175,0.0,0.028742371130672288,0.08145354765281605,0.01858855111304502,0.025906228353312646,0.026805518418415605,0.03274314996074421,0.0,0.04172037184082611,0.09157274854677477,0.04515179302101134,0.08836450482575764,0.12944562652288016,0.027044048565985218,0.060532195652108066,0.0,0.0353736354339258,0.028596290495386357,0.0,0.05765014834118378,0.022812579621852836,0.029789513399716906,0.0401259215015156,0.04170405076426022,0.0,0.043659834238043094,0.0,0.0,0.05458182841927425,0.031230938043390926,0.09833666554631422,0.1014734859878236,0.16158367660813716
2024,6,Indicador de Cobertura individual de la cartera improductiva para la cartera en Riesgo,0.4659275714855679,0.6646603685536667,0.7092570419126345,0.7024717267577792,0.6825034397331846,0.4380477516901644,0.8551194342879809,0.40655626747981727,0.6577626826109951,0.5207097035940612,0.0,0.0,0.0,0.49355198003261863,0.26446068553567115,0.9579860238337812,0.0,0.40411523358412266,0.636169950219261,0.7055111768469549,0.3514837307145056,0.5796835464625512,0.0,0.44864972784605084,0.5499587878800729,0.5779136243046912,0.412626197810541,0.34761102144508116,0.4785707569775349,0.5222321892687541,0.9083984410518389,0.0,0.9582058772937389,0.4083159037001691,0.6118776067922413,0.0,0.6790981000508676,0.17435823269976344,0.7453940401157865,0.4336413949282779,0.5292348580300991,0.38311041718150723,0.29899585998228123,0.6992204991653753,0.11728305816500115,0.7080574886553229,0.2078116588800573,0.34922306170920814,0.7301326787908164,0.6554972983440945,0.5692906565668301,0.5845218017851896,0.9739805797250382,0.0,0.0,0.6591705123923026,0.6049470836176889,0.5543364061920101,0.39839962995979916,1.0,0.730081756367787,0.9480112503349398,0.8359315068003469,0.6952904700992127,0.0,0.690570719130295,0.6084701938460229,0.465151895439545,0.16663709146473943,0.5696343553973504,0.5522216112774061,0.27699058579656033,0.5889691035609549,0.7409922724321477,0.34513293951186363,0.0,0.8598604262793781,0.3595879646465936,0.9060681305632364,0.0,0.3928044861472339,0.8034483365370692,0.0,0.6074522099230467,0.39123575846518716,0.8448043557433633,0.4483496826730438,0.49460238822839214,0.0,0.38524187812276106,0.0,0.7508159112625249,0.7397863682363982,0.5133719794836635,0.4738610041037342,0.7110028535535587,0.0,0.656048417232459,0.1858766672892925,0.6855796988351688,1.0,0.3353976020176498,0.0,0.21465198665132568,0.0,0.13949108781865102,0.7191771816468586,0.0,0.6769435823987229,0.0,0.7750928787471912,0.5376020657635916,0.7873099510585607,0.6382029388271696,0.604272888479327,0.9999999993913626,0.10718576269221276,0.0,0.9137692603171006,0.5526666086433298,0.0,0.7608833298502411,0.5138561898953636,0.5848294371989553,0.6017560633445856,0.5679063582143674,0.0,0.2949664007465153,0.5052792192290911,0.5130408373055177,0.5133401238987889,0.6105705763080062,0.0,0.4561069902584906,0.9387465746626498,0.6339944869536842,0.0,0.4910449836807568,0.5028761576764129,0.49150760175281544,0.3749698476968555,0.0,0.1760276175255321,0.5536018106548903,0.3274481007137647,0.30432194820786784,0.3117913979826423,0.8032261438637945,0.0,0.3010041891417809,0.7910963723379398,0.4058171841702332,0.5386705099915918,0.5316493701527375,0.10335875663571163,0.3608103410563067,0.0,0.3316506339728135,0.0743444034506863,0.0,0.6690231324129503,0.6431865751667522,0.6090026732945147,0.39565960869888633,0.8115731074447629,0.0,0.4808001782070022,0.0,0.0,0.3255748112718134,0.3375900423870591,0.5935181750977483,0.7278475691348084,0.5720646965370855
2024,7,Activo Productivo,0.8692140221786899,0.8788677136558998,0.8813227287223971,0.9281545314570444,0.7127744020475888,0.821644797836998,0.8587781928969008,0.8398963888254289,0.8480963764855685,0.890234330910159,0.0,0.0,0.0,0.7826887098221343,0.7700902378347216,0.9251141723899727,0.0,0.752766396699504,0.6946734940783806,0.6379673710080128,0.9057667624348577,0.8465074670017291,0.0,1.0088484123075492,0.9243655535779478,0.8177076590380029,0.7677999087215764,0.7790156145103297,0.8210701374184036,0.8313988349640171,0.8544880263805348,0.0,0.8051602233971972,0.8740897717184481,0.9217056159136466,0.0,0.7716355907542713,0.8094691750779627,0.8508196322342291,0.8112282730733672,0.8861506278037813,0.8033950930385909,0.9461614959772906,0.8903876927931499,0.9129771206244054,0.9097433989059047,0.8781209500442057,0.9167847032420877,0.8052740978374658,0.9027107713855586,0.8577682432009829,0.7609477932078104,0.8761857423901732,0.0,0.0,0.9002807965837363,0.9409057440451399,0.7560717696399649,0.8686486528697671,0.9382276874520454,0.6499282993623824,0.9034111612453555,0.7619501227209602,0.7941991347983961,0.0,0.7649463204221052,0.9539078121818447,0.8275807799746108,0.8235516748887076,0.8400176317019108,0.8553734323610135,0.8376533408741214,0.5395015304779902,0.8556617085121517,0.8636964981140498,0.0,0.9181433804402831,0.9929202709519677,0.9781586043337991,0.0,0.902233401033348,0.8501873603031506,0.0,0.9112758868507962,0.8673549232384032,0.8327803508995604,0.8499045121713872,0.7867145857158405,0.0,0.8536483265181664,0.0,0.9129914120106027,0.8784809821493664,0.9007482386069725,0.7530186502351625,0.8395725909995713,0.0,0.8907396513778316,0.8251242261480519,0.8781540166663673,0.8315483848950005,0.9434346467519534,0.0,0.8285186477425278,0.0,0.8566691952538087,0.7792456746060678,0.0,0.9136449349757553,0.0,0.8034224760679468,0.8783973135027077,0.854833914379073,0.8364336292398158,0.7037145363370781,0.7084642910596953,0.8896036566155282,0.0,0.8311981361143647,0.7535024268870517,0.0,0.8155780265811029,0.6921749826333986,0.7767256955391586,0.94291427571433,0.9274161314444526,0.0,0.8803887038428994,0.21565449263370082,0.9134338334233857,0.8321275736419004,0.673883359246205,0.0,0.8207414476345068,0.8202647418299788,0.736423539193145,0.0,0.8290760045215669,0.7373389257999727,0.7548256086649734,0.7499061758493986,0.0,0.945888708502469,0.7997475354516959,0.7922853863316858,0.8989764119040835,0.8707179160888115,0.9446621765241751,0.0,0.8472680195439719,0.8261439916939358,0.7809196927286932,0.859321389534541,0.8155543981435637,0.8706410483718198,0.6430602818165152,0.0,0.7667268452876126,0.7466192431869417,0.0,0.9327853640202416,0.859499792752943,0.8960746483746755,0.818023328386322,0.8711829639362558,0.0,0.7990721369011529,0.0,0.0,0.9593016100014523,0.9387857489230585,0.24603417883045234,0.8022784046748457,0.8709464341939037
2024,7,Indicador de Cobertura de la Cartera Total en Riesgo,0.09807616082638479,0.0870099229720774,0.07911081540751863,0.024645473909372412,0.06376247490037494,0.10259078515680732,0.06924281411027891,0.02152323511618724,0.11831793691298745,0.05375991850540435,0.0,0.0,0.0,0.08185582650167429,0.02996726466846149,0.1114375068651407,0.0,0.028875962712110532,0.09222889656754146,0.11511816855377176,0.04152734738028958,0.08518640699015852,0.0,0.1047297744705172,0.0683078938331079,0.050697666500794894,0.04165431499283103,0.0933276960539868,0.06640070771682055,0.05538160060603344,0.02390604178178245,0.0,0.2012611629333296,0.026642076449136378,0.03895647120809745,0.0,0.18070516135382222,0.01912619014929304,0.038852330899746955,0.04195595918235438,0.05498802566992656,0.08401740583476391,0.02882382089335466,0.09680123128406899,0.01654881442284021,0.037560464843106135,0.0511777627175361,0.040453126493008924,0.10510942280897269,0.08045062403180414,0.10721885051834461,0.17420238575643077,0.04314201388835045,0.0,0.0,0.10016031874410569,0.05612036448363682,0.08727573317824402,0.05311994588278288,0.106609131924621,0.12207758998406874,0.09120043390006348,0.06764029263912266,0.09361808497262362,0.0,0.08058959527078402,0.103762995056079,0.040511693474689685,0.019641601070889053,0.07589402162500043,0.0751489492657864,0.03976981324667125,0.14275848891174173,0.05091817052312679,0.019073348635676977,0.0,0.03523069335431769,0.09314141905078308,0.07610288841492334,0.0,0.029140228863572207,0.11176059408865811,0.0,0.04758042682828837,0.03135844435922804,0.05808760084575719,0.05843333689455652,0.05963443443702132,0.0,0.039366472458238884,0.0,0.05674378861563703,0.030428079345289485,0.052269655253395136,0.06074087537983247,0.16298937695100502,0.0,0.07681144328045318,0.06749864419959167,0.03658427163239687,0.021709870592797838,0.09578570168530502,0.0,0.029120388463551944,0.0,0.02961583276720211,0.08882645449273534,0.0,0.04509704335684281,0.0,0.05095761927145484,0.05208334036290548,0.07149838673199534,0.08990774946588766,0.06148090780212752,0.14485769255567968,0.031983898031067076,0.0,0.0625243031491269,0.05720592189930385,0.0,0.09343103765032676,0.11388316724600128,0.06770683517176287,0.06930295611983824,0.0697995810886846,0.0,0.05532975688517326,0.0117739575897866,0.031771844843047445,0.050106887226469526,0.16864061720767765,0.0,0.04634697989767898,0.15300693818683547,0.04150492095081535,0.0,0.04462633713769156,0.07220588160539718,0.05087608946631889,0.05835411958156316,0.0,0.028132658496896192,0.08293902112319881,0.018777838003328415,0.02679252633637859,0.029305848650204403,0.03258475208822885,0.0,0.042685935584591404,0.09134344315581898,0.04615319785103299,0.10891050323269381,0.13199344304700777,0.02696903819505409,0.060370548662089726,0.0,0.03766890095776729,0.028263143256581868,0.0,0.05722526500545227,0.02288531103744643,0.030014512040162766,0.039519088627061265,0.04120676943502182,0.0,0.042935076799760635,0.0,0.0,0.05243328249742782,0.03233400466256329,0.0986489261010329,0.10603702711673443,0.16771340476073415
2024,7,Indicador de Cobertura individual de la cartera improductiva para la cartera en Riesgo,0.37160195365912185,0.6917496716589062,0.7078857468399272,0.6703551628595533,0.6899617544859812,0.48321696029898553,0.8114956944187197,0.42006856235342316,0.6811850267094679,0.5294462217341249,0.0,0.0,0.0,0.5072639293732564,0.2548756071434301,0.9461242062771593,0.0,0.4221098271783256,0.6506668488991341,0.6814408308404053,0.3634269417974348,0.5731350426442352,0.0,0.43186060831385475,0.5189934914202836,0.5445451921905013,0.3997383461248774,0.35512741510542895,0.5078402429576443,0.48252025697636003,0.4262086232404917,0.0,0.9633080768151188,0.40420424139619443,0.6574677359890444,0.0,0.6856937327534849,0.20041551542576175,0.6987781977284643,0.44676697154778156,0.556925695388141,0.3972022970190203,0.29910815752339387,0.7173588315884857,0.12078131753279771,0.7125229922516607,0.2239119980370458,0.37557156044151263,0.7103873006350949,0.6534898114268265,0.5528773780274417,0.5900676875956395,0.824642520137772,0.0,0.0,0.7181812589957272,0.6307261087883893,0.5701101183066979,0.41240984883066245,1.0,0.7353120331385493,0.9774800946177978,0.8494499898593617,0.7292953959257175,0.0,0.7008722233101752,0.6258737110703125,0.4640891734129563,0.1205627153609362,0.6196510089269677,0.5483146541452331,0.29230116142553775,0.5620732421241735,0.7324344464035284,0.41298891829014117,0.0,0.7989033724486752,0.3890934520755804,0.885612201312427,0.0,0.42165649502941255,0.8038904444366467,0.0,0.6093488377446282,0.4218805546522756,0.8142789430639951,0.4560080757773106,0.5188633218449141,0.0,0.3708754004319077,0.0,0.7764131202944196,0.7410707684453206,0.4974243127186535,0.489028157158547,0.7385684384566701,0.0,0.638673789673304,0.2203681513095076,0.6121868323798211,1.0,0.26168976908622593,0.0,0.21112514647464198,0.0,0.15863610844920548,0.6975796370156822,0.0,0.661203879647596,0.0,0.7529954569862708,0.5462649152121185,0.7950415696976544,0.641971145722129,0.5872154713726305,0.9999999994000344,0.14648377970389484,0.0,0.8733856479518228,0.6398017967798417,0.0,0.7501373866652331,0.5208703790581375,0.6091800337554183,0.5412957160227644,0.6276228028095643,0.0,0.29901901020792554,0.28794836815956093,0.522050095480027,0.46023104588998176,0.6270579906826778,0.0,0.5072075785034557,0.9402499825468742,0.6982323751885804,0.0,0.4455780935614641,0.5052712814975093,0.44036184853186744,0.37598020572300084,0.0,0.17818117430293953,0.5529127652080182,0.35489127893831757,0.3004659228352189,0.33930040576283205,0.7373639959084708,0.0,0.3106987787272902,0.7969130050126336,0.4001921060713336,0.6371965615422065,0.552347839049826,0.08613921971930794,0.35581226968351143,0.0,0.37261078777554835,0.0789674302473169,0.0,0.6701019308888663,0.6392387386184034,0.594119480172253,0.3984075616235647,0.7855075068486276,0.0,0.5219735098620383,0.0,0.0,0.3191596447313024,0.3682211283936165,0.5764910329813455,0.7788195455617736,0.5793165456028696
2024,8,Activo Productivo,0.8639071397437214,0.8844603579743301,0.8807446221198609,0.9283314710629851,0.7147047426602524,0.8545882132097048,0.857457907143363,0.8440963438043712,0.8048513371160267,0.8934222485834393,0.0,0.0,0.0,0.777454509815825,0.7646091492947485,0.9202729549450827,0.0,0.7416112445550724,0.6884590814690811,0.6303847466495748,0.8989947280202053,0.8540651607107156,0.0,1.0065573968591845,0.9285889481369288,0.8184921082882526,0.822992070394099,0.7759827051573308,0.8154878827536638,0.823081797083221,0.8560136200389035,0.0,0.7805951986163339,0.8778895783599798,0.91661455494008,0.0,0.7674807002139812,0.8085947360978883,0.8580778474771619,0.8096749078335892,0.8889170978881326,0.7491744967681482,0.9468676874505682,0.9070097522055028,0.9196591210306762,0.8974869242189583,0.8752951408644878,0.911238212926886,0.7880902754255094,0.9004838966644104,0.8632355589502775,0.7759577231204747,0.879290631178146,0.0,0.0,0.8642526852296454,0.9462725736746684,0.7535012798811732,0.863742633297629,0.9404496725656283,0.6388248991419014,0.9107523639038724,0.7739272804644347,0.7804087059986439,0.0,0.7455389051909361,0.962056725868338,0.8221539065682609,0.8109516991082281,0.816904319454972,0.8714971170675918,0.8319771301324804,0.5172798648386813,0.8500781605519663,0.8631062768182649,0.0,0.9306224121027866,0.9975585351701163,0.973299832890016,0.0,0.8877660053124276,0.8466878794977307,0.0,0.9138895413569145,0.8734008984130797,0.8223992284118927,0.853760025731618,0.7927069092451415,0.0,0.8286427004677674,0.0,0.9129469917012235,0.8751322424432341,0.9132457607866311,0.7968872399406943,0.8235124399645768,0.0,0.9026337414671912,0.8319186395694318,0.8884244338802569,0.8547245468093719,0.9491049852205704,0.0,0.834292703239278,0.0,0.8360253049831263,0.7335445298587134,0.0,0.9245385256446019,0.0,0.8209807787165307,0.8858704854419911,0.846376378128201,0.8277457351022028,0.707909405442114,0.7218008277566923,0.8841020599286116,0.0,0.8024666530360505,0.7746640536024556,0.0,0.8142746366302456,0.686297846491403,0.7780084837883916,0.9399904117625649,0.9304976737148843,0.0,0.9219892937802767,0.22280008834536968,0.9181699927724739,0.8349591268764077,0.6721563450320618,0.0,0.8159761399315396,0.832887216763641,0.7416192072805314,0.0,0.8783736734508023,0.7013671408575807,0.7606754731100276,0.7807862776651119,0.0,0.937377162476031,0.791652553439192,0.8078518615515723,0.8946456036584236,0.8734673195365393,0.9461766026984507,0.0,0.8465962108268834,0.8040654857293443,0.7889824462399078,0.8708202426599381,0.8234974413513121,0.8877332042902308,0.6341684947083573,0.0,0.7798323174227372,0.7502374092660323,0.0,0.9162511447247815,0.8579857309115693,0.8948634047474595,0.8312514985232021,0.8790290740292119,0.0,0.8335412027662706,0.0,0.0,0.9608330930754668,0.9320978425743925,0.2265438267920401,0.7866109029350041,0.8866012214442277
2024,8,Indicador de Cobertura de la Cartera Total en Riesgo,0.10217720192515602,0.08855093354295805,0.08155434456239853,0.024530768747258142,0.06471900862625593,0.10046694040329288,0.06805811414301109,0.022840709377350315,0.12081184802946285,0.052762054768333656,0.0,0.0,0.0,0.08327875947898596,0.028993873545141286,0.10903632252385341,0.0,0.029940058726348504,0.09489214875377593,0.11878160574252175,0.04293849219546347,0.08622684158380514,0.0,0.10341958859644616,0.06981984842903037,0.05076000577940502,0.0437187970301023,0.09518910703993046,0.06675476526762104,0.056642846697402334,0.024268310950333546,0.0,0.20060367222900335,0.026484416071757777,0.03957649461191517,0.0,0.17749753934078666,0.019573602193327676,0.039437993241636535,0.04712440243863616,0.05495971139362889,0.08366692275003726,0.027272849673319784,0.07728182435891548,0.014974180713629841,0.038538953893581515,0.05347562593956753,0.04234739882123587,0.10551037648138203,0.0799001709629071,0.10943413420586828,0.17415256792696776,0.03980024131742447,0.0,0.0,0.10532398923226113,0.05717802013808137,0.08768647895631287,0.05495829627848086,0.11193821063203052,0.1104136181597826,0.09083885870276721,0.06603902495996329,0.0959902429663019,0.0,0.08066875514172551,0.1052630004728946,0.04056947892863416,0.019855134488721705,0.06442061772489159,0.07399419209086673,0.04109476875851763,0.14823910930034767,0.0533117212484613,0.018935483031559966,0.0,0.036522723098521184,0.09603157093918846,0.07755075360355504,0.0,0.028837653517636345,0.11302196019592127,0.0,0.04801454771060432,0.030975663168846243,0.06005293365815248,0.04031195790494656,0.062352701794292746,0.0,0.04166402879407556,0.0,0.05524342214624859,0.03166019525320278,0.05235285589803836,0.0616300577399744,0.16803755106493706,0.0,0.07793190319137196,0.06826330746755983,0.0356838794870035,0.02188004240413088,0.09547263584526122,0.0,0.029325507314653155,0.0,0.029997483828962862,0.09089666119258506,0.0,0.04494900892877427,0.0,0.04999708401154025,0.05337356638290137,0.07513023643318387,0.08927927756801221,0.06415144775352774,0.139779777659144,0.03222494457291117,0.0,0.05769452823490394,0.05658598735077778,0.0,0.0949810930274923,0.11396484108028522,0.06718327928787611,0.07004074103929453,0.07229457253128707,0.0,0.05464461931152602,0.01184576508962412,0.03155462940377124,0.04851587327752468,0.16615383542715892,0.0,0.0387568068010886,0.1521108774784325,0.04397116985341462,0.0,0.045877089306327314,0.07424940778385732,0.05067022278808247,0.05813055592910816,0.0,0.027799058410419204,0.08419556421711402,0.01746346214839514,0.02721917773398639,0.03262199782421723,0.03198227598948227,0.0,0.04298884585116358,0.09251249380385558,0.04539257400258417,0.1116550742981866,0.12527319360143616,0.026809210129681935,0.05983328887484686,0.0,0.0371314970017702,0.02820981822450849,0.0,0.05736780254384108,0.022950275242380865,0.030893929439701054,0.03901634326598535,0.04058305811256271,0.0,0.03795493199807691,0.0,0.0,0.05442900600408684,0.03337564706330978,0.1093066898568996,0.10740718155034745,0.1812995197255922
2024,8,Indicador de Cobertura individual de la cartera improductiva para la cartera en Riesgo,0.3724106311814611,0.7274134978092456,0.7195995187757689,0.6469575765910633,0.6916927698401835,0.48941126931693796,0.8049871450005502,0.4089788568327533,0.6462085330154647,0.5137728813415462,0.0,0.0,0.0,0.509257400974271,0.26242087055740754,0.88982736088319,0.0,0.4425072396355567,0.6495849761136983,0.6779673249498179,0.3844289676792963,0.6096922209297984,0.0,0.4673214403142827,0.5517484657423324,0.5711884286201517,0.4667505998466567,0.3653088575513226,0.5201450489627633,0.5048234567790528,0.4541558532972565,0.0,0.9582229518571108,0.4026205143781349,0.6691898892039673,0.0,0.6701976437193026,0.21898536258364681,0.6861843328324353,0.4954826842623667,0.572353817943047,0.40350038684288353,0.19919282866532598,0.7058625770803805,0.09766076136982997,0.6766503597269797,0.21719564706912195,0.3993841585981736,0.7076101720353496,0.6627551881182283,0.5662006933426064,0.5991550898819439,0.9286549205969234,0.0,0.0,0.7184936440803796,0.6366216771444104,0.5569870541502856,0.4223242744061277,1.0,0.6652655152120506,1.010512130361583,0.8250755867380406,0.7507464014444796,0.0,0.6548487510146577,0.632080248092732,0.44258083574094254,0.11329908121619946,0.5659613267729693,0.5573139551011085,0.26362875370740246,0.5281847251678983,0.7556780860450766,0.4356934264377024,0.0,0.8592894722701773,0.4398584159141865,0.8815684361804733,0.0,0.4211724305388261,0.8117724354060495,0.0,0.6115457378292047,0.4566025720353941,0.8088257075179042,0.3080818925522903,0.5492484525540405,0.0,0.368826702167907,0.0,0.7521052595817579,0.730480626948706,0.4979511219081029,0.49732122787957617,0.764278675491418,0.0,0.6532603460457508,0.2501671018561368,0.61857604122796,1.0,0.27197504237651315,0.0,0.22576012879950424,0.0,0.15000000410971975,0.7261373853985251,0.0,0.6826686726111035,0.0,0.7021445548580784,0.5299283036092847,0.6868241646930447,0.6413847279323301,0.6285132929852459,0.9999999993876791,0.14742696696466254,0.0,0.8955640586683976,0.6457739334602224,0.0,0.740417781556282,0.5182032728784715,0.5233291765977475,0.5221755313812148,0.5937773174495667,0.0,0.2976738657379817,0.3071531104814552,0.5115069086317832,0.5235811616147777,0.6160294281308181,0.0,0.43295088010557503,0.9424171968477972,0.7669279398856469,0.0,0.5132475711228703,0.5190421568631106,0.38180148508987094,0.39535980421018685,0.0,0.1724734154331529,0.565155144774299,0.3435760071929895,0.2940162189362922,0.37612475572301757,0.7654496383313979,0.0,0.2977503280390739,0.8025304025838191,0.4941692297951347,0.6495537280258225,0.5538424694567564,0.18514018502977864,0.38166089772242257,0.0,0.3785535091384726,0.09243779404782596,0.0,0.6727405593666238,0.6433309055732437,0.612645534486551,0.4072114625000026,0.7970313652420461,0.0,0.5526749161472313,0.0,0.0,0.3459415082187366,0.396516374163656,0.6286486869679949,0.7834276362119437,0.5999399142306232
2024,9,Activo Productivo,0.8568949857152399,0.8874566332371909,0.8783808869620752,0.933044482990075,0.7140287403067892,0.8278725673953968,0.8489812457394608,0.8384362855903242,0.7954996363957849,0.8973238241416941,0.0,0.0,0.0,0.7823333548906516,0.78096142338438,0.9257998221158764,0.0,0.7488258448176032,0.6828108521665902,0.6395755165708528,0.9012671582066035,0.8636251066730164,0.0,1.0126514531586432,0.9298276610316734,0.8127668144156154,0.845529297657,0.782500877350117,0.8047534023886005,0.8306909553770441,0.842638917614641,0.0,0.7591774166790546,0.8777406621953748,0.9172093510763671,0.0,0.7576470721638233,0.8179511426824518,0.8635013843862654,0.7995484393595391,0.8981748360987926,0.7302695633194765,0.944711231784935,0.9282840981190913,0.916411266302664,0.8979366767575618,0.9088260891687079,0.9278055040134262,0.78698983107858,0.8909922536809839,0.8518312551002661,0.7812680337951248,0.8842287894288132,0.0,0.0,0.8622906349963247,0.9476396713401682,0.743432692247453,0.853047852969343,0.9487456646491078,0.6453649607553349,0.90346176199274,0.7769613491097217,0.8029226307869278,0.0,0.7126773944035953,0.9930860320515704,0.8124786007819441,0.802470274539239,0.826317600982623,0.8668676489285667,0.8176466506238937,0.5248658260332759,0.8447569501281391,0.887166002822639,0.0,0.8989246271620301,0.8192000069525455,0.9784802732646501,0.0,0.9062004504463631,0.8458086478911379,0.0,0.9112226523128715,0.8713118075468191,0.8145990882038104,0.855887686349545,0.8091137024126273,0.0,0.8238617141506951,0.0,0.9022962870361879,0.8688951685106919,0.9014462366604733,0.8015795658198485,0.81503342391169,0.0,0.9056569543331063,0.8302483305535581,0.8988079901494108,0.8432757089843559,0.9512537303467519,0.0,0.8373993431245603,0.0,0.8588604063411251,0.7503973805366376,0.0,0.9033897953083307,0.0,0.8068156800404712,0.878307632285294,0.8270443367853623,0.82107633460649,0.6865025977848483,0.7302241336881536,0.8627004908325259,0.0,0.8039822268131362,0.7775333409701769,0.0,0.7985738094425635,0.6791908441572578,0.8008291498272838,0.9638988779391205,0.9342824994818081,0.0,0.9202268369095469,0.22286435810283456,0.9109836703857244,0.8244947989111486,0.7325056107419076,0.0,0.8107627099082866,0.8281912851258237,0.7601487789281752,0.0,0.8817572365616448,0.7162046109425838,0.7515207919994299,0.8002262292976668,0.0,0.9462468920241238,0.7855337840009997,0.8015135184137535,0.8852629862714511,0.8691046206832793,0.9475361058864178,0.0,0.8588962966382596,0.7981339227435975,0.7907052461656472,0.869302124544473,0.8196805415464734,0.8528852399670497,0.6286526884004389,0.0,0.7814346354282794,0.747545289828416,0.0,0.923562889696929,0.8526126676570024,0.8958021272595121,0.8390782712961462,0.8782125994525836,0.0,0.828655270487841,0.0,0.0,0.9504723977327244,0.9231857426187289,0.20925222233497484,0.7911785654230925,0.8786212684436546
2024,9,Indicador de Cobertura de la Cartera Total en Riesgo,0.10321683358028463,0.08921680853877248,0.08283523273444651,0.024132093946684013,0.06434095633661503,0.10078778372241542,0.06578755982594009,0.023367995129103515,0.12155295445488326,0.05518091089872036,0.0,0.0,0.0,0.08897635570773045,0.029367508643074046,0.11203809101558042,0.0,0.030788489978066432,0.0975036530580265,0.11577097341841719,0.0440659150870938,0.08690300172816837,0.0,0.10416484945704305,0.07147279054101881,0.05200338844736337,0.045524501529971784,0.08951079813539427,0.06753446049597565,0.057427891587213516,0.024510353535980738,0.0,0.2088139117899478,0.025985676290685437,0.040202164293871086,0.0,0.17978686136215982,0.021936390168378,0.03821687993617556,0.04742784670430164,0.055415649237214835,0.0884887333035126,0.027112111153536216,0.08012349644193868,0.0151338297227151,0.03939081568393897,0.04788653125032943,0.044006430119376244,0.10640955730510585,0.08129503737795599,0.10900227898641603,0.1722168762769797,0.039344942050103984,0.0,0.0,0.10761038611882912,0.0583251353669927,0.08787334475108857,0.05426480278941718,0.11071654425075703,0.11423470724827542,0.09077861466295505,0.06557973319208261,0.08867701117307546,0.0,0.08434671324117794,0.10472103844083414,0.0409930502497269,0.01741201952137138,0.06647720365977518,0.07479078768372927,0.0402993003900908,0.15203010413360618,0.05610861472464814,0.01846401028076013,0.0,0.036799713578988334,0.09642253793841839,0.07597643685741295,0.0,0.028886222218309644,0.11586615015914868,0.0,0.04827966410595893,0.02929036595586508,0.0610864353555616,0.04261432949428602,0.06256371955863207,0.0,0.0417160006153394,0.0,0.05629979419511702,0.032527542408877244,0.05248664376031794,0.06187549458670017,0.18008915680806542,0.0,0.07773497698155739,0.06962384561946018,0.03799905837677836,0.02172845059737487,0.10144133461284828,0.0,0.02936588336452734,0.0,0.02934714881912116,0.09738240274512729,0.0,0.04462648583429052,0.0,0.050190472543231904,0.054377101770623486,0.0739892764921913,0.08849482282644008,0.05784637842050766,0.1626299109427999,0.03195912961276993,0.0,0.05599613195963688,0.054611979804921475,0.0,0.10130551630219496,0.11536805622389404,0.06689022639752448,0.0703567697804689,0.07475699208192232,0.0,0.054821593143630026,0.011921594180805758,0.031842896065077314,0.05151981582179883,0.16487273779974365,0.0,0.04023194919337328,0.1332416911175903,0.03600414149941656,0.0,0.04397467151590917,0.07466189013395882,0.052234641616487144,0.059246984937710113,0.0,0.02918685598026472,0.08030923207423091,0.01681472315381761,0.027516789407603277,0.03610146764954971,0.03235542506629833,0.0,0.044224518269340755,0.0935576109909259,0.044624045349613915,0.11741930702529071,0.12587969505200086,0.026916433374385332,0.0643774333008581,0.0,0.03706460110520162,0.028799566167235568,0.0,0.05767492485134963,0.022989684922770818,0.03320854016480217,0.03862064035275348,0.04035936931261884,0.0,0.03843673517156875,0.0,0.0,0.05773911400520248,0.0335053472224162,0.11702360521732451,0.10670433628148474,0.19092515628879347
2024,9,Indicador de Cobertura individual de la cartera improductiva para la cartera en Riesgo,0.3813299456256448,0.7537069782411989,0.7388506583696351,0.6786241332112928,0.6403066636279808,0.5033321496439193,0.8106858659189342,0.45262115028688577,0.5790486930698258,0.5168882850265052,0.0,0.0,0.0,0.5496400292275331,0.3014644547234045,0.9530351265426251,0.0,0.5034766396437654,0.6672120246783081,0.6893969340271845,0.4305192036014125,0.6340308634412114,0.0,0.4750835541393359,0.5634974045378878,0.5781277952814811,0.46374572594772795,0.39012788927723946,0.5357437285990462,0.567436818441327,0.35961573518088935,0.0,0.9564228329943885,0.4141509120240802,0.6398937957828223,0.0,0.6746265240371478,0.2733045349611152,0.7198915310739737,0.481157517351986,0.5549661760946539,0.4297215128467383,0.18419093552258106,0.7348503637418106,0.09979710530431855,0.6611824149122801,0.23207907567670766,0.431521224427175,0.6974436396305497,0.6566120443340739,0.5734163563149296,0.6038802662592084,0.9211432874008996,0.0,0.0,0.7118783255373834,0.6420589176899217,0.5690415187170782,0.39856141021516767,1.0,0.6961391309300827,0.956954436092269,0.7982671931329163,0.7263389874212558,0.0,0.5948571934580019,0.6488145715417644,0.4429378160335392,0.08088923077031424,0.5968738324338028,0.571161169461864,0.2559210098388193,0.6285773164341453,0.7549800932465836,0.44702294652539704,0.0,0.433224930719308,0.3758828769748939,0.8872847071964912,0.0,0.42030690509735064,0.8217505506510503,0.0,0.6267008954950607,0.4349376744979484,0.6362758553148506,0.3282692788192055,0.5639020858376782,0.0,0.3782825083304498,0.0,0.7488707538685501,0.7367242349150869,0.4370634259592976,0.508172802083609,0.6969028015753788,0.0,0.6778496054317891,0.2759958192979873,0.6247488405344955,1.0,0.28001544361783504,0.0,0.2181177806756169,0.0,0.15000000773451674,0.7660154293432737,0.0,0.6612292024744144,0.0,0.6806432580407876,0.569023389702809,0.7148707267292036,0.640078011880298,0.5597195080104118,0.999999999518006,0.14413521646499414,0.0,0.8910502579386714,0.6468272905275426,0.0,0.7669264865997347,0.5293651497256135,0.5589582757685491,0.5259534839082703,0.6067226255619524,0.0,0.28234857181931444,0.3145471628739022,0.4348980856318285,0.4880853846916445,0.6298060115774147,0.0,0.435968963803681,0.9764256205439423,0.6919831620675911,0.0,0.5020515750815644,0.5235351120302478,0.3480827678091815,0.42467379356311014,0.0,0.17861684759634514,0.5118428220803101,0.33200013636026915,0.2921712657557262,0.41891712033048684,0.7197717719269304,0.0,0.32129867018399844,0.8538623422574022,0.5304744601207432,0.6147054532986339,0.5676117433783896,0.056116456184638765,0.4519298660595419,0.0,0.3633640052454177,0.09288063213642779,0.0,0.6706369639938854,0.6470230509517277,0.650086624226889,0.4159406555790473,0.794360436915423,0.0,0.6474226065277816,0.0,0.0,0.37562820638826183,0.41200069107874004,0.6522735231427865,0.8618240589969075,0.6111213361825774
2024,10,Activo Productivo,0.8618361839954002,0.8925076359853383,0.8796544195612185,0.9305051892581755,0.7071383044817855,0.8037439295348937,0.8491226509383211,0.8263885349338452,0.7927402547706462,0.8931640139254708,0.0,0.0,0.0,0.7916312515165368,0.7776088133587704,0.9315902716994359,0.0,0.7670377825544289,0.6718736088684043,0.6249753575601329,0.9050894025646564,0.8600610734708082,0.0,1.002384065341319,0.9312155725126361,0.7890426697888807,0.7136825404919287,0.8126521173419692,0.0,0.8542944738396504,0.848526499734839,0.0,0.7349703453818325,0.8761250820920576,0.915923442411659,0.0,0.7565843276560288,0.8147448344547606,0.8565697279844641,0.8043696300971293,0.9090081345476304,0.735550290780449,0.9540532692328355,0.9161094958119701,0.8955718965724347,0.8958759470139905,0.8888334008828501,0.913385854495548,0.7743444281595122,0.8930178816650248,0.8643632021184935,0.7989175895585963,0.9042734545819813,0.0,0.0,0.8429959655909776,0.0,0.7321570375571371,0.8552306391717432,0.9461064641322194,0.6190880381323282,0.8867899001182653,0.777832233924556,0.7955069885845534,0.0,0.6965965060156288,1.0050096430255155,0.8092978254222312,0.7958431066061835,0.8066545022739529,0.8271983656235015,0.8099745968353748,0.5096235437761184,0.8566637789215121,0.9020711448757747,0.0,0.9287644625354501,0.8678853633192869,0.9749462540434527,0.0,0.9021449576502596,0.8453852707213514,0.0,0.9113381210925728,0.8747350120631944,0.8261591117548744,0.8370675779704871,0.8205903665377775,0.0,0.8209268962531056,0.0,0.9067575519308767,0.8707192721633815,0.9148055023750384,0.7958264318319561,0.8060218138872537,0.0,0.9189262217197349,0.8380273060044197,0.8984784218064351,0.8616940262409143,0.9749243904893377,0.0,0.840721508745441,0.0,0.8769797202552492,0.728880488918693,0.0,0.9121192795845798,0.0,0.7644998738400915,0.8832612996480295,0.8581419442473421,0.810420940362784,0.6811405832233336,0.7365848676124711,0.8792789069805519,0.0,0.7919020371613834,0.7813310915324949,0.0,0.7946791159747305,0.6627029613768738,0.7968446058461869,0.9382152474536308,0.9336925463641401,0.0,0.8977244810592592,0.2470546041552738,0.9222821520833651,0.8267976323041419,0.7103081861145554,0.0,0.7762536973417287,0.8384950199418589,0.768510183914881,0.0,0.8901514011192394,0.6702678031469738,0.7831309337558221,0.8038157998094575,0.0,0.9516857615922989,0.7841412050563559,0.8032473243109716,0.8956770166560889,0.8623964257537279,0.9551155117715869,0.0,0.8584181168809285,0.8054236018647767,0.8095543922269591,0.8430319598352662,0.825321363195743,0.8612092202410857,0.6124218422605343,0.0,0.7948942245187006,0.7630708927019635,0.0,0.9303595120923774,0.8438559827746865,0.8989799330618355,0.8484092413526774,0.8754973562832579,0.0,0.8459850405241064,0.0,0.0,0.9420897841396979,0.9296285750619041,0.19348402750844745,0.7858715110253273,0.8877540545984387
2024,10,Indicador de Cobertura de la Cartera Total en Riesgo,0.1030762949420845,0.08980702590233458,0.0844452238568511,0.022933445408040754,0.0534682152808826,0.10241378600363192,0.06465251333110592,0.023999061319386762,0.12453834341164421,0.05632931684650662,0.0,0.0,0.0,0.10132812296207161,0.02913827557676486,0.1137180253509201,0.0,0.03171861372309509,0.09399927379323404,0.11766724893918244,0.04557634551281067,0.08738731816764259,0.0,0.10295538085958324,0.07183781062212226,0.05258737742931059,0.04659250339543133,0.08907487937116614,0.0,0.057277146575267474,0.024912219545320493,0.0,0.21380500950324613,0.02570188720294854,0.0409143094446282,0.0,0.17999464263500017,0.021730872163713097,0.03807836701016685,0.04930359967589404,0.05523101037951599,0.09651261903742599,0.028401247916787487,0.08102000830606321,0.01561331215970412,0.040382088248350656,0.06978687685626486,0.04552243033020911,0.10776501094157842,0.08322933699843395,0.11032077837144204,0.1692558394914816,0.03688994059676948,0.0,0.0,0.11134715261851966,0.0,0.08845593641809237,0.05508347475990699,0.11284505021529449,0.11450782424201529,0.0918969289762285,0.06541565655438975,0.09443207093108599,0.0,0.08058445887103685,0.1058442074929242,0.041465642832136135,0.017914599239745168,0.06836412675888413,0.07436335088441386,0.03999377168221523,0.1549676073575574,0.05845715796935519,0.01861718817446104,0.0,0.03529144584671449,0.10068038075880024,0.06738753433762623,0.0,0.027231997490133514,0.11778824895444161,0.0,0.049221928930439626,0.030054178955565627,0.060981837482361884,0.04522425275799077,0.06303488871831096,0.0,0.03668001880198105,0.0,0.056271211071831834,0.03255502813255133,0.05543469862336479,0.06226442704777174,0.18770221430341213,0.0,0.0774482497763497,0.07019751248074874,0.0372012802291289,0.020394555385596418,0.11508823607854354,0.0,0.02944595715487239,0.0,0.03097955426231911,0.09992634070287801,0.0,0.04489347792951844,0.0,0.04854777730881841,0.05678225121501504,0.0747935720311231,0.08893013250774404,0.059184223818179844,0.15901821272971436,0.03371824057069369,0.0,0.057267565391637604,0.0534553854031583,0.0,0.10342030875903005,0.11605450127123222,0.06758366872845724,0.0709642416893752,0.07509573648355171,0.0,0.05547950379841755,0.011860595598864168,0.03717526776188442,0.051615804971387014,0.1457499580626033,0.0,0.04186587500782048,0.13308413391648918,0.03414476205132618,0.0,0.042849833301375366,0.07484013529437994,0.055739814475137046,0.05048628950548309,0.0,0.026446167203319125,0.07582050763407094,0.014634473963609191,0.02735435201454704,0.039010022240012945,0.02997297074584049,0.0,0.04552713728447705,0.09236942545633786,0.04395874169170946,0.12057220349126185,0.1236883216118458,0.026245544691355878,0.06459771397354697,0.0,0.04028759092316137,0.027578520930786322,0.0,0.05729163410806796,0.022904592953248912,0.03461291831277122,0.03838252094177221,0.04058346446264337,0.0,0.038931230768362655,0.0,0.0,0.05773575215166237,0.0330332537918616,0.11818642223444371,0.09503563365397709,0.1993017541473896
2024,10,Indicador de Cobertura individual de la cartera improductiva para la cartera en Riesgo,0.41016269138653244,0.7687914263660551,0.7566906307752452,0.6535781699763492,0.622797651956156,0.5103498382464712,0.8340098083445667,0.4289068634378254,0.5842971893275462,0.5090896330558562,0.0,0.0,0.0,0.6437290424058292,0.2992532738122867,0.9662325697662603,0.0,0.5030186419968515,0.6744258689731832,0.681199522099344,0.4395073746936954,0.634298933126758,0.0,0.4482920459194517,0.5844016713334148,0.6015771420087421,0.48179613660421605,0.39245463169067035,0.0,0.5560553983401935,0.4323115093638366,0.0,0.9613218573832023,0.40169800121758226,0.6563521482662623,0.0,0.6764570828522124,0.2773404529291257,0.7190455115760196,0.4937293617990377,0.5587821638928676,0.4971572272177378,0.2973886632149356,0.723012467421329,0.095340917223872,0.5514823179804683,0.21065517841919507,0.41645213214477644,0.7309779169313112,0.6745111368570363,0.6268977558553741,0.7037104502427962,0.9179488341391748,0.0,0.0,0.7231611845789985,0.0,0.5758481518227685,0.40443459102167956,1.0,0.722636831785491,0.9238698324601877,0.7989017421488472,0.8106441859110145,0.0,0.5866929296635819,0.664147725073172,0.497584239204661,0.0852762880855137,0.6495008556330341,0.5709332905711064,0.2644553121375382,0.5605320887422948,0.7859152955740457,0.3074372493824688,0.0,0.8059302665848611,0.40427359390588924,0.8596991233505606,0.0,0.5432081240210702,0.8230418040756389,0.0,0.6156279088796683,0.45633704971307976,0.6411397553852191,0.33026327886600115,0.5478562820817924,0.0,0.427346427994591,0.0,0.712064912410489,0.7457217440854153,0.49594909283746286,0.5153461043279052,0.7393038401323822,0.0,0.6921642466355808,0.3192600388693508,0.5856306082985169,0.0,0.4663057154774273,0.0,0.22046170960070663,0.0,0.1500000019471419,0.7566336667860871,0.0,0.5732064977351018,0.0,0.6730486735576982,0.5981382775522244,0.8102809804749884,0.6536980678242542,0.5754805021190134,0.9999999995105596,0.17905827928613594,0.0,0.8357895619202907,0.6692560658455936,0.0,0.770785463421888,0.5359878480149862,0.5992887008078458,0.6132997435219828,0.6351556988570768,0.0,0.25152908203465546,0.3166645444861295,0.49567073470926926,0.5424059585316342,0.5888752494933225,0.0,0.4525600618039897,0.9785837705207159,0.7171842802587228,0.0,0.508567333180846,0.5045336556595286,0.4501074327342101,0.3761574017251239,0.0,0.16671764593576782,0.49130470214775823,0.2623349776233689,0.30985113421201116,0.455479737202247,0.6617599303247561,0.0,0.3352745523886956,0.8371471576639992,0.5496061950950035,0.63736261147699,0.5927051602809444,0.07735084995312433,0.4572627310641899,0.0,0.41776419930125697,0.08213312233488344,0.0,0.6748943988506607,0.6472673310951792,0.6327718640067316,0.42778496409134725,0.8061736222698523,0.0,0.562223835769459,0.0,0.0,0.35222662631342666,0.42049569388125063,0.6287983646542932,0.7706692382048371,0.6334316193659447
2024,11,Activo Productivo,0.8478777535278674,0.8912119629197248,0.8764558705566071,0.9299757701462421,0.7052438774685652,0.8915762383885497,0.8589455807221622,0.819137029506199,0.786107395226176,0.9051963834265292,0.0,0.0,0.0,0.7949565803190473,0.7713547874351742,0.9365501638965873,0.0,0.7490696017218058,0.6718742285877356,0.6427180313039463,0.8911153812109923,0.860764195042308,0.0,1.0125811469544395,0.9242147045991765,0.7868425603412059,0.7581785005331497,0.8461347828063956,0.7995554074705296,0.8758414467195741,0.8588733808481475,0.0,0.7233687155954095,0.8642457242866,0.9166366571248326,0.0,0.7549816329927718,0.7959597516288658,0.8305767279961567,0.8223956068215178,0.9138003625412193,0.7320643080484245,0.9603772320910572,0.9163981431167271,0.8999793277330332,0.8956443151484381,0.7396850032591608,0.89920897868551,0.7682741926046971,0.8827295113903827,0.8570410153489251,0.8046931129933144,0.8810837845442174,0.0,0.0,0.8357091116838071,0.9474456749964183,0.7074507827182405,0.8616111998825121,0.9485765116543318,0.6561884709614082,0.8858680821789283,0.769047791888956,0.6886044914814469,0.0,0.6876546497743872,1.0003490410295148,0.7890276202929241,0.7900295787953566,0.8014597414773634,0.8094294055754038,0.8076557845334066,0.5245901355015821,0.8543352629319813,0.9095307434077843,0.0,0.9133483747569353,0.8384228402396823,0.9705789488131855,0.0,0.9114330012110441,0.8434993345436237,0.0,0.9047842559552782,0.8753107878289775,0.8389262762472319,0.8626389904211692,0.819041417989747,0.0,0.8258842848674575,0.0,0.8957753527214994,0.8677178978170199,0.9196538831168097,0.8077841466716458,0.7945805862816722,0.0,0.928633000131833,0.8392087388186552,0.9057266465170466,0.8648859703729322,0.9561724231756356,0.0,0.8419657336629761,0.0,0.8344423521468719,0.7380967611298771,0.0,0.910940174087287,0.0,0.773785996850157,0.8352477458164497,0.8426556403864293,0.80323191407116,0.6794387613210879,0.7429927405892003,0.8761981496606112,0.0,0.8045910645932989,0.7641906673548781,0.0,0.8017915528141326,0.6646758637567062,0.789827349496051,0.9366035849005393,0.9346533663120116,0.0,0.8947539242931281,0.24253836615916635,0.9001807607424598,0.8488844738972802,0.7563728665437578,0.0,0.7744856107049651,0.80996465846883,0.7552028923352528,0.0,0.8888618276764005,0.6705794476021593,0.7341040499099851,0.807687411471168,0.0,0.9442190533535432,0.7854857270228918,0.7964541899936799,0.911034789456473,0.8601391928397075,0.954764111480558,0.0,0.8473746479318162,0.806214976987046,0.8157984192291147,0.8323669863718418,0.8070946373606825,0.8715742300540323,0.6241307055648291,0.0,0.7894977391984342,0.7761345196012582,0.0,0.9253465172537421,0.847899270958229,0.8888507275020481,0.8505383250941609,0.87404997217997,0.0,0.8726181677519567,0.0,0.0,0.9477704282406287,0.9353450025970412,0.17709347246146498,0.8187155502938068,0.8895828511444637
2024,11,Indicador de Cobertura de la Cartera Total en Riesgo,0.10408588678092874,0.09079894937042342,0.07373717872634912,0.024681065885603027,0.05544641228139302,0.10892007705480067,0.06274444984332235,0.02268169736198785,0.1269245128435398,0.05646100843969222,0.0,0.0,0.0,0.10483996387606173,0.03492366260150627,0.11557509394431294,0.0,0.02856017263409319,0.09561084401589763,0.11424186235681122,0.038833339424536435,0.08638464346321043,0.0,0.10411225533501575,0.06546143312736234,0.050031045189948664,0.04168202197553743,0.07565218255489818,0.0688007187029576,0.05746432350778467,0.024968052475037184,0.0,0.21538830112075613,0.025666696331643316,0.0420420192633434,0.0,0.17640929002381286,0.023024619195889485,0.03867579531105219,0.04891657148045443,0.05747396448407142,0.09618786299610499,0.028749633365714396,0.08479649468888646,0.01617472075761216,0.04113939097847013,0.05960641944034643,0.04816274525418921,0.10999479874195751,0.0870740757531123,0.10313747571495391,0.16797745606415704,0.03816977061289011,0.0,0.0,0.11131870887928624,0.06466625128876803,0.0900411060407778,0.05834949721238151,0.11335408149995908,0.1115146078004345,0.09168802990719155,0.053545478790886364,0.0887879983882688,0.0,0.05940983915231316,0.10784471262810763,0.0417543668168782,0.017566208838536018,0.07129681519937413,0.07510429232049325,0.04016193775497529,0.14603764423057553,0.0346335464637955,0.018471397630049576,0.0,0.03828273653470523,0.10459044849098403,0.06915577633346187,0.0,0.02462813123957105,0.09387802545804945,0.0,0.044755697520543626,0.030325161357432073,0.06137192536338233,0.04652413959628573,0.05458071006491152,0.0,0.02840499701539721,0.0,0.057044678986832714,0.03388826541119319,0.05209221234600967,0.062147207301079276,0.1563285799547901,0.0,0.07846316555052119,0.0711835400140998,0.03711659738706451,0.02054623185376761,0.11837574799183898,0.0,0.02990495416528165,0.0,0.03235437911628337,0.10100169154324945,0.0,0.045413052522695514,0.0,0.045739524007304404,0.05703634073985967,0.07598961344704643,0.08813843614272303,0.05765292297558924,0.16163382407391183,0.032334065057681084,0.0,0.055678224281619365,0.05534825301845298,0.0,0.05380331710583167,0.11286456058006784,0.06696976054480931,0.06899199375393715,0.07591824447654273,0.0,0.054782468896162825,0.011809326447236156,0.042894834651211515,0.050959413093991546,0.14352331016221032,0.0,0.040857154421547616,0.13111686130304237,0.03442569460471141,0.0,0.040867876840725834,0.06976244209631122,0.05786280014680579,0.05146290290844142,0.0,0.027398907913627816,0.07631253369880378,0.015196368044319173,0.02565492210028671,0.041806871349146124,0.031004066937057505,0.0,0.03608381597375703,0.09106474373524263,0.044738951089787884,0.1309579530925116,0.12801470116366098,0.025871680932455322,0.06552571629118543,0.0,0.043019864109482484,0.02744882266021626,0.0,0.05964191850230186,0.022823758847838174,0.03599323712996502,0.04035721221908921,0.04275078704607349,0.0,0.0406596464230951,0.0,0.0,0.0578701137411406,0.03371403659593438,0.12252731978213803,0.09441831878614175,0.21571981886985048
2024,11,Indicador de Cobertura individual de la cartera improductiva para la cartera en Riesgo,0.38996662601440046,0.7637958730083597,0.7264967884442702,0.7247912373590365,0.630114498967773,0.4961507585148757,0.797923146674273,0.39089233211932556,0.6049578483426229,0.5905453834728922,0.0,0.0,0.0,0.6680423552914122,0.30044629092467,0.9608062796093977,0.0,0.45080635439985345,0.684241186559065,0.6830927281413524,0.30133130564512506,0.6269156955935942,0.0,0.45593468464871073,0.5301406699042163,0.6117829021931953,0.4346198132865104,0.3023781639958807,0.5655124261620953,0.5431702195802344,0.46201493192419263,0.0,0.9575673324750064,0.3943985583032508,0.6704044105149223,0.0,0.6608771855408551,0.3111515094563157,0.6992693307028426,0.5234214190114861,0.5375334787345579,0.5053583157378684,0.3222855987322291,0.7361361330594964,0.10594115887106849,0.6142108052423891,0.25872743183876457,0.4347626967694918,0.7363812521471502,0.6804824305490981,0.5270027979245272,0.7028965798864212,0.9851403774055638,0.0,0.0,0.6915981016407066,0.6676293845161485,0.5777765813322305,0.4568391806596727,1.0,0.7305890198005128,0.9752810188361168,0.7326041641062891,0.7184469296223179,0.0,0.5017764593889407,0.6846979452950485,0.5260929932585466,0.08741888222537089,0.6743381245835629,0.5698484117286069,0.2571069044272562,0.565088570191908,0.6416506625911903,0.30641994979801473,0.0,0.842506476478338,0.4068368141461126,0.8703194308356541,0.0,0.5280145335275863,0.7522337626352668,0.0,0.5935551223452357,0.4687665750026226,0.6571578567019145,0.3670203120981317,0.4918524135911261,0.0,0.3211693966391621,0.0,0.7302692386392516,0.7425540232454996,0.47312748837782287,0.49253425192874095,0.6829775946766319,0.0,0.710871667325979,0.3030150353733084,0.6502471776134743,0.0,0.4425287452426618,0.0,0.2429638347647312,0.0,0.15000000498418653,0.7415370488496817,0.0,0.5977948274761091,0.0,0.7076843782319538,0.5993028612735768,0.8855453813715052,0.6355841924215724,0.6204710593185354,0.9999999995309715,0.15037490558288438,0.0,0.8868586705744542,0.7211951903341375,0.0,0.5150665770855032,0.521706688790198,0.5746908395089062,0.5855602988130515,0.6821775910149867,0.0,0.2957116269232234,0.38180315717090635,0.4925198872065838,0.5336234414429737,0.5756415508895193,0.0,0.42313710070608396,0.9785490129093118,0.6290568043049309,0.0,0.5135542655149806,0.48905673571712355,0.4032664720677115,0.35106066894874405,0.0,0.21962287937125222,0.47544198347746824,0.2844530984103798,0.3322073800137087,0.47968666437737395,0.7520467199881632,0.0,0.19020454695515632,0.7379700792513596,0.5707173445762131,0.6764915786932344,0.5772927737160856,0.07422836342425417,0.4757564600753683,0.0,0.4585533712746851,0.08264473105985716,0.0,0.7288660173472279,0.6477372664021813,0.6319469324514948,0.47254021554417447,0.785701455238005,0.0,0.6169296719234386,0.0,0.0,0.3635419782039013,0.397892095009302,0.6175928163577658,0.8030727125253896,0.6723292805055961
2024,12,Activo Productivo,0.8616073048092727,0.8867181255663006,0.8811813043694379,0.9312953717167287,0.6976247702582363,0.8653942744382919,0.8501640563339784,0.8025457500240994,0.7814776621665628,0.8828834917972275,0.0,0.0,0.0,0.7911920775218105,0.7777464842994876,0.937019295211666,0.0,0.7819836403401402,0.6875664745274878,0.6390918283053968,0.9070720330561683,0.8651997791692952,0.0,1.0358325193596893,0.9014539828142264,0.7716808501760547,0.7494004343641688,0.8385611307474149,0.7875434989545562,0.8987445848203031,0.8464588674877822,0.0,0.7053171606105725,0.8609333393743884,0.925128439366028,0.0,0.7391098329199445,0.7849605534250998,0.8337449650150075,0.8432865747111505,0.9034353883233167,0.7320853399146579,0.9568390098736207,0.9286666554961258,0.9296121985861269,0.8956107262093129,0.6613099263516948,0.9123087404882371,0.7422838202526975,0.8786689124149023,0.8819226929781991,0.8149779201533005,0.9007171111726365,0.0,0.0,0.8183405659365626,0.9531179102157679,0.6940012882533583,0.8672399592404109,0.9318253649909004,0.6412587778451945,0.8770194778159437,0.7724856621188531,0.8078555075153514,0.0,0.6690738689556204,0.9804801576424876,0.797654240009951,0.7898749760311038,0.8503375149640625,0.8166364424579979,0.7774102720105432,0.5142804865456433,0.84380395569846,0.9091753324993322,0.0,0.8887283632793863,0.8933757114157866,0.9636421708379954,0.0,0.8815492347049071,0.8483578237401265,0.0,0.9068887528818713,0.8725347464513541,0.8374738698129327,0.8742816720012556,0.8239214378680977,0.0,0.8226987717787947,0.0,0.9051713491357953,0.8492785811404964,0.9081808831621527,0.811958824145715,0.822710384265986,0.0,0.9056391487031642,0.8288899208077775,0.8988331149750265,0.8545521448734856,0.987726955255004,0.0,0.8697670609705255,0.0,0.8048805055555132,0.7868144243234485,0.0,0.8948905035697118,0.0,0.7831317242714206,0.8867796987341425,0.8440908246758357,0.7887932981775798,0.6803122208772528,0.7310322993376287,0.876852871014517,0.0,0.7894274455920958,0.7336109851433479,0.0,0.8197200789170853,0.6661327652072576,0.7790674102259922,0.9593587452665387,0.9361215499461503,0.0,0.8739157899971817,0.23657931824002734,0.9173760229283746,0.8295166181013696,0.7718603649177819,0.0,0.7543666594960307,0.8316364550196573,0.7457388079875962,0.0,0.8841813903397545,0.6902613621245606,0.7150291470091041,0.7861113951333094,0.0,0.9644740969838153,0.7984978042931281,0.7959687038843006,0.922018427788768,0.8537829548041569,0.942526836252231,0.0,0.8531449393613949,0.8115189283096801,0.8184321072732764,0.7673126365863745,0.8181205797584253,0.8949862942254219,0.6114188963995288,0.0,0.7705490120295257,0.7723425919856854,0.0,0.9288445935339554,0.8406658800777103,0.8868288553564234,0.8221530916551069,0.8775074099829512,0.0,0.8508135379383274,0.0,0.0,0.9131728714605172,0.9105872340977833,0.1652403286272653,0.8502521244282832,0.9086879086506432
2024,12,Indicador de Cobertura de la Cartera Total en Riesgo,0.09529860836129506,0.08087515894304276,0.07476179184648261,0.02097629953922135,0.05691844024793165,0.11318294028747311,0.06435379058778264,0.025037232211490852,0.13034463427547477,0.05546812105840801,0.0,0.0,0.0,0.09128896655445433,0.03459651050138136,0.12052999614456875,0.0,0.0288597521638152,0.09879965825261651,0.06698038250350179,0.044928924998821916,0.08853128179263435,0.0,0.10358446593004872,0.06913327402242615,0.0501519079121174,0.04220457719167922,0.07689906737482603,0.07022407526089565,0.061369887154338235,0.026606007783947422,0.0,0.21175176687127675,0.027274361717653222,0.0429242512624792,0.0,0.17956684578306215,0.018306188362941737,0.0347933982343606,0.05235460826003979,0.06103654661749998,0.09430956304595128,0.029224094316916256,0.0767298899798506,0.013005359968726904,0.03877826235459868,0.060109259236736816,0.037974866725006794,0.11160710088612603,0.08524372491890916,0.11007364465902048,0.14966494863570634,0.04256773097225378,0.0,0.0,0.11565928417882403,0.07306622465328551,0.08712116761964202,0.05733546518723457,0.11643599303268909,0.11224324773749939,0.09184066385195318,0.05638631238467956,0.09588638387320508,0.0,0.05577464890222122,0.10580310094902505,0.04229434141855984,0.016853279054030494,0.0708842850643439,0.0787382977847976,0.04315817496124048,0.14677459512721344,0.035757210165245204,0.018681469164938486,0.0,0.040946464386718694,0.11557096619797225,0.0746091871628086,0.0,0.024599883338116323,0.09664982522974291,0.0,0.04769274432883768,0.02973000222396962,0.06200160048159758,0.051794483180154186,0.06105744061109468,0.0,0.02504678596596242,0.0,0.06096632334876489,0.028778020290589314,0.054114028200340884,0.06164789182752813,0.15105747693035262,0.0,0.07573693328410616,0.07387860785353648,0.0416674950467962,0.020389872589824738,0.12904320869810232,0.0,0.029551994099092434,0.0,0.03223109330321245,0.09099629927310732,0.0,0.04685988982637969,0.0,0.05010544940980195,0.04105814080853388,0.07634290722797563,0.08036066404449461,0.06294814883202861,0.14984635917932035,0.03344932191137581,0.0,0.06618729686273295,0.055606100282585655,0.0,0.05493624413092069,0.11271765561963004,0.06876485810396851,0.06918518737550321,0.07159081188993335,0.0,0.05729133331856889,0.01243641380572367,0.04699330053313232,0.05142546216732529,0.1255177928732168,0.0,0.04215999806567919,0.13123751767149805,0.03592277751587831,0.0,0.03304539949755,0.07873649878924423,0.06508654856402524,0.05447436683852384,0.0,0.027498322938346947,0.07695915545625386,0.016148740662964105,0.026528832505881075,0.03731690333796919,0.03216754749496452,0.0,0.040060333605296136,0.08420872252981554,0.043779098576377,0.04646820251646559,0.12919502996980378,0.026331523352679014,0.06894159889611282,0.0,0.04435415646668646,0.0310803749862717,0.0,0.06308553784470884,0.021776627163574726,0.0373909534873855,0.038055397332399786,0.042657414021391366,0.0,0.03789497476199246,0.0,0.0,0.058295351659975694,0.03785832801890271,0.12492301225204662,0.09374297788037532,0.15938283539693002
2024,12,Indicador de Cobertura individual de la cartera improductiva para la cartera en Riesgo,0.34648987831391115,0.7415751763182782,0.7369049091279105,0.7200140225397434,0.6061599539376483,0.5679870728619028,0.8257590659521511,0.4232575080744112,0.6189287760106675,0.5572183306426712,0.0,0.0,0.0,0.6415144825629376,0.2707797368777125,0.9765292582125673,0.0,0.46199619314165175,0.6960320803084371,0.5185034849666414,0.39159094065886224,0.6527200195526308,0.0,0.4281213141455631,0.5119717846459572,0.6482934630263567,0.45802207321879734,0.31516096340869104,0.5490571526717457,0.5592954431289475,0.43166046682004594,0.0,0.9773588554783804,0.40278126109488466,0.6794319767061112,0.0,0.6651958986174068,0.2931149532172154,0.7410075155225285,0.6058438957528164,0.6016893673331698,0.4946383236625837,0.28802039075611807,0.684069036013539,0.10033769499065284,0.6765647349831807,0.1164183143830476,0.33565349929737676,0.7517769180491239,0.6779297404516277,0.5629708519357313,0.6399215803843702,0.9390495966926479,0.0,0.0,0.6812937936227699,0.6230693814068144,0.5509667509584163,0.4664664234607513,1.0,0.749857125786101,0.9241423831978731,0.7933378710594482,0.6666846230900318,0.0,0.47792200180580297,0.6755268188614859,0.630715363253036,0.12844831777174046,0.7265989722668023,0.6751907129671366,0.20749479540968266,0.5582663649468014,0.6746760483204307,0.25708394237329246,0.0,0.6974811383275085,0.32142384138514996,0.7574435227809295,0.0,0.5198650397310105,0.8072394316086828,0.0,0.5784946696323684,0.4972611517512943,0.6684730049306113,0.37212969818933195,0.5039132620295289,0.0,0.2636075539302631,0.0,0.7555375297842667,0.7468755199975228,0.4398518928227158,0.5116556824224521,0.7098967161187211,0.0,0.7130786841711855,0.4659450683857615,0.6545711329661698,0.0,0.44810385047666385,0.0,0.22921538514842615,0.0,0.1499999996069276,0.7532559321881991,0.0,0.6458010797841037,0.0,0.6919680300324789,0.49884485144302176,0.8790730281805996,0.645418462397184,0.6348261406212836,0.9999999994698431,0.19731988140801435,0.0,0.8930297119146069,0.6856057984850867,0.0,0.519128428804208,0.5344607525447087,0.6154386393468875,0.5967647587007485,0.5838525729693418,0.0,0.31721161563120415,0.24061426311154274,0.5193914754527574,0.5534445001177786,0.48275912592605885,0.0,0.42156691479421243,0.983342483729855,0.6640085780991526,0.0,0.4212038788084915,0.6827400476933735,0.4943793904789625,0.30536544774370206,0.0,0.23608049191317118,0.5190496626207246,0.3055763979373946,0.5113060720796787,0.42701779524239164,0.8041198461062228,0.0,0.21081388143849078,0.7255857248423685,0.6042865163643967,0.37951504673110614,0.5927549467511586,0.09504635350662369,0.48576611756263555,0.0,0.4354264010136539,0.1508441565542879,0.0,0.7409584707578648,0.7972233774867219,0.6997896939055078,0.474802953570049,0.7979198123981022,0.0,0.7253139005969282,0.0,0.0,0.4293406631809102,0.3688275482982209,0.6278561040304688,0.8432970680199663,0.6199230903862907
2025,1,Activo Productivo,0.8376156500330934,0.8807495485518456,0.8556387454518055,0.9353367725451687,0.6928155994331556,0.8335180910308824,0.838098630120284,0.788878289875794,0.7994455371712685,0.8771961719713564,0.0,0.0,0.0,0.7757639408294217,0.7683032559157478,0.9430310795524159,0.0,0.7690972807320035,0.6818923430737484,0.5709196909855152,0.9099137590813438,0.8465972941527887,0.0,1.0364405768497167,0.8888161018481169,0.7689433632349085,0.7478086480174376,0.8145173237517828,0.7731160771544447,0.8837591863411035,0.8433141321361574,0.0,0.6801438301037658,0.8431680506816366,0.9269240708425316,0.0,0.7323774172726529,0.7727174555365078,0.8305132290281503,0.8249227443248106,0.8985474202551255,0.7397003434366227,0.9601256962082807,0.9184085935048488,0.8916543391975262,0.8744193516162971,0.5930045412962861,0.9062294939429028,0.7333448888461782,0.8866095006834614,0.8669854160072729,0.7896806964824,0.8995246985152978,0.0,0.0,0.7905884443416047,0.9334621954326826,0.6766124898429532,0.8454367924778626,0.9301744899227357,0.6393015709895243,0.8672824454439447,0.7413138373979181,0.787230043644866,0.0,0.6340917371210636,0.9486625611188874,0.7743815566473711,0.7598512976854329,0.7978621271933032,0.8182812916597306,0.7534183069789314,0.49632536622664225,0.8235605921804,0.8173585268884791,0.0,0.9158767355727974,0.8957300654110494,0.9653428231969013,0.0,0.8640475985020464,0.8109779855165485,0.0,0.9004019991748016,0.8438742249729513,0.8400701045396153,0.8387887096366089,0.844046969321953,0.0,0.8088403177196943,0.0,0.9003623338039448,0.8417895780173615,0.9023587671058881,0.8103867346383876,0.8217063646849403,0.0,0.8738420756160635,0.8570284079348024,0.8928120558944072,0.8604374383986992,0.9937553796871152,0.0,0.870546519914541,0.0,0.7340843265038333,0.7821145159188753,0.0,0.882898076656042,0.0,0.7711489547060673,0.8815098680367593,0.8139056206889734,0.7851548053107775,0.654045362882379,0.6851748331524607,0.869532895058224,0.0,0.7350236185484913,0.717291984567258,0.0,0.821860584728551,0.6805887276333537,0.7678150686676356,0.9641007633696669,0.9247838781436645,0.0,0.9016297364674927,0.23281684045766507,0.9025682474551475,0.8263805512900889,0.7775206197737033,0.0,0.7474474904924325,0.8448481737887883,0.7370039077471626,0.0,0.8998428459043467,0.6866540078726374,0.6984424236618254,0.780047502319375,0.0,0.9602823648524327,0.7712887914642039,0.7797487936593637,0.9221896668033651,0.8449444059063264,0.951827958048686,0.0,0.8188947806803578,0.7988943787170195,0.793700919599039,0.7832641840161826,0.8188705706841755,0.8842247381767844,0.6117135880433899,0.0,0.7850519403257793,0.7588396683314405,0.0,0.9296685837354998,0.8199482926507736,0.8831828198616741,0.8278126589169259,0.8733851546534477,0.0,0.8737146182339721,0.0,0.0,0.9081403973012526,0.9064956028267199,0.15003771459444362,0.8400217059669354,0.9081151972388176
2025,1,Indicador de Cobertura de la Cartera Total en Riesgo,0.09812723978298729,0.09820213839464725,0.07588330338639358,0.022345434890155634,0.05920775541743875,0.11694131374486746,0.07178804784621853,0.026623149788889702,0.13266166787402883,0.054037791366268094,0.0,0.0,0.0,0.08111242579073802,0.03820035048034227,0.11060085073778073,0.0,0.02970389935123978,0.09826193843095855,0.07668722662506419,0.04404195774021414,0.08790919261085808,0.0,0.10547022965178664,0.07038279889588533,0.05495863083661559,0.043400972561444116,0.07867538679503902,0.07279355432487454,0.06112723546668506,0.027850941075390132,0.0,0.21588593819525345,0.02877589368342577,0.04300199561072295,0.0,0.18189262810036205,0.020955887589031896,0.03407462049853402,0.05801390624019302,0.06029318494954692,0.09581140817759949,0.031934497890457735,0.0794045075379862,0.013343014746345085,0.03562197490678137,0.05950056806857313,0.04441849021914951,0.11511156226608867,0.08709752194658747,0.11071648636086248,0.1463786641472055,0.04250097229697105,0.0,0.0,0.11875881572401996,0.0692211304666024,0.08831601813077397,0.05977970006556601,0.11839223383043893,0.11654075633109874,0.09087126148035186,0.05329900324604336,0.0971302806601989,0.0,0.05670767154018785,0.1116484852164485,0.04223840713575865,0.019469149247981977,0.06795628984142682,0.0752016838453334,0.047284002044808926,0.1580988180538187,0.03656428746443579,0.01970133701940902,0.0,0.04198463178756908,0.11796704473840423,0.07443019498638904,0.0,0.025081628135078242,0.09811970472452386,0.0,0.049121248609135824,0.029542697881722067,0.06875380127988832,0.05467718912568104,0.06385630845920619,0.0,0.024111300315589484,0.0,0.06460078865652469,0.029149785085069935,0.05440002652230496,0.059236607566171585,0.16914514786478105,0.0,0.07767090896081424,0.07119442462023062,0.04273908146981028,0.020558825191222974,0.13252933704670183,0.0,0.02970538584583439,0.0,0.03362390232551562,0.1032145052174346,0.0,0.047578979125645765,0.0,0.05046634980640366,0.04078065035418359,0.07787005296053646,0.08670058991819664,0.06516556205079019,0.13308355130412702,0.03594637542579975,0.0,0.06765156506799413,0.0550699406587254,0.0,0.051964320350522765,0.11237545669094727,0.06937015875572969,0.06949338647220905,0.07218613886605295,0.0,0.05672551430131296,0.012071652468365087,0.04858051516148108,0.05528815521155875,0.14737801644334994,0.0,0.04385247066083575,0.13212995580136946,0.03516530610618447,0.0,0.03244164812619974,0.0811741815753521,0.06621337697328436,0.05784332849540171,0.0,0.028526636893801516,0.07892125132636142,0.01808414737710587,0.026683059582140272,0.0413360769841847,0.03040464939118518,0.0,0.0459743305013267,0.08344058849378827,0.02989230858735288,0.055001354915748084,0.13258511413880297,0.02646391010674112,0.0858968920747777,0.0,0.04591701631716921,0.031593141354714145,0.0,0.06773640190862287,0.020985560461937863,0.03784932123577577,0.03815008495893825,0.041148932498683975,0.0,0.032628162677513034,0.0,0.0,0.05612885784156427,0.04110492221283521,0.12256579967587222,0.0952951580035287,0.159726866936267
2025,1,Indicador de Cobertura individual de la cartera improductiva para la cartera en Riesgo,0.38205139463857263,0.7755618820815574,0.6439667384241664,0.5761803462529717,0.3778682869569608,0.5593483705519479,0.8526846388407958,0.3586265670240212,0.6207781624025324,0.5700144281130066,0.0,0.0,0.0,0.5901645723037197,0.210436514790993,0.8232854303977162,0.0,0.41092445993265814,0.6685393466383167,0.47657971035033875,0.3156838180552047,0.5475424968579083,0.0,0.3715656702378463,0.5372325750533405,0.5267094134841362,0.43893343804288126,0.3398504437868601,0.5689449677197193,0.5362163989773046,0.6157671057258429,0.0,0.6662402773115855,0.36214404291963886,0.6620230939571112,0.0,0.6848388154457393,0.2822095493960206,0.6760687507411381,0.6019395862543779,0.5505599827426035,0.47064267282208966,0.2894244151327472,0.7102471913145038,0.056485081827133715,0.4420118795709621,0.13124444249589165,0.33924746438123726,0.6418391568524298,0.7044627730802763,0.5684142163679212,0.6261920692495058,0.4627545247792235,0.0,0.0,0.6528975153858101,0.6033161468506267,0.5677204836476247,0.46115821477430036,0.7531921223657972,0.6619560514482405,0.7850323736875597,0.584792594945668,0.6839004384968719,0.0,0.4825706654554197,0.7499522622655896,0.5620271304473031,0.13094083002023282,0.5783022617946432,0.46921018545331655,0.3512122425572726,0.6039260343573679,0.5131273312428146,0.2679860122397368,0.0,0.32303032628300027,0.48640192367676444,0.7723782726082236,0.0,0.3036463556528538,0.6390782819616248,0.0,0.4756310581325366,0.2301194392808547,0.7636572324270787,0.3622507505701863,0.639520458353509,0.0,0.24481421236934686,0.0,0.6646287020117111,0.4005730255056882,0.40060084733418855,0.5370185514214706,0.7592788939284492,0.0,0.6755693392590015,0.4908993214779951,0.5960769468656626,0.003190869349400542,0.4690736898190542,0.0,0.24024673720055303,0.0,0.07173245094311796,0.7481880625424423,0.0,0.5487466435025594,0.0,0.36349163599990786,0.38252284454098334,0.5483205324135615,0.6602162200868228,0.5761969060972463,0.1200655204495968,0.2523762301404163,0.0,0.33410298084318857,0.5294034444974199,0.0,0.47339595232468895,0.5337156293065028,0.623744014028829,0.5775490393583624,0.5690076198875335,0.0,0.3263568376370265,0.045780444743916945,0.582606481357445,0.5603031178213185,0.606047890559356,0.0,0.2900032591119378,0.9849086026566359,0.6456351531431039,0.0,0.44609959158476764,0.7094679357230386,0.6843630637569813,0.34779007146666546,0.0,0.22969894335743052,0.5036779648441603,0.19446361461990613,0.5612719124877767,0.4301981268149402,0.7728583810911986,0.0,0.22481804593949123,0.7283356155572626,0.29561130498614197,0.4465391296434054,0.620193047559957,0.1645020964105329,0.6814279824746776,0.0,0.4555585588284608,0.2754950674699854,0.0,0.7374397476767729,0.5560224678274673,0.7269067644916577,0.34655932092879926,0.5598583704169048,0.0,0.34575311428421196,0.0,0.0,0.3287312046435297,0.32923123678953886,0.46184446963541,0.8297022128332736,0.5757368957754746
2025,2,Activo Productivo,0.8102561596691364,0.8758121167122761,0.8501513497397764,0.9350845384059234,0.6863875553950366,0.7894006698156832,0.8284743395917097,0.7812682858261671,0.7719041788781427,0.8773571464138508,0.0,0.0,0.0,0.7580046716186114,0.7717790671933221,0.9232465550460097,0.0,0.779950202115912,0.6774482860613409,0.588578513089439,0.9060180806718224,0.8471558061462403,0.0,1.0249947358212017,0.8937601985125568,0.7715952908082774,0.7410043023050982,0.8174888136259642,0.7619202223948413,0.8604514361872356,0.8309109281714844,0.0,0.6791146508139293,0.8530804429568752,0.9251074157699894,0.0,0.7381618410664921,0.7836402909433061,0.8375751421519464,0.8116521336989859,0.9012810109351371,0.7820304192571411,0.9560472680092081,0.9128565900570704,0.8876695112070602,0.8462951418764739,0.5936700345717751,0.8929850263413458,0.7259827699266005,0.8873783340771134,0.8548592241088087,0.758601271331151,0.8854260944587369,0.0,0.0,0.7713246216486974,0.9327060159595002,0.676690424595173,0.8348546974376235,0.9260025210462501,0.6415827409815062,0.8742966086572832,0.7637679408276643,0.8194069258405768,0.0,0.6181027142367346,0.9276071004030507,0.7698896044804956,0.747072691592956,0.7946567385721615,0.8008563810159349,0.7436178245989271,0.49037097811235375,0.8135794265893836,0.8629010587911499,0.0,0.9491406182592158,0.9059525879556152,0.9649371339730951,0.0,0.8676027984590823,0.7991146678862997,0.0,0.9009836239672031,0.8711829188089233,0.8084779779637973,0.8407751967768232,0.8307633530837809,0.0,0.806800515502187,0.0,0.8975679931921591,0.8493945808445647,0.9056551295319356,0.8077191830207696,0.8080884041661663,0.0,0.8816015197324474,0.8574446685720141,0.8927092381339183,0.8685837863377505,0.9972274230195445,0.0,0.8757896746460248,0.0,0.7288305992547471,0.7810093312811446,0.0,0.8833088578415522,0.0,0.7780134684616127,0.8829917781593469,0.8191068325117813,0.7735170140174963,0.6451759850869447,0.677856422188611,0.8553859525653166,0.0,0.7070172007820085,0.6942196775231607,0.0,0.8120590825402121,0.6880673059730487,0.7611004949019936,0.9521839438059437,0.9190721421643062,0.0,0.8930014136580705,0.2431838867778404,0.907302244496581,0.8143814639705159,0.7831665478027293,0.0,0.7615010635791841,0.8174005949799633,0.7152809922006184,0.0,0.8912926641158885,0.6994602048279092,0.7244601492761957,0.7883762901301675,0.0,0.9490579823953441,0.7674168919458195,0.787455213359546,0.9275810577661253,0.8575391164004167,0.9547072613049474,0.0,0.816054793284804,0.828637639663754,0.8040453105856845,0.7689713961639812,0.8055394027930182,0.8835192492352723,0.6101945905599492,0.0,0.7850463560721038,0.7661388439567272,0.0,0.0,0.8221559975380516,0.8888372517797581,0.8307022457100742,0.8864912486820279,0.0,0.8751037412017082,0.0,0.0,0.9160924563278812,0.9108780408146503,0.1548445784722774,0.829489043843077,0.8972230566190772
2025,2,Indicador de Cobertura de la Cartera Total en Riesgo,0.09844370359177419,0.0979125966836757,0.07814567737359752,0.022359474254044175,0.06313753287520377,0.11290357006175199,0.07058743080445014,0.026949360847986974,0.1343816162110868,0.05445498884750105,0.0,0.0,0.0,0.08398189393521639,0.039289942478265595,0.12355521641541026,0.0,0.030722170308914786,0.10054887966880041,0.09320535793723815,0.04563011833815689,0.08756010486635023,0.0,0.10546737595553426,0.07201933234558083,0.051920934458402526,0.044070722567352096,0.08053784277569344,0.07153812919806676,0.06112587170261106,0.028479456364704173,0.0,0.21811162124898462,0.02849654408898891,0.04341991851898247,0.0,0.1798573729258813,0.022290545827938178,0.03316944211148576,0.06309445790801675,0.06022506895076353,0.09962991408462489,0.03169561229166602,0.08028491397131829,0.02011508533729578,0.03624924249355,0.06138885602923028,0.047894169547037936,0.11497161889703907,0.08732114325572549,0.11160154353303908,0.15202229841390638,0.0422125394220526,0.0,0.0,0.1232530852756589,0.07031631474807816,0.0882507882631027,0.06058172180333903,0.11973519103399845,0.1189355212700512,0.09144575389718446,0.05353696600532682,0.1005442962028154,0.0,0.05791120433991621,0.11327392218720525,0.04379524146528944,0.02004792451189651,0.06851570146120281,0.07599935274245494,0.047954867007961983,0.16215627132851296,0.03987392584902436,0.019580122963701367,0.0,0.040425288841890235,0.12194671329728556,0.07261050292635436,0.0,0.024509969803731123,0.10030860283499994,0.0,0.04959610892226751,0.02937422350210214,0.061915612104842595,0.05639221981456037,0.06434888409619201,0.0,0.024400723884252424,0.0,0.06614696052715364,0.028687088319998288,0.05835466798276278,0.06064493024641417,0.18429767223887739,0.0,0.0799282951667576,0.07660779938905508,0.04277226622170138,0.020869029037319044,0.1362124256381646,0.0,0.029809614929340176,0.0,0.03367247295599672,0.11141210851058561,0.0,0.053298667553297915,0.0,0.0495055066837932,0.04522881541471732,0.07479454639671848,0.08669737540893263,0.06890261936314256,0.12981678933005253,0.037388976262907055,0.0,0.06767830227726829,0.055514193414084166,0.0,0.05390815988307795,0.11508417085607302,0.06892225095215933,0.06999807071724083,0.07820791571355669,0.0,0.05879442054273332,0.02122373237576991,0.0498195206408071,0.0520833019863053,0.1515761928805604,0.0,0.04738975675321474,0.1356568911004838,0.0377653430921884,0.0,0.03365397509898717,0.07779592012050418,0.06467178933827722,0.056983304507578124,0.0,0.028038546883885216,0.08008231555887496,0.019770567670210702,0.026146050740350837,0.04828201125830941,0.0311912175139982,0.0,0.046521706272433995,0.08252533241567674,0.02900031158702532,0.05734389554802814,0.1348212061216516,0.026449841132780275,0.07330406805066852,0.0,0.04464801660582968,0.030372015213222775,0.0,0.0,0.02059001261675708,0.03825167464403719,0.03819191498905935,0.04249453570610188,0.0,0.03292281353296886,0.0,0.0,0.05688737897610328,0.04063929907044899,0.1375932178371422,0.09633798414191463,0.17101534925501924
2025,2,Indicador de Cobertura individual de la cartera improductiva para la cartera en Riesgo,0.336885960294846,0.7474563663119966,0.6607064768721521,0.5644504196615291,0.41298351617170637,0.5578544086836834,0.8403066793618643,0.38707697059090757,0.5666195275832118,0.5842906455285041,0.0,0.0,0.0,0.6046698463782818,0.27240318262861785,0.6365645787930249,0.0,0.4691160989092358,0.6841726759760203,0.614357467844882,0.31015126951966543,0.5726155917476822,0.0,0.33619566304382636,0.5695125577674979,0.5247302445526107,0.4519397090521857,0.35590104401884326,0.5218925947385016,0.5058265233040722,0.5873562525368511,0.0,0.6600226838105897,0.4623475690508969,0.6637994184349724,0.0,0.6853673764443354,0.33745072271099047,0.811751212105501,0.6275930878610155,0.5316486057597015,0.5089280582083016,0.2603862910241016,0.7232663589063629,0.19747644172954418,0.44060547324516974,0.1355132627926304,0.3733553626860082,0.6710241236613829,0.7070428993752086,0.5880095667341932,0.5713625155304722,0.48436468731708665,0.0,0.0,0.6882912500106295,0.5881875907008377,0.577059963964296,0.4589164710802898,0.7579926096838907,0.6677061203462096,0.8936771780208692,0.5905240772262862,0.7444937966153157,0.0,0.49465834586074964,0.7395034236563304,0.6229734399828608,0.11988842800988236,0.5836142234189153,0.4670843521702378,0.3196635454061107,0.6110180033744056,0.5494165727326783,0.3359243782988975,0.0,0.332202415563852,0.49030470179451086,0.7447240428059567,0.0,0.4344849758740507,0.642255259249191,0.0,0.5171559559550161,0.38242428381826366,0.6349279072176307,0.40455007220468786,0.5665910702784455,0.0,0.2502454318024185,0.0,0.6950561367197721,0.31194880571111383,0.36881602156487997,0.5019564444343912,0.7890234531752225,0.0,0.7000983262142509,0.49549604664606267,0.6116117650027484,0.008223315198416885,0.5126115193955105,0.0,0.2536545782944114,0.0,0.06917682400925941,0.8060807611573348,0.0,0.5943930657159796,0.0,0.4389391671299101,0.41460008025883305,0.4764123155500071,0.6580133451995848,0.6347555532617398,0.08028414786282116,0.2475085763364488,0.0,0.2657228991173588,0.5292563242357081,0.0,0.47501316554430156,0.5644043795673064,0.6085696817980369,0.5405687045841666,0.5543741003731208,0.0,0.315766612813979,0.2539960397752542,0.5098040531495363,0.3923579366888062,0.7282142013137672,0.0,0.3592629869285962,0.970068610236654,0.577609761716145,0.0,0.4039292885993115,0.7095320272601339,0.7346791014055177,0.3490938324166859,0.0,0.23420583729834413,0.4946734024728905,0.21325256964328324,0.5618091342569629,0.4919450307211541,0.8071182356618186,0.0,0.2857224080195935,0.7415484134786863,0.26073211515597017,0.4337614453605087,0.6224383288515899,0.16055874504730386,0.5031832236582997,0.0,0.42310879990206973,0.2566169287155998,0.0,0.0,0.527221710966682,0.728703901617348,0.3634094069124918,0.5705073274984612,0.0,0.4091280569609767,0.0,0.0,0.32516611316504285,0.34713941115388447,0.533952714569957,0.8457074014130239,0.5718348642875616
2025,3,Activo Productivo,0.7829362213332232,0.8839121758913306,0.8628395587511779,0.9322107053545745,0.6813343698098306,0.7781892151050221,0.8662719327856675,0.7701977528456574,0.7085362936793715,0.8701830248336065,0.0,0.0,0.0,0.7699756523384985,0.7554642635962449,0.9253277011533423,0.0,0.8026275232478984,0.6706911554034055,0.5844468374205685,0.9068098895673569,0.8470386715931616,0.0,1.007363141104176,0.8879697953032134,0.7691474565881455,0.725605535034629,0.8176929907713271,0.7546571459362792,0.861425041493933,0.8250045555477975,0.0,0.6698786466662624,0.8534170335273684,0.9336969273105471,0.0,0.7365954946718636,0.781155802835946,0.8287890248714703,0.811181856690997,0.8920530975128127,0.7823358047541457,0.960694870974102,0.9198344866264578,0.8838882077131961,0.8758523947943976,0.63090764011251,0.9000074470599994,0.7200413476445529,0.8918284290773465,0.8652487563977683,0.7314109838486742,0.8795870382181328,0.0,0.0,0.7460764032521104,0.9387029562541299,0.6758117471837685,0.8233205845518963,0.9417893573820542,0.6192498640388064,0.8958340894051882,0.7660833063692735,0.7599437757450427,0.0,0.6066726168450317,0.9107057887129123,0.7637550211959097,0.7482853991857538,0.7885369269182385,0.7927395071440945,0.7330476962208108,0.4853428353841129,0.825949887091242,0.8487973956524039,0.0,0.9490381632099539,1.0061069425333518,0.9536741279349661,0.0,0.8649417642952536,0.8001012172341553,0.0,0.8905745001691974,0.8629356616008085,0.8270179961333952,0.8667424163932413,0.8219490794298319,0.0,0.8021108093615383,0.0,0.8818935005377975,0.8578723869618702,0.9091503490882024,0.7910839155559813,0.8121542171816079,0.0,0.867058439941017,0.8721568872199347,0.887261093081332,0.8666636020374786,0.991158119580332,0.0,0.868111642661901,0.0,0.7335302100762197,0.7722164306912167,0.0,0.8916953912789543,0.0,0.7778807026643467,0.8762939827956774,0.8088281321732163,0.7618244380548225,0.6463075530226438,0.688412859594304,0.8598821819058089,0.0,0.7303217654088832,0.6793974046870521,0.0,0.8127224214073253,0.6851627708882526,0.7439947044219237,0.9484405923221588,0.9196588422842419,0.0,0.8885690218913054,0.24093866570693204,0.892969136267571,0.8338887614740066,0.7419499100652434,0.0,0.7538931063950663,0.8475836352232441,0.7140920992819536,0.0,0.9016248368815537,0.7035257418942245,0.7221620632333137,0.7843097716116889,0.0,0.93840432320917,0.7681677160580891,0.7895817593747247,0.9309771068950966,0.858289065216314,0.9478109981000996,0.0,0.8097264842656695,0.822502175857962,0.8047944589859025,0.7251118046859323,0.8137361040890775,0.8702615737277778,0.6108006486496543,0.0,0.7939463207591405,0.7826260916146184,0.0,0.9041772582110459,0.827525875112192,0.8897074388391255,0.8196077775693628,0.8641122958883232,0.0,0.8617609537031876,0.0,0.0,0.9173196870751336,0.9165105449286792,0.1453786316927029,0.8216182073009491,0.9161463046992394
2025,3,Indicador de Cobertura de la Cartera Total en Riesgo,0.09937593216584946,0.10198589816595233,0.06776559893345732,0.02181436419522256,0.06192322145205063,0.11961315032478828,0.07084766480637496,0.029431528892223155,0.15086170658939194,0.054252606660452736,0.0,0.0,0.0,0.08309761156225795,0.03870156623297838,0.12554065650556026,0.0,0.030839343807807604,0.10233685340548362,0.08686722937068883,0.045470673447921765,0.08762128639552677,0.0,0.10684164074476446,0.07243904814280078,0.050769537847140736,0.04528278920668807,0.08108850210410609,0.07196305007977875,0.06103381230131828,0.029036936213487914,0.0,0.2161612110785462,0.028101716153613444,0.04329914300149584,0.0,0.18119516253554355,0.023458743580337407,0.03307529394943724,0.06570561579460825,0.06050140860544863,0.0997122303039406,0.03202808765414323,0.07953996485097374,0.015996128414134916,0.035638129203410446,0.061669445679533606,0.050221752268417366,0.11447628988834074,0.08499860146040329,0.11039733067888534,0.15879585031979104,0.042172480251509145,0.0,0.0,0.12699510427055452,0.07040818240194245,0.08858324282011908,0.06244235304581012,0.12035170186797,0.12292772846872538,0.09067187586809025,0.05309675885779025,0.08614323587261882,0.0,0.05830374022967492,0.1155511128080289,0.043845141924286256,0.02258004754892021,0.06639382085025669,0.07574746679484205,0.04850946322317039,0.16179294006581518,0.04134555736481448,0.02017824630092444,0.0,0.04108471769947734,0.12472970736083593,0.07389122347295601,0.0,0.024055266712581815,0.10173534268547724,0.0,0.05101263554634203,0.03022327988248539,0.06375259907542911,0.057465020051028604,0.065386330154872,0.0,0.024659816915744235,0.0,0.06369022943347784,0.028056107340928248,0.057714628069854376,0.062297406767607685,0.18663421327325563,0.0,0.08039606092268796,0.07979448584402633,0.04298426119703333,0.021737237548274748,0.1391991114011184,0.0,0.029904256414221134,0.0,0.033531861242035194,0.11405233959278017,0.0,0.053994528145494554,0.0,0.04899811092484299,0.042587883473790604,0.07987312312081288,0.08684259432471393,0.06964550242406865,0.12662425276454892,0.03837248303097363,0.0,0.06587953234774366,0.05411484269914107,0.0,0.05409250546320939,0.11595813169230051,0.07327390308308543,0.06828764411655022,0.07871618697202072,0.0,0.06064337199039782,0.025478430530143807,0.04698273616084402,0.056303887171124126,0.13653574656829684,0.0,0.04952603321629801,0.1304732713951275,0.04187428372374285,0.0,0.030585059945384303,0.07772141670200897,0.06489783715817225,0.0574407636039941,0.0,0.028258463739421074,0.0797503432258027,0.020491737989839106,0.025837543398578428,0.05403642676643795,0.030388609786896635,0.0,0.045980380700403604,0.07805548798575965,0.03209121039268802,0.06251950686222153,0.13845031857505422,0.026965629334270574,0.07340049709360771,0.0,0.04383675236663173,0.03081670916121586,0.0,0.07315133018340252,0.0196104371571761,0.03856037861404144,0.03838366445931682,0.04248831968040096,0.0,0.03211568592255126,0.0,0.0,0.057801593110044555,0.03976929651195906,0.1532044021730105,0.09381547478977326,0.17599667520017173
2025,3,Indicador de Cobertura individual de la cartera improductiva para la cartera en Riesgo,0.33060805673042853,0.7206224788731574,0.6376426374665619,0.5618713523362109,0.4111608585106025,0.5869408152599074,0.8804936813118607,0.39152575525397076,0.4731582137014832,0.5925237584026856,0.0,0.0,0.0,0.6008599313187063,0.23585009782706998,0.7693156704758894,0.0,0.48174408742271296,0.6867603814474702,0.5913695200790948,0.30707244911168413,0.5396264186301064,0.0,0.37402257833072267,0.5739404251479009,0.544896969502778,0.4578949946480344,0.3494662167199112,0.5584573887930052,0.4983820172157683,0.539441432320617,0.0,0.6715363663053088,0.45195777517578717,0.6827303012133343,0.0,0.6929178020641044,0.3860843769842252,0.7122883873607803,0.642962852406668,0.5199589656023793,0.5145538157010873,0.30691978320544006,0.7360070581691879,0.10713567421522764,0.4798278673736105,0.14394964619397393,0.34879940921941094,0.6738539550681623,0.7021554352672855,0.5568075609194573,0.5631506785523699,0.5045608418505587,0.0,0.0,0.6705507801995712,0.611703026075632,0.5872989081283255,0.4904596017316533,0.7444307181742458,0.6817030488121327,0.9020039123677953,0.6065412391739825,0.5024280534516126,0.0,0.49325517254960816,0.7330774651951354,0.7580306202485297,0.1875175579147003,0.599105722874698,0.4521461902375683,0.32512418822069417,0.6199232268776707,0.5113093417557559,0.27664258491867655,0.0,0.35597993740991274,0.4998768812316617,0.7426679862426346,0.0,0.4262617504985534,0.6441390076539335,0.0,0.5149536623589641,0.3652917121940011,0.6842570470799336,0.3648169483721203,0.5662235597972398,0.0,0.23277440204425784,0.0,0.7104972413612309,0.30021882463461697,0.42457620679506697,0.5158891688312858,0.7767331608007805,0.0,0.7033134088868982,0.5698797926451279,0.6145845098958913,0.04692566931301922,0.5843849414076252,0.0,0.25299658006149334,0.0,0.06881861584183592,0.8283798685151615,0.0,0.6435901507686982,0.0,0.41335483889783287,0.3686781109602164,0.5485420822284809,0.6728288809234318,0.6235075202546868,0.07840659236475013,0.2816385710242282,0.0,0.2930818317353093,0.5241072754978959,0.0,0.5311000810631433,0.5745839042991789,0.6490212271123358,0.5785103083583093,0.6629068848976704,0.0,0.3109788164040075,0.2714143435668261,0.5924479311045205,0.44001433901743403,0.46446463178572617,0.0,0.3535588424764091,0.9733259221987589,0.6203595503611927,0.0,0.41098549584641425,0.7453314498201564,0.7253389890758131,0.35955641212925493,0.0,0.21280123800844694,0.5171636694150685,0.29695123487442404,0.5640810162902141,0.5291527399638504,0.7660987786231456,0.0,0.33060565992456026,0.7023760015068274,0.35661806278141084,0.4948812775552504,0.6800368387944529,0.16948081971400555,0.5185981842193262,0.0,0.42729700086315847,0.25050607772885763,0.0,0.7561167119031734,0.4798849338106179,0.7320625475462871,0.36365950017453225,0.6840702953257655,0.0,0.3540701962595395,0.0,0.0,0.31705946164984955,0.3352926644700165,0.6218494881035023,0.9505034337419156,0.5956664790049069
2025,4,Activo Productivo,0.7886993868108496,0.8782601161068471,0.8726015123518901,0.930178420063843,0.6864490621693444,0.748680624122963,0.8407116555462296,0.7645140733784437,0.7409368578603225,0.8729951082278925,0.0,0.0,0.0,0.7661772735519442,0.7669723941631981,0.8999195671820919,0.0,0.8062051661146188,0.6644035317235943,0.5695298177654957,0.9008477330588726,0.839997521115394,0.0,1.006106883349379,0.8865410362643734,0.7622008973728642,0.717402816621161,0.7978480975791413,0.7749865467268523,0.8325312697251047,0.8317540249678296,0.0,0.6508647139830189,0.8539219873548514,0.9386816912983506,0.0,0.73683735696251,0.7709311206041908,0.8107591030193531,0.8196860648273102,0.8995872716441139,0.777112707809316,0.9618124263558352,0.9355685787187339,0.8964188059245852,0.8783302670676234,0.6479242966134876,0.8667888046864223,0.7162387515708274,0.8898102386683933,0.8688487841144055,0.750144721867806,0.87804274927793,0.0,0.0,0.7356848814257695,0.941208152366027,0.673271643566431,0.8161395197981525,0.9299348200458598,0.6068167102980319,0.8807263794218899,0.7599012986291473,0.8146841286361124,0.0,0.6060821751444813,0.9012439119512011,0.7714066493268178,0.7505980809360709,0.7742181348803332,0.8159570727184294,0.7264784143967239,0.5032718882141617,0.828658844237184,0.8659364701251601,0.0,0.9507857832601876,0.9666737742749567,0.9665902115909315,0.0,0.8643195332826414,0.7986631355787811,0.0,0.8992262283961059,0.8669881041377651,0.855140431111395,0.8851261170587326,0.819619753790408,0.0,0.7999064684162004,0.0,0.897666576471627,0.8509065279799701,0.8699273942393034,0.7814759539759069,0.8170292708317951,0.0,0.8533537406392633,0.8612906172031067,0.8863454760816828,0.8641151662115039,1.0000380168246754,0.0,0.8698763565096537,0.0,0.7377089798886874,0.7553756692673307,0.0,0.9212161490088033,0.0,0.787006467389845,0.8763424691040839,0.8075888982916193,0.7515636616248407,0.6485543658219364,0.6927807193207376,0.8635832910012883,0.0,0.7324459266806574,0.684083528435315,0.0,0.7772341921777408,0.6833016791846483,0.7403658370842116,0.9579987881120753,0.924861447790058,0.0,0.9068014570798049,0.25638071784623856,0.8913818786487563,0.8329130272138161,0.7064679583867322,0.0,0.7743504534387977,0.8340874604992343,0.704486805043195,0.0,0.8818321512527232,0.6788096461440215,0.7246013178475064,0.7930356389645656,0.0,0.9228428027943589,0.7399943061591384,0.8048017176511605,0.9317771708794095,0.8636639510865699,0.9521403538527528,0.0,0.7971635983772523,0.8285788556350285,0.7998933928670358,0.7275998690295835,0.8011893060935721,0.8855664858689654,0.5956506212053045,0.0,0.8100007376306803,0.7734159547226291,0.0,0.92895696303807,0.8256386765338113,0.883288454660696,0.8158369169392862,0.8571968045372402,0.0,0.8545463473628115,0.0,0.0,0.9096337358946235,0.8910917638537338,0.1379794276013591,0.8288284162916552,0.9171765001592922
2025,4,Indicador de Cobertura de la Cartera Total en Riesgo,0.09908725410452093,0.10380741062270542,0.06737683437754315,0.021156337264616222,0.06448389686080866,0.12032644719822867,0.06770458365244258,0.02984310308072914,0.15969277474114557,0.05372423721430933,0.0,0.0,0.0,0.08707502211747625,0.03923286681773827,0.12684453872553042,0.0,0.0317398519426605,0.10797412298567115,0.0806410825435481,0.04732786995128935,0.08741432325483516,0.0,0.10762023067658787,0.07377240126516171,0.05033751916091381,0.0460550514076339,0.08201667210524283,0.07428938485027006,0.06210475895370501,0.029203259549838663,0.0,0.21996866751693178,0.027937194411843048,0.04323843879694518,0.0,0.18444845218150832,0.02458053148164363,0.03400928882854869,0.0697325915713267,0.06119175127623004,0.10479631390608354,0.03199849906607666,0.08148134465706927,0.01583059630552052,0.03554537481130155,0.061807680583778606,0.05105817505906416,0.11505696493498796,0.08547291397166468,0.11012069022904566,0.15497557726063205,0.04258374140668811,0.0,0.0,0.1318882923979308,0.0713217367249891,0.08895990742795044,0.06313892388435781,0.11935945639813017,0.12660238876802707,0.09104691563290211,0.05358468988321787,0.09663387281875674,0.0,0.0611648544645758,0.11137174730069091,0.04372066177590044,0.023782766657248277,0.06595990102378138,0.07435629136459819,0.05196849680111974,0.16347310897021092,0.04305252317719503,0.020070705740241924,0.0,0.04017083585559511,0.12677683600224018,0.07409009798807978,0.0,0.024306912546017266,0.10340903629482733,0.0,0.05199001966931795,0.03218149671894809,0.06386606381731957,0.06331570274450188,0.06509611933528808,0.0,0.024894721046343948,0.0,0.06215002456822339,0.02781656421902233,0.06028513035773119,0.06318376260998809,0.18441730449992588,0.0,0.0826343107540644,0.07964603408806732,0.043097419349811594,0.022648587386657513,0.1404696192801721,0.0,0.03003587816298544,0.0,0.03292064767899625,0.11581284407675926,0.0,0.04791236241621801,0.0,0.04752254191016156,0.044686716365037286,0.07818524620297249,0.08629488217188258,0.07061813329455628,0.1262758654951373,0.03797865567706931,0.0,0.0660362097200184,0.051365260219611374,0.0,0.05662270790280949,0.11655292536649012,0.07307333730374015,0.06830076968440135,0.08136188031687366,0.0,0.06165244272688545,0.027721873393646526,0.0477276034595213,0.06227021346834431,0.14873203251010145,0.0,0.054905108818195686,0.13111985057057585,0.044761366802274126,0.0,0.033855625886203555,0.07599044427690418,0.0640545432687315,0.05785072584591677,0.0,0.029128638770304627,0.08359511550339042,0.020663124935354396,0.026196994177086944,0.061618019703535844,0.02987494647635832,0.0,0.04703682887970784,0.07849404772265214,0.03215452605968491,0.06637495686426986,0.13816029855909687,0.026663290175091905,0.07994737769228309,0.0,0.0459526139582155,0.03410790941659161,0.0,0.07227995823139945,0.019713167207345374,0.03880846879248958,0.038487071688357764,0.043967642183764324,0.0,0.03276916164615428,0.0,0.0,0.059205800729084254,0.0419985665998504,0.16198569376026742,0.0928662431107438,0.1809520768727109
2025,4,Indicador de Cobertura individual de la cartera improductiva para la cartera en Riesgo,0.33371945669329317,0.70331652670288,0.6367256369182823,0.557083121652689,0.46358890215032567,0.5710138579565552,0.8668278612154374,0.40717181224249704,0.6178220262996997,0.5007142833300923,0.0,0.0,0.0,0.623276966894105,0.25642034029318783,0.6405560543115982,0.0,0.49333513954314095,0.7139470222971198,0.5043695373627394,0.3313362501333174,0.5927291533229859,0.0,0.41091781174371766,0.5872909028994484,0.5667254104980113,0.45729502095940233,0.3504009708128319,0.5665067794679032,0.4814285263849548,0.5835034086369519,0.0,0.6624294844249908,0.4596387263056366,0.6959898772005353,0.0,0.7045521884742855,0.3751619466771879,0.6466372171777004,0.6823761559492713,0.5362476737111351,0.5430228635635131,0.312308847448666,0.7963204758006721,0.07658471508941549,0.49232467971493854,0.13054265454063357,0.3376188484066236,0.6884044558842313,0.6893976948677594,0.568251890325717,0.5740718007146162,0.47803122221146005,0.0,0.0,0.6933436631408381,0.6144014301399844,0.5923883462798473,0.500306217128159,0.7495080922123964,0.6991721120959747,0.9936258881608255,0.6165860886633252,0.5965283433180306,0.0,0.5001046468908592,0.6926560278847232,0.7399193123274632,0.1565573878671099,0.597486632804561,0.479354040788221,0.37991376776005625,0.611127249040438,0.5294455338710725,0.2783634880258847,0.0,0.34508930878839605,0.5303654555089925,0.7496137078481689,0.0,0.37635051833437533,0.6548551234930374,0.0,0.5214484344880241,0.4432332147647796,0.7138326452916606,0.48107828963879123,0.5646907857620791,0.0,0.2272587171492317,0.0,0.7303345059614272,0.367912541717538,0.44444075037252195,0.5555255982444082,0.8103474216998123,0.0,0.7516791335934944,0.5395029973859194,0.6205210313334054,0.15448873151611564,0.5609416183933952,0.0,0.2603753734490967,0.0,0.06862250146792401,0.8154290445179501,0.0,0.6127590904521901,0.0,0.4491073908479745,0.3943991456540563,0.47708261984382294,0.6743278388844923,0.5768201444354542,0.0886677704712249,0.2754230456471965,0.0,0.29200560187633784,0.5583109732505278,0.0,0.5236906182866776,0.583735381337742,0.6203385076119047,0.5860340994990184,0.6005811982120122,0.0,0.3391419898103384,0.24563069810389343,0.5463784421038647,0.4748991629727051,0.44966810814885166,0.0,0.38609341261785096,0.9725298617255849,0.6441104578791951,0.0,0.44101765870593207,0.711262376180303,0.6680555712404134,0.3838817879067684,0.0,0.26052273374880536,0.4814037525988191,0.3007723542254831,0.5537221689881608,0.5803556930914171,0.7593644756091267,0.0,0.34519782527066684,0.7251764025207722,0.33802548560590595,0.5203062250798752,0.6741610168737059,0.17026596286624768,0.5754476354640111,0.0,0.48663048664547215,0.2660146327852402,0.0,0.6697242276346533,0.4908271743571835,0.737863272364908,0.36151145839460563,0.692866113489621,0.0,0.5823100462439451,0.0,0.0,0.3442734244063824,0.3596274363807817,0.641215524268454,0.9553539656343651,0.6170694685249926
2025,5,Activo Productivo,0.7930590087051747,0.8738380812737357,0.8751925444022803,0.9300081737493803,0.6806284421453659,0.804875916928139,0.8594413724211187,0.7733232042673592,0.7401639866630098,0.9067987653501086,0.0,0.0,0.0,0.7640257270709835,0.7802820864158705,0.8988584917494504,0.0,0.8000948722082504,0.677335001233388,0.5448922224544084,0.8892444636616268,0.8548037143496129,0.8833685052842194,1.0102140614554993,0.8798167225819652,0.7772208870404977,0.7316949240631407,0.7899018299220842,0.7780242950000034,0.8453309304262274,0.8123208175934375,0.0,0.6447720779656443,0.8576729746662611,0.9419150642648283,0.0,0.7299437515066836,0.7665183903373716,0.8287478112975253,0.8336335509704121,0.8975944780813525,0.7863918764353894,0.9596773787813081,0.9449243876557905,0.8934831974418093,0.9014845810360411,0.6731831757492974,0.8839489133442041,0.7287679388773995,0.8856123130659167,0.8637142518538535,0.7791477655996801,0.8715304187645191,0.0,0.0,0.7247632806131498,0.9434963518282066,0.6689475784323567,0.820395072470787,0.9440210951607411,0.5870888506774055,0.8705070511309811,0.7718450953455471,0.8020164105011778,0.0,0.6057880239003631,0.9073625345625905,0.7815424324724678,0.7454836823001358,0.7881462231250939,0.8445810520040146,0.7322274476204094,0.4946307953644409,0.8466761513503381,0.8613849920144618,0.0,0.9058264701327747,0.9734792263779604,0.9679704949829078,0.0,0.8739026793007132,0.8022400628438431,0.0,0.8913641179258346,0.8655146779761685,0.8394497504067285,0.8846856947768019,0.8187714009576564,0.0,0.7859616585290684,0.0,0.9211748869758257,0.8513285407725569,0.8498172364015886,0.777519802446781,0.8209177468123626,0.0,0.8468560367209839,0.8593364564361368,0.880761020164304,0.8309282600827923,1.0032543301864685,0.0,0.870643373375104,0.0,0.7267071891820812,0.7610936281618957,0.0,0.9297417402576904,0.0,0.7837288022325984,0.8727966543431608,0.8299490820443483,0.7440194417845952,0.6644273627223576,0.7063606517828382,0.8709885950920849,0.0,0.74759571895606,0.6669755340260609,0.0,0.7821789992331248,0.6789076170378836,0.7290618135636396,0.9615719346949777,0.9230472348353318,0.0,0.8997523831186237,0.2601888271689893,0.8496918265448008,0.852829075495673,0.726742059278751,0.0,0.7753230374046127,0.8318752784344905,0.7162539259247331,0.0,0.892555029324459,0.6905938353167386,0.7396458717643537,0.7985412077715492,0.0,0.96135615648487,0.7442871411133513,0.808417950517208,0.9301102764133152,0.8475892346415235,0.9499592587901197,0.0,0.7990488295063749,0.8441303821989126,0.8049685748172103,0.7375707411716856,0.7998678481568127,0.8894950267979647,0.6004317726157883,0.0,0.8070749719805734,0.7897595847889562,0.0,0.9155340214175104,0.8282820897509907,0.8850127700313704,0.8291868903343793,0.8522917075450059,0.0,0.8906317887971247,0.0,0.0,0.9083285323433524,0.8776811206630556,0.1598179373629734,0.8556260228138598,0.9134771796339611
2025,5,Indicador de Cobertura de la Cartera Total en Riesgo,0.09746008221370252,0.1090400844629674,0.06935127506266642,0.02041076388275595,0.06425269244381628,0.12089749740473058,0.0636203320796741,0.030750371314086325,0.17674413597006178,0.05333645022240941,0.0,0.0,0.0,0.08918979999203437,0.03677175926766236,0.12793226417180878,0.0,0.03178226592321153,0.09769849248111505,0.09090538724612239,0.046383848726290276,0.08707155230978897,0.04015427074743231,0.10671014022001563,0.060961650836944,0.04486998790495249,0.04678043601273681,0.0823846787565427,0.07365063188897496,0.06190729382010809,0.030096071449097473,0.0,0.22292553341307067,0.027676951668645446,0.04319228400486627,0.0,0.18066959673189326,0.026711861214196494,0.03305548322999712,0.07006246574082711,0.059840662457895065,0.10354231736447617,0.03180830329355741,0.08094675117028537,0.015379713501287064,0.03449391264750503,0.05805754543479657,0.055709676635196034,0.11519811915386369,0.08717286051383644,0.11030957889401231,0.1575700799457124,0.04116847885280837,0.0,0.0,0.1350248429274985,0.07071076731310645,0.09022598323813728,0.06188129219056343,0.11828644096180507,0.1276789166575199,0.08964667099731728,0.05402177944648442,0.09903318190926316,0.0,0.06442528349158425,0.11251673669602243,0.0425400227622092,0.02577106582522766,0.0692086537577349,0.07475628863091487,0.05401524392168347,0.15977929938449004,0.0479847099086091,0.020198904159527672,0.0,0.04029645295605841,0.13049327195078086,0.07748440846732121,0.0,0.023523137512064134,0.10424153034774583,0.0,0.052666206740561175,0.03415800652271315,0.056344485721715444,0.05803456955536189,0.06937471762764502,0.0,0.02565209993969285,0.0,0.060825359662893395,0.027806705428078324,0.06223649026175591,0.06356414440109028,0.18833854672926698,0.0,0.07198252013725719,0.08130088742609252,0.04314399945966017,0.02375552683571848,0.14275632496430074,0.0,0.029924671606626,0.0,0.03270421735717386,0.10150883071685635,0.0,0.047052007236806394,0.0,0.04761467606761192,0.04794879118754916,0.07855818884971733,0.08548897797184078,0.06961210380366967,0.12338676973212968,0.037361721458540914,0.0,0.06609353033249542,0.05047128693761249,0.0,0.05225111248323007,0.11162353213212046,0.07436756861779434,0.06828468006581594,0.08379524992715003,0.0,0.060513856050165245,0.028241002455441075,0.04850441704025007,0.05962970858016499,0.1452555318296213,0.0,0.056452428192950335,0.13262082126089395,0.042161538662955446,0.0,0.03569186814207822,0.0750761615087903,0.06781244135634487,0.0619983409429681,0.0,0.028497582967970832,0.0824848857193395,0.01829737543232793,0.026040937700255114,0.06830338808553746,0.03064252358441807,0.0,0.04718597686982331,0.0764460152380889,0.03093056790437795,0.06892864680598634,0.13954397818212314,0.026994542610938446,0.08263940784558395,0.0,0.044588896722780505,0.03387004851661126,0.0,0.07202990001717682,0.019592003710426388,0.03934730358610518,0.03866008368608075,0.04310709878944141,0.0,0.03377921147742574,0.0,0.0,0.060866328464925505,0.03474179129645616,0.1373747737252215,0.0873085457593633,0.1924954438300621
2025,5,Indicador de Cobertura individual de la cartera improductiva para la cartera en Riesgo,-0.3639692777397762,-0.7328834005501449,-0.6521828090632521,-0.5268648402930882,-0.4379504103143824,-0.6299204740948469,-0.8797688400526782,-0.45227196201687686,-0.5792592668065424,-0.6220009015151629,0.0,0.0,0.0,-0.6290864891291721,-0.20307025490304323,-0.7602615878380551,0.0,-0.5058914000863475,-0.6933571390076265,-0.5248674816985178,-0.3208501588334643,-0.5919378361462377,-0.7260726027505776,-0.4170021663916807,-0.5129513430162856,-0.5663734230648214,-0.4815822740619209,-0.3726861369382422,-0.5722774222237272,-0.4805692006386019,-0.5380588340783485,0.0,-0.6647653819365736,-0.4624039210177312,-0.673371235225083,0.0,-0.6884795897674225,-0.41430685652684013,-0.6870950243756877,-0.6943609077387264,-0.5442657685104151,-0.5414930922520069,-0.3071256120365405,-0.8217317655379287,-0.05687781097705725,-0.46985736140467693,-0.14816488067176967,-0.3920470648012773,-0.6777877804621255,-0.7028696965384627,-0.5760272801169897,-0.5961217237789652,-0.47296429819440466,0.0,0.0,-0.7086789476034754,-0.6242011942193638,-0.604465046772175,-0.4818890106682353,-0.7602036831639304,-0.7072012870076644,-0.9204090674716993,-0.618924914215128,-0.6063899308489555,0.0,-0.517107247964961,-0.7163059838161479,-0.7398972094888445,-0.19366981140236944,-0.6063903470315433,-0.5178943328676816,-0.4121319575180561,-0.596078996131286,-0.6037306699070645,-0.2946065863901624,0.0,-0.3622994074017584,-0.5457697637875791,-0.7927290769456526,0.0,-0.3745205162596172,-0.6679675470691874,0.0,-0.5279790558352933,-0.4608234089432858,-0.625206453473645,-0.4014872389807781,-0.5679637706374527,0.0,-0.22686451181099304,0.0,-0.7099480567047561,-0.3684048628443313,-0.41888607901591407,-0.5338041860341245,-0.8095135062109967,0.0,-0.7010005709221728,-0.5481748154597549,-0.5771719757395979,-0.24356226452962645,-0.5662685584468834,0.0,-0.2706569040619599,0.0,-0.06981156519162192,-0.7076804597545281,0.0,-0.6499892351122368,0.0,-0.45307219142373995,-0.4195995204305379,-0.5271905085099515,-0.6859603626284974,-0.6856166325148774,-0.08704931444256253,-0.26509986056614004,0.0,-0.33315582703107366,-0.6130966924132375,0.0,-0.4832894165229161,-0.5660066402448639,-0.6132825775531718,-0.6114220605054362,-0.6083522517486041,0.0,-0.3254233811809555,-0.3079099698521776,-0.5233445777374751,-0.47527774144139584,-0.4752022508736179,0.0,-0.40452957798576117,-0.9628505841419768,-0.6077626097529473,0.0,-0.43503442008756976,-0.7023425267603778,-0.6995636627607942,-0.46024251167329683,0.0,-0.22541348172496933,-0.5150506589584593,-0.2416340339038391,-0.45971179486070124,-0.6257019876762374,-0.7851629339271189,0.0,-0.3879462547527159,-0.7230728396763341,-0.3384167599470352,-0.5324960002431867,-0.7083752129328372,-0.15716704837019996,-0.7467332423017589,0.0,-0.4550229770316324,-0.26272071406121433,0.0,-0.7050528993590154,-0.490479057397833,-0.746489940343771,-0.3698238957280139,-0.6389682574212668,0.0,-0.5918208706478416,0.0,0.0,-0.3474447837623708,-0.2605490110098923,-0.5005550798432984,-0.9707364377258921,-0.6521507807919725
2025,6,Activo Productivo,0.8050048615592834,0.8823726905306623,0.8617484640700448,0.9339433791499562,0.6657912617974124,0.7769666917505805,0.833913325532325,0.7438660850016781,0.7522974100619904,0.8964548459906074,0.0,0.0,0.0,0.7479625747956967,0.7871908913901516,0.8895532322029596,0.0,0.7990541032265777,0.6845167713685346,0.5403665835821884,0.8840789482393459,0.8365568309717508,0.8753829541224831,0.9932257188593726,0.8689288949013547,0.769645280865381,0.711673099659705,0.7740245101566514,0.7708634823510714,0.8598736417705322,0.7471801650442428,0.0,0.6266841380046386,0.85966982068678,0.942694454706149,0.0,0.7196244813377497,0.7484471679985358,0.8235168477310797,0.8376853658250328,0.9016347776193319,0.7499857839599218,0.9582665973538134,0.9450991251658133,0.8714417158882589,0.8956121900555075,0.6588057445436437,0.8563440664959057,0.7178542427119262,0.8830561213530704,0.8599036304638668,0.7590733741198022,0.8679194260540073,0.0,0.0,0.7089221139144091,0.9309257688189466,0.6578258233311346,0.8281748623833063,0.935227581528864,0.5760060378402951,0.8710115595315603,0.7424141668802963,0.785588477060823,0.0,0.5995897347321283,0.9155698932363914,0.753143088568229,0.7320112147418136,0.7612718727523917,0.8527405728878195,0.7344564583762682,0.49609574230366577,0.8407683432226516,0.8409930640795523,0.0,0.9020068285292304,0.9766698029622367,0.9711928751254192,0.0,0.8420671181858722,0.8011729643743707,0.0,0.8878647938986508,0.8776497835493708,0.8493616173073235,0.8788958255658063,0.7952703083304876,0.0,0.7813341409867569,0.0,0.9134837800957943,0.8440720494814404,0.847804056394877,0.7549134407837726,0.801819796102934,0.0,0.8359435819399893,0.8626962585964906,0.8537673461773932,0.8238297353292207,1.01177055890379,0.0,0.8713658805297225,0.0,0.6808185289213194,0.7750106570173678,0.0,0.9185009410638758,0.0,0.7910069405093413,0.8440861405814191,0.8150823593774801,0.7337237345193232,0.64574727928846,0.6840926318210747,0.8763329279405653,0.0,0.7307256334048119,0.6579050576459196,0.0,0.7808558887122076,0.667173899726393,0.7252126032567863,0.9503758408461155,0.9296285097999517,0.0,0.8718687169801743,0.24502957993615093,0.874006448265696,0.8595910628169134,0.755713787239241,0.0,0.7818748515592875,0.8360841163353911,0.7067631965615262,0.0,0.8723218802266355,0.7056575267032095,0.7262815822264739,0.800509149698818,0.0,0.9358107296646938,0.7545490231456033,0.8035875662547288,0.9252283784784363,0.8314532290973957,0.9527280068010378,0.0,0.7983944980729888,0.838871748991481,0.8074331930401243,0.7597317595817074,0.7753292097738067,0.8673998696869132,0.5880894679164295,0.0,0.8232605656829756,0.7913078714596906,0.0,0.9157168273169078,0.8237578447414295,0.8779078620073931,0.8072834242499354,0.8482678902711253,0.0,0.8636097987258983,0.0,0.0,0.8996054742470764,0.8950647783955721,0.15527330115261248,0.8513497124258731,0.9142047691461549
2025,6,Indicador de Cobertura de la Cartera Total en Riesgo,0.09458775371432988,0.11394764776657215,0.06539553635928022,0.019972344461753864,0.06519500331927101,0.10995186661226304,0.06058416041652242,0.0313882371287224,0.17678130875101022,0.040220281763880435,0.0,0.0,0.0,0.09406691150347317,0.03646408158182833,0.12759389839756688,0.0,0.032475967897754685,0.09702839957800777,0.0906333509889891,0.04235416967709004,0.08713329694409695,0.03864700036044736,0.10727223013522538,0.061681899695021324,0.04436201667512097,0.04761550647134995,0.08971310600743918,0.07427494755909361,0.0626931845485275,0.03312005184805448,0.0,0.22692604519823473,0.027786675336031855,0.04358367403013833,0.0,0.18264381756570433,0.029093937251365533,0.03328638832453412,0.07193101526033317,0.060574296247486094,0.1120348106358392,0.031949349420718115,0.07001451862124608,0.016482648798056665,0.03389410989645324,0.05964771270176189,0.06039298116271516,0.11571640443096996,0.08584422153705959,0.11025575261927605,0.16249225898255873,0.04319598170452008,0.0,0.0,0.13996028068642727,0.06855832986345117,0.08680904742885448,0.063195868547327,0.11795309779074323,0.12813010287390458,0.09050438936299653,0.049767718835703176,0.09933546079151087,0.0,0.0667112484239242,0.11461432132234887,0.042744986426903046,0.027787114975803027,0.05403760299941992,0.07557907392747792,0.054124570744739156,0.14737664730259414,0.05106528917559937,0.02106243710390205,0.0,0.040683573575332845,0.13206247770017152,0.08008113262489391,0.0,0.023412775368697212,0.10512398448163587,0.0,0.05304763058731824,0.034988147111602586,0.057912069009135723,0.05861223662083873,0.06472671949356118,0.0,0.02597116831904166,0.0,0.06184272996922123,0.02714914601754517,0.06236950177869491,0.060951027671718436,0.19602465443321568,0.0,0.07455103780941418,0.08265363280348899,0.04406760314374703,0.02317907098041015,0.14641397248163204,0.0,0.02967981462545282,0.0,0.03744847450389785,0.10336796048809488,0.0,0.04942947828581374,0.0,0.0494210411778485,0.05118197495385047,0.07857503513446196,0.0839295953687107,0.07051705736280871,0.13347076541615172,0.03805547095907969,0.0,0.06584974492015326,0.05172872664842282,0.0,0.0579410148363286,0.11212260003298566,0.06506250772396856,0.06849266522000529,0.07789249364181604,0.0,0.06261679905608285,0.02890094269588427,0.04804473150758026,0.059329361807245386,0.15283000306333205,0.0,0.05878719122047441,0.13494362460667844,0.04204090882667665,0.0,0.03791220747248793,0.06600188736085093,0.07249245773149517,0.06284132736865565,0.0,0.028896516251757893,0.08426015975378298,0.019257939924647895,0.026775350860643605,0.07450785051358946,0.030771354086699836,0.0,0.048130875492742385,0.07647111290406097,0.028054321294822653,0.07162713307155687,0.12104366234546798,0.027376224778739893,0.08689864444233349,0.0,0.04418410009813588,0.0338639153939068,0.0,0.07289337213032172,0.019755781753410823,0.040509841624701295,0.04008448821544253,0.04361017068850532,0.0,0.03818033733394876,0.0,0.0,0.061605775035377924,0.031665158476788545,0.13874532319782112,0.08959176479644605,0.1685689819674948
2025,6,Indicador de Cobertura individual de la cartera improductiva para la cartera en Riesgo,-0.3663702028702522,-0.7670960651322423,-0.6427405386350004,-0.4840125404769627,-0.41138472383473546,-0.6361321171077821,-0.8874006564613891,-0.4349590761207648,-0.5569314011707062,-0.4070896269466627,0.0,0.0,0.0,-0.559963316936306,-0.21699854291550913,-0.7328039267033477,0.0,-0.5201903211663086,-0.6971355190476514,-0.6025744947414639,-0.42975890187053073,-0.5643975140621901,-0.6981847235099202,-0.3811912858862634,-0.4859617677238433,-0.5826165187193115,-0.4789241012626598,-0.41501087689161403,-0.5786240482637748,-0.5031682584172386,-0.5469409637446081,0.0,-0.663171586222285,-0.4980501559402223,-0.6716611051890035,0.0,-0.6950607073794439,-0.478260549446048,-0.6015695536024733,-0.6966867362669861,-0.583019794514092,-0.529031301298586,-0.2943842438305687,-0.751074574816212,-0.05864621106476345,-0.5223531705682767,-0.17560840611180506,-0.39162364285990114,-0.6637624671690618,-0.7074577448457604,-0.562616026380571,-0.5707449209833775,-0.5287444177603157,0.0,0.0,-0.6999999006417547,-0.5846079646764213,-0.5692387771078669,-0.505026600489547,-0.7580000079783956,-0.7160469275486558,-0.9401164509569601,-0.5488593671083564,-0.6334863725084863,0.0,-0.5519329491202603,-0.7496196437075587,-0.6023339002143775,-0.2077361314708144,-0.45365067129065345,-0.49663691504500285,-0.38654714253410255,-0.5068814011529325,-0.6122998808321467,-0.30314476619926145,0.0,-0.3827004888230363,-0.6860567759226196,-0.7954439093264428,0.0,-0.3726664378804436,-0.6706389357309015,0.0,-0.5020358603928331,-0.44503949480076727,-0.5960993636435721,-0.41377544148321116,-0.5211755831232929,0.0,-0.23830871553841246,0.0,-0.6917373485434778,-0.2976998016675121,-0.4052350225871058,-0.49593400639927093,-0.7732597179693768,0.0,-0.7314720805307392,-0.5841222350243647,-0.5745179676525205,-0.1851668153068291,-0.5826358323465238,0.0,-0.27872732916492643,0.0,-0.09564591100437914,-0.7524498413916175,0.0,-0.590914017175333,0.0,-0.4379882144882368,-0.4483545439108013,-0.505295794109187,-0.6980024530205506,-0.6585560920750523,-0.2811743472518072,-0.27855988373781926,0.0,-0.3065357422784786,-0.5374762187184389,0.0,-0.5080501934066832,-0.5862419280357346,-0.47913484221536623,-0.543986644175404,-0.6144893086413687,0.0,-0.2809840379458485,-0.2936391255319272,-0.5560481171113756,-0.5031027392893065,-0.5762079419283535,0.0,-0.438953921926604,-0.9762902589410068,-0.5258384704927485,0.0,-0.5391368924750337,-0.6797790677520761,-0.6915965020681648,-0.46055457778986,0.0,-0.2905743736764553,-0.5487072860437542,-0.2502478263562295,-0.49777776261964907,-0.6623011343640145,-0.7614129501811863,0.0,-0.38547481982242077,-0.6400976779823228,-0.3455207631289889,-0.5345844184253196,-0.6317127239814861,-0.12918331436050767,-0.6335557384710033,0.0,-0.5303649080165063,-0.18676969650009986,0.0,-0.7520919632892321,-0.41034090228145287,-0.7182986653126868,-0.35153828476935667,-0.59362827810721,0.0,-0.3157668538364516,0.0,0.0,-0.3561611164971987,-0.2844661851422793,-0.5341945492927829,-0.9640151321489955,-0.6323634331127352
2025,7,Activo Productivo,0.796450885811301,0.8787896315827273,0.8584530207773756,0.9248611692886306,0.6566102456739303,0.8024967245985914,0.846421148072009,0.72854705883284,0.7324856666243175,0.9061201484069478,0.0,0.0,0.0,0.7573859824292766,0.776783337972511,0.9033636713316533,0.0,0.8238148177828354,0.6931900056918118,0.5359053966305589,0.8847659075602893,0.8211881577083883,0.8759797723604563,0.9812505561068102,0.8752025795541344,0.7747572225134186,0.7403725086574355,0.7450520651176284,0.7673831006425602,0.8752748877810256,0.7559635585739588,0.0,0.6176050637541489,0.8849492403487276,0.9428025537636537,0.0,0.7165272105461142,0.7487285914339014,0.8431735104585057,0.8403345703683858,0.8985756257940948,0.7775163175851648,0.9636493583337814,0.9357097176120358,0.8794796206182276,0.8617157104603752,0.6317527364766703,0.8922855385992756,0.7244454106761529,0.8906856255598318,0.8709199082659151,0.7473881129717536,0.8802356596934013,0.0,0.0,0.6926831728511983,0.9339136390590252,0.6600057705671664,0.8386589700020463,0.9485127870817651,0.6129659851925444,0.8893286647149606,0.7461788284292696,0.7533266007584601,0.0,0.5872091083258599,0.9337430450483023,0.7462774453278592,0.751809602579477,0.7697301678922361,0.8637983445918345,0.7350006119444575,0.4632266254036375,0.8575352301308604,0.8530689997334606,0.0,0.9357197903700364,0.9193614510162199,0.9716521984230746,0.0,0.8572838357469571,0.8285796435840489,0.0,0.8897416726660559,0.870441699331368,0.8521661301653946,0.8877687372969301,0.804938032969823,0.0,0.7709736349463913,0.0,0.9042553344865126,0.8459326905614724,0.8649424167391996,0.7605763662957808,0.7836071908877338,0.0,0.8379959979778612,0.8603662079290388,0.8716436320395424,0.8323780075142829,1.011200754699272,0.0,0.8674392309280458,0.0,0.6483469484750631,0.8241980335052463,0.0,0.9042374642819206,0.0,0.8168803227221015,0.8657616428763284,0.7993873168302517,0.7228116376591189,0.6474865878641051,0.680545766491685,0.9005654514665464,0.0,0.7413064859524149,0.6435639936294821,0.0,0.779323885840569,0.6661979036288436,0.7186265291924814,0.9700677439145435,0.9317204296929801,0.0,0.9003661733657303,0.2565757565342592,0.8611459235882246,0.8669137731334107,0.7356863419572823,0.0,0.7564559483925307,0.853194346213474,0.7044753182098566,0.0,0.863106482519937,0.7167578191838734,0.7156329250780599,0.8111782143905705,0.0,0.9589215184313733,0.7492649317302007,0.8067857994756223,0.9227172129867656,0.8112536919459742,0.9568494820649459,0.0,0.794564478464599,0.8533674109322298,0.825688761906031,0.7889779041140407,0.7920112751951304,0.8876455380124918,0.5730166972384693,0.0,0.8232424057679942,0.7889070425049791,0.0,0.9324534183509534,0.8253501537371077,0.8798210211648002,0.8183853010116433,0.8446803354672371,0.0,0.8810600200308308,0.0,0.0,0.9163627507067796,0.9110564308718462,0.1508608744763317,0.8388434732080889,0.9237968402030523
2025,7,Indicador de Cobertura de la Cartera Total en Riesgo,0.09482180747675348,0.10441363523221942,0.06705082081141729,0.020514941160106607,0.06641098601877966,0.11328730080753485,0.07870185977532307,0.03265328433576648,0.15914559229125555,0.040907095738824596,0.0,0.0,0.0,0.09666532462335031,0.03576299665299452,0.12947282530185183,0.0,0.03273352919605411,0.09663105697655604,0.09313084037375145,0.043441545144269254,0.08700072003061261,0.037460315024959126,0.10689644142150141,0.06226208273314559,0.043981144738336655,0.04885942791837249,0.08893091896158642,0.07477601213430662,0.0628550732694089,0.03365664882061207,0.0,0.22473360949969787,0.026268811985097233,0.044400141584575954,0.0,0.18334866262574467,0.029685910456490057,0.032907850442903966,0.07446467178650232,0.059394501357234786,0.10998383409583583,0.0319314274154811,0.06829723559663091,0.01860597529026672,0.034151065247739344,0.05982130937597567,0.05776735518447196,0.1151412173920633,0.08394413363702705,0.11133615994867034,0.16358334020764637,0.042255118149816216,0.0,0.0,0.13956933126384038,0.06845132120006232,0.08636320417184443,0.06189281969726472,0.11495975585644436,0.1263323909068545,0.0897550229879531,0.05292806911113621,0.10805466152343497,0.0,0.06440683394081767,0.11568218144572072,0.04265551470270447,0.02856006423869978,0.05440801275732003,0.07547068339411205,0.05530356817871341,0.15078832451909902,0.05342417231960716,0.021773380750810024,0.0,0.040514288676133735,0.12789988754325263,0.08063106298124124,0.0,0.023207347865679618,0.10588256215802927,0.0,0.05422439333402944,0.03315996051559602,0.03213373037487968,0.04521664036345972,0.06745255245721574,0.0,0.026676523997538965,0.0,0.061499427021247444,0.027037854330844734,0.06256725951959356,0.0621172162534801,0.21128427514088322,0.0,0.07471250197475007,0.08574215634245014,0.04538739318016498,0.021765723594509255,0.14667836507653398,0.0,0.02959941355714134,0.0,0.037223073789430294,0.03957784341998005,0.0,0.04786551756106698,0.0,0.04822628217397778,0.05419365406244328,0.07808575532293476,0.082155901950331,0.06608050481129496,0.12255129420802767,0.03845135172215323,0.0,0.06521671237226476,0.040740906952729916,0.0,0.059194780560182174,0.1107854363698542,0.06731909008981203,0.06770901058428706,0.07952703528725422,0.0,0.06031025285449139,0.03058661939236291,0.047193896225924875,0.05975193300729752,0.15270660919407367,0.0,0.06281569682894647,0.13414441084104248,0.04248554185576031,0.0,0.04431857690186007,0.06385763267941832,0.06842895429904984,0.0621206834541602,0.0,0.028463501642562252,0.08544363999403726,0.02010013091980117,0.026997881281353626,0.07827947950971768,0.030957185501722873,0.0,0.047043086652156334,0.07582905113097319,0.029677460847823873,0.06751462935317527,0.1197506040231182,0.02683750814928084,0.09215018371862116,0.0,0.04587355286589024,0.033036971347151146,0.0,0.07488713989952986,0.019759752007996692,0.041038511751556615,0.04017407251595824,0.043892374487635895,0.0,0.035425678661544155,0.0,0.0,0.061282752745295474,0.03363526253073217,0.12920134539865183,0.08971152798367062,0.17285311778215082
2025,7,Indicador de Cobertura individual de la cartera improductiva para la cartera en Riesgo,0.38848720297615735,0.7477407528611408,0.6719467072869717,0.48636715516997125,0.40932923541094046,0.6475838777651304,0.925334134142272,0.48423252205637274,0.5683493874294611,0.42673121688841426,0.0,0.0,0.0,0.6436358369073022,0.17848952500685758,0.8031777111936121,0.0,0.5563078091121024,0.698612316831665,0.6068762874976257,0.44889112534794623,0.5653496769766593,0.7430945227743805,0.339796681065535,0.5154004499454968,0.611354676110187,0.5057797347270437,0.40409529790333265,0.5842985452251913,0.5408543997148181,0.7975778305454826,0.0,0.6831963623123756,0.4599992141965344,0.6834110697588999,0.0,0.7031344285806684,0.494699434525216,0.6756774904676239,0.723598584879156,0.5550582292464676,0.5259025945634929,0.2885606081140635,0.7470392752016117,0.07797213588121232,0.494094995491286,0.1768077964930606,0.3755556344166664,0.670878548164703,0.69948553611073,0.5503467553351525,0.5719094758807244,0.5421029747786927,0.0,0.0,0.6960875252530206,0.5994887921544847,0.5818666479011988,0.5184809291538613,0.7977029233267582,0.7087502001544451,0.9742506644123687,0.6240745059681688,0.6817179563261208,0.0,0.5387601049333395,0.7430918879757237,0.5867216970498329,0.1997792196265678,0.5348662483746541,0.5160167533584049,0.43591719112083627,0.5337999787103024,0.6488407883053985,0.34425534544322905,0.0,0.4136735447240969,0.7035965325010919,0.816575722311199,0.0,0.368241177209314,0.6813941691903291,0.0,0.5100818247929957,0.4073133729212653,0.4979589031100114,0.3031873546981162,0.5844460066852519,0.0,0.24691404601337327,0.0,0.7137880962601761,0.2935426730535325,0.42673116513733955,0.5097358774352665,0.7997804364262004,0.0,0.7130256212981269,0.6647365476070491,0.6159490418365896,0.4403893435270709,0.5678957912395448,0.0,0.2864926464982659,0.0,0.09521374042345132,0.40990224150972376,0.0,0.5759468782747198,0.0,0.46331897472749506,0.4683871433892526,0.49478799167701704,0.702389187626132,0.5730342805266329,0.07277206100154665,0.3384404212225823,0.0,0.33277029405280967,0.4973491301489374,0.0,0.5182253293329503,0.6024900668304224,0.52961581023528,0.526589787802458,0.6311272670506984,0.0,0.2817432031547809,0.3171613405857091,0.4808719063330368,0.5467083968238247,0.5273990977366857,0.0,0.4435910293670608,0.9747560938547192,0.512095552312811,0.0,0.5452233012019446,0.6910923987365074,0.7134858043470597,0.4519158172355441,0.0,0.3059952748966725,0.5427687991109162,0.2273136242843874,0.4909969029156981,0.7006156176674287,0.7549892442504632,0.0,0.3928681748050662,0.6766848380605085,0.3621400253305652,0.5293964984012998,0.6333656799160606,0.18096194073118874,0.676076942052889,0.0,0.5081621351456527,0.16738423218036533,0.0,0.7728607362172546,0.4382050329415778,0.7050040756192917,0.36740461353560455,0.6009652066945025,0.0,0.1881470989355817,0.0,0.0,0.37626904809882483,0.3114091781414962,0.4867254626254135,0.8289451303985038,0.6379369727441929
2025,8,Activo Productivo,0.8074474704518426,0.8726973974555415,0.8574857549319173,0.9343772842345038,0.6522770059961107,0.7768579684812621,0.8446472924570826,0.7356835196420657,0.7512772898405701,0.9103689606210209,0.0,0.0,0.0,0.7620666460881486,0.7652864648982727,0.8989541129087962,0.0,0.8073692482466174,0.6930631816218137,0.5294222087598504,0.8999057344375557,0.8178117957369293,0.8818879708196389,1.0016871130110758,0.871971772770024,0.7730976606911947,0.7446611244558071,0.7551856812711775,0.7592794926795525,0.8601603485033434,0.7735118928190353,0.0,0.5482199375477759,0.8827179216316055,0.9326277519076867,0.0,0.7105641733683451,0.7543601001321534,0.807299812365219,0.8260502658130865,0.900908938961403,0.7742823787491412,0.9655589910518139,0.91563773530517,0.8665481013091777,0.8821348825335531,0.6520096932358138,0.9087064650503743,0.7426110798425388,0.8930988512654779,0.8805988341647479,0.7288459031304398,0.8780290008025965,0.0,0.0,0.6576421930199517,0.9374327918338886,0.6582164946486825,0.8434944154574451,0.9551061001976716,0.6217146214050897,0.881979166941369,0.738715986272983,0.8169108724021776,0.0,0.5812750716440941,0.9385778065581981,0.7847317493866574,0.7774492067884392,0.7378416089277205,0.8694248617496079,0.7221374011429317,0.46125531930684965,0.8451474240076998,0.8505209541865828,0.0,0.9464645152753105,0.8778768120873477,0.9737892815388217,0.0,0.8458314689459587,0.8252445783985679,0.0,0.8851023750590618,0.8572491789002279,0.8585778649748621,0.888181156984632,0.8051521418015626,0.0,0.7839898763492767,0.0,0.8941484054504834,0.8481082500359587,0.846265262499389,0.7749830906287499,0.7844177617462103,0.0,0.8360364171175173,0.8761748003922938,0.8686171943445362,0.8398229648159261,1.0081592379747517,0.0,0.8869158217280219,0.0,0.5998261155870361,0.8486651250802462,0.0,0.8911553656220101,0.0,0.8236000622948245,0.8641379603825402,0.7960647383915775,0.7192519519463806,0.6569883837821615,0.6986229074486197,0.9026258910014994,0.0,0.7403927656701824,0.6501589755356579,0.0,0.7890524786352227,0.6535525645697119,0.719126717808257,0.9743628431171788,0.9042753481942655,0.0,0.8672036224709778,0.2482820917531085,0.8438624491035974,0.8616810619788627,0.7029391829202206,0.0,0.7582105562043506,0.8559936662207356,0.7073996180123926,0.0,0.878436353575405,0.7007733066572546,0.6774113793551378,0.8234170014787847,0.0,0.9494663431568504,0.7415210900490685,0.8100811186310266,0.9108480493299298,0.8047990277877585,0.9589376843376852,0.0,0.7937977885314277,0.837254849490948,0.818425608263635,0.8205013788479745,0.8048667974195993,0.8985772877128269,0.5632483601138366,0.0,0.8289342907483113,0.783023018397278,0.0,0.9351573709497103,0.8261004760422993,0.8874977354129855,0.8169613811070695,0.8535423548425036,0.0,0.8740211852020044,0.0,0.0,0.9149319417000182,0.8589897088446915,0.14440525874089072,0.8446289129752702,0.9470964465034329
2025,8,Indicador de Cobertura de la Cartera Total en Riesgo,0.09395675415778816,0.10453418071671502,0.0690156057104872,0.021085940309032054,0.06817157326096424,0.1132675089345398,0.07478513716027796,0.031425494124642316,0.16680739087193988,0.040169475388373344,0.0,0.0,0.0,0.09986262978979857,0.03406596715979858,0.1305191162067441,0.0,0.03235502978515686,0.09794968078709004,0.10141297577964198,0.040037927598940724,0.08680957962080912,0.03811887465771454,0.10615133711569018,0.06275079870759945,0.040981694654502666,0.050321006021919114,0.08902668257421228,0.07530411943312484,0.06277226490942005,0.033206068449434856,0.0,0.22467503986735252,0.027344378478795592,0.045216032129380426,0.0,0.1785201861295625,0.028822789133358423,0.032437637936690994,0.0783208986314752,0.05887982922361831,0.11412969038151882,0.031923546800471526,0.06754715966943639,0.024780266635278107,0.033508590953031984,0.06027645798963921,0.05286401528905932,0.11498657635849172,0.08407865023261259,0.11137108889225597,0.16698779589563034,0.041877241692136774,0.0,0.0,0.14072497076674775,0.06884587132444893,0.08714830092174697,0.06034703271615451,0.11404368142713185,0.12313595105275199,0.08914551331559432,0.05324878523223445,0.1049786079067501,0.0,0.06760031427616606,0.10701004328485876,0.04191543912288072,0.030533493740427263,0.05410867709154935,0.06742047991617002,0.05371758750641305,0.1560181234026438,0.054371540250553685,0.02112515418439096,0.0,0.04008437702133152,0.12953918336334305,0.0809916414960255,0.0,0.023162059048928388,0.10674395777431206,0.0,0.05523476229206748,0.03409819230248632,0.03245101429483153,0.039779160739723776,0.06162773015482955,0.0,0.027202612758072273,0.0,0.06201291315773135,0.026762102939472305,0.06500772774502692,0.06280201689958792,0.1492135888775904,0.0,0.07617070265965203,0.08368490011235442,0.04558915445101538,0.022556430950294373,0.1507721473883512,0.0,0.029447734961956556,0.0,0.03840513372732181,0.04399997617073871,0.0,0.04741058144850601,0.0,0.04948076029436761,0.056913267614402026,0.079397163093026,0.08053777303489708,0.06725405875496969,0.12163017195148802,0.03869272290814813,0.0,0.06017611583669283,0.039719899889891795,0.0,0.06360664538451637,0.11431241290997027,0.06866645393821823,0.06762724568512432,0.0835499222641417,0.0,0.0619004948647938,0.030746243786456344,0.05082536689786473,0.0595303702695209,0.14926374051583288,0.0,0.06336871926073806,0.1341586036279585,0.04359732220642379,0.0,0.04158362183247299,0.06338219142517043,0.06016798735488844,0.06304972480405106,0.0,0.028404364378534656,0.0918845310978981,0.020553801332976913,0.027627553117792747,0.08269254829674992,0.030515969468862144,0.0,0.04742559956909872,0.07539357357270142,0.03005533590433935,0.07159889013157604,0.11859098898481711,0.0255977482721741,0.09405849465450261,0.0,0.032678691757602386,0.03320859785128921,0.0,0.07514027254922544,0.019740493816079275,0.041286465083509506,0.03998961748138484,0.043950945754390715,0.0,0.035379748690189256,0.0,0.0,0.06363924926808603,0.03846753911825414,0.140833647840283,0.08860796107888172,0.2217747668532879
2025,8,Indicador de Cobertura individual de la cartera improductiva para la cartera en Riesgo,0.39621281335715597,0.7350178864237044,0.68025741369718,0.5530574908648064,0.45082950595441934,0.6085564204260376,0.9168242712450324,0.46393681048231705,0.5458012008315516,0.4437861762722568,0.0,0.0,0.0,0.6654631129593297,0.12728977878815623,0.8331737391297656,0.0,0.6007773793532895,0.6903212348587439,0.5632233680405199,0.41224224990497865,0.5816078680555955,0.7102774935646327,0.3844164614676621,0.5121323583173332,0.53162217722025,0.5587189280915227,0.4254346893415616,0.5894849153551285,0.5026982906783705,0.8026616383386951,0.0,0.6838009827033695,0.4883240323598286,0.6787169798652456,0.0,0.6930497831106261,0.5540982231475446,0.6942629090277881,0.7496365398724636,0.5423337592260987,0.544303700895724,0.2799214705641541,0.7545579528115794,0.1372062209636656,0.5070413476837148,0.17352678093984505,0.3559396925480159,0.6724551222862034,0.7020755942177471,0.5645607382755962,0.5462188878264507,0.5509274721391444,0.0,0.0,0.6908929074759698,0.5952161238491859,0.5718687501993297,0.5073251575213816,0.8064559786190939,0.7062986493859362,0.9904846304451139,0.5823300470579558,0.7712930366482387,0.0,0.5713858925673012,0.6767551699924164,0.6239979738234525,0.24884990424617884,0.5025148084881765,0.44677134985503963,0.40141304701414804,0.5951585251248356,0.6350633830666234,0.3446313089122828,0.0,0.40779130219748977,0.7027592928537081,0.8305691536794503,0.0,0.3645039825341169,0.6839058517357559,0.0,0.5145351118033624,0.4195207612373347,0.5127869604622206,0.3388776673979635,0.5401241234922086,0.0,0.26926635743503274,0.0,0.7232383144264001,0.28203163422593736,0.4584763898473895,0.5407941668225531,0.7474716640720717,0.0,0.7408345673387678,0.6524441694727717,0.6079369415934978,0.5223581169357936,0.600368224136394,0.0,0.2830440755491165,0.0,0.0952038916525312,0.5633024928407153,0.0,0.5675107218706439,0.0,0.48932713686300483,0.47855167082134303,0.48935209755189574,0.6995678676322367,0.6482987255563112,0.0783375465840089,0.3530015074112555,0.0,0.25817933822032996,0.5095289628884956,0.0,0.5639040109704119,0.6395151299025682,0.4670753235024017,0.5421730114901848,0.6596160160540568,0.0,0.29022903980597686,0.32207263412441256,0.5540320798726582,0.551820238797392,0.48498297974031823,0.0,0.4530608087682608,0.9720068316468932,0.551612413953616,0.0,0.607923846806166,0.6808964794412317,0.6504644004870584,0.4681876446972188,0.0,0.3068417812824258,0.6024764697247345,0.20926689522456732,0.49035658470887306,0.7254002893147242,0.7764536863238749,0.0,0.4035150922158767,0.6905696227165574,0.4065137108535624,0.5914944460959881,0.6504318795156653,0.18250915796542896,0.6928438217055264,0.0,0.33471280881407445,0.16796013396752277,0.0,0.7581924448870595,0.440084196483497,0.7187674222704562,0.37390810136441566,0.6089452267639988,0.0,0.2987601614510638,0.0,0.0,0.43365210162140827,0.1929434371436694,0.4716647371817533,0.8287377365579577,0.779209512052805
2025,9,Activo Productivo,0.813628259807823,0.8826064075118033,0.854546616438694,0.9282111342892554,0.6581274693419515,0.7479301357474923,0.8651599381701965,0.74424554779146,0.7275231342260406,0.9309320705857801,0.0,0.0,0.0,0.7718413895602964,0.7792397310364373,0.8957661903237101,0.0,0.8406886492017454,0.6936052159794452,0.5270461981035717,0.8952012591197483,0.8213016092420298,0.8775332954305279,1.012902581494632,0.8774630198240186,0.7660895740562185,0.7318988986678302,0.7448176826440973,0.7491818170276913,0.8733576724971479,0.7647753020092849,0.0,0.5377633139434632,0.8978684581215159,0.9234240468011466,0.0,0.7117368165063779,0.7558587895304584,0.8336351785769724,0.8061276517149654,0.9054420489962051,0.8043861544706498,0.9579161608287817,0.9327741885374622,0.8857268647962816,0.8764876485881814,0.6789278725480496,0.8788736637227744,0.7582922123028257,0.8941111443765657,0.8845662711696873,0.7173170006146111,0.8866296140473231,0.0,0.0,0.6485996054437131,0.9419399795671707,0.661690974828946,0.851652476976996,0.9596793853657021,0.6264833210290416,0.875588074909361,0.7453030776492501,0.8010153837516454,0.0,0.5763617884147593,0.9581229958524619,0.7841202468197607,0.7911387641757952,0.7076682029037926,0.8819196655286156,0.7262432496150152,0.4648521117991483,0.8346984746622952,0.8602597674726639,0.0,0.9490484450698641,0.8961746571234205,0.9742440779340985,0.0,0.8594883270698954,0.8229541213349746,0.0,0.8838123136762409,0.8465401101265456,0.8555955812786137,0.9131491939104447,0.8110731548524767,0.0,0.800889097751612,0.0,0.88608852113226,0.8468948181080672,0.8615233773951909,0.7943676499157791,0.7552141900641218,0.0,0.8401445545758122,0.8636829046415406,0.8860049807463202,0.8545989327088931,1.0084909153854507,0.0,0.8892518748001309,0.0,0.6311660042775731,0.8318235338389279,0.0,0.888408191170146,0.0,0.8033381174035404,0.8573538209167754,0.7979426273927582,0.7078279345559743,0.65365637577077,0.684283472258613,0.89655652322801,0.0,0.7418370521144849,0.6427392037371797,0.0,0.8065486226124545,0.6477751890221622,0.7310125828295067,0.975324822718784,0.9104105740047963,0.0,0.8944513765188684,0.24188744888780275,0.8584608542719334,0.8725766450554968,0.6855316457350614,0.0,0.7695865595049186,0.8458722735305939,0.734567722104203,0.0,0.8889428805780324,0.6839579072940307,0.6595717859624163,0.8067437471096314,0.0,0.9457366450545723,0.7301666234406435,0.8031017280772643,0.8989160539641533,0.8026494572906704,0.9566718001917318,0.0,0.7951574151380254,0.8434386015176667,0.8092592483668885,0.8215820572089683,0.8127473927786822,0.909010964406389,0.5573999224549614,0.0,0.8230933609454923,0.7805366235702903,0.0,0.9392908390900596,0.8358271325821115,0.8991599184012983,0.8193584871381085,0.861242735167792,0.0,0.8412219232852524,0.0,0.0,0.9280894782083418,0.874836388954359,0.15075505882415943,0.8340144034232407,0.9512248006487279
2025,9,Indicador de Cobertura de la Cartera Total en Riesgo,0.0980809899664447,0.1065995081716313,0.07010212291844649,0.020736062853361117,0.06789157920422938,0.11051103564174959,0.07085019015412952,0.030425079900206646,0.17114555343999455,0.04071024565934574,0.0,0.0,0.0,0.09337456875485699,0.03458409063840375,0.1315698993588763,0.0,0.03156425985059569,0.09904917187440382,0.09697589469858621,0.039904282479997985,0.08668267113134905,0.0371566490650142,0.10526777459906127,0.06364298372428683,0.038849556757463946,0.05129399166714625,0.08772064136603372,0.07494544650742029,0.06320621862052885,0.03232557020151969,0.0,0.22860775625064184,0.02747713352584097,0.04640523428503281,0.0,0.1800979890939664,0.029517504685146953,0.032204956108406964,0.07828274092816558,0.058521653189573364,0.1083713193794969,0.031857875997600066,0.06606744839239526,0.019050242616040654,0.03406831969484829,0.06026381514930356,0.05306809621851633,0.11362735144650973,0.08364314110764082,0.11169248283251498,0.16769543438618875,0.037742102666763734,0.0,0.0,0.14421511375129145,0.0684678348331511,0.08758834143226661,0.05887384016404541,0.1121724311348165,0.1264634386163589,0.08959015592116855,0.053871794358627025,0.11501043958590146,0.0,0.07087692477213253,0.10775522083335626,0.04218725536346372,0.029344266774472785,0.05504763941601971,0.06657480699709668,0.0506509694435801,0.161580479857912,0.056884687004223895,0.020812311206808338,0.0,0.039248203139375194,0.12878759116984317,0.08018272563394142,0.0,0.022577698827927137,0.10690532410081509,0.0,0.05669819316656877,0.03353831752797085,0.03342965215811793,0.04022406334899283,0.06471895993813577,0.0,0.027497932093192273,0.0,0.062197726460043845,0.02667738488731684,0.06572722389890955,0.0690355946097258,0.14917884773711484,0.0,0.07540588605584132,0.08375076359493318,0.0424941584812341,0.024291305025890178,0.1513125002995162,0.0,0.02927573592444906,0.0,0.03900021282170555,0.042964045621973486,0.0,0.04704151144700052,0.0,0.04938410698645793,0.06114806132032343,0.07203745892922099,0.07954480021940775,0.06697613950426094,0.12118492734638363,0.036138398161617576,0.0,0.060648583788949294,0.03837528498383286,0.0,0.06578158674771153,0.11679074040294218,0.06825188431220576,0.06574156625484553,0.08451101402958423,0.0,0.06235934851894908,0.03263858288250535,0.048005191508216354,0.041323325768781866,0.14102922754155958,0.0,0.06744769975936471,0.13449469807079067,0.037658432049048875,0.0,0.042434846828599396,0.06308251798398848,0.06302539184024543,0.061129783764390905,0.0,0.02838238530030502,0.08344496805296425,0.020620049496760374,0.027031047488123627,0.08689618922950301,0.030406667815883526,0.0,0.047735395550136846,0.07411971861636212,0.02995621377633643,0.07264171838576365,0.11877878250718897,0.025119498922505458,0.0940883037975924,0.0,0.033725631941516884,0.033350003560903424,0.0,0.07591351333791209,0.01630093732216773,0.04167811952691131,0.039743446104363415,0.04452739632689139,0.0,0.03719840569590571,0.0,0.0,0.06477139010566063,0.04815922849552655,0.13547181340217873,0.0900440179037138,0.2237986065156614
2025,9,Indicador de Cobertura individual de la cartera improductiva para la cartera en Riesgo,-0.4032229577912188,-0.7459594575183178,-0.6724455880520704,-0.552204494853306,-0.4707032591719013,-0.6982268771769797,-0.9023399218910082,-0.47181859538482857,-0.5795792263648435,-0.5189093222880616,0.0,0.0,0.0,-0.6484113284262573,-0.16146922898026916,-0.8043549203378745,0.0,-0.5921179553133812,-0.6942666991944565,-0.47665798527144815,-0.3917822559474719,-0.6031087427022077,-0.7257221079873216,-0.3576357907531036,-0.5297014404989543,-0.587403631325838,-0.5811059822041081,-0.4271192341520553,-0.5532426844289653,-0.5465925241911943,-0.5738149302184895,0.0,-0.6863474700503301,-0.5052896042663281,-0.6721269503012463,0.0,-0.7022088259269504,-0.5458922505436838,-0.6722350541189961,-0.752680376508192,-0.5288006518495595,-0.5393136026832629,-0.29215965803215227,-0.7507635860469912,-0.0743434225919838,-0.42233783643371087,-0.21882258422972684,-0.3584532845024628,-0.6456679858897764,-0.7163911713709106,-0.5723022522634627,-0.5291985578659743,-0.4948451185404172,0.0,0.0,-0.6805306797617416,-0.6175930192815057,-0.5937569399239159,-0.5063247348792533,-0.799864088251135,-0.7262049730043121,-1.018785301087886,-0.6012093065985326,-0.837633752541874,0.0,-0.5633184060995347,-0.6913568910028427,-0.6330392396803703,-0.3774085305580244,-0.4351394874539487,-0.4659340270943653,-0.3937473007155367,-0.628503152099273,-0.6589767258148523,-0.332591139518944,0.0,-0.37521390478949135,-0.7100241347295487,-0.81295900190343,0.0,-0.3745325739507961,-0.675799695174178,0.0,-0.5159887332587739,-0.4140774735757618,-0.5401339716273728,-0.31429990554487824,-0.566117019431819,0.0,-0.3135580460979559,0.0,-0.7014094768693486,-0.25015464746174443,-0.5076528365574497,-0.5705577989411109,-0.6442621074486967,0.0,-0.7475136293579357,-0.6177592952597418,-0.5846859737081879,-0.6551342848141047,-0.5070064048580444,0.0,-0.28185705841445496,0.0,-0.1117840533038624,-0.587044401966577,0.0,-0.5625241846219117,0.0,-0.5193311817457458,-0.49876272815515016,-0.4637907331425088,-0.7118757911500305,-0.7148600053225052,-0.07978647924014151,-0.3151103894634082,0.0,-0.2944847588007298,-0.5093172558926229,0.0,-0.5858477466915559,-0.679959539636107,-0.5737026252137705,-0.5444938678303896,-0.6433464888605444,0.0,-0.2954620554981806,-0.22089572872359697,-0.5905825238300995,-0.4575778140297432,-0.45770215920455387,0.0,-0.4467763140212129,-0.9815396531348618,-0.5596545602630829,0.0,-0.6237983216762015,-0.6845821122649979,-0.6465791380136664,-0.4587013450994498,0.0,-0.29879089398836006,-0.5771486375442161,-0.22718201293716261,-0.5079609840212295,-0.7517144798360216,-0.7526707162245981,0.0,-0.445038678902419,-0.6326952858120287,-0.4508323890720572,-0.5706089047925718,-0.6954027481247694,-0.20294688949695366,-0.6879338915427992,0.0,-0.35806404173863166,-0.17172039336734027,0.0,-0.7756405934601476,-0.2951235396498775,-0.7341416012043929,-0.3816583010116279,-0.5756420170966022,0.0,-0.3409747332657467,0.0,0.0,-0.4213587838581353,-0.2927038222659037,-0.4422098696013901,-0.8373681343409155,-0.7945733857269943
2025,10,Activo Productivo,0.8183603812325094,0.8899415858037347,0.8502394153806521,0.9321049188280335,0.6504610364201459,0.7647347053213727,0.8743169620114838,0.7350494708373481,0.7379824465510079,0.9181442858484362,0.0,0.0,0.0,0.7746236940328873,0.7772541822312073,0.8478497744431582,0.0,0.8275580068665621,0.7041521003453666,0.5026551883859874,0.8906191251145136,0.8196799726791675,0.8758950380511324,1.0162441618661935,0.876807683166934,0.7605250184558461,0.7220855509672381,0.7508668624442458,0.7846091566988282,0.8866303104498334,0.7752601639640627,0.0,0.5259670665742928,0.8906680257821775,0.9158234520313774,0.0,0.7165658551319295,0.753044319574927,0.825009166471216,0.7961305707851963,0.9136413375408031,0.8101871957135709,0.9562742452204791,0.938173047677117,0.8479933314072188,0.9063010836653346,0.6976085347893319,0.8945229328803822,0.7409131119623401,0.8898193075645274,0.8810763203309142,0.7312982674796332,0.8776611003366087,0.0,0.0,0.6447528428153801,0.9517051584727299,0.6587801906303172,0.8554593518891713,0.9557417135224109,0.626591934013631,0.869911904476187,0.7595598978811515,0.8018464477204704,0.0,0.5686111846104616,0.9601996430926788,0.7857369071287634,0.7772324425910142,0.7247290110784836,0.8747502626689814,0.731323327822767,0.497090900984657,0.8493487219263689,0.8676552748363033,0.0,0.9367927243279772,0.8971236489632918,0.9696478625140514,0.0,0.9270207509601815,0.848015232729705,0.0,0.8866689028993475,0.8567617521305585,0.870636053905545,0.9010480220097169,0.7997500221084751,0.0,0.7990060477440967,0.0,0.8825602608859523,0.8409843988307429,0.8848712926543173,0.81228297236176,0.7462155607824371,0.0,0.8351956104447152,0.8534417027460142,0.8871851085465334,0.8500129857097422,1.0021269054621798,0.0,0.8899651147346419,0.0,0.6051053828966994,0.8245586691895727,0.0,0.8820210299089171,0.0,0.8097315566771279,0.8598210157542652,0.732262334401375,0.6997239019002552,0.6748835217433059,0.6941530444220503,0.8844949808377452,0.0,0.7167503125368092,0.6722838703775246,0.0,0.8210593346517672,0.6424006110736407,0.7277251558107513,0.9549339509060512,0.9034687668127851,0.0,0.8966491215855905,0.24012719377876784,0.8757275306826133,0.86900266761515,0.6904540456619412,0.0,0.7929259245908069,0.862142380471327,0.7433834845274757,0.0,0.8896587164470686,0.7146168890150557,0.6841375020264897,0.8248624185794046,0.0,0.9452240251213725,0.7453990726235297,0.8122418505695612,0.9068167434313005,0.8019980321659728,0.9587233428266686,0.0,0.7898558336473002,0.8425492300839234,0.7839440957184189,0.8653432002507536,0.8129490953975556,0.898803709541259,0.5464801138373707,0.0,0.8167464174090742,0.7876901148265956,0.0,0.9395534011397126,0.8403240745128576,0.9104634094877762,0.8378223214335093,0.855459130010254,0.0,0.8506257588475024,0.0,0.0,0.924870311504075,0.8707688095197368,0.1472938213613852,0.8455618646635215,0.9390756392705001
2025,10,Indicador de Cobertura de la Cartera Total en Riesgo,0.09104759737786128,0.1064210024170105,0.07264033033858046,0.020399207955871926,0.06775998981700687,0.10869349358391141,0.0676041653086871,0.02985711539032573,0.16631855036284898,0.04145114494980259,0.0,0.0,0.0,0.08837763287828335,0.034683589337202496,0.1334450898845421,0.0,0.03053210834249506,0.0901121204804703,0.12041450420001115,0.03883427494047962,0.08649536296608498,0.03755908213551462,0.10464993306771324,0.06459596791797939,0.03960831271930817,0.05240300271397085,0.07819044192025729,0.07400248068625033,0.06274846600558205,0.032080514752154246,0.0,0.23136911704788993,0.027007607891634946,0.047105389238379786,0.0,0.18007695144362962,0.031142448939227504,0.03308795721774571,0.08111651928566672,0.05823798373066703,0.13426583382776078,0.031548103950335735,0.06775152286592095,0.020573690754548294,0.0361333071201482,0.059273136553763324,0.05403829174264645,0.11631847727511238,0.08371120099559548,0.11374734486928512,0.1685409007923654,0.037156560866991054,0.0,0.0,0.14806053728224278,0.06898728734186317,0.08712185436023512,0.05787455372677525,0.11151430800091866,0.1285850510579031,0.08942478155584623,0.054912568440235066,0.11308669305239634,0.0,0.07192417534790203,0.10500052945538262,0.04100485592671429,0.021898332848962202,0.054992253975044154,0.06582435408452449,0.04725780937719331,0.15795806586155706,0.05870363162897463,0.02006840939896269,0.0,0.038232070854756696,0.1276362249141836,0.06659329108784671,0.0,0.022320217419147137,0.10737176471449904,0.0,0.056955546852281366,0.03315529631465275,0.034072560515581225,0.04034733942035497,0.06715795205710567,0.0,0.02753160865923452,0.0,0.06318126127894201,0.026657695838486678,0.06612407799487893,0.0679793231323623,0.15963923412021536,0.0,0.07514145167905384,0.083846833418402,0.042387634201876336,0.023787285906848518,0.1517574733641271,0.0,0.029014409474103168,0.0,0.03923117733822331,0.04117345676748347,0.0,0.04653346986176301,0.0,0.048922388886506345,0.06171606160897273,0.06740307598872396,0.07872614547437225,0.06681432798508166,0.12087485593737225,0.035247076584557294,0.0,0.061737740731284685,0.03909109921437676,0.0,0.06992269259518784,0.11329079298917497,0.0621159576597128,0.06504554597176117,0.08817406391193439,0.0,0.06037343998567409,0.03441788887111616,0.049589565763136556,0.04060078722664621,0.13958852044162162,0.0,0.0717752111422655,0.13435929525275503,0.038208242291877303,0.0,0.04207163847418924,0.06347700241344886,0.06198181282976572,0.059424141710988754,0.0,0.028524415553957915,0.08615061537767704,0.020851319255650844,0.02676215612189787,0.09145216806050131,0.030808751658311224,0.0,0.049104870533577136,0.07426555871454221,0.02934004618807717,0.07223233640452709,0.11797240388737212,0.02499713309006177,0.09325453190384013,0.0,0.03483924465092904,0.03259272813624433,0.0,0.07499656916850737,0.01630511378474941,0.04240206755364891,0.039382419034604155,0.0478471290703456,0.0,0.033242714348212486,0.0,0.0,0.06487878883950049,0.05035416539742161,0.13271959850750129,0.09079096101635008,0.22786299348513875
2025,10,Indicador de Cobertura individual de la cartera improductiva para la cartera en Riesgo,-0.3902282987102112,-0.7713345020385206,-0.696018302018892,-0.4808043175107461,-0.4366190617621213,-0.7100927498202748,-0.8768737707278996,-0.4186258241180205,-0.6154690642628838,-0.5136831522765494,0.0,0.0,0.0,-0.6420770896198856,-0.16127894150944744,-0.8317055740235186,0.0,-0.6431609784772998,-0.683109311249189,-0.4933457574841757,-0.4013673941093418,-0.6164507859547117,-0.6928502987032937,-0.39621395843837576,-0.5349935627506696,-0.6205640584193441,-0.5863838470907574,-0.36558389972861055,-0.5557584616848903,-0.5698250704006482,-0.6542076650126432,0.0,-0.6830501130236565,-0.4821270181571315,-0.6822878522014626,0.0,-0.7080371467861255,-0.4662443666637545,-0.6837494474833455,-0.749887884916735,-0.5234041289626361,-0.7270612038694181,-0.3329454801461709,-0.7664084531463238,-0.08604010546774739,-0.4676395100391626,-0.21977789389790708,-0.37680695189297186,-0.6547148757618929,-0.7106493760046787,-0.6360805816453866,-0.5530456686776686,-0.48893338010936677,0.0,0.0,-0.6936702122556927,-0.6005157879427752,-0.5869404713609618,-0.5101230547642973,-0.7820217552465927,-0.7351055559781948,-0.9113748336918198,-0.6116000973997096,-0.8411414476288017,0.0,-0.5762859243491724,-0.6779111711779412,-0.5892545534650542,-0.3022958004112867,-0.4732717994956044,-0.4629708722167014,-0.4330228055291906,-0.5869809405015086,-0.6811216836086313,-0.3332042259567126,0.0,-0.39618800289034467,-0.7212745025668057,-0.7622095290476322,0.0,-0.4642818434718511,-0.6915790477128396,0.0,-0.5097245553815544,-0.4195193575496879,-0.5669777173366584,-0.3379352769553314,-0.5456935151799771,0.0,-0.31289483843697846,0.0,-0.6873046730362569,-0.2868082133702931,-0.6120271617756942,-0.555053709412897,-0.658386477964322,0.0,-0.7461232361869692,-0.6512740947101546,-0.5831298843532299,-0.7699529643455149,-0.533424918969233,0.0,-0.2721261467550519,0.0,-0.11745292136173752,-0.503899997305031,0.0,-0.5691200121909602,0.0,-0.5568183312049196,-0.4912835023699605,-0.4470872314745387,-0.6911454162530298,-0.7113641360456211,-0.09700669196810217,-0.32268131698152747,0.0,-0.2575645310567548,-0.5371641783583774,0.0,-0.5976319401615922,-0.6892931650079306,-0.3882302664293047,-0.5621908169408689,-0.6903883940914337,0.0,-0.29881054451272304,-0.3307427201664318,-0.4796798112883236,-0.42489337281381906,-0.46579316957694217,0.0,-0.6318375854627797,-0.9689390066361394,-0.5709970412968466,0.0,-0.6185541368111187,-0.7006650494298727,-0.5992113139671649,-0.4664060758532455,0.0,-0.30582288195493573,-0.5817422754828621,-0.23613496481707227,-0.5285103083566483,-0.7869770611424767,-0.7583581007954783,0.0,-0.4615527752985171,-0.6809039045124022,-0.4517406745468749,-0.6093462794711912,-0.72503388121174,-0.20273865172588884,-0.6907939026420854,0.0,-0.37360219244930115,-0.15928755827166388,0.0,-0.7532015178174403,-0.2780686734191879,-0.7423677005081657,-0.3819326857505424,-0.5722073016296061,0.0,-0.44020984570978855,0.0,0.0,-0.4258738306476023,-0.2826045969586388,-0.4125804674444742,-0.8769094346846051,-0.7217719926571058
2025,11,Activo Productivo,0.8190521209673868,0.888180937310146,0.8517529767185474,0.9382182035106695,0.6587304886887305,0.824814114835301,0.8652638789406929,0.7373880213166975,0.7700063839115602,0.9259711118360346,0.0,0.0,0.0,0.7752401626995167,0.783408701379341,0.8414196315812231,0.0,0.815860229608358,0.7126515664023451,0.4674813817830328,0.8834765651507298,0.8198359912009838,0.8720178163193789,1.0070917896510132,0.887945075556334,0.7575786348785662,0.7093657384520851,0.7595603460387786,0.783347237495104,0.8911263411370888,0.7665042266197846,0.0,0.5220262728762725,0.89404796257588,0.9079324283194176,0.0,0.7221741661500887,0.7583131865758458,0.8163140957675447,0.7881690031703567,0.9230756210800023,0.8107230153490088,0.9607317769812047,0.9398314001581115,0.81560792728899,0.9162862018225758,0.6554346849984063,0.8650597949946146,0.7419283770715308,0.8908517821333712,0.8985418536969381,0.7040221112537535,0.8692713817525166,0.0,0.0,0.6470863213051985,0.9389590571892809,0.6447364871973499,0.8676025776606994,0.9427172428198516,0.6316137552972985,0.835100700458674,0.7541712763606634,0.7596868512666904,0.0,0.5569986266679955,0.9587997331913735,0.7844505127096097,0.7671461821770423,0.7243451654207792,0.829702692085744,0.7293738023646817,0.48934699723546915,0.8582117146582707,0.880111755426638,0.0,0.9436570285892212,0.6991996277289294,0.9719727326982432,0.0,0.9177291711725047,0.8621678935017982,0.0,0.8924438430839867,0.852730263795065,0.8791298536727837,0.8823610974804587,0.7876654859609481,0.0,0.8099544699408404,0.0,0.8831985759439768,0.8283748844073738,0.8806809310680158,0.8176638714099345,0.7369244543403478,0.0,0.8419258610413783,0.8651568297061609,0.9153368354802274,0.8646994259676751,1.005678932085558,0.0,0.8865917749029911,0.0,0.6082816875526501,0.87302889548268,0.0,0.8685751948711222,0.0,0.8109234034489824,0.8036919519258008,0.7188953237555734,0.6975243602954583,0.6720173371256414,0.7115910976016961,0.8740640696209542,0.0,0.7032794201679298,0.6988751134365598,0.0,0.8511802829288668,0.6459874655469917,0.7354540339987734,0.9366989027828783,0.8999110346807323,0.0,0.8668600242636215,0.22221955768241294,0.8559302621314845,0.8666871316769085,0.6733639494729442,0.0,0.7800274587415021,0.8456853904736131,0.7446139133035619,0.0,0.8745919983248904,0.7272531163086534,0.7403864821788219,0.8375057422318699,0.0,0.9386836432361605,0.761512348605527,0.7988771075370457,0.9111454890092321,0.8045135799927294,0.9522838266783531,0.0,0.7938135795834598,0.8487146537526958,0.7799257746352889,0.8481101981241633,0.7957802996618547,0.8853458824792327,0.5548473753862109,0.0,0.7862979115616069,0.7970024248452153,0.0,0.9392774728788994,0.8393215768657311,0.9108974512129459,0.8477397920109488,0.8527530127602965,0.0,0.8290819266163492,0.0,0.0,0.9033135528437324,0.8635478390550505,0.14597276840428744,0.8710944417394857,0.9505801112328721
2025,11,Indicador de Cobertura de la Cartera Total en Riesgo,0.08733423230443801,0.10314457059218164,0.07466249316784951,0.020710396795921432,0.057988101113664724,0.106505255998694,0.05126066794250812,0.02964314853040764,0.17183410450422062,0.041067703590328124,0.0,0.0,0.0,0.08410903837767535,0.03499377939110333,0.13347460303687275,0.0,0.031584639610972375,0.09038503660721896,0.12961774568988982,0.04024064786686636,0.08602270610412235,0.03673135336623539,0.10446171839048003,0.05815859025934358,0.039773033742028216,0.033531766256798365,0.07966932801156704,0.07443241473819674,0.06226855034718899,0.037523121534091035,0.0,0.23096994866478784,0.027580066099569926,0.04864897749203235,0.0,0.18023805140351737,0.032828163997535485,0.033245624063855596,0.08391486772721621,0.06081850241528014,0.08192116929286736,0.03145481056076475,0.0682779550578994,0.020988461280177353,0.03675009188200918,0.058768459870485956,0.0595804572712628,0.11637897884732716,0.08462957592504389,0.11419075117219114,0.16726855528958176,0.0390196189634172,0.0,0.0,0.1521268361887088,0.06992077965082151,0.08789191485544752,0.057974913497881246,0.11344976030207184,0.12989409779342684,0.09009752413366895,0.05624262626332762,0.10764114974091189,0.0,0.07404942158509084,0.10290115093350294,0.041070814416609674,0.02453468453860484,0.05513510529409407,0.08192835104713489,0.048115932996494956,0.1560830993580859,0.06014727413357061,0.02049825938452607,0.0,0.03816121181846921,0.1255462725785304,0.06752830719981578,0.0,0.02321827261851853,0.11044464936530474,0.0,0.05772698870455285,0.03264320281138488,0.034976667324489175,0.04178939376109214,0.06705953583736889,0.0,0.02784769208823151,0.0,0.06324488444990416,0.026620469529188066,0.06931877158298876,0.05888362591896171,0.171307071736172,0.0,0.07540868962106533,0.0758345681121366,0.042636586641200014,0.02412352974650139,0.15463343210772806,0.0,0.028995397057531846,0.0,0.03695917338321381,0.044081318766807556,0.0,0.04637524618281241,0.0,0.04843527397572406,0.06430621049614156,0.06643151753649815,0.0770543015226125,0.06716362668782083,0.12620319498007354,0.034524275374602884,0.0,0.06087443036504596,0.04050234121301079,0.0,0.06851379331415337,0.11774137284321813,0.06330951561146436,0.06506937725388909,0.09422848810491241,0.0,0.06254117581211575,0.035478339169242125,0.04947939877449355,0.04064679051563133,0.15067778744990235,0.0,0.0728489694484139,0.13537913800707654,0.03869549231149487,0.0,0.04692110930891163,0.06580730211196628,0.058055816475584665,0.05653903203888759,0.0,0.02934569224204945,0.08566734853995836,0.021426828170629242,0.02676592561807219,0.09529127407389221,0.03106096074923583,0.0,0.050216611863989576,0.07384644454389222,0.02952257287215831,0.07517310198997888,0.11988198230745431,0.025044542697800515,0.08948834590430897,0.0,0.03593577936029703,0.03237880134517027,0.0,0.07402568832604754,0.016820504890217653,0.04293302349860132,0.03985729372764006,0.04777252344078559,0.0,0.02472285408282436,0.0,0.0,0.06329908634788979,0.05451503008987733,0.17758792803310652,0.08978889103885518,0.16960844349524823
2025,11,Indicador de Cobertura individual de la cartera improductiva para la cartera en Riesgo,-0.43745769974792376,-0.7559469644823743,-0.7148212955259152,-0.5115708758617311,-0.3554309892982077,-0.7247940860874561,-0.7875806377771368,-0.40030378067627653,-0.64372102108612,-0.5356147788820399,0.0,0.0,0.0,-0.637870823501729,-0.19449690277456283,-0.7895671512919011,0.0,-0.610511040929498,-0.6902689395032475,-0.49777977055388833,-0.4019191275652355,-0.6189655645978686,-0.6612883970189145,-0.39125814785217006,-0.49781562987695294,-0.555989644701093,-0.3402594156627528,-0.37232061285774515,-0.5661808360625167,-0.5556604002764295,-0.6003244698398938,0.0,-0.6588273406323479,-0.519993316763415,-0.6897447592681251,0.0,-0.7133462798573953,-0.46399355425597205,-0.6293479153441592,-0.7655434562208491,-0.4904042922252426,-0.572389309061449,-0.2988748154610894,-0.777881751369284,-0.08461502062576651,-0.4848662386903169,-0.22282708565444861,-0.384859260389486,-0.6327619954759449,-0.7130911279060147,-0.6248830087068502,-0.5573549525749317,-0.3689582371571119,0.0,0.0,-0.7351068028599985,-0.6170571523030638,-0.5801555462693929,-0.5213108566425417,-0.7816833238714241,-0.730668070616826,-0.9275725135036326,-0.606284338404925,-0.8891376158627404,0.0,-0.6066812490933958,-0.67613635218079,-0.6713488927559297,-0.2892150006573064,-0.4775166810571892,-0.4480578563800697,-0.38703056204870584,-0.614138055031292,-0.6875412099053836,-0.3386293719502766,0.0,-0.3855309372584021,-0.7282742082556011,-0.7770664470011912,0.0,-0.4133908911146667,-0.6997825011764763,0.0,-0.5252563698938137,-0.41180337105088516,-0.594076142034218,-0.3801763007244913,-0.5896110963851984,0.0,-0.3207440355426096,0.0,-0.6967779212343979,-0.2588667118348432,-0.606872055481804,-0.48411971647685437,-0.6806752616579566,0.0,-0.7728783722453032,-0.5380156640786027,-0.5860047181995859,-0.7545692042132673,-0.5792324287035352,0.0,-0.2790034577296295,0.0,-0.09020212098125313,-0.5816379026764033,0.0,-0.5865011027929186,0.0,-0.5376169161953271,-0.49648926712326763,-0.46225714922979183,-0.6876951052449156,-0.7010667816619081,-0.22308163001407808,-0.31854383855552776,0.0,-0.28798745371529755,-0.5730505881147763,0.0,-0.6096690788702045,-0.7225362914021743,-0.4480979370977544,-0.5584542641473228,-0.6713316215627636,0.0,-0.30491923128673054,-0.23887549373123912,-0.41474593337416815,-0.433053968898785,-0.44926082892395536,0.0,-0.5394107357658586,-0.9608658927056999,-0.5395839538999286,0.0,-0.7723522680140652,-0.6928843562470038,-0.6335438523229969,-0.5100967505085939,0.0,-0.3759618806199217,-0.6072157763920262,-0.2587414680031947,-0.5437698663735543,-0.8059385076450789,-0.7756276411089874,0.0,-0.48361525811523337,-0.6526322448310574,-0.468165602511509,-0.6132859030715355,-0.6719100664454243,-0.18559724896322694,-0.6874031665102668,0.0,-0.43762714633719474,-0.1503150293464995,0.0,-0.741321907212107,-0.32030318376711175,-0.7538834775510119,-0.39269288726966733,-0.5734342130233774,0.0,-0.3296327744172405,0.0,0.0,-0.38888448555417515,-0.2983503560773916,-0.3220444638326546,-0.8804840180188472,-0.6386739136031516
2025,12,Activo Productivo,0.873488243906772,0.8833275679487241,0.8739692123958887,0.9258191167750599,0.7040532369371741,0.9394049444122727,0.872371815000489,0.7408358147797364,0.7491479536145261,0.9116122805422509,0.0,0.0,0.0,0.8082810856001862,0.7856959898033768,0.8434131911988478,0.0,0.8465066865264929,0.7093941142393413,0.0,0.8880461477164336,0.8205811454893122,0.873456712454195,1.018793637250467,0.893351625935094,0.7816498840202538,0.7256179714788101,0.7529581027438487,0.8005147591348732,0.8996637235970293,0.7471327403954297,0.0,0.5195535036101019,0.8924570976303251,0.9102805306942243,0.0,0.7213476247456069,0.7327998783466348,0.8125329903232325,0.794567957711351,0.9230826457560511,0.8333326527612945,0.9661039505279198,0.9480756180465814,0.8133327857279421,0.9119840085346448,0.6453190933876084,0.879438464714949,0.7291832844198156,0.8873625325495348,0.9355592512210599,0.7192961318920328,0.8868141524090114,0.0,0.0,0.653036102782127,0.9340264893733277,0.6433103525684581,0.8807839631733098,0.9315607085530728,0.6215047313231572,0.8350562879682372,0.7742111887721341,0.8054898622481942,0.0,0.5559428447374185,0.9941962585791252,0.780737780573145,0.7665345393334816,0.7409536916260154,0.7986636208251255,0.7351251837873845,0.49427265857556907,0.8632064806924274,0.8981287417229294,0.0,0.9566295119782265,0.9443253217047761,0.9674987501257296,0.0,0.9062541329654868,0.8970660462448972,0.0,0.9042289264435593,0.8632424313721722,0.8806135553302995,0.8903149476870674,0.8236692286203141,0.0,0.8070652623243433,0.0,0.8852833097008677,0.8239467156242927,0.875758510587521,0.8178517735951518,0.7632697356291344,0.0,0.8741380191054435,0.8648422105980658,0.8953627625765549,0.8371360958138531,1.0015498674862922,0.8398365388599017,0.8924793563977436,0.8415695811697198,0.6035960990812981,0.8866400784644329,0.0,0.8501098001331979,0.0,0.8273488345167365,0.8521518708106021,0.7614342797139606,0.6860623426656548,0.6839620758111471,0.7004141545055039,0.8788263509133428,0.0,0.6769148741331258,0.7035687323166575,0.0,0.8493963271478929,0.6563783875242252,0.7211692007352337,0.9471329892691701,0.9169633604906392,0.0,0.8730743069113535,0.2512682231071624,0.8775415647538969,0.8692967378076005,0.6492185450285236,0.0,0.80784366827083,0.7879565982016985,0.7392474307691357,0.0,0.8686136826780336,0.7076165044222941,0.72538840576741,0.8482361456599896,0.0,0.9737282323181606,0.7507338965978411,0.8270174264002629,0.9083651533380697,0.8161566370313932,0.9527892374246515,0.0,0.813476167482206,0.8559045627284709,0.7825493984791428,0.8299324084531924,0.822679188294587,0.8928195634260139,0.5427367070239963,0.0,0.7881779433269241,0.801109582857613,0.0,0.9449060443383751,0.8462310790969242,0.9098000470950507,0.8355275194410112,0.8586018178398811,0.0,0.8469276226403359,0.0,0.0,0.9223819150981575,0.8778452177655802,0.1442218664176334,0.9076605468264288,0.0
2025,12,Indicador de Cobertura de la Cartera Total en Riesgo,0.07657920376791011,0.1017843409368016,0.07539650007917097,0.02469405975668249,0.05854976609675557,0.10693673602115931,0.0536537895058249,0.028291796605193487,0.15395512817306833,0.04056427439991454,0.0,0.0,0.0,0.07229385297796322,0.03524091420031165,0.13509548298307067,0.0,0.03168262604279268,0.09129757112025787,0.0,0.04289179517679518,0.08645428218508987,0.03634876973840751,0.10304784297634338,0.05975738363908196,0.04117019968512956,0.03465599141843979,0.08306575493608927,0.0710824992730284,0.06313583732490866,0.03796148216256628,0.0,0.23690147854188448,0.02748424721027105,0.05042973397069439,0.0,0.18086928419133128,0.02996607655159373,0.034298632756713056,0.07616262756457523,0.06470762200327099,0.03311442220338213,0.03275594630037025,0.0706666731002297,0.022467564471569362,0.037501123092375264,0.059830520173101635,0.06435233002629716,0.11672121661739465,0.08245172896189767,0.11252376566642594,0.09079599709065672,0.03865005604002752,0.0,0.0,0.15487976829146685,0.07315150539933093,0.0842462569092976,0.05622946934920639,0.11100858784341716,0.13168957209534754,0.08981466225838984,0.05934702682944891,0.11572942632417776,0.0,0.07404588628542974,0.10314877788724229,0.04675591038004046,0.024253335792670614,0.05494835272605845,0.08252443078518995,0.04885158541368535,0.1470939489171378,0.04363305476284172,0.02066540846832453,0.0,0.03827122750621303,0.12292691526865893,0.06882937724857095,0.0,0.023662751532608287,0.10888429568766353,0.0,0.05299622441355047,0.03193171476110596,0.03608858021303241,0.0406424751995208,0.06578537558050669,0.0,0.027613007313310893,0.0,0.0665372414710605,0.02682765056997836,0.06815823769695441,0.06179482961433518,0.1328734288696588,0.0,0.07367113897512825,0.07504825393310956,0.04521447696598092,0.024770293725818234,0.15624756701126688,0.04158885553380681,0.028993938578121603,0.16561671130502356,0.04070735103491853,0.041076518845233015,0.0,0.04395025323459678,0.0,0.042332541864491036,0.06700145570190769,0.06229362629779616,0.0634759720980029,0.06430521776851586,0.1272712130576185,0.034489207864772886,0.0,0.059531922396307,0.0363498768048742,0.0,0.0715723632863288,0.12124443086411975,0.06432628079359513,0.06548749369950371,0.08840736091871836,0.0,0.06397958947576138,0.033259361776899324,0.053497041205175386,0.04217901381201538,0.1560696938294435,0.0,0.07056902786174221,0.1355085520486338,0.036627447045804014,0.0,0.03790669102533195,0.0584837972437875,0.05935132544637183,0.05503525036233718,0.0,0.029555827758915194,0.06835517138565364,0.022254089227123866,0.027968129053266795,0.09889274224358795,0.030952595800868503,0.0,0.057590546981393535,0.07394817176026834,0.028112159226390418,0.07831998611293044,0.12117577094967064,0.02511829392476094,0.09054198656857247,0.0,0.0395813444327007,0.03187097029264342,0.0,0.07767147980627888,0.017081610295401627,0.042175387010560554,0.0408874036450092,0.04105108790083525,0.0,0.021976758410509844,0.0,0.0,0.0638117278939701,0.07041260291862546,0.24337534897766078,0.08430006500514867,0.0
2025,12,Indicador de Cobertura individual de la cartera improductiva para la cartera en Riesgo,-0.31979410126390095,-0.7240026951691929,-0.7287866960921985,-0.4862716514295189,-0.34486525358381787,-0.7746475944413986,-0.7538244132787831,-0.3488383497432315,-0.5489714206233873,-0.5526785305645535,0.0,0.0,0.0,-0.6100288057230278,-0.23480573752273232,-0.8365386242193142,0.0,-0.602052471305524,-0.727495336753026,0.0,-0.4097613919649226,-0.5806803613110033,-0.6827048617191274,-0.3550649739436449,-0.5010264315935994,-0.6452019118084421,-0.3162378026678871,-0.3821918448928458,-0.5585344645960093,-0.5642935093353136,-0.5381008646118398,0.0,-0.710590032771112,-0.5367002464448012,-0.7562220356908732,0.0,-0.7202265467271048,-0.42418421788146765,-0.5859537875315141,-0.7384429345170771,-0.5162176637365286,-0.28481007114629064,-0.33559002530454013,-0.726169422455379,-0.0810654018970723,-0.5533685959152228,-0.12884892420227387,-0.42534294152064217,-0.6665231140106612,-0.7084454441953983,-0.6461291423511923,-0.41494480084172025,-0.3296518703770145,0.0,0.0,-0.7233891731275529,-0.6497338682961952,-0.5663302127852737,-0.5083198511431692,-0.7994252643644875,-0.7401597741438047,-0.9774855828295137,-0.6317040475875397,-0.8775899939847067,0.0,-0.6101723429688036,-0.66863255168265,-0.6431829209056488,-0.27699096894710473,-0.4373555354687707,-0.4777522863168838,-0.4727228394308346,-0.5719123025010501,-0.518502796023771,-0.31288569363672364,0.0,-0.39600281625760786,-0.8628448532619286,-0.7653805348576949,0.0,-0.3903787978452663,-0.7111558816509365,0.0,-0.5497744097271479,-0.43645112026265975,-0.6459821647773312,-0.36404425194853307,-0.6634702542405405,0.0,-0.3092901706815838,0.0,-0.7199597092190287,-0.25819009694790823,-0.5650049599889604,-0.394284625776383,-0.6240222555197409,0.0,-0.717107311933111,-0.5832793201519794,-0.5701608067371975,-0.5844564885631126,-0.5912999210271168,-0.8087739081106861,-0.2830426209977848,-0.6740107764110228,-0.1472398475863109,-0.6201656106364603,0.0,-0.5200480295502352,0.0,-0.3844766548517112,-0.5209003710932998,-0.3842908136513194,-0.6960684186207888,-0.6576121616644053,-0.23890496833429822,-0.3133177892548672,0.0,-0.21856324410369796,-0.5147003299269224,0.0,-0.6102377406028612,-0.7326504286207349,0.0,-0.5775240333428956,-0.6480139426562368,0.0,-0.2814003027903033,-0.24227908152788247,-0.4606492413579991,-0.5306453080013198,-0.42960968381650516,0.0,-0.5303569958268407,-0.9621282257631772,-0.5645840580800271,0.0,-0.5966448290943355,-0.6519567012287909,-0.5944688072566273,-0.5177316883586881,0.0,-0.3269954557138178,-0.4976289706930901,-0.2746498716519456,-0.5063381529638429,-0.8069978536558922,-0.7395080712176483,0.0,-0.4855211224368594,-0.7014398336954782,-0.46074839244162297,-0.6620216266313903,-0.6959457386687966,-0.1400626098692701,-0.6008717068231124,0.0,-0.4458072848972766,-0.10525821661279873,0.0,-0.7831885487729603,-0.2815384230262237,-0.7446616055109829,-0.6313759391294136,-0.5284121217167972,0.0,-0.3818802925897305,0.0,0.0,-0.4508835088660765,-0.5091108196116363,-0.45625460315005356,-0.8965680730637064,0.0
