Año,Mes,índice CAMEL,AVANCOP COOPERATIVA DE AHORRO Y CREDITO,CAJA COOPERATIVA CREDICOOP,CAJA COOPERATIVA PETROLERA,CASA NACIONAL DEL PROFESOR,CESCA COOPERATIVA DE AHORRO Y CREDITO,COMFAMIGOS COOPERATIVA DE AHORRO Y CREDITO,COOCERVUNION COOPERATIVA DE AHORRO Y CREDITO,COOINDEGABO,COOPANTEX COOPERATIVA DE AHORRO Y CREDITO,COOPERATIVA AHORRO Y CREDITO GOMEZ PLATA LTDA.,COOPERATIVA ALIANZA LTDA,COOPERATIVA ANTIOQUEÑA DE TRABAJADORES GRUPO CAFETERO,COOPERATIVA AVP LTDA.,COOPERATIVA BELEN AHORRO Y CREDITO,COOPERATIVA CALDENSE DEL PROFESOR,COOPERATIVA DE AHORRO Y CREDITO BERLIN,COOPERATIVA DE AHORRO Y CREDITO CAJA UNION,COOPERATIVA DE AHORRO Y CREDITO COLANTA,COOPERATIVA DE AHORRO Y CREDITO CONGENTE,COOPERATIVA DE AHORRO Y CREDITO COOMPARTIR,COOPERATIVA DE AHORRO Y CREDITO COOSERVUNAL,COOPERATIVA DE AHORRO Y CREDITO COOTRAIPI,COOPERATIVA DE AHORRO Y CREDITO COOTRAMED,COOPERATIVA DE AHORRO Y CREDITO COOYAMOR,COOPERATIVA DE AHORRO Y CREDITO CREAFAM,COOPERATIVA DE AHORRO Y CREDITO CREAR LTDA CREARCOP,COOPERATIVA DE AHORRO Y CREDITO CREDIFLORES,COOPERATIVA DE AHORRO Y CREDITO DE AIPE,COOPERATIVA DE AHORRO Y CREDITO DE CHIPAQUE,COOPERATIVA DE AHORRO Y CREDITO DE DROGUISTAS DETALLISTAS,COOPERATIVA DE AHORRO Y CREDITO DE EMPLEADOS DEL SECTOR FINANCIERO,COOPERATIVA DE AHORRO Y CREDITO DE ENTRERRIOS LTDA,COOPERATIVA DE AHORRO Y CREDITO DE LA PROVINCIA DE VELEZ COOPSERVIVELEZ LTDA,COOPERATIVA DE AHORRO Y CREDITO DE LOS TRABAJADORES DEL SECTOR EDUCATIVO,COOPERATIVA DE AHORRO Y CREDITO DE PROFESORES,COOPERATIVA DE AHORRO Y CREDITO DE PUENTE NACIONAL,COOPERATIVA DE AHORRO Y CREDITO DE SANTANDER LIMITADA,COOPERATIVA DE AHORRO Y CREDITO DE SURAMERICA,COOPERATIVA DE AHORRO Y CREDITO DE TELECOMUNICACIONES DE CUCUTA LTDA.,COOPERATIVA DE AHORRO Y CREDITO DE TENJO,COOPERATIVA DE AHORRO Y CREDITO DE TRABAJADORES DE PELDAR Y OTROS DE COLOMBIA,COOPERATIVA DE AHORRO Y CREDITO DE TRABAJADORES DEL SENA,COOPERATIVA DE AHORRO Y CREDITO DE TRABAJADORES UNIDOS POR EL PROGRESO,COOPERATIVA DE AHORRO Y CREDITO DEL FUTURO,COOPERATIVA DE AHORRO Y CREDITO DEL INEM DE PEREIRA,COOPERATIVA DE AHORRO Y CREDITO DEL NUCLEO FAMILIAR DE LOS TRAB.DE ECP.LTDA,COOPERATIVA DE AHORRO Y CREDITO DEL PARAMO LTDA,COOPERATIVA DE AHORRO Y CREDITO FINANCIAFONDOS,COOPERATIVA DE AHORRO Y CREDITO FINANCIERA COAGROSUR,COOPERATIVA DE AHORRO Y CREDITO FINCOMERCIO LTDA,COOPERATIVA DE AHORRO Y CREDITO JUAN DE DIOS GOMEZ,COOPERATIVA DE AHORRO Y CREDITO LA GRANJA LTDA.,COOPERATIVA DE AHORRO Y CREDITO LA PLAYA DE BELEN LTDA,COOPERATIVA DE AHORRO Y CREDITO LIMITADA,COOPERATIVA DE AHORRO Y CREDITO MANUELITA LTDA,COOPERATIVA DE AHORRO Y CREDITO NACIONAL LIMITADA,COOPERATIVA DE AHORRO Y CREDITO PARA EL BIENESTAR SOCIAL,COOPERATIVA DE AHORRO Y CREDITO PARA EL DESARROLLO SOLIDARIO DE COLOMBIA,COOPERATIVA DE AHORRO Y CREDITO RIACHON LTDA.,COOPERATIVA DE AHORRO Y CREDITO SAN LUIS,COOPERATIVA DE AHORRO Y CREDITO SAN MIGUEL,COOPERATIVA DE AHORRO Y CREDITO SANTA ROSA DE OSOS LIMITADA,COOPERATIVA DE AHORRO Y CREDITO SOCIAL LTDA PROSPERANDO,COOPERATIVA DE AHORRO Y CREDITO SOYCOOP,COOPERATIVA DE AHORRO Y CREDITO SUYA LTDA,COOPERATIVA DE AHORRO Y CREDITO TABACALERA Y AGROPECUARIA LTDA,COOPERATIVA DE AHORRO Y CREDITO UNIMOS,COOPERATIVA DE AHORRO Y CREDITO UNION COLOMBIANA,COOPERATIVA DE AHORRO Y CREDITO UNIVERSIDAD SANTO TOMAS,COOPERATIVA DE AHORRO Y CREDITO UNIVERSITARIA BOLIVARIANA,COOPERATIVA DE AHORRO Y CREDITO VALLE DE SAN JOSE LTDA,COOPERATIVA DE AHORRO Y CREDITO VILLANUEVA,COOPERATIVA DE COMERCIANTES COMERCIACOOP,COOPERATIVA DE EMPLEADOS DE CAFAM,COOPERATIVA DE EMPLEADOS DE DOW COLOMBIA,COOPERATIVA DE EMPLEADOS DE LA UNIVERSIDAD TECNOLOGICA DE PEREIRA,COOPERATIVA DE EMPLEADOS DEL SECTOR COOPERATIVO LTDA.,COOPERATIVA DE EMPLEADOS SURAMERICANA,COOPERATIVA DE FOMENTO E INVERSION SOCIAL POPULAR,COOPERATIVA DE LA GUAJIRA LTDA,COOPERATIVA DE LA UNIVERSIDAD NACIONAL DE COLOMBIA,COOPERATIVA DE LOS PROFESIONALES DE LA SALUD COASMEDAS,COOPERATIVA DE LOS TRABAJADORES DE LA EDUCACION Y EMPRESARIOS DEL PUTU,COOPERATIVA DE LOS TRABAJADORES DEL INSTITUTO DE LOS SEGUROS SOCIALES,COOPERATIVA DE MAESTROS Y EMPLEADOS DE LA EDUCACION DEL TOLIMA,COOPERATIVA DE MUJERES PARA LA PROMOCION INTEGRAL,COOPERATIVA DE PROFESIONALES DE CALDAS,COOPERATIVA DE PROFESORES DE LA U NACIONAL DE COLOMBIA,COOPERATIVA DE PROFESORES U DE A,COOPERATIVA DE PROMOCION SOCIAL,COOPERATIVA DE SERVICIOS MULTIPLES MOGOTES LTDA.,COOPERATIVA DE TRABAJADORES DE BAVARIA DIRECCION Y VENTAS LTDA,COOPERATIVA DE TRABAJADORES DE LA EDUCACION DEL RISARALDA,COOPERATIVA DE TRABAJADORES DE LA INDUSTRIA MILITAR,COOPERATIVA DE TRABAJADORES DE LAS EMPRESAS DE LA ORGANIZACION CARVAJAL,COOPERATIVA DE TRABAJADORES DE LAS EMPRESAS DEPARTAMENTALES DE ANTIOQU,COOPERATIVA DE TRABAJADORES DE PINTUCO LTDA. A Y C.,COOPERATIVA DE TRABAJADORES DEL SENA,COOPERATIVA DE TRABAJADORES DEPARTAMENTALES DE ANTIOQUIA,COOPERATIVA DE TRABAJADORES Y PENSIONADOS DE LA E.A.A.B.,COOPERATIVA DE TT DE EL COLOMBIANO LTDA.,COOPERATIVA DE YARUMAL,COOPERATIVA DEL DEPARTAMENTO DEL CAUCA,COOPERATIVA DEL MAGISTERIO,COOPERATIVA DEL SISTEMA NACIONAL DE JUSTICIA,COOPERATIVA DIOCESANA DEL CLERO LTDA,COOPERATIVA ESPECIALIZADA DE AHORRO Y CREDITO AFROAMERICANA,COOPERATIVA ESPECIALIZADA DE AHORRO Y CREDITO CANAPRO,COOPERATIVA ESPECIALIZADA DE AHORRO Y CREDITO COINPROGUA LTDA,COOPERATIVA ESPECIALIZADA DE AHORRO Y CREDITO COOPERENKA,COOPERATIVA ESPECIALIZADA DE AHORRO Y CREDITO COOPIGON,COOPERATIVA ESPECIALIZADA DE AHORRO Y CREDITO COOTRACERREJON,COOPERATIVA ESPECIALIZADA DE AHORRO Y CREDITO DE LA ORINOQUIA,COOPERATIVA ESPECIALIZADA DE AHRRO Y CREDITO CREDISERVIR,COOPERATIVA FINANCIERA CAFETERA,COOPERATIVA FINANCIERA SAN FRANCISCO,COOPERATIVA FRATERNIDAD SACERDOTAL LTDA,COOPERATIVA FUTURISTA DE AHORRO Y CREDITO DE NEIVA LTDA.,COOPERATIVA INTEGRAL AGROPECUARIA LA PAZ LTDA,COOPERATIVA INTEGRAL PARA EL DESARROLLO SOCIAL Y ECONOMICO DE TEORAMA,COOPERATIVA JUDICIAL DEL TOLIMA LTDA,COOPERATIVA LA ROSA,COOPERATIVA LATINOAMERICANA DE AHORRO Y CREDITO,COOPERATIVA LEON XIII DE MACEO LTDA,COOPERATIVA LEON XIII LTDA DE GUATAPE,COOPERATIVA MEDICA DE ANTIOQUIA LTDA,COOPERATIVA MULTIACTIVA AGROPECUARIA GUADALUPE LTDA,COOPERATIVA MULTIACTIVA ANTONIO JOSE JARAMILLO TOBON,COOPERATIVA MULTIACTIVA CON SECCION DE AHORRO Y CREDITO DEL CENTRO COMERCIAL SANANDRESITO LA ISLA LTDA,COOPERATIVA MULTIACTIVA COOMONOMEROS,COOPERATIVA MULTIACTIVA DE EDUCADORES DE CASANARE  LTDA,COOPERATIVA MULTIACTIVA DE EL PAUJIL CAQUETA LIMITADA,COOPERATIVA MULTIACTIVA DE EMPLEADOS COLGATE PALMOLIVE,COOPERATIVA MULTIACTIVA DE LA AVIACION CIVIL COLOMBIANA,COOPERATIVA MULTIACTIVA DE LOS TRABAJADORES DEL ISS,COOPERATIVA MULTIACTIVA DE PROFESIONALES DE SANTANDER LTDA,COOPERATIVA MULTIACTIVA DE TRABAJADORES DE GOOD YEAR,COOPERATIVA MULTIACTIVA DE TRABAJADORES DE LA CHEC LTDA.,COOPERATIVA MULTIACTIVA DEL GUAINIA,COOPERATIVA MULTIACTIVA DEL INEM DE IBAGUE,COOPERATIVA MULTIACTIVA EL BAGRE LTDA,COOPERATIVA MULTIACTIVA EMPRESARIAL COOVITEL,COOPERATIVA MULTIEMPRESAS,COOPERATIVA MULTISERVICIOS BARICHARA LTDA,COOPERATIVA NACIONAL DE AHORRO Y CREDITO AVANZA,COOPERATIVA NACIONAL DE TRABAJADORES,COOPERATIVA NACIONAL EDUCATIVA DE AHORRO Y CREDITO,COOPERATIVA PARA EL BIENESTAR SOCIAL,COOPERATIVA PIO XLL DE COCORNA,COOPERATIVA SAN PIO X DE GRANADA LTDA,COOPERATIVA SAN ROQUE,COOPERATIVA SAN SIMON,COOPERATIVA SAN VICENTE DE PAUL LTDA.,COOPERATIVA TELEPOSTAL LTDA,COOPERATIVA TEXAS LTDA,COOPERATIVA TOLIMENSE DE AHORRO Y CREDITO COOFINANCIAR,COOPERATIVA TRABAJADORES INGENIO MAYAGUEZ,"COOPEREN, COOPERATIVA DE AHORRO Y CREDITO",COOPERTAIVA ESPECIALIZADA DE AHORRO Y CREDITO TAX LA FERIA,COPERATIVA DE AHORRO Y CREDITO LA BELLEZA LTDA.,COPERATIVA INDEPENDIENTE DE EMPLEADOS DE ANTIOQUIA,COPERATIVA MULTIACTIVA DE EDUCADORES DE BOYACA,COPROCENVA COOPERATIVA DE AHORRO Y CREDITO,EL ROBLE ENTIDAD COOPERATIVA,EMPRESA COOPERATIVA DE AHORRO Y CREDITO SIGLO XX LTDA.,FEBOR ENTIDAD COOPERATIVA COOPFEBOR,FINANCIERA COOPERATIVA COLOMBIANA DE INGENIEROS,FINANCIERA ENERGETICA COOPERATIVA LTDA,FORJAR CAJA COOPERATIVA,GRAN COOPERATIVA DE ENERGIA ELECTRICA Y RECURSOS NATURALES,LA COOPERATIVA DE AHORRO Y CREDITO SUCREDITO,MICROEMPRESAS DE COLOMBIA COOPERATIVA DE AHORRO Y CREDITO,ORGANIZACION COOPERATIVA DE AHORRO Y CREDITO NORTE DE BOYACA,PROGRESSA ENTIDAD COOPERATIVA DE AHORRO Y CREDITO
2022,1,Quebranto Patrimonial,1.2657188198076896,1.4099712974916234,1.4099097226969612,1.1543970448220382,1.180845716644782,,1.5627407037821524,,1.4233000219679646,1.3644872250099611,,1.0263682692687346,,1.8611412237497942,1.3475414040780072,1.6355449063623373,,1.8637657021855696,2.0798777295796094,1.8069050499691703,,1.3586925276386406,,1.9694280314429042,1.845909443206673,1.3399943869907147,1.8686229124263325,1.2346930416672584,1.2087650396962093,3.2046922093822996,1.324047438514984,2.2933277680943944,,1.1782210371603397,1.485785486312228,2.2669227771462537,3.4136235027084547,1.369447670824368,1.2749484914761182,1.463904991889467,1.6380135911444869,,1.2662387875411885,1.4017622000754877,1.1372034212814457,1.2462905712922259,,1.0724094189864573,2.8351068398101082,1.5337451743075934,1.7267715701169115,1.2949640252944912,2.2881989106007823,1.5406256126572129,1.3331295136111092,1.8189776379116063,1.7097335856683866,2.820468399019146,1.6150360714857477,1.635191926176051,1.4111716802248584,,1.4091464909622404,,,1.7200912753904853,1.3317214444729386,1.8773256096800237,1.2670040268714897,1.214040077729655,1.9695070516261246,,1.859662781942764,1.27549848716177,1.0750928997841585,,1.407706344865855,1.2746602386550143,1.3003577428598896,,1.1808906128235974,1.4146746908960186,,1.2633981043389486,1.332471814776736,2.403761925894745,1.1589364319190014,1.2390476760185412,,1.3374566686416496,,1.191114528936474,1.4323972339716868,1.1528625850944596,,1.5123903850770646,,1.31744908796394,1.4112171226449115,1.348065388873941,1.29808013118049,2.489977482513063,,1.2695868915359945,,1.5805918795380398,0.8049899420275072,,1.695537484934382,1.8694378660643642,2.0445012620240095,1.3990901963730624,1.770534392081757,,1.6422591076994002,1.373904692299101,1.6154441863231888,,1.951022658987599,2.1712533086532084,,1.041631528445944,1.8060826943785686,1.846805349168221,2.3921788766576553,1.9889686388747851,,1.4759122927161774,5.4437286351991565,1.2939307370821327,1.3921570921892963,1.7821380837727898,,1.275359122005985,1.566464075046731,1.3477540424337393,,1.263966532592712,1.2338611485152295,1.419923761888403,1.6006173727784945,1.4029685635814388,1.3532924192266422,2.1252984415102163,1.4344318231028834,2.792867818371526,1.256848939378174,1.1936373939995075,,1.7692839017957955,1.8071151363428386,2.1373000723579287,1.2754477092195255,1.6486563379041592,1.3396928892961757,1.4364926931309885,1.5983132427117375,,1.5845213086338308,,1.5613373398031594,1.2352398184523894,1.218939455514422,1.7724859021950379,1.4000113998347805,,1.8060633977622746,,,1.6102187607526741,1.1427447743924284,2.5431377161632014,2.349405946318613,1.682456087367835
2022,1,Relación Solvencia,0.0,0.0,0.0,0.0,0.0,0.0,0.0,0.0,0.0,0.0,0.0,0.0,0.0,0.0,0.0,0.0,0.0,0.0,0.0,0.0,0.0,0.0,0.0,0.0,0.0,0.0,0.0,0.0,0.0,0.0,0.0,0.0,0.0,0.0,0.0,0.0,0.0,0.0,0.0,0.0,0.0,0.0,0.0,0.0,0.0,0.0,0.0,0.0,0.0,0.0,0.0,0.0,0.0,0.0,0.0,0.0,0.0,0.0,0.0,0.0,0.0,0.0,0.0,0.0,0.0,0.0,0.0,0.0,0.0,0.0,0.0,0.0,0.0,0.0,0.0,0.0,0.0,0.0,0.0,0.0,0.0,0.0,0.0,0.0,0.0,0.0,0.0,0.0,0.0,0.0,0.0,0.0,0.0,0.0,0.0,0.0,0.0,0.0,0.0,0.0,0.0,0.0,0.0,0.0,0.0,0.0,0.0,0.0,0.0,0.0,0.0,0.0,0.0,0.0,0.0,0.0,0.0,0.0,0.0,0.0,0.0,0.0,0.0,0.0,0.0,0.0,0.0,0.0,0.0,0.0,0.0,0.0,0.0,0.0,0.0,0.0,0.0,0.0,0.0,0.0,0.0,0.0,0.0,0.0,0.0,0.0,0.0,0.0,0.0,0.0,0.0,0.0,0.0,0.0,0.0,0.0,0.0,0.0,0.0,0.0,0.0,0.0,0.0,0.0,0.0,0.0,0.0,0.0,0.0,0.0,0.0,0.0,0.0,0.0
2022,1,Relación entre Aportes sociales mínimos no reducibles y Capital Social,0.4312164614204547,0.9724558407105275,0.9578543440656193,0.7367174590602988,0.2086907865216966,0.0,0.8261739700959849,0.0,0.6967242406655635,0.6493851225311904,0.0,0.941658636904391,0.0,1.0,0.5937911549577594,0.8824798787006116,0.0,0.9238689485391204,0.6180678494412442,0.8249422041418133,0.0,0.4324938691328142,0.0,0.5387151030429367,0.7588577796507293,0.9535977634082043,0.1805081634225396,0.45688535355137694,0.20001571092564766,0.8332039956005657,0.5697760128316939,0.6798817487972246,0.0,0.46127859818216344,0.7512804061797409,0.5945218011509491,0.9806008581646506,0.8386656121652707,0.7268230550106969,0.7008911508936788,0.5013739147255423,0.0,0.18580177434232253,0.6032815015853934,0.8084118547000372,0.4876003610922786,0.0,0.6524967008201272,0.5861125784170974,0.5391233470004911,0.3944277472229691,0.8770284933481461,0.7572646745418333,0.5357073290322801,0.12457115663294102,0.5677979035275762,0.46765569674533314,0.7655646104657714,0.4319737256704389,0.5793688600116139,0.5321359836233525,0.0,0.4638541391730658,0.0,0.0,0.575135925841117,0.6885356437119842,0.7516109168140453,0.6244359760354202,0.7793631406511989,0.6437095438198199,0.0,0.3958448567749713,0.5202999359973468,0.23773614255592285,0.0,0.6696513283765515,0.4084398013788671,0.2896206160605545,0.0,0.7474495619432928,0.4481281390802063,0.0,0.372739485663382,0.30477148042010554,1.0,0.41694282640929264,0.9655263884304195,0.0,0.188410193033548,0.0,0.11206413941456723,0.44613783531437223,0.3899558559970497,0.0,0.6999999998999593,0.0,0.6694038760553143,0.6659632000592786,0.39374365257467603,0.8421307250660053,0.599665301941658,0.0,0.15115685946434881,0.0,0.7594251533760379,0.9316884401051027,0.0,0.5785885274985819,0.5649489610153333,0.6850037085897126,0.8274222598849096,0.6151364270069435,0.0,0.49778737479121343,0.6410690120923098,0.4476841262592388,0.0,0.7375756944529239,0.8567323888050549,0.0,0.7122061133809718,0.6169481003604009,0.6513288150357113,0.9406521039668791,0.9552610094664258,0.0,0.7692845602356008,0.6447602374235385,0.6892843051166679,0.7714492331514946,0.7189358851346176,0.0,0.6709067345340292,0.9984260292602167,0.36726130018592257,0.0,0.40644758322455116,0.5427946037600354,0.5410824249952639,0.6250638014013855,0.9204313815682221,0.6387364867806335,0.9893156068676539,0.7246673709373175,0.6557794016228222,0.4646216354342667,0.3028172360274368,0.0,0.9457293541290954,0.5679317719746108,0.7871098745064412,0.879195270963152,0.49371095037020835,0.23643299120041147,0.6845196570172448,0.5029713485909553,0.0,0.2957546105074448,0.0,0.9526962936875955,0.6029829162169454,0.3965215949921848,0.13035421353163198,0.9232850586353685,0.0,0.9038382998902472,0.0,0.0,0.40969491731229185,0.6999997432580416,0.4713675898734163,0.5280762176994607,0.9998841691128499
2022,1,Relación entre el Capital Institucional y el Activo Total,0.06740982771802771,0.08512467333892815,0.07689866007647718,0.0265686254129526,0.04214998637061112,0.0,0.11008636162445296,0.0,0.04134374891401145,0.043822139944228705,0.0,0.016979228365088247,0.0,0.0592723298458603,0.05880649885248023,0.2531665270677369,0.0,0.0831396887230831,0.11193448110237347,0.08171510471887417,0.0,0.073465296390957,0.0,0.09807447078410969,0.056864823628367894,0.025947734768035757,0.09863747492035757,0.05290946836740459,0.038787130773515505,0.10038995948883729,0.1287935507028676,0.13854419445636101,0.0,0.06875773404300824,0.09515734996709296,0.13168702867333448,0.1713558433827472,0.06358246735658964,0.09123812530546857,0.04047065272584254,0.0570747564894408,0.0,0.1316120134142619,0.070463821209224,0.06793006709956213,0.06915029893450153,0.0,0.023849239144534688,0.14064912266678414,0.05461449596141927,0.06861758081943539,0.08975857627973206,0.16812159408378824,0.03743005258155768,0.10280348384411124,0.06530734657791712,0.05950221637889962,0.13560727769042516,0.04896798837102667,0.09603049797691948,0.04002852455700637,0.0,0.07704017773994237,0.0,0.0,0.06934459290882825,0.0406059976427853,0.10262375599778534,0.0926824417657897,0.05383074601044034,0.10704921823894181,0.0,0.1429573718570315,0.04379099226729178,0.021087361516195568,0.0,0.08734814240954719,0.09715190759569553,0.05543095636734486,0.0,0.06499549835631749,0.08212389132484207,0.0,0.03459652079054864,0.1144747163442822,0.15271328130293765,0.0038316512687421754,0.04110852380061952,0.0,0.07803353038731387,0.0,0.06737938047310171,0.10308695603812278,0.04906380330550631,0.0,0.19639012764970556,0.0,0.07552218070037113,0.06807326049923779,0.08171354700493073,0.11048805604555674,0.13812421326648122,0.0,0.06253341617504439,0.0,0.10317671429671645,0.07048671505764155,0.0,0.10951039413498162,0.17643301607978118,0.15700559276157344,0.08016037655303668,0.2445399585998694,0.0,0.06665757318591571,0.05686119693378096,0.06814978887060114,0.0,0.12397982684490212,0.12463067351603814,0.0,0.0,0.11636459941861796,0.09519941283325067,0.11126582956080906,0.09769372747660611,0.0,0.07425909365699469,0.07162485789997727,0.06134641745869513,0.06781601578287645,0.2877258868565911,0.0,0.03376919842072083,0.12752582385094108,0.10318661043153814,0.0,0.08459724068517686,0.04536031572957167,0.134778192891691,0.06875626441560236,0.10413867964669783,0.1158989642397134,0.040394984756458044,0.029172033211765137,0.11390350660840784,0.032893415215067785,0.054001153823121255,0.0,0.030465342624476366,0.08482232986378364,0.21281983249807132,0.048074391505929404,0.19891213117599396,0.10569381841659695,0.11113874790514022,0.09262973305471046,0.0,0.08510257574581448,0.0,0.0632854963958476,0.012550151480524761,0.037989513845830755,0.20027214011386932,0.08408902286845227,0.0,0.12491168288909862,0.0,0.0,0.18601900799267387,0.026283704569713816,0.19588577990606781,0.20769387386789404,0.1801485258251677
2022,2,Quebranto Patrimonial,1.270410579414814,1.408989184214768,1.407804969591685,1.1612177351389805,1.1859801869656053,,1.555441267778212,,1.4283984764541884,1.3709450665533107,,1.0340075897383378,,1.8512690127542109,1.3463985091075017,1.638837596094482,,1.8763631775715726,2.075554225260165,1.7499696445035589,,1.3547839564239363,,1.793791863028187,1.8791092551438267,1.389404834712675,1.8742273760869,1.2258363364850844,1.2109948341684602,3.2539901384174867,1.3318345638603422,2.2970779409896713,,1.179441497702383,1.4882127362635056,2.266697837665073,3.448502966053673,1.370113299494901,1.2710888941089864,1.462386073991023,1.6493980804827648,,1.270546486303731,1.3981851491518722,1.1371459998134996,1.2530807833878206,,1.0743929043719553,2.8511912328846805,1.5430198670707393,1.743135166872501,1.2973316738336755,2.297183555615732,1.5580619490322083,1.3457285734320845,1.827545198245206,1.7079930866026232,2.829239770878479,1.6158415038593594,1.659460583958593,1.4171834431680737,,1.4188929841228284,,,1.7003915721642964,1.3276104043657535,1.8883401948582919,1.2707726088508833,1.2087892817876384,1.9948105493814168,,1.869404254308101,1.2752098687730207,1.082670288551146,,1.3999250667961118,1.2806684907764092,1.307650946593262,,1.183014073294041,1.4156746478175686,,1.2613413884088278,1.3378088687818415,2.4152711549572343,1.1722570888233697,1.2205518338962538,,1.336419346523893,,1.1983579202725254,1.436888202057837,1.1657675489201014,,1.4952538875529588,,1.3092888911462148,1.4198314512076053,1.3489297158945,1.3002506920092376,2.50701874451651,,1.2769324601246228,,1.573965713945571,0.7975647739291999,,1.7001586413528675,1.8620037289811526,2.043853458865257,1.4056963223726722,1.7766550299331014,,1.6349687809089046,1.367181015015748,1.6144280085219909,,1.9438068317997927,2.171337039589621,,1.0271325095165598,1.8124331211772269,1.8571841126201856,2.403109341722133,1.9963340919071875,,1.473157344031971,5.458715303848647,1.2981890019320714,1.3865621657605816,1.7974141818566585,,1.2877523153992347,1.533979507974836,1.3471099842431387,,1.264579468685483,1.2301864363169426,1.4181178613343297,1.6093638528838459,1.401145182255685,1.3555313283261434,2.1382776105133114,1.4287139080148312,2.8169482799322108,1.2621228785549707,1.1952874122245292,,1.774527015311118,1.8059934058894287,2.1418204237853224,1.2744165041057365,1.648065237471197,1.3435382396462563,1.4342497505430718,1.59331328104903,,1.5912634295848889,,1.559498673561357,1.2371018105010636,1.2215177211888701,1.7712307487624592,1.3944162304046288,,1.8233525521755003,,,1.6093570369706665,1.145555009368215,2.5608651138414533,2.3444325569833766,1.6744616934501266
2022,2,Relación Solvencia,0.0,0.0,0.0,0.0,0.0,0.0,0.0,0.0,0.0,0.0,0.0,0.0,0.0,0.0,0.0,0.0,0.0,0.0,0.0,0.0,0.0,0.0,0.0,0.0,0.0,0.0,0.0,0.0,0.0,0.0,0.0,0.0,0.0,0.0,0.0,0.0,0.0,0.0,0.0,0.0,0.0,0.0,0.0,0.0,0.0,0.0,0.0,0.0,0.0,0.0,0.0,0.0,0.0,0.0,0.0,0.0,0.0,0.0,0.0,0.0,0.0,0.0,0.0,0.0,0.0,0.0,0.0,0.0,0.0,0.0,0.0,0.0,0.0,0.0,0.0,0.0,0.0,0.0,0.0,0.0,0.0,0.0,0.0,0.0,0.0,0.0,0.0,0.0,0.0,0.0,0.0,0.0,0.0,0.0,0.0,0.0,0.0,0.0,0.0,0.0,0.0,0.0,0.0,0.0,0.0,0.0,0.0,0.0,0.0,0.0,0.0,0.0,0.0,0.0,0.0,0.0,0.0,0.0,0.0,0.0,0.0,0.0,0.0,0.0,0.0,0.0,0.0,0.0,0.0,0.0,0.0,0.0,0.0,0.0,0.0,0.0,0.0,0.0,0.0,0.0,0.0,0.0,0.0,0.0,0.0,0.0,0.0,0.0,0.0,0.0,0.0,0.0,0.0,0.0,0.0,0.0,0.0,0.0,0.0,0.0,0.0,0.0,0.0,0.0,0.0,0.0,0.0,0.0,0.0,0.0,0.0,0.0,0.0,0.0
2022,2,Relación entre Aportes sociales mínimos no reducibles y Capital Social,0.4302475233923741,0.9730191517417051,0.954074311857136,0.7348240072337654,0.20758800333810362,0.0,0.8227440485065312,0.0,0.6943342350737578,0.643114514783221,0.0,0.9377657007352147,0.0,1.0,0.5943629764268938,0.8008580072210767,0.0,0.9238710727940186,0.615495983399879,0.973575301774266,0.0,0.42776304583936203,0.0,0.5309245392210853,0.753453012109025,0.9510491160761337,0.17908758157614774,0.45558831288613055,0.19871096767478724,0.8332039956005657,0.6269661043991726,0.67339633402975,0.0,0.4569577973710217,0.7483665682435906,0.591628337832177,0.980393375399876,0.8362136254629848,0.727337449832103,0.6967803942540131,0.4988864910432428,0.0,0.18475123534728471,0.5951724127807235,0.8158351138530161,0.49067929593635123,0.0,0.6486573223171302,0.5807497637545672,0.535390788353227,0.39049581402125433,0.8661879751590167,0.7545638441830895,0.536696829745804,0.128414143059964,0.5756042018479317,0.463850631918433,0.7594578312379234,0.42716532343207503,0.5753977383498203,0.5286332649911223,0.0,0.462846214708049,0.0,0.0,0.5741893701064723,0.6764914930077094,0.8253394980419395,0.6267347109128854,0.7753328053838924,0.6436675529410452,0.0,0.394757850730676,0.5166988799708517,0.23705565079142893,0.0,0.6692808851418673,0.40526269681189275,0.28659846625009794,0.0,0.7435288873486453,0.44622896585452654,0.0,0.37086913368290936,0.3048348544555304,1.0,0.41519320372279,0.9638037918537872,0.0,0.1879119422373342,0.0,0.11237629776327468,0.445274484700776,0.39259540032133156,0.0,0.6999999998998981,0.0,0.6697757284413978,0.6604930622267344,0.39182823727660165,0.9274806087799834,0.5968123981377205,0.0,0.15055402857670866,0.0,0.8440881470532048,0.9283365001867463,0.0,0.5769575361779293,0.5604288619001782,0.6827612454458797,0.8291134979102064,0.6164018213408612,0.0,0.4863749071112812,0.6383937088024529,0.4426860170646251,0.0,0.7359354249913358,0.8489167199902828,0.0,0.7113142821452284,0.615519571248662,0.6495973413926585,0.9349106566635352,0.9551109528859545,0.0,0.7687448669885696,0.6477409627643189,0.6893316393037447,0.7767574404895483,0.7277155692179469,0.0,0.6707931866456426,0.9883407354920044,0.365054621663159,0.0,0.4050627493132434,0.5390026359505825,0.5379387090476279,0.6237447747356156,0.915159651932882,0.6326290790705771,0.9884735823903521,0.718263134177215,0.656392254166223,0.46406305979897,0.30349523512648596,0.0,0.9457676518712835,0.5645780168954792,0.7817741519083385,0.8708270136631912,0.5227198634103374,0.23613727238480647,0.6837616319871042,0.49868751866934746,0.0,0.29313948989663674,0.0,0.9526708466950208,0.6007085468574329,0.39419013385241036,0.12988251396785722,0.9160708894178494,0.0,0.9163607870827213,0.0,0.0,0.41061130426978054,0.6999999999849066,0.4700537313372988,0.5283385915737014,0.9997749497839368
2022,2,Relación entre el Capital Institucional y el Activo Total,0.06738659098265695,0.08616356317381903,0.07700124152015958,0.026273953529810015,0.04198509945038407,0.0,0.10991092844350368,0.0,0.04152828420394459,0.04354204700103225,0.0,0.017793771043542152,0.0,0.05733052317488467,0.059016782867187624,0.2515057445372313,0.0,0.08127256590546651,0.11155961461727051,0.08378395297121181,0.0,0.07282531598425816,0.0,0.1066907899300825,0.05671982839431624,0.02567042930193891,0.09681026977412946,0.05123339371345426,0.03802981964686111,0.09994913786219414,0.12850519019387316,0.13679942544791995,0.0,0.06795413518273082,0.08788529683240354,0.12965439434606935,0.16948119030825973,0.06334366561154355,0.09165071874120276,0.03970804601739857,0.056541191761184655,0.0,0.13222115928231848,0.07058733615937983,0.06871417947303586,0.07031069633466795,0.0,0.02384205004436546,0.1397277790495302,0.053944036164930105,0.06624239270547734,0.08824278387225316,0.16767271434156714,0.03743570713518818,0.1044869016959618,0.06532046387616389,0.060060442344403026,0.1339832132581591,0.04871546486443198,0.09404632698312901,0.0402867417504203,0.0,0.07814220351156541,0.0,0.0,0.06972924579851203,0.03938966731632689,0.10227204959059147,0.09309463167537063,0.05453387477862272,0.1062527289972269,0.0,0.1422297373863557,0.04347395374895122,0.02116391052894931,0.0,0.08719836113150999,0.09531162308435646,0.05588919078910017,0.0,0.0658059336964152,0.08197324321929969,0.0,0.03389337889941322,0.11433928977078434,0.14968602461257957,0.0037987955058942386,0.04111632106569558,0.0,0.07705089328947778,0.0,0.06746189129505759,0.10245224787868977,0.04847961683995622,0.0,0.19831280045211874,0.0,0.07462376320394715,0.06778848632300434,0.08175684359680103,0.10619912333550784,0.1371598985133876,0.0,0.062026091623587805,0.0,0.09909540089637969,0.07228537759806468,0.0,0.10532696674397332,0.17666484206262703,0.1581833247312359,0.07985593016781324,0.2453386196249374,0.0,0.06575609111492717,0.056740211492018404,0.06776109715444203,0.0,0.12219307900121937,0.1248630572795607,0.0,0.0,0.11580369398733675,0.09516517568244366,0.10976275024307963,0.09515571978297367,0.0,0.07385702613351228,0.07180740950859255,0.06098620652294941,0.0684519317698379,0.29150028026487185,0.0,0.033547811933398855,0.12761277894790254,0.10329138257603869,0.0,0.0847915322819548,0.04344947100188032,0.1362648708924601,0.06771492680997457,0.10409474502507687,0.11014065406518209,0.04019965811718432,0.029162275187965814,0.11305707085711662,0.03289602259463575,0.05446947264691025,0.0,0.030604688964478207,0.08504508955970164,0.21248942662453668,0.0478115312706779,0.20126147026734187,0.10618005198942213,0.11181020974175622,0.09362207066423825,0.0,0.08459707319989716,0.0,0.06303895281876254,0.012471955068719192,0.03761949602788607,0.1975819921877687,0.08435055409756431,0.0,0.12498202650089188,0.0,0.0,0.18591450880890684,0.024494280826437485,0.19526612103575197,0.20989926443338736,0.20108661005318026
2022,3,Quebranto Patrimonial,1.2435485703973408,1.3937024303264771,1.3930003683960732,1.1569916269533735,1.179692001833217,,1.545442947245355,,1.3937453336055212,1.3402916218717185,,1.0235919079082352,,1.8166713242951358,1.335186833009641,1.624382305720953,,1.8061073654647828,2.04168416040384,1.7366295141491863,,1.3316544186737276,,1.8193892198326087,1.794887047039748,1.3762643829138697,1.7535127627871128,1.2193473982688863,1.1779378953182376,2.865536776462644,1.3140389531476746,2.144812699621311,,1.1708921955104912,1.4473401235026613,2.2145138719788653,3.223949222670069,1.344035497238129,1.2613012669653858,1.450186860458138,1.5295774681970424,,1.232033110143046,1.3766485097471228,1.1292671831357375,1.258921298914167,,1.0633013110781389,2.615283287505115,1.433848897171877,1.728345602492959,1.2741951306827677,2.2239299044699568,1.5496997411571254,1.3277462209884159,1.7226537516881897,1.636747541696093,2.757009764128714,1.5370962704488982,1.5873075321343741,1.3958623441480829,,1.41340430039175,,,1.6903131993427094,1.2839078238832102,1.8549013525519944,1.242818106846938,1.2059613371632598,1.9702922300684242,,1.8494312509303732,1.2509719057184874,1.078820834550203,,1.383769516120402,1.2482466023976537,1.2888638776822505,,1.1819493768523883,1.357529607198848,,1.248013884840149,1.2978171342870604,2.4105916449821305,1.1596370579384814,1.5676352961749545,,1.3119981937762253,,1.1777083699676325,1.379966435144256,1.1525994478140251,,1.4890366531597292,,1.252111688545368,1.3874577075690955,1.3384175070603064,1.2709983960844942,2.4297877373841077,,1.2624987009608422,,1.5321937032694826,0.8134388550036826,,1.6652352080367938,1.7848055621798113,2.027162936032729,1.4089313460628579,1.6946516134010747,,1.591026582473982,1.3663404844192906,1.5962242325834994,,1.9123246751026248,2.137433167603741,,1.0175498708325557,1.7432138022860126,1.7650438513215094,2.264698660204652,1.9450373590525878,,1.4430578184140095,5.457128184192505,1.2798567012508177,1.4101133428731345,1.7616735807720862,,1.279079921808735,1.5172298795614076,1.3167276005639192,,1.2387457185096342,1.201522791847806,1.377342903299475,1.5990059433132027,1.3597973717644287,1.2976108715429504,2.084972410649246,1.5615251915470303,2.6667864472626994,1.2618167052201965,1.1829458488861524,,1.7380975232981102,1.7664148942555882,2.1366458905226717,1.2765002024668675,1.6148211731179745,1.3149441042731562,,1.5393046661460221,,1.5040604633723806,,1.4915590421232467,1.225469498644277,1.2035709949409086,1.7430342441662101,1.3966084615483614,,1.7485478028380381,,,1.581373260638824,1.113907454269568,2.349860710516091,2.3022234387515255,1.6575916524380083
2022,3,Relación Solvencia,0.0,0.0,0.0,0.0,0.0,0.0,0.0,0.0,0.0,0.0,0.0,0.0,0.0,0.0,0.0,0.0,0.0,0.0,0.0,0.0,0.0,0.0,0.0,0.0,0.0,0.0,0.0,0.0,0.0,0.0,0.0,0.0,0.0,0.0,0.0,0.0,0.0,0.0,0.0,0.0,0.0,0.0,0.0,0.0,0.0,0.0,0.0,0.0,0.0,0.0,0.0,0.0,0.0,0.0,0.0,0.0,0.0,0.0,0.0,0.0,0.0,0.0,0.0,0.0,0.0,0.0,0.0,0.0,0.0,0.0,0.0,0.0,0.0,0.0,0.0,0.0,0.0,0.0,0.0,0.0,0.0,0.0,0.0,0.0,0.0,0.0,0.0,0.0,0.0,0.0,0.0,0.0,0.0,0.0,0.0,0.0,0.0,0.0,0.0,0.0,0.0,0.0,0.0,0.0,0.0,0.0,0.0,0.0,0.0,0.0,0.0,0.0,0.0,0.0,0.0,0.0,0.0,0.0,0.0,0.0,0.0,0.0,0.0,0.0,0.0,0.0,0.0,0.0,0.0,0.0,0.0,0.0,0.0,0.0,0.0,0.0,0.0,0.0,0.0,0.0,0.0,0.0,0.0,0.0,0.0,0.0,0.0,0.0,0.0,0.0,0.0,0.0,0.0,0.0,0.0,0.0,0.0,0.0,0.0,0.0,0.0,0.0,0.0,0.0,0.0,0.0,0.0,0.0,0.0,0.0,0.0,0.0,0.0,0.0
2022,3,Relación entre Aportes sociales mínimos no reducibles y Capital Social,0.42225569198675994,0.973104837359933,0.9488446857731746,0.7337631002199786,0.2055698415634279,0.0,0.8219711169968995,0.0,0.678660551169138,0.6367060902419693,0.0,0.9401576873881701,0.0,1.0,0.5913202799038395,0.8780372507022639,0.0,0.9238720658419692,0.6075843697500545,0.9773193127376871,0.0,0.4249568402051159,0.0,0.5281074953746081,0.7479978370505148,0.9413993219418565,0.1693144760351517,0.45346289934717254,0.1954794395860898,0.7506385496357078,0.6232423291572394,0.6561015676458105,0.0,0.4533646018461495,0.7344530757261809,0.5739551382696797,0.9399690560825265,0.8225584214629614,0.7249353110545994,0.688608734003748,0.4960124362658367,0.0,0.1831460825556916,0.5865777515329343,0.8090283947422253,0.4901598673328129,0.0,0.6458238011808352,0.5474795522183604,0.5133813311010692,0.7000000000000001,0.856430589434569,0.7533708610247843,0.5337745881804389,0.1271107399044629,0.5805518144951151,0.4574830004572959,0.7533235612871245,0.4221254031991831,0.5680897761563962,0.5245879999802374,0.0,0.4605742548917882,0.0,0.0,0.5718819495226782,0.660594111820374,0.8261149459043186,0.6155636011073167,0.7718762636919416,0.6346293617943082,0.0,0.39208463408605004,0.5136334185713193,0.2358849030985546,0.0,0.6621283595811079,0.4050644216169562,0.2852210579074976,0.0,0.7424669199851598,0.4309133968678054,0.0,0.36909099594249073,0.3011747156446844,1.0,0.4125232536733722,0.9182126059105805,0.0,0.18596117587979288,0.0,0.11080879555412394,0.44069150939330515,0.39154027423269244,0.0,0.6999999997508124,0.0,0.6668939697461103,0.8690309749197752,0.3860126188883091,0.9256310425434473,0.5935340254222239,0.0,0.1504971419112942,0.0,0.8374331644722284,0.9222438511714195,0.0,0.575125060592641,0.5490668605453711,0.6756376879361365,0.8277207290262495,0.5989531146646495,0.0,0.7922727568149679,0.6397917491902129,0.4407132099551219,0.0,0.7269506952103444,0.8418304821085675,0.0,0.7096725095182665,0.8185902842846223,0.6233622464278797,0.9020295560375418,0.9520713617565311,0.0,0.7624095721989042,0.6483557696416513,0.6878102690927613,0.7754435231224407,0.7210213843078741,0.0,0.6702634929105217,0.9988732606052622,0.3612206598031594,0.0,0.40192165343207775,0.5335590964816957,0.5373229900776553,0.6211413253355491,0.9888047840798511,0.6270670953706111,0.98900994118104,0.7131374267786015,0.6504039524651185,0.4643492592729855,0.30291352117144615,0.0,0.9458055998270485,0.5571861620607529,0.7764033068055181,0.868426354501165,0.5185011052933106,0.23209700731792499,0.0,0.4869483825762256,0.0,0.30328095195526067,0.0,0.9526581197055851,0.5985883066650581,0.3909488615909395,0.12822259867151067,0.9118573243311826,0.0,0.8813281333759712,0.0,0.0,0.4091213798386913,0.6999999999950647,0.4756361071116001,0.5497205620854211,0.9998290019362593
2022,3,Relación entre el Capital Institucional y el Activo Total,0.07459071961918974,0.08942385611626735,0.07806940013189985,0.02936904500213424,0.046100050477680926,0.0,0.08269579348117961,0.0,0.04366099519319723,0.05307129904084935,0.0,0.01959270412942584,0.0,0.06860061914809777,0.06715708017060681,0.2578541644059234,0.0,0.08315839755603265,0.11158339259722423,0.08413482885971678,0.0,0.08015269837617305,0.0,0.10533188871540082,0.0648420352249643,0.02967196642909008,0.10118500017350207,0.06406878437631065,0.041487793328624616,0.10781857130511466,0.13220800871863853,0.1461344785503559,0.0,0.06860065929643933,0.09336463248127803,0.1309750191096322,0.1832076026945829,0.06661461416202831,0.09371965266850608,0.04197125998910199,0.0718450569254737,0.0,0.14168543884129126,0.07426861225202816,0.07083506337213233,0.07107144768586707,0.0,0.024779417547382394,0.1502095003752847,0.05902483714974719,0.06670572359862986,0.08857502636336646,0.17393603916521824,0.05201315351648795,0.11068221752835286,0.07343589754603488,0.06204507601652846,0.1429944586855519,0.05798155783779595,0.10938267117548418,0.050308861566442827,0.0,0.08134714105864502,0.0,0.0,0.07170102477316428,0.044695144619421964,0.1171699353407309,0.09725991654388781,0.05731098594161838,0.10799121559965817,0.0,0.15336206504775357,0.04589881355782113,0.023108475608113677,0.0,0.09274353195449662,0.10719190818048924,0.060394254414848844,0.0,0.07025746687594049,0.08814974172985844,0.0,0.03473247467775678,0.1254789585917705,0.16444387276218836,0.02889223631445456,0.09728385308549184,0.0,0.07830581733119223,0.0,0.07078121267966271,0.10751856241624572,0.04981608109959407,0.0,0.19908849200662312,0.0,0.08068636265577361,0.07920820068258749,0.08326577701945967,0.11821454701884876,0.1550096224055587,0.0,0.06914709409598398,0.0,0.10995361529027037,0.06508697689704218,0.0,0.11216886608343417,0.184060101833051,0.15914308144798286,0.07785391516377331,0.25313185301847146,0.0,0.07606262560826961,0.08019810697186024,0.08230208895830902,0.0,0.12934724053005411,0.13491558163225964,0.0,0.0,0.12042048826977464,0.09807827291368373,0.12203481709619124,0.10397854634534294,0.0,0.0804561451199753,0.07409679369464157,0.06832217916919635,0.06933143787890779,0.2963423080157929,0.0,0.03539230351356132,0.13124026366628802,0.11068862647644993,0.0,0.08807619486356462,0.05285804646630734,0.1473918144552371,0.06776802405361979,0.09643644782126486,0.11616699151649801,0.06478075301455719,0.03748162011952766,0.12327605857132855,0.03250977947770402,0.0563016174953491,0.0,0.03225580203655943,0.08956999169634933,0.21176735793862408,0.05302318213373313,0.2061602397410856,0.11251980685158859,0.0,0.09658291440794874,0.0,0.09059256700067377,0.0,0.0700563801208056,0.015061693646617821,0.03985555232044076,0.20230982154529772,0.09625593307387148,0.0,0.13058810367946844,0.0,0.0,0.1972596264923079,0.0396302854231678,0.21579274546532073,0.21083247455993626,0.19614231779581723
2022,4,Quebranto Patrimonial,1.2484631401642265,1.3859088072603996,1.3932307263517838,1.1559900609245723,1.1831580632054048,,1.5217619065537757,,1.398633706736175,1.35327151433728,,1.0192506504729446,,1.7735047366097643,1.3366969760546061,1.626170121138115,,1.8174109249986565,2.0409304393452055,1.744165416015399,,1.3423079870864087,,1.8087374117237158,1.8057066146025738,1.3834036064242135,1.760186888858504,1.212830409504093,1.181175269740299,2.9083786132789657,1.3232829233007763,2.1587725293277287,,1.1737992812465738,1.4498289659980872,2.2366732377682834,3.252877766990776,1.344357502594179,1.262422224505938,1.4519419938834417,1.5357732787493592,,1.2319341541291728,1.3851691994996058,1.130654290001764,1.2478445486961072,,1.0671052526956488,2.6432545549876734,1.4454950358499963,1.7287702813528918,1.2736498510500103,2.219186367131263,1.549517736815285,1.328413924670133,1.7495237047406964,1.6452229829488225,2.7618296708758012,1.5105142697760527,1.589965314770086,1.3762006017868345,,1.4138889929311655,,,1.7005347905482335,1.288856528356927,1.8626277951739627,1.2419091929566757,1.2017123743191895,1.986017337301769,,1.8559480996050657,1.2512597726646713,1.0744651968703385,,1.3859371227593276,1.2521467965386583,1.2972743791975205,,1.1862075580263478,1.3604102277865526,,1.2433416601973901,1.3015612392486053,2.4199655061129333,1.1613086844348282,1.5738201092913895,,1.3140147969408014,,1.1843597013309468,1.378852588850302,1.1607673203522109,,1.4862653862606863,,1.2581233451608234,1.3895712138861767,1.3309641711489624,1.274160232255985,2.4357383770885908,,1.2721968002409894,,1.5062194029980305,0.8214433555203962,,1.65144245054158,1.7791615944888086,2.0136990531374384,1.3969681897750714,1.6995790086035314,,1.572386107520656,1.340490310531726,1.6098032645964568,,1.9320846943081373,2.1435667260467004,,1.0203662595453462,1.7376406730436538,1.7753324009994833,2.2899202655535955,1.9506316741291674,,1.453156328966004,5.450205818118616,1.2837679419400458,1.439617507538442,1.7536768563292835,,1.2818724910892214,1.5230290897905396,1.3153175134814743,,1.239540835304089,1.2000104726917058,1.3815045839346856,1.588206706943067,1.3597206034806155,1.2991225968330353,2.0998806758359696,1.5261038281481212,2.6797246245742676,1.2399452126485937,1.1872626129825201,,1.7356130574953328,1.763763206753742,2.1069006695171897,1.2825177920459976,1.6220907846318844,1.3218164793368328,1.3941296060808084,1.5416702908754956,,1.518005414281,,1.500994241572337,1.226643829730164,1.2061619111923705,1.7471776297590558,1.4472688392470805,,1.7480845138790813,,,1.5491291550785353,1.1119955702800604,2.3564030478808413,2.316927326567149,1.6266375543788207
2022,4,Relación Solvencia,0.0,0.0,0.0,0.0,0.0,0.0,0.0,0.0,0.0,0.0,0.0,0.0,0.0,0.0,0.0,0.0,0.0,0.0,0.0,0.0,0.0,0.0,0.0,0.0,0.0,0.0,0.0,0.0,0.0,0.0,0.0,0.0,0.0,0.0,0.0,0.0,0.0,0.0,0.0,0.0,0.0,0.0,0.0,0.0,0.0,0.0,0.0,0.0,0.0,0.0,0.0,0.0,0.0,0.0,0.0,0.0,0.0,0.0,0.0,0.0,0.0,0.0,0.0,0.0,0.0,0.0,0.0,0.0,0.0,0.0,0.0,0.0,0.0,0.0,0.0,0.0,0.0,0.0,0.0,0.0,0.0,0.0,0.0,0.0,0.0,0.0,0.0,0.0,0.0,0.0,0.0,0.0,0.0,0.0,0.0,0.0,0.0,0.0,0.0,0.0,0.0,0.0,0.0,0.0,0.0,0.0,0.0,0.0,0.0,0.0,0.0,0.0,0.0,0.0,0.0,0.0,0.0,0.0,0.0,0.0,0.0,0.0,0.0,0.0,0.0,0.0,0.0,0.0,0.0,0.0,0.0,0.0,0.0,0.0,0.0,0.0,0.0,0.0,0.0,0.0,0.0,0.0,0.0,0.0,0.0,0.0,0.0,0.0,0.0,0.0,0.0,0.0,0.0,0.0,0.0,0.0,0.0,0.0,0.0,0.0,0.0,0.0,0.0,0.0,0.0,0.0,0.0,0.0,0.0,0.0,0.0,0.0,0.0,0.0
2022,4,Relación entre Aportes sociales mínimos no reducibles y Capital Social,0.4227443881910578,0.97419194434451,0.9467457203636015,0.7332212827303481,0.2035900236977952,0.0,0.8208749635231404,0.0,0.6772250801942956,0.6317761373947632,0.0,0.9582532482943704,0.0,1.0,0.5914211854678514,0.8748552860251432,0.0,0.9238736748330623,0.6071401710278296,0.9855288309659624,0.0,0.4214693827966311,0.0,0.5256339257869806,0.7428245496527661,0.934771757501401,0.16797508734454417,0.44734512328175086,0.19409678384680126,0.7506385496357078,0.6246214287504556,0.6506698583776196,0.0,0.4500146357685834,0.7315081723375058,0.5718556205910078,0.9394748244157958,0.8199273115088719,0.7234133340052818,0.6849446665269918,0.49753362516885136,0.0,0.18150530127182268,0.5810302457693303,0.8056893258138709,0.49139305996844995,0.0,0.6443152002318397,0.5437896817033334,0.5121673784840279,0.6999999999993072,0.8500079172580578,0.7315712102602075,0.5338329521062459,0.12693305541947283,0.5880061386478561,0.4572995861215053,0.7476688647917126,0.4098744285234645,0.5621212227597822,0.5124582077090462,0.0,0.4603433288757899,0.0,0.0,0.5683207851084823,0.6581572357420394,0.8202346855659084,0.6189919491131373,0.769799110960358,0.630306597734392,0.0,0.3877590043946629,0.5138635023180548,0.23247871641247006,0.0,0.6581487622973969,0.40312966351697743,0.2863165071652779,0.0,0.7415096635486199,0.4292625797597049,0.0,0.3670595244629487,0.3009985691722304,1.0,0.4083262736215939,0.9208740678706282,0.0,0.1853050712421755,0.0,0.1111157938556176,0.4394104095134296,0.3967977253186337,0.0,0.7000000001496215,0.0,0.6605474058339481,0.8636656933857345,0.3844097318754066,0.9202205378420363,0.5910246540676374,0.0,0.1501524600546231,0.0,0.8258173008276517,0.9188616164437269,0.0,0.568624316046016,0.5452280297221394,0.672130037981031,0.8311187542867705,0.6003442178204295,0.0,0.7929472575505331,0.6230002825837039,0.4428175823173667,0.0,0.724592691746365,0.8391651209709209,0.0,0.7089961306968586,0.8124956556898236,0.6215805332764507,0.8992064692790694,0.9494790751779068,0.0,0.7597210226587754,0.6464546549339376,0.6918407875302635,0.7765878609159674,0.7267241786905316,0.0,0.6704733857583666,0.9982306185313119,0.35868913721387474,0.0,0.4030661415048198,0.5313351967773765,0.5366226274483299,0.6263338548833105,0.9867833937597938,0.6216129728826181,0.9861433759497795,0.6897589343696214,0.6493853293665414,0.46400609159547773,0.30215223767498545,0.0,0.9543720722101273,0.5539769355642585,0.7800801046792761,0.8671369823596624,0.5168611229254976,0.23220562057445052,0.6743561331549918,0.484189417137191,0.0,0.3001423377047043,0.0,0.952646298134822,0.5965850878432674,0.3868032808898218,0.12774891551539735,0.9096872933652933,0.0,0.8786495035281161,0.0,0.0,0.40030357135930744,0.6999999999903987,0.473851583273523,0.5527032638596036,0.9996595420424017
2022,4,Relación entre el Capital Institucional y el Activo Total,0.07396758222821817,0.0900746163956862,0.07900286036227724,0.02817298660718168,0.04532766714455993,0.0,0.0820857844633571,0.0,0.04281521378023456,0.052326785364602155,0.0,0.019603607929139576,0.0,0.0667511354742604,0.06781428847689382,0.2569755880779076,0.0,0.08152627771585338,0.11300718017704758,0.08408789585810424,0.0,0.0795266818329873,0.0,0.10503057620876076,0.06443749939081549,0.029203325233481577,0.10092397096704356,0.05526875396139577,0.04048476851081218,0.1075520269316427,0.1318808121490505,0.1450037910173823,0.0,0.06811285573532186,0.0929235547279416,0.13073718694323055,0.18320573433179654,0.06666202166324339,0.09400050873064737,0.04184867344876547,0.07093225393207155,0.0,0.1394970840837805,0.07424300949361083,0.07131573989711622,0.07702912413102884,0.0,0.024590503037592616,0.15022724898549594,0.05849785941359932,0.06625830226911171,0.08939798935593092,0.16818682296841228,0.05228964048990588,0.11375500953608315,0.07322144967819147,0.061838503955855155,0.14314540511333326,0.05399042398900234,0.11009800411286469,0.04752088446513369,0.0,0.07977369119546002,0.0,0.0,0.07218685102765217,0.04465632823863269,0.11781384664400826,0.09755466068491786,0.05658029610011625,0.11135909923485979,0.0,0.14911353750097933,0.046166549291374696,0.020423546653787653,0.0,0.09200821087388428,0.10532033438465574,0.06000989902760228,0.0,0.06981567084274874,0.08759261793835164,0.0,0.03448076650586461,0.12600010479956286,0.16296517884292183,0.02917276376036169,0.09690812578919362,0.0,0.0785731464329216,0.0,0.07072268247627274,0.10730839210194508,0.05053609442809756,0.0,0.20263025174161953,0.0,0.08108417757651791,0.07772448061181192,0.08147368368308257,0.11815504696349838,0.15461447154847788,0.0,0.06870309000185315,0.0,0.10469764434856316,0.06396053270745422,0.0,0.11032697792477571,0.18481098318125166,0.1560382266279177,0.08693752065276075,0.2551510218973027,0.0,0.07488935715570459,0.07120752878284473,0.08541940379109633,0.0,0.12867173029356413,0.12828266470481817,0.0,0.0,0.11909084365052093,0.09786659295161818,0.1219125065293533,0.10342875043602849,0.0,0.08021879425001761,0.07407089337113464,0.06664711554277943,0.069900466855532,0.3021985437394466,0.0,0.03557690630799148,0.13130587803093358,0.11094699938495621,0.0,0.08689225113856504,0.053626873515000145,0.1468755271357162,0.08811309967388689,0.09624083273407728,0.11492789675387907,0.06450916727641276,0.033961100687198126,0.12346812044061986,0.03465723984359519,0.056765891246692304,0.0,0.03208889316735248,0.0901617671441868,0.22036063140879017,0.05349597136915474,0.20576875047835894,0.11408575853321822,0.12845381627802938,0.09612461831358257,0.0,0.08968702357031999,0.0,0.07012940050085009,0.01494276324165013,0.03845343557339336,0.2032058841105145,0.09393194716722926,0.0,0.13225605257587342,0.0,0.0,0.18761492275874972,0.034018453823300286,0.21535710279675166,0.20843577282542805,0.1964089040771989
2022,5,Quebranto Patrimonial,1.2528310272195715,1.3849426866469703,1.3974616446315096,1.156261028400338,1.1885731211299595,,1.494619151449556,,1.4054882405624665,1.3667966411623786,,1.0135933260772612,,1.7484766681270567,1.3405121506822315,1.6288656766804839,,1.822311533343177,2.0441191629980215,1.7518962514545893,,1.3441321732799003,,1.840556751817835,1.8212778944001975,1.3849322188769888,1.7705816687411393,1.2283735566397573,1.1853974501721496,2.9642193780267703,1.3311419576061028,2.172327181635648,,1.1762305428460302,1.4532174416363874,2.2570500517390832,3.2810031168423386,1.3440875957168874,1.264190027153531,1.4539883233565385,1.551566101460063,,1.2360345700102613,1.3907876953212868,1.1320081449138468,1.2468145777870066,,1.0682102900964439,2.679007463778598,1.4599800270247825,1.7358809729493159,1.2946031754929894,2.2177493020315993,1.5493060585377225,1.3310268313874807,1.7511865184101063,1.6557954729221238,2.684647982906244,1.5257628141462092,1.5928927586047807,1.3772692556570865,,1.4152981383025576,,,1.7047205078758434,1.2908365232621926,1.8638740693943865,1.2447310663154827,1.198554680546128,1.9892043297576139,,1.8566572613860448,1.2470265749484453,1.0779001057701014,,1.386980130765716,1.2568519752201004,1.2993649382419796,,1.1928184059979978,1.3639372891140917,,1.2406391507496708,1.3095616142274598,2.4216001033598418,1.1699383611416978,1.576909009773091,,1.3168435222143307,,1.188112627384828,1.3821313456554254,1.1658821048395454,,1.4820727866816439,,1.3291572309482766,1.3866897206160613,1.332036632758036,1.2775181331057632,2.455837115429341,,1.2562424677541895,,1.5026560984302482,0.8102787155092033,,1.6676978708453543,1.7694942019268112,2.009222443464207,1.4127710956864976,1.7103824820718603,,1.564201697805464,1.3460438420273744,1.5987982367916034,,1.9328622552489692,2.0775617069895267,,1.0168351242404363,1.741519749875912,1.7782249655230207,2.320294285905066,1.9581370816294723,,1.4558605453804725,5.443421630624462,1.2872141868814027,1.4432737371231998,1.7299908571487828,,1.2725626381052588,1.525069286390453,1.314639004284217,,1.242383800979429,1.2032852385747441,1.3892946915914424,1.6008050947458698,1.3603930849616397,1.3067032328634938,2.1085715728482337,1.5334544371449135,2.6943513515429984,1.2440338487061744,1.1912714511581266,,1.7344297221751286,1.7636926308235956,2.0928720017229003,1.2848621779034477,1.629119372685919,1.3268991687913996,1.3728707171121877,1.5453427117098755,,1.5443396273496486,,1.5014423893416222,1.2346041032056823,1.208754947905064,1.7549723110755633,1.4530312089127866,,1.7516210838766748,,,1.5597677683215645,1.1173229354501895,2.389544930490518,2.3028756199024714,1.607990524556848
2022,5,Relación Solvencia,0.0,0.0,0.0,0.0,0.0,0.0,0.0,0.0,0.0,0.0,0.0,0.0,0.0,0.0,0.0,0.0,0.0,0.0,0.0,0.0,0.0,0.0,0.0,0.0,0.0,0.0,0.0,0.0,0.0,0.0,0.0,0.0,0.0,0.0,0.0,0.0,0.0,0.0,0.0,0.0,0.0,0.0,0.0,0.0,0.0,0.0,0.0,0.0,0.0,0.0,0.0,0.0,0.0,0.0,0.0,0.0,0.0,0.0,0.0,0.0,0.0,0.0,0.0,0.0,0.0,0.0,0.0,0.0,0.0,0.0,0.0,0.0,0.0,0.0,0.0,0.0,0.0,0.0,0.0,0.0,0.0,0.0,0.0,0.0,0.0,0.0,0.0,0.0,0.0,0.0,0.0,0.0,0.0,0.0,0.0,0.0,0.0,0.0,0.0,0.0,0.0,0.0,0.0,0.0,0.0,0.0,0.0,0.0,0.0,0.0,0.0,0.0,0.0,0.0,0.0,0.0,0.0,0.0,0.0,0.0,0.0,0.0,0.0,0.0,0.0,0.0,0.0,0.0,0.0,0.0,0.0,0.0,0.0,0.0,0.0,0.0,0.0,0.0,0.0,0.0,0.0,0.0,0.0,0.0,0.0,0.0,0.0,0.0,0.0,0.0,0.0,0.0,0.0,0.0,0.0,0.0,0.0,0.0,0.0,0.0,0.0,0.0,0.0,0.0,0.0,0.0,0.0,0.0,0.0,0.0,0.0,0.0,0.0,0.0
2022,5,Relación entre Aportes sociales mínimos no reducibles y Capital Social,0.42069388498295684,0.9737247209164147,0.9462229562201405,0.7314030537301109,0.20184758796163974,0.0,0.8202283770379086,0.0,0.6739040016132214,0.6258642031107851,0.0,0.9714032350522966,0.0,1.0,0.5883287660883417,0.8729172359641394,0.0,0.9238762211584194,0.608641083742484,0.9948811094097944,0.0,0.4193176243773723,0.0,0.5271143007104155,0.7369389930012746,0.9312808762876468,0.16709506426514836,0.44659853208637224,0.19231421681880836,0.7506385496357078,0.6242427760934325,0.644627264197477,0.0,0.44715904331030737,0.7287837158272957,0.5676981270754234,0.9411482759680166,0.8150195983705653,0.7239832314683384,0.6808698767185486,0.49733757034781545,0.0,0.18005009523109752,0.5785665654269465,0.8002214037093928,0.4882216416355245,0.0,0.6421613846837845,0.543361344251339,0.5114324134333557,0.6999999999993163,0.8480371454266508,0.7251880762504515,0.5311612502408611,0.12688149778757976,0.5919138955675602,0.45879774774801657,0.7195850301756659,0.4055316219716019,0.5554306519415735,0.5081975388419913,0.0,0.4583746773541703,0.0,0.0,0.565428359638146,0.6527836307135231,0.8159629910772019,0.6231296510291876,0.7682819670025598,0.6301183851880376,0.0,0.38500029752224507,0.5115178209215725,0.23185808681148537,0.0,0.6594914803068231,0.4002590512343453,0.28445575355335906,0.0,0.7365863806260856,0.4278960160895409,0.0,0.3656151203438744,0.29992689027894287,1.0,0.443583053858836,0.9211221508309797,0.0,0.18356052033410739,0.0,0.11162133875957064,0.4371899111079115,0.4005230474581505,0.0,0.7,0.0,0.6605889535922811,0.8573977028350972,0.3825751420633253,0.9159342831506068,0.5884934293107797,0.0,0.14686359548885597,0.0,0.8234409800159768,0.9145689047724506,0.0,0.568201637087204,0.5372179480130567,0.6684399538350068,0.8351137289131483,0.5996339109906901,0.0,0.7934301681652416,0.6217994046236999,0.4411862780385187,0.0,0.7222716421176432,0.815689415095062,0.0,0.7073118768556955,0.8106942967859396,0.6205836148436598,0.8961026284695248,0.9466693545940589,0.0,0.7595998030809566,0.6448182995267502,0.6901224707573059,0.7763580709259178,0.7327831807640951,0.0,0.6690161491311765,0.9991882174391846,0.3562046693121531,0.0,0.40158810029084885,0.5272568865009336,0.5370072880084702,0.6263045630982639,0.9877815978564662,0.6198023480324167,0.9824250188247845,0.6821650410085114,0.6478667634241223,0.46326068322742237,0.30098800228492056,0.0,0.9458870900297429,0.552166561114838,0.7756629751662635,0.8658009393237919,0.5154097604864496,0.23086330404234323,0.664225014503043,0.4826883399760801,0.0,0.2966049652764102,0.0,0.952623409979866,0.5949442967885055,0.38335843370970984,0.12801758449807762,0.9052054034667623,0.0,0.8756089815409238,0.0,0.0,0.4018183015916941,0.7000000000188784,0.47436514229026544,0.5502200215265655,0.9997548734284949
2022,5,Relación entre el Capital Institucional y el Activo Total,0.07385305049008255,0.09060506207197816,0.07980375897746146,0.028031694065129936,0.045219058797717766,0.0,0.08563890505646002,0.0,0.04268008593555272,0.052256201643982786,0.0,0.020032800792077976,0.0,0.06551967910984087,0.06915744589535837,0.25667548803589907,0.0,0.0825508710187248,0.11231245810293047,0.08400892601853578,0.0,0.07878520594033774,0.0,0.10338034930660767,0.06387321376478887,0.028542458508707798,0.10035109172123056,0.05553852564739144,0.04030260179193712,0.10242271057597067,0.13074950979610245,0.14326935956532033,0.0,0.06739770620085513,0.09370219107266846,0.12913004954162013,0.18248697931516733,0.06626022844763246,0.09180753564971295,0.041473141598780766,0.06937090803663049,0.0,0.13822607718929783,0.07409181811136692,0.06542546454532384,0.07527204664771059,0.0,0.025249742506464827,0.15023731086620065,0.058423225371124744,0.0657464182788583,0.08809707065073451,0.17051592520706507,0.05184633654190632,0.11208237238852978,0.07331230108567949,0.06183760499433305,0.13930459572620693,0.05321783275432963,0.10701013885156738,0.047185857228048016,0.0,0.0819924809762833,0.0,0.0,0.07403570175393952,0.044626023812142736,0.11626832480726783,0.09835722331002776,0.05709262828511391,0.11375995696939639,0.0,0.1478254931260795,0.045264248265508414,0.020139380262591804,0.0,0.09037627118280674,0.10352889687646503,0.06057869270330005,0.0,0.0691762887575395,0.08722757427340043,0.0,0.034092498624145255,0.1253553208281923,0.16329101259920867,0.029126267134451565,0.0981422594619082,0.0,0.0782398228771625,0.0,0.0724536939568693,0.10775562723031312,0.051284948327774214,0.0,0.20191505684017882,0.0,0.07883946175150412,0.07594310871476527,0.08221752174647907,0.11920414140923828,0.1530335426545702,0.0,0.06379963994203575,0.0,0.10382192243616399,0.06541910249379998,0.0,0.10662923948161594,0.18213494809211953,0.15831032801172373,0.08521477439200494,0.25473963176982867,0.0,0.07227051640856987,0.07117746356830133,0.08585019692461911,0.0,0.12849872293714348,0.12402675828744676,0.0,0.0,0.11845755336141488,0.09668374307882707,0.12059445699321089,0.10220164571025087,0.0,0.08073797408509091,0.07389916281497456,0.06558809818667216,0.06660643623328036,0.2967389429138073,0.0,0.03566153192118063,0.13152786381735773,0.10931089806022325,0.0,0.0878960614363416,0.0519109749131837,0.14861001051248704,0.08482707099659441,0.09745411966089373,0.11377376422494027,0.0649480320780878,0.03377950162576682,0.12182070503934841,0.03451027659213504,0.05693234354858211,0.0,0.03181599427711111,0.090132634306813,0.2186053611236992,0.05158834204644471,0.20607415198856066,0.11420671727412122,0.12212951375956405,0.0955340821612818,0.0,0.09005082750169445,0.0,0.06919834575240767,0.015039792793105423,0.03792461892494285,0.2043835316207149,0.09549343254991698,0.0,0.1339204202093925,0.0,0.0,0.1870720160558415,0.03293837296948866,0.21485993892463637,0.21074278398272392,0.19389087776735056
2022,6,Quebranto Patrimonial,1.2600594821152906,1.3913678279829766,1.4015010661978893,1.1619326633912663,1.190933545934627,,1.4927217946159048,,1.4103380376734538,1.3682019415838418,,1.0137155302361762,,1.7219306679339332,1.3436116896978667,1.6300209217338064,,1.839732908825632,2.0395069702487834,1.7497848934442284,,1.3439724042735797,,1.8418312851489227,1.8131804091343549,1.385978057656456,1.7691632607964263,1.2153054142757334,1.1896110002366405,3.0162277512626634,1.3374431123661472,2.1786377055999906,,1.1789384134663534,1.4521174754005708,2.2709160905720083,3.2857849371893497,1.3469504812417472,1.2585861633576187,1.4347243645257317,1.5234057667914755,,1.2399570559369928,1.3968657766863393,1.132233765260534,1.2541009959412586,,1.0715571044517576,2.6971351616357575,1.4757335212540743,1.7464367175224118,1.2694608726285364,2.1879777532302334,1.5444395595172185,1.3351473299349876,1.7365596265715395,1.6355493912097414,2.6871086751641617,1.5252768798887866,1.5758595478063457,1.3785709146300773,,1.4165813055541747,,,1.6876150876036236,1.2938786184586133,1.8709495801286222,1.2477598265291516,1.1872459875386079,1.9998803484424306,,1.8655376077514223,1.24396358165866,1.0731352248409431,,1.3969611573076992,1.2612219102451292,1.308736338061025,,1.1983797143862458,1.3600394408712024,,1.2363208632903553,1.3163542212312278,2.4219970791401866,1.1649785948694966,1.5686997393900726,,1.318386467720386,,1.1951702038690222,1.3863603559381552,1.1658333978076365,,1.476974983076355,,1.3390350397845463,1.3910340568323913,1.334308447566664,1.269751195914164,2.442201634697105,,1.258887594667855,,1.5125674993299223,0.7967766480150078,,1.6341150374182611,1.7720437205794737,2.011014923801957,1.4178565425281529,1.712997885083359,,1.5563026681601522,1.322703232510048,1.5846373957536022,,1.903976362392339,2.0758503865220335,,1.0137869496177123,1.7531457484285013,1.7887304259266372,2.3252160117333482,1.9617265901273564,,1.4499043865245902,5.445196187872697,1.2937464777282466,1.4668952196928084,1.7559333521040053,,1.2811824665919886,1.5120972211935988,1.3150377234240795,,1.2514543094443764,1.20904587054561,1.3869948443816553,1.6089225126226283,1.3597792159461184,1.3123184675551989,2.1155825102985144,1.517411242702319,2.7056202434551815,1.2478257059106987,1.1965485915218406,,1.7374401554193624,1.7674318127597142,2.1021773122079868,1.2979742519573731,1.6326930005038311,1.3307912167197637,1.3773443867147022,1.5487764959887091,,1.5477723444503582,,1.5147101292213485,1.2344861530952584,1.2111752848756572,1.7572074835113967,1.4540027224189154,,1.7599743413034643,,,1.5675430207004657,1.1104563085436607,2.415556553234221,2.318138970451979,1.6006448583739596
2022,6,Relación Solvencia,0.0,0.0,0.0,0.0,0.0,0.0,0.0,0.0,0.0,0.0,0.0,0.0,0.0,0.0,0.0,0.0,0.0,0.0,0.0,0.0,0.0,0.0,0.0,0.0,0.0,0.0,0.0,0.0,0.0,0.0,0.0,0.0,0.0,0.0,0.0,0.0,0.0,0.0,0.0,0.0,0.0,0.0,0.0,0.0,0.0,0.0,0.0,0.0,0.0,0.0,0.0,0.0,0.0,0.0,0.0,0.0,0.0,0.0,0.0,0.0,0.0,0.0,0.0,0.0,0.0,0.0,0.0,0.0,0.0,0.0,0.0,0.0,0.0,0.0,0.0,0.0,0.0,0.0,0.0,0.0,0.0,0.0,0.0,0.0,0.0,0.0,0.0,0.0,0.0,0.0,0.0,0.0,0.0,0.0,0.0,0.0,0.0,0.0,0.0,0.0,0.0,0.0,0.0,0.0,0.0,0.0,0.0,0.0,0.0,0.0,0.0,0.0,0.0,0.0,0.0,0.0,0.0,0.0,0.0,0.0,0.0,0.0,0.0,0.0,0.0,0.0,0.0,0.0,0.0,0.0,0.0,0.0,0.0,0.0,0.0,0.0,0.0,0.0,0.0,0.0,0.0,0.0,0.0,0.0,0.0,0.0,0.0,0.0,0.0,0.0,0.0,0.0,0.0,0.0,0.0,0.0,0.0,0.0,0.0,0.0,0.0,0.0,0.0,0.0,0.0,0.0,0.0,0.0,0.0,0.0,0.0,0.0,0.0,0.0
2022,6,Relación entre Aportes sociales mínimos no reducibles y Capital Social,0.42070630263404574,0.9705031437869676,0.946404444555525,0.72989328486666,0.2002922577279447,0.0,0.8217530666126763,0.0,0.6712140043233641,0.6224553318145264,0.0,0.9615666101666382,0.0,1.0,0.5876715375167592,0.8685998992709018,0.0,0.9238782859877418,0.6074349861398972,0.9878824971557935,0.0,0.4177692947790879,0.0,0.5263843854188598,0.7309035208847793,0.9247748675217565,0.16594660271583306,0.446493284882057,0.19019147923641955,0.7506385496357078,0.6191154747941272,0.6389236450660781,0.0,0.44413385726138616,0.7258873166965224,0.5637491851231684,0.939345515051508,0.8171860035525981,0.7188105957712306,0.6790544671361686,0.48367419011548946,0.0,0.1786281887074989,0.5730608757499921,0.7932501947449895,0.48510286947775466,0.0,0.6386708608730355,0.5389440840094264,0.49857966121049596,0.6999999999993237,0.8412402424976335,0.7176197921820607,0.5308115380320613,0.12627040569399556,0.593422424322075,0.46044295671362057,0.7139433729055998,0.4006383852290127,0.5484700800546647,0.5047468748728128,0.0,0.4576101782386214,0.0,0.0,0.563105735021176,0.6480443237669553,0.8111971577452681,0.68503311497103,0.7619531810338719,0.6298321389945721,0.0,0.38463315962571826,0.5133093033528353,0.23100791519250483,0.0,0.660272666590684,0.3973285234767161,0.28245964417114056,0.0,0.7323203140080345,0.42634417183125234,0.0,0.3627481909967537,0.2982615081423793,1.0,0.4424849069900581,0.91290831352758,0.0,0.18342153787956356,0.0,0.11147497657924493,0.4342080297927986,0.40049251734924063,0.0,0.6999999999505806,0.0,0.6556436873747914,0.8516172141759426,0.38157196840077473,0.9146082024301138,0.5859638714383174,0.0,0.14613273776229363,0.0,0.8213245958413609,0.9101338497650945,0.0,0.5636697376596282,0.5352230379632935,0.6670516664132405,0.8339825352052721,0.5989406641202758,0.0,0.7946738586972983,0.6071048990282532,0.43761599047365574,0.0,0.7189661079679427,0.8085715091177981,0.0,0.7097151493915275,0.8091400377974878,0.6210537808800527,0.8897471279053187,0.9439873323814414,0.0,0.7568118786437706,0.644034183452418,0.6960360810172456,0.7793598260751627,0.7521310994462228,0.0,0.667198397819105,0.9995115817933771,0.3546881440792887,0.0,0.4021905343766886,0.5209323709909606,0.5309720842617702,0.6250551990078177,0.9851250670190204,0.6158082979410195,0.9799505615890597,0.6756287021725534,0.646648507978311,0.5557195901819122,0.2997273069936282,0.0,0.9502144517889769,0.5818563812761051,0.7783683172845836,0.8732697929326313,0.5136232903685788,0.23116042455329291,0.6607947181774249,0.4815995121566734,0.0,0.29248730368822484,0.0,0.952618690587698,0.5934519604789669,0.3809079225922129,0.12725058399093875,0.9024910646512808,0.0,0.8770657756973046,0.0,0.0,0.4002295120688589,0.7000000000087414,0.4734311383209412,0.5499761950363209,0.9995122746179543
2022,6,Relación entre el Capital Institucional y el Activo Total,0.07529292654938345,0.09071299870999305,0.07983232179526581,0.027959826178612035,0.04511588569967303,0.0,0.08518866049003727,0.0,0.04195588206891489,0.05222947209827167,0.0,0.01978442032013323,0.0,0.06503285051844324,0.06920194215114353,0.2555167167723174,0.0,0.08138133005764041,0.11090324348174539,0.08512061802085498,0.0,0.07772465146847532,0.0,0.10266284395538598,0.06366732774756162,0.02883149134084425,0.10098975593625496,0.05567370895573963,0.040143568224136714,0.10161367850383482,0.12883878061149756,0.14246713897715002,0.0,0.06529278992567,0.09329269926075115,0.12846802306914967,0.18267524089328055,0.06743085721822559,0.0881081705721406,0.041461613586274496,0.06424274595962569,0.0,0.13718636630588008,0.07278309102878183,0.0638924203103296,0.07513480315838063,0.0,0.02601177447967426,0.14579447346475552,0.05803302422853702,0.06629041759561768,0.08877239340927562,0.17079521083622906,0.052250894354680444,0.1105488377879889,0.07271382344524754,0.06173753412658587,0.13830196070873546,0.052093068967598626,0.10628351872846327,0.04657993713005056,0.0,0.0810096168813827,0.0,0.0,0.0760304053926053,0.043436118501479055,0.11488700250807816,0.0983560183566237,0.05424666196887371,0.11810796891938236,0.0,0.1482244018560317,0.045864750195199214,0.020222804297696656,0.0,0.08975731046696282,0.10194509217869362,0.06087131378336626,0.0,0.06809077436654054,0.0865811471140508,0.0,0.03382031524211456,0.12414626505182802,0.16524162641437065,0.02925409083216379,0.09534633100547496,0.0,0.07711947718151917,0.0,0.0721783317822615,0.10774849294127396,0.05329861673858583,0.0,0.19820887586943955,0.0,0.07773628229379934,0.07047628221656382,0.08129501826004912,0.11378675391613605,0.15389206408852985,0.0,0.06411493408371914,0.0,0.10214136156833989,0.06608438551657363,0.0,0.1077586975288816,0.18132976156743563,0.15589242272550688,0.08339553268927132,0.25302749410895026,0.0,0.06854735236680233,0.06110047804754524,0.08565834081135158,0.0,0.12858584523997477,0.12485907254938468,0.0,0.0,0.1185544486354648,0.09730118956377011,0.12083585392006653,0.09639692144092538,0.0,0.08076460918563837,0.07372485751486042,0.06385709567141622,0.06768710996427271,0.30201010082420154,0.0,0.03480229092147203,0.13322523168505004,0.10846413222516525,0.0,0.08687543625321156,0.05307000482208862,0.1469672907068039,0.08388139956867888,0.09801282295216236,0.11198089863349243,0.06561269714501673,0.03336453853218483,0.12155441073979867,0.03459204420960682,0.05761069394085747,0.0,0.031718617425569876,0.08989968805636668,0.2111894986417917,0.049952441945909386,0.20384416450785633,0.11678869994120575,0.11984418978249521,0.09517470197284425,0.0,0.09082531436144925,0.0,0.06982942445644091,0.015140171723193709,0.03749834789787169,0.20721176919368367,0.09526168974947875,0.0,0.13491699132347643,0.0,0.0,0.18617730133330457,0.029846251923538323,0.2147341330270079,0.20988854361336123,0.1946978462523871
2022,7,Quebranto Patrimonial,1.2596353417006982,1.3909786018213433,1.401969888238255,1.165665319093451,1.1962864170520278,,1.473016586441652,,1.4103455617897718,1.3782300779684562,,1.000795454572999,,1.7353862157614897,1.3449530561366492,1.63045283554946,,1.853410817432612,2.0370426291221473,1.7361530007316492,,1.3473150709685648,,1.863750399008868,1.824411857248535,1.393208940038095,1.7824525040537407,1.2148799468866411,1.194559326653905,3.056498048969093,1.3468919045758845,2.1828656934621327,,1.1801685746457193,1.4538753999117962,2.289890819147421,3.3074264320007196,1.3476786215732681,1.2608100615706754,1.441443369195049,1.534404936819489,,1.2472845891040447,1.4000413332855444,1.1298331244997006,1.2630823305186805,,1.0725734129455198,2.7153138258138556,1.4917865834266537,1.7606165428596434,1.2683700914652423,2.1811358633284548,1.5414686281947756,1.3355239149354936,1.741186957050584,1.6281788545721614,2.692284334312149,1.5588870954497571,1.5800740841348266,1.4140035534223077,,1.4166872762466007,,,1.7024164168325608,1.2957363665658141,1.877235268866729,1.2555844869808837,1.1876016898817625,1.9972526855895736,,1.867879659720772,1.2396572101833785,1.0759513889925827,,1.396006364321866,1.265845768302694,1.3142384853322364,,1.2031519082584017,1.3647993080147822,,1.2379953269966277,1.316873617366157,2.4309307443781885,1.2582791849603108,1.6045281728561231,,1.3199312782512147,,1.1982694566003118,1.3914564838479673,1.172164963780099,,1.479483792643345,,1.3390541553537847,1.3851967677641375,1.3370510931502841,1.2733415747452899,2.457920876647888,,1.2649952684896937,,1.517783938932251,0.8004321388109659,,1.650422030200828,1.7822736243300634,2.0101424151119263,1.4209244269105998,1.718399580005826,,1.556396980994686,1.3302984759906598,1.6021294798470358,,1.9100570008524365,2.075097986306617,,1.0200223459806899,1.763136659845775,1.8029597098096555,2.3318070069967276,1.9687042839077737,,1.4523670203884962,5.438776453673983,1.2949744997930615,1.4476603919176856,1.7552063968334206,,1.2939429066454322,1.5344623810581868,1.3137052336076613,,1.2446244764263907,1.207253426668217,1.3930192090099405,1.6217474599676123,1.3590856923344627,1.3134812456425347,2.1260345671087086,1.5245154410864419,2.717553839491456,1.2533829770131832,1.2049045117296326,,1.7514028113435833,1.77096170601132,2.103088562300779,1.299013308608111,1.6390231710087262,1.3328464844736039,1.3805516904383954,1.5521368695733504,,1.5720931871879624,,1.5231265352904064,1.2385457274611222,1.210220031168993,1.7622555113269716,1.4594134092525541,,1.7637047181208394,,,1.5793343783719942,1.114559409498211,2.3902362143248346,2.3323018129745776,1.5906783964424613
2022,7,Relación Solvencia,0.0,0.0,0.0,0.0,0.0,0.0,0.0,0.0,0.0,0.0,0.0,0.0,0.0,0.0,0.0,0.0,0.0,0.0,0.0,0.0,0.0,0.0,0.0,0.0,0.0,0.0,0.0,0.0,0.0,0.0,0.0,0.0,0.0,0.0,0.0,0.0,0.0,0.0,0.0,0.0,0.0,0.0,0.0,0.0,0.0,0.0,0.0,0.0,0.0,0.0,0.0,0.0,0.0,0.0,0.0,0.0,0.0,0.0,0.0,0.0,0.0,0.0,0.0,0.0,0.0,0.0,0.0,0.0,0.0,0.0,0.0,0.0,0.0,0.0,0.0,0.0,0.0,0.0,0.0,0.0,0.0,0.0,0.0,0.0,0.0,0.0,0.0,0.0,0.0,0.0,0.0,0.0,0.0,0.0,0.0,0.0,0.0,0.0,0.0,0.0,0.0,0.0,0.0,0.0,0.0,0.0,0.0,0.0,0.0,0.0,0.0,0.0,0.0,0.0,0.0,0.0,0.0,0.0,0.0,0.0,0.0,0.0,0.0,0.0,0.0,0.0,0.0,0.0,0.0,0.0,0.0,0.0,0.0,0.0,0.0,0.0,0.0,0.0,0.0,0.0,0.0,0.0,0.0,0.0,0.0,0.0,0.0,0.0,0.0,0.0,0.0,0.0,0.0,0.0,0.0,0.0,0.0,0.0,0.0,0.0,0.0,0.0,0.0,0.0,0.0,0.0,0.0,0.0,0.0,0.0,0.0,0.0,0.0,0.0
2022,7,Relación entre Aportes sociales mínimos no reducibles y Capital Social,0.41828574148574516,0.9706884629245436,0.9422949301016371,0.7276326545865898,0.198021115489994,0.0,0.8189723769676156,0.0,0.6685704947026946,0.6154926073154952,0.0,0.9566183058040324,0.0,1.0,0.5856030804463511,0.8634271960433207,0.0,0.9238802600426864,0.6059949505605233,0.9785928731301581,0.0,0.4163206618427199,0.0,0.5274185843437692,0.7248941101590276,0.919990927374783,0.1649252714947248,0.4444363959199112,0.18821621141016093,0.7506385496357078,0.6188384015322552,0.6345154564410207,0.0,0.44027403730836545,0.7229419849869327,0.5599802787968605,0.9364115473541701,0.8145883241548393,0.7240365294717586,0.6765784279906921,0.48149183313532296,0.0,0.1785593123197515,0.5707600368577089,0.7870079091749804,0.48279785915475104,0.0,0.6357724196938535,0.5352111567494636,0.4974821895367764,0.6999999999993312,0.8404171489114193,0.7093123237489791,0.5295251194958652,0.12592926236904733,0.5947823423030357,0.461047004938469,0.7087025695338321,0.397058121807615,0.5417075258789986,0.50050899329642,0.0,0.4565034249461109,0.0,0.0,0.5582001687566204,0.6419308501732932,0.8219224271119034,0.6834185156568321,0.7583229021736706,0.6285426607963706,0.0,0.38278068112718716,0.5129719738540449,0.2296875063860843,0.0,0.6550650670719561,0.39383595507063646,0.28067594347390645,0.0,0.728264803380102,0.42473714673672025,0.0,0.3604487237423383,0.29655470873561773,1.0,0.43947982069445013,0.9561974550900836,0.0,0.18280667478360274,0.0,0.11135977523976927,0.4313992178858621,0.4020346418602517,0.0,0.699999999851467,0.0,0.649296029449467,0.842924320931666,0.3793930548245683,0.9030355647979139,0.5835887919037398,0.0,0.1454071697363825,0.0,0.8211156322376467,0.9985190133520491,0.0,0.5589591308545172,0.5321459129717045,0.6573917406945269,0.8305288864653526,0.5982883377833966,0.0,0.7940902342121514,0.6033877456243744,0.4346862346083909,0.0,0.7162033433525532,0.8062029218857691,0.0,0.7069033371642596,0.8071415991165336,0.6196467860678813,0.8851574167070104,0.9412774217693743,0.0,0.7494854952505619,0.6421341767013927,0.6941554664748675,0.744114944261722,0.7532381475208085,0.0,0.6710678308406006,0.991689956453489,0.35235339327531373,0.0,0.40182876440515275,0.5172407655209424,0.5337842760945869,0.6256888252297138,0.9817072386058343,0.6102171256488321,0.975863416283536,0.6714671364112433,0.6457957170907777,0.5546533304933778,0.2988450868377754,0.0,0.9502125435951011,0.5792091026479057,0.7806227737366205,0.8704961412521952,0.5141577340853714,0.23022825281947676,0.658733386325771,0.4801483883694291,0.0,0.28856543383527916,0.0,0.9525972910881504,0.5924936688805684,0.37768114291753324,0.12644302302825347,0.8988800496085199,0.0,0.8747748495100651,0.0,0.0,0.4034291944123862,0.7,0.47253555363970656,0.5509817359004517,0.9995184719940972
2022,7,Relación entre el Capital Institucional y el Activo Total,0.07485806645198881,0.0906344983873194,0.08056670256007382,0.02795779001416998,0.04457898724072464,0.0,0.08750846451812093,0.0,0.04205031766716565,0.05156208319188754,0.0,0.01990779660240949,0.0,0.06271350241820701,0.06933344983906083,0.2519828276118993,0.0,0.082309137674139,0.11096596302745244,0.08623061403668689,0.0,0.07736718826791943,0.0,0.10189917839697446,0.06321971632412095,0.027308311542449202,0.10036576436263173,0.05352137193931751,0.040499011210297975,0.10112465746348462,0.1280383220602242,0.1426966702246386,0.0,0.06496620653262644,0.09154574941422469,0.12736588389112605,0.1815940213702292,0.06828212930324298,0.08701191039342741,0.04131275374812772,0.06369428459389138,0.0,0.13684938763101298,0.07080241166052105,0.06278607829092966,0.07801157073375685,0.0,0.02545972982352651,0.14898022786934734,0.05498871704907412,0.06631097254562292,0.08966125132830088,0.16042625217318204,0.05233963830009136,0.11218181437656047,0.07110386397062549,0.06142178695326559,0.1380581368507628,0.051529449400361645,0.10447490092237997,0.04512250708444164,0.0,0.08027940966088473,0.0,0.0,0.07671070610692356,0.04395256049030457,0.11480536970704168,0.09814244803156173,0.05302014904985223,0.12324910523241173,0.0,0.1436036622722522,0.04444680491901339,0.019750281626751118,0.0,0.08971073785708118,0.10071075168176252,0.060481710724030815,0.0,0.06776970923464468,0.08538629959682692,0.0,0.03357396390309278,0.12402053267634583,0.1638790022759168,0.028604608528008706,0.09745952528053628,0.0,0.07814949791656418,0.0,0.07175767221713368,0.10876376314714445,0.05477550055055466,0.0,0.19760411382336093,0.0,0.07677640449473233,0.06676712705340779,0.08147526877924445,0.1133102981800363,0.15339078845128917,0.0,0.06406284866236006,0.0,0.10397257891909012,0.06363734155895674,0.0,0.10749281383212513,0.18016475530733736,0.15604892724812872,0.08345887228362436,0.2520983252071549,0.0,0.06926851120470826,0.06153027043141001,0.08452607670198559,0.0,0.12690051475692182,0.12291860109005993,0.0,0.0,0.11729541921358509,0.09540664042195629,0.11977707041437162,0.09834858646255419,0.0,0.08021106710804701,0.07322787694642799,0.0635166247192171,0.06603438750953296,0.3005954569562092,0.0,0.034426023230177856,0.13089681224137334,0.10873963794178829,0.0,0.08828079622270492,0.05147619724100836,0.14726192440852487,0.0831326651315915,0.09518058452602483,0.11209598701903252,0.06644286448064597,0.03327596635926748,0.1212996070786388,0.03463937746244743,0.05768568849075904,0.0,0.03167277203223743,0.08993679092243193,0.21197341515005425,0.05068855324355464,0.20470236440912484,0.11977247489115424,0.11927958276045342,0.09484735146401484,0.0,0.08966634067149687,0.0,0.0698661448220135,0.015368489085702867,0.03735806142155254,0.20678627630387192,0.09427513870886627,0.0,0.13449553114927662,0.0,0.0,0.18578929147412487,0.02830695583376014,0.21812889986652614,0.21055976808288412,0.18905477228498893
2022,8,Quebranto Patrimonial,1.2674625889004998,1.3914517566563955,1.4026368064117019,1.167363735337664,1.1940801118329698,,1.4554175336564603,,1.4155594508478921,1.3926034731013455,,0.9977087984162339,,1.7145289149998073,1.3495181266667613,1.6328178270429796,,1.8550465807585947,2.0334808882903666,1.7405034240036825,,1.344038204976136,,1.8851841278726709,1.8347882961299018,1.3949228577880675,1.7986714403416133,1.2346578454868393,1.1892981689282076,3.091274202834643,1.3563334814363508,2.1820224150379346,,1.183736598917375,1.4550113521936108,2.2528197726884436,3.319027451423395,1.3535690260818372,1.2660640803866152,1.4446142169634413,1.5456271659615686,,1.2524322758429143,1.3988475536282896,1.129229209905131,1.2726150669960488,,1.075319696422816,2.7400479341927526,1.5046337941688603,1.766308780393355,1.2742794298961684,2.1883863447607865,1.5482432197296063,1.3357091552218079,1.7492763332683223,1.6382162579515778,2.703086117219679,1.535123036724752,1.5881376252448947,1.3888863475239277,,1.416358134375215,,,1.721131086387174,1.299261925820792,1.8797067917610875,1.2594304008494028,1.1881846793146353,1.9992260656936216,,1.875246024326002,1.2399761485742948,1.074198997389466,,1.4026423409283861,1.2755160620736534,1.3143426327039296,,1.2040825018972015,1.3667578158881677,,1.2407395166395037,1.3233150446848647,2.4470640686845577,1.2659291680787925,1.6053816121119966,,1.3259635354914736,,1.1897072705314085,1.3944648817751253,1.1820175189526656,,1.4715015825201934,,1.339877796406571,1.3813232977868901,1.3382309721368135,1.2766539459694963,2.4613144655861188,,1.2704117591247006,,1.5255785482465356,0.807030301073492,,1.6649476572816198,1.7787006370284912,2.0283121227672543,1.4209590911329582,1.7114863882057942,,1.541632628297448,1.3272233790948909,1.5946579620085655,,1.9002344790206258,2.0813652145734367,,1.0029504135005418,1.7733017694471158,1.8103991420449337,2.3235446802174406,1.9778005678009452,,1.4514478504137824,5.424286146272751,1.2991924015688736,1.4642369763313858,1.735304701485637,,1.3004600565906403,1.4892570255061257,1.3135590259866177,,1.2452791758737698,1.2088282044917844,1.3903820478274522,1.6272407564745204,1.3584672150089525,1.32003512897043,2.13974543759199,1.5256266696922753,2.722124639713222,1.2670256113248424,1.2096089111582606,,1.7444563303389584,1.768890956946456,2.1029074124025433,1.3020151039564098,1.6455523882979313,1.334165640316081,1.3910556301009722,1.5602900331883804,,1.5838371912215177,,1.5288039387387204,1.2463708831652682,1.2124767156414185,1.7674467050827722,1.4677345974479075,,1.7669095286273389,,,1.5998207478202728,1.1136102292093346,2.424008508132816,2.3450091520596352,1.5738587001828839
2022,8,Relación Solvencia,0.0,0.0,0.0,0.0,0.0,0.0,0.0,0.0,0.0,0.0,0.0,0.0,0.0,0.0,0.0,0.0,0.0,0.0,0.0,0.0,0.0,0.0,0.0,0.0,0.0,0.0,0.0,0.0,0.0,0.0,0.0,0.0,0.0,0.0,0.0,0.0,0.0,0.0,0.0,0.0,0.0,0.0,0.0,0.0,0.0,0.0,0.0,0.0,0.0,0.0,0.0,0.0,0.0,0.0,0.0,0.0,0.0,0.0,0.0,0.0,0.0,0.0,0.0,0.0,0.0,0.0,0.0,0.0,0.0,0.0,0.0,0.0,0.0,0.0,0.0,0.0,0.0,0.0,0.0,0.0,0.0,0.0,0.0,0.0,0.0,0.0,0.0,0.0,0.0,0.0,0.0,0.0,0.0,0.0,0.0,0.0,0.0,0.0,0.0,0.0,0.0,0.0,0.0,0.0,0.0,0.0,0.0,0.0,0.0,0.0,0.0,0.0,0.0,0.0,0.0,0.0,0.0,0.0,0.0,0.0,0.0,0.0,0.0,0.0,0.0,0.0,0.0,0.0,0.0,0.0,0.0,0.0,0.0,0.0,0.0,0.0,0.0,0.0,0.0,0.0,0.0,0.0,0.0,0.0,0.0,0.0,0.0,0.0,0.0,0.0,0.0,0.0,0.0,0.0,0.0,0.0,0.0,0.0,0.0,0.0,0.0,0.0,0.0,0.0,0.0,0.0,0.0,0.0,0.0,0.0,0.0,0.0,0.0,0.0
2022,8,Relación entre Aportes sociales mínimos no reducibles y Capital Social,0.41708361673809663,0.9698494495843509,0.9412845259899458,0.7257405075250434,0.19591049117021123,0.0,0.8152636124670127,0.0,0.6658118989756387,0.6099011729431362,0.0,1.0,0.0,1.0,0.5819372059611415,0.8614179012371467,0.0,0.9238814436766585,0.6042798751852306,0.97306890668836,0.0,0.41398498553607066,0.0,0.5272402852812684,0.7194999891478624,0.912476492610942,0.16372023173500191,0.44444548807839024,0.18630175427128193,0.7506385496357078,0.6194510911896388,0.6299927415489143,0.0,0.43640217677289,0.7209074538462338,0.5575761261434004,0.9335425937129788,0.8234974265081029,0.722140251804617,0.6742346742385869,0.4823291585043511,0.0,0.17750996169706496,0.565068816153072,0.777043223274894,0.4837551078959366,0.0,0.6355664078057404,0.5297520129912059,0.49640966492118005,0.6999999999993379,0.8358425500251029,0.700326730304509,0.5271252760860191,0.12551916632321186,0.593674415505786,0.46186789881103163,0.7032333749594563,0.39289529769259346,0.5356962180884187,0.4954664908937359,0.0,0.45510011849662374,0.0,0.0,0.5552558255217287,0.6377081062767168,0.7832444574496947,0.6796635470793567,0.7519765679699121,0.6278293328051912,0.0,0.38143507222997053,0.5134477518688277,0.2283221462603509,0.0,0.653756419176097,0.3907719013418849,0.2792561879458048,0.0,0.7276778645062113,0.42427197665420036,0.0,0.35911370164681344,0.29582508331077,1.0,0.43540800918348416,0.9566477187518022,0.0,0.18296185742882276,0.0,0.11138200766555105,0.42882595518422595,0.40153600770605846,0.0,0.700000000097873,0.0,0.6441702722611411,0.8370718009410059,0.3757574891747071,0.9014078381426008,0.5804493919749758,0.0,0.14407015795155803,0.0,0.8190893801051403,0.9587778435303945,0.0,0.555665075773408,0.5275940566712658,0.6541353834092852,0.8288653853586525,0.5968770515085272,0.0,0.7930381688813264,0.6045407261184107,0.4309468697207336,0.0,0.7131384471787751,0.7289392485046011,0.0,0.7091421916540083,0.8058918002240734,0.6171109445217581,0.8785939104491608,0.9385759159590888,0.0,0.7437367882505864,0.6394496338987004,0.6967397660015868,0.744545198948141,0.7535508334612494,0.0,0.6663348318241699,0.9883045329069602,0.3510248708790911,0.0,0.4026333500315737,0.5147810599956438,0.5292685176668133,0.6228762705350317,0.9785155446621302,0.6039362748375898,0.9730815085003969,0.6669208185525588,0.6448596591446607,0.5548796962515152,0.2979841616223762,0.0,0.9502104751982567,0.5751290813893322,0.7775123058196186,0.869825199700732,0.5122192055672298,0.22904573719693722,0.6572555346253777,0.479568872809494,0.0,0.2848817935518573,0.0,0.9525763847173851,0.589892948432419,0.37443911467026203,0.12592712865384062,0.9007616227692173,0.0,0.8713534575891958,0.0,0.0,0.40231816439452794,0.7000000047307384,0.47124794109026125,0.5508387391861509,0.9995791234585782
2022,8,Relación entre el Capital Institucional y el Activo Total,0.07404103776305075,0.09081368361182147,0.08084121842194458,0.027767629777135473,0.044742169750212626,0.0,0.08758711490200118,0.0,0.04228188325227992,0.051299127299018255,0.0,0.01985965050213777,0.0,0.06268673846542189,0.06823401185414188,0.2519383592069317,0.0,0.08357271687723018,0.10930196755097575,0.0857561765831684,0.0,0.07776411269981418,0.0,0.10354349617428603,0.06386790147454809,0.027363685365902415,0.10103983548659094,0.05357028815695315,0.04058732495497019,0.1019018320330322,0.12749723377922093,0.14174943342298105,0.0,0.0648266143843993,0.09097578411971043,0.129524064669296,0.1815493609150011,0.06736501106413685,0.08660046690927514,0.041830486738127205,0.06276095934130727,0.0,0.13617659306392338,0.06893851280355923,0.06346868554461566,0.07862545057394084,0.0,0.0253336746260032,0.14331781124052756,0.0541347150071368,0.06717383963929481,0.08863514326785858,0.15837214919467024,0.05208778536184565,0.10884438020738053,0.06948432332393391,0.06130492614076829,0.13697130137063376,0.050530192178733516,0.10367434196206715,0.04444389907701536,0.0,0.0803620801380539,0.0,0.0,0.07817646402725398,0.04415183129498912,0.11658818291113754,0.09817011626892795,0.053085713097311756,0.1250539814498461,0.0,0.14704856634796454,0.044192198562868046,0.01964497836648954,0.0,0.08975177355024758,0.09858377425140792,0.06002888926685631,0.0,0.0646108835815914,0.08488851819135987,0.0,0.033432601839272526,0.12322407765511023,0.160383397732285,0.02905025675989251,0.09619603941406515,0.0,0.07841023207585361,0.0,0.071011073490521,0.10862788826060672,0.055204858614037816,0.0,0.19628703682430676,0.0,0.0757332836722065,0.0651810198793712,0.08245618422515097,0.11583590290964187,0.15236184755717808,0.0,0.0647693180915794,0.0,0.10560413851742495,0.06293391088927965,0.0,0.11055708430933489,0.180606352767245,0.1551703318541608,0.08193536358270388,0.2523446394521716,0.0,0.06856867655857672,0.06187717124509792,0.08460052598267263,0.0,0.1266180070445733,0.12276045642291365,0.0,0.0,0.11659446161506729,0.09396494018128833,0.11981105525754829,0.09956404607914496,0.0,0.07875393467683933,0.07340530414675998,0.06160535197344224,0.06643787849595717,0.3030003515770758,0.0,0.032945506134297184,0.13347501802202705,0.10347689690518434,0.0,0.0893543722111616,0.05166009127649076,0.14640326367093687,0.0817475153107322,0.0969195555130375,0.11103302737038093,0.06732092559230016,0.033348987398271315,0.12114644204366569,0.034663705088566275,0.05771773872468197,0.0,0.031024732848640667,0.08904076774655424,0.21269881287222467,0.05161269565603244,0.2040807230844328,0.12279332749647573,0.12007516136857664,0.09485347226580036,0.0,0.08973960426255473,0.0,0.06885059398727386,0.015401698247766849,0.03709029410397155,0.20606373337550446,0.09263599869673006,0.0,0.1379576014360728,0.0,0.0,0.18506996346186402,0.02481576188141689,0.2189634908003531,0.21204031990757,0.18302593815336077
2022,9,Quebranto Patrimonial,1.272141776774956,1.3971300892243959,1.4009194177766717,1.168587385153199,1.1959164269557179,,1.4170125083722498,,1.4174090287692704,1.3899155107396561,,0.9930809696492009,,1.7071596904347357,1.3566401996295636,1.6340930614312694,,1.8680037660001405,2.0306493970711026,1.7490871650111492,,1.3444148985859024,,1.9035816163593817,1.8545908339435797,1.4016369970849314,1.8148608015251726,1.2406220321459336,1.1897880578541595,3.126425397912383,1.3603292323665601,2.181519306693724,,1.186154478442656,1.4590012848890241,2.271479127571759,3.3429683722725794,1.353706745781654,1.2726476164066098,1.4421744364316544,1.5524128991153334,,1.260497708712596,1.3864416645499287,1.1305901604838393,1.2781761912746163,,1.0812090073118423,2.7691775408250496,1.5189306576476287,1.761855107826002,1.2771748464724322,2.1807524089344987,1.574421027216375,1.336757175560093,1.7529868645640077,1.6455469929760504,2.7105138295247406,1.5302873998849635,1.5875145700674,1.4014019869191747,,1.4137068939209219,,,1.7269254770979137,1.3022164162495167,1.8827790118735017,1.2695458526486618,1.1828403712741566,2.0114797119288097,,1.8755957797307867,1.2443598641173514,1.0621051964991213,,1.4015790446102088,1.2816380821499753,1.3133120923528006,,1.2057324394404858,1.368868073616386,,1.240528308000986,1.3262017502057901,2.4522127954858646,1.241823670445852,1.6302878239985688,,1.3302082395023493,,1.1932633787011584,1.3946078573176692,1.1834044805199586,,1.4815568511985195,,1.3445533279894502,1.3791743802013452,1.3393819831918425,1.2764072704266791,2.4738723323006964,,1.268864273000972,,1.5245654948213845,0.8168395383964798,,1.680501041072371,1.7799443011105087,2.0321746010501016,1.4214709280391442,1.7086122302946836,,1.5383266014177457,1.3442087374212979,1.598644111353424,,1.941829448046067,2.0846090911913056,,0.9950994614856907,1.7887350335586167,1.8138171300480352,2.3109790885099937,1.9822898457347011,,1.4566641887731429,5.433828853091995,1.3015782648690686,1.4746856493306022,1.7226725086180033,,1.3040336806987016,1.4879279444455045,1.3152189800271632,,1.2478634764781487,1.2159256298337553,1.393299900231574,1.6358713186891494,1.3590359446484699,1.3246668849258545,2.152665380830523,1.5305139213754086,2.724610821130935,1.2572786268253946,1.2146924012002471,,1.7377006833052626,1.7737188540043731,2.1043042799008123,1.391146191538542,1.6597712462429641,1.3374573818115643,1.3926366199639728,1.5705918988532945,,1.5912696166695697,,1.5290513761619189,1.2537130256820295,1.2069969716421252,1.7638376288113766,1.4714346928638997,,1.7817439964877586,,,1.6103604767375885,1.122847189388474,2.450979229963524,2.357973305330033,1.5602245474833127
2022,9,Relación Solvencia,0.0,0.0,0.0,0.0,0.0,0.0,0.0,0.0,0.0,0.0,0.0,0.0,0.0,0.0,0.0,0.0,0.0,0.0,0.0,0.0,0.0,0.0,0.0,0.0,0.0,0.0,0.0,0.0,0.0,0.0,0.0,0.0,0.0,0.0,0.0,0.0,0.0,0.0,0.0,0.0,0.0,0.0,0.0,0.0,0.0,0.0,0.0,0.0,0.0,0.0,0.0,0.0,0.0,0.0,0.0,0.0,0.0,0.0,0.0,0.0,0.0,0.0,0.0,0.0,0.0,0.0,0.0,0.0,0.0,0.0,0.0,0.0,0.0,0.0,0.0,0.0,0.0,0.0,0.0,0.0,0.0,0.0,0.0,0.0,0.0,0.0,0.0,0.0,0.0,0.0,0.0,0.0,0.0,0.0,0.0,0.0,0.0,0.0,0.0,0.0,0.0,0.0,0.0,0.0,0.0,0.0,0.0,0.0,0.0,0.0,0.0,0.0,0.0,0.0,0.0,0.0,0.0,0.0,0.0,0.0,0.0,0.0,0.0,0.0,0.0,0.0,0.0,0.0,0.0,0.0,0.0,0.0,0.0,0.0,0.0,0.0,0.0,0.0,0.0,0.0,0.0,0.0,0.0,0.0,0.0,0.0,0.0,0.0,0.0,0.0,0.0,0.0,0.0,0.0,0.0,0.0,0.0,0.0,0.0,0.0,0.0,0.0,0.0,0.0,0.0,0.0,0.0,0.0,0.0,0.0,0.0,0.0,0.0,0.0
2022,9,Relación entre Aportes sociales mínimos no reducibles y Capital Social,0.4167143914636656,0.9724453111069375,0.9400363195558906,0.723798517089053,0.19386321411162333,0.0,0.810176030590898,0.0,0.6620189300080237,0.604425658157967,0.0,1.0,0.0,1.0,0.5795923052930029,0.8579273716768374,0.0,0.9238854496017648,0.602494503003856,0.9921652085338524,0.0,0.41198615280411494,0.0,0.5273666210448723,0.7132178169039013,0.9103742164532169,0.16253596524458216,0.4452078233797299,0.18419877182052244,0.7506385496357078,0.6203848634144004,0.6257539620930852,0.0,0.432056813123874,0.7185367778111851,0.5549930190770995,0.9317718809211691,0.8195510860558847,0.7213072631540196,0.6722575642399394,0.4800590516785339,0.0,0.17671581442539305,0.5539381577445425,0.7816751518397557,0.4832089889134795,0.0,0.633451573764042,0.5252689477574323,0.4957540008556543,0.6999999999505987,0.8358327393470734,0.6936764299300089,0.5260449810885066,0.12488560767821513,0.5961784560703081,0.46329350458583257,0.6932534636098048,0.3878585197553628,0.5305078125883271,0.4906533765096034,0.0,0.4553679680717129,0.0,0.0,0.5487988225064457,0.6322716043718656,0.7753184618349716,0.6733605433779838,0.7462503191146485,0.6271834414509309,0.0,0.37892912419667485,0.5117207624871304,0.22708296626675198,0.0,0.6499189181108386,0.38909438195680324,0.27733490654747184,0.0,0.7249549669914309,0.42483249668630935,0.0,0.3575323146493948,0.29332976014374484,1.0,0.43338654271142896,0.9583440859534494,0.0,0.1832224135188727,0.0,0.11146852631717868,0.42418136534519396,0.39989268927830296,0.0,0.699999999902173,0.0,0.6373797437919385,0.8301855557076699,0.373808727196798,0.8987834546217013,0.5777428387672211,0.0,0.1433387315563695,0.0,0.8207911352127856,0.9653641311584568,0.0,0.5529585067429311,0.5242973401130158,0.6509875973575395,0.8265163554065869,0.5921690501275518,0.0,0.7924009191089952,0.6041179441898629,0.4287080555725103,0.0,0.7130561341304095,0.7267050455507988,0.0,0.7101298669519411,0.8048343817136845,0.6153632817763893,0.8717686283589565,0.9357815831864552,0.0,0.7358329543896318,0.6396192392012069,0.6943985055825773,0.7439310166433861,0.7548073659968146,0.0,0.662755298471371,0.9938783311465915,0.34886600012254604,0.0,0.40309519051393666,0.5107060934789144,0.5266233481950714,0.6207825690408656,0.9789342385924056,0.5991176164668456,0.9690060456862053,0.6619770053525356,0.6429383915052129,0.5551977154722698,0.29693311727671423,0.0,0.9502084059099933,0.5733502982575727,0.7756705107180165,0.8687784008507813,0.5106841712866929,0.22819462715455163,0.6511651600182247,0.47844884954713124,0.0,0.2811164695753185,0.0,0.9525602050261821,0.5886433843955386,0.37162971994900934,0.12513043221629983,0.9000121390797781,0.0,0.8770298568407329,0.0,0.0,0.40228770482529075,0.6999994808691695,0.46906109777808774,0.5495212111283857,0.999483126739476
2022,9,Relación entre el Capital Institucional y el Activo Total,0.07301649032952458,0.0911251576964985,0.08057407700502582,0.028001543073225457,0.04425861460785693,0.0,0.08783280163673651,0.0,0.042128356122821384,0.050807150712413894,0.0,0.01928945989093761,0.0,0.06197638078683274,0.06918732829161593,0.25188700699098265,0.0,0.08161217795770606,0.10761719972428059,0.0887502163900379,0.0,0.07750906197862292,0.0,0.10226654530816771,0.06357196015983178,0.027631633974045593,0.10031877442297747,0.05389250421734323,0.04112617793915385,0.10198329797106104,0.126185608838218,0.13905646579319494,0.0,0.06445748817575565,0.09084182989769525,0.12934521798802445,0.1791080024316177,0.06813326944106249,0.08662700266465953,0.04164638299803918,0.062201662531702596,0.0,0.13478272101513955,0.06293621383720771,0.061187344481229214,0.07929617054434206,0.0,0.023876464734881163,0.1426110820455045,0.0528861206788321,0.06816217694156405,0.0881835380138092,0.15685095730323154,0.052012564541321915,0.10854472891406533,0.06913715263504251,0.06145018298537972,0.13543528962359824,0.049316267863054424,0.1020278130236581,0.04326720400638198,0.0,0.08070729937990459,0.0,0.0,0.07879609981253444,0.04438271384649312,0.11663338466859911,0.09667542696182232,0.0544628895772929,0.13228715035168057,0.0,0.14709859770409425,0.0441746405328728,0.019646454264548203,0.0,0.08902891185883674,0.09699564050326315,0.05955299085532251,0.0,0.06619213932716483,0.08437137253029552,0.0,0.033183193976569096,0.12218770516006072,0.16217107573374018,0.029346245306827622,0.09715331069953496,0.0,0.07637818543708079,0.0,0.07081247026228482,0.10860569533369946,0.05506093243285041,0.0,0.1818610691541599,0.0,0.07485957839201068,0.06491332755830975,0.0830159595589173,0.11647818331073724,0.15348188952969424,0.0,0.06507784602863967,0.0,0.10703368371981971,0.06705717428965048,0.0,0.11272889472205426,0.18227457969058838,0.15469929469775354,0.08134697568302997,0.25176966588403143,0.0,0.06894651363312745,0.061905804677251555,0.08474435296784111,0.0,0.12548276647997422,0.12008587727556881,0.0,0.0,0.1158918492999085,0.09491405615304795,0.11990620239101243,0.10229807760308508,0.0,0.07832260458269681,0.07335150520806456,0.060122332453562626,0.06666085009313195,0.303453861946992,0.0,0.03298056374602535,0.13447887568647154,0.10418159367583071,0.0,0.08894679155081778,0.05106658077032971,0.14453816061905947,0.08091433023229004,0.09230947876598039,0.10627285462322748,0.06409808994728564,0.03328257929863548,0.12122335104179252,0.03482837997925179,0.05776413609604746,0.0,0.030394689525644586,0.08953040909950762,0.2121680947469182,0.050842954664525236,0.20491813548640642,0.12408100340169607,0.11938005606129135,0.09533439717609694,0.0,0.08633129844597097,0.0,0.06755898755156102,0.015390229883502537,0.03719059962629512,0.2059793004129939,0.09071626155557479,0.0,0.13875606235624532,0.0,0.0,0.1847664454822873,0.023669474324129133,0.21932135936328076,0.21344011142693634,0.18129893619765602
2022,10,Quebranto Patrimonial,1.2762942740866239,1.3948973204288084,1.399883630074307,1.16385771587654,1.1920904850578564,,1.3491283592858314,,1.4199811070117538,1.3907187281589248,,1.004268119559152,,1.7029886180214522,1.3671308587028168,1.635426587805819,,1.8706138871024447,2.014179211419978,1.7084431110333247,,1.341903806431619,,1.9340588807796066,1.8539218840770202,1.3797202884531923,1.8303857340244287,1.2334180099547276,1.1874713513619817,3.159690529954283,1.3495221872576109,2.1760588354121753,,1.1896064415917602,1.4580482166057753,2.245807268758683,3.338143218903923,1.356197039450246,1.2705198405930864,1.461554883230353,1.55280291638309,,1.2678537905101634,1.3854183858607099,1.1340284929471087,1.2847049122000058,,1.0912123935663607,2.7918775321384937,1.5303071725053308,1.8268828434444178,1.280251787969704,2.1923462797134254,1.5866734353572123,1.3384024192948702,1.7461601463843694,1.6514461657101336,2.694946719152092,1.5541208876698849,1.5971480826329842,1.4149149987728384,,1.4068228497232405,,,1.7253453249063657,1.3074297929846725,1.8919276190409262,1.2713779814663775,1.1617650381662008,1.9958988954555126,,1.883367724705957,1.2461120281882765,1.061582048752747,,1.4061128730152068,1.2903416505511036,1.3098787216546501,,1.2065284735941009,1.3665179403202827,,1.239971365305954,1.330067891394339,2.4481481074573153,1.2404646914178863,1.630587111622695,,1.3388661661018715,,1.1964198490615885,1.398944910731033,1.1834947500409045,,1.4661225953273038,,1.3414829046030994,1.3771045558573598,1.342877142598363,1.2842853664237723,2.5013401303355707,,1.2616047421652752,,1.5414299592853768,0.8244877647402625,,1.6973258248639242,1.780002517806825,2.034991678604589,1.436913657511996,1.7053999444644738,,1.5385639839882665,1.3383510365622995,1.6022796930491756,,1.944837095595033,2.0646988833944158,,0.9904378562336128,1.8098702318437385,1.8211343289025905,2.3280003075312807,1.989094092078826,,1.458220114292187,5.432409822329758,1.2869941093625477,1.4662311670940495,,,1.2989177829083662,1.488914338924007,1.3160236401523542,,1.250634757730993,1.2126634976540973,1.3961427046018289,1.653771120603801,1.361645558403156,1.3287578660079051,2.1644668056740177,1.525624237144639,2.715635430504685,1.2515790011238612,1.2212133156396574,,1.7312276342689161,1.7768915028413108,2.0983091440469943,1.3907426369796785,1.6685922722273498,1.3270607050514764,1.4126714549214145,1.574683443215899,,1.6007330041014056,,1.5325027804372167,1.2573672411375287,1.202975382241038,1.7730642422508207,1.4736205005261451,,1.7968870467003717,,,1.6180886493302107,1.1333050324822453,2.478618198859132,2.36435661065735,1.5501248528981006
2022,10,Relación Solvencia,0.0,0.0,0.0,0.0,0.0,0.0,0.0,0.0,0.0,0.0,0.0,0.0,0.0,0.0,0.0,0.0,0.0,0.0,0.0,0.0,0.0,0.0,0.0,0.0,0.0,0.0,0.0,0.0,0.0,0.0,0.0,0.0,0.0,0.0,0.0,0.0,0.0,0.0,0.0,0.0,0.0,0.0,0.0,0.0,0.0,0.0,0.0,0.0,0.0,0.0,0.0,0.0,0.0,0.0,0.0,0.0,0.0,0.0,0.0,0.0,0.0,0.0,0.0,0.0,0.0,0.0,0.0,0.0,0.0,0.0,0.0,0.0,0.0,0.0,0.0,0.0,0.0,0.0,0.0,0.0,0.0,0.0,0.0,0.0,0.0,0.0,0.0,0.0,0.0,0.0,0.0,0.0,0.0,0.0,0.0,0.0,0.0,0.0,0.0,0.0,0.0,0.0,0.0,0.0,0.0,0.0,0.0,0.0,0.0,0.0,0.0,0.0,0.0,0.0,0.0,0.0,0.0,0.0,0.0,0.0,0.0,0.0,0.0,0.0,0.0,0.0,0.0,0.0,0.0,0.0,0.0,0.0,0.0,0.0,0.0,0.0,0.0,0.0,0.0,0.0,0.0,0.0,0.0,0.0,0.0,0.0,0.0,0.0,0.0,0.0,0.0,0.0,0.0,0.0,0.0,0.0,0.0,0.0,0.0,0.0,0.0,0.0,0.0,0.0,0.0,0.0,0.0,0.0,0.0,0.0,0.0,0.0,0.0,0.0
2022,10,Relación entre Aportes sociales mínimos no reducibles y Capital Social,0.41422049628455065,0.9723249868356424,0.9356992986570687,0.7216462481386038,0.19141420126309772,0.0,0.809767068795201,0.0,0.6571946973776629,0.598516387098573,0.0,0.9476348845763319,0.0,1.0,0.5772222683714604,0.8548541230941171,0.0,0.9238876757667125,0.6028317305954655,0.982983460626187,0.0,0.4099527739058686,0.0,0.5277320775094585,0.7066004677204524,0.8900870888666832,0.16178590024114906,0.4438760881945558,0.18183775162736363,0.7506385496357078,0.6202508999053937,0.6211444155872572,0.0,0.4285033534848426,0.7155332621916044,0.5510397814143392,0.9288943020752203,0.821409630461527,0.7137647518195664,0.6721788180817446,0.47741864153321006,0.0,0.17587834352469497,0.5452343170081299,0.7752935760387906,0.481048881828629,0.0,0.6305513328218815,0.5193437220423397,0.49473042113193055,0.6999999999993635,0.8310313097369033,0.6912441672647218,0.5250274984919889,0.12439034679032461,0.597529565073181,0.46139895302343475,0.6805906672755585,0.4984454107303844,0.5270098824900693,0.4860958903148485,0.0,0.4540244918173963,0.0,0.0,0.5408646783839861,0.6273535507900972,0.7674466539092528,0.6770530295460543,0.7439393824139837,0.6242122689904177,0.0,0.3772475878656631,0.509642936301906,0.2256504528347474,0.0,0.6470560363579342,0.3884578977236935,0.2753438772124486,0.0,0.7216303778611147,0.4248730338647343,0.0,0.3553528176360856,0.2923467793684573,1.0,0.42917920232196805,0.9583934394351122,0.0,0.1839823068730623,0.0,0.11151576404577968,0.42261221439408825,0.3997067189171582,0.0,0.7000000000974721,0.0,0.6280644667081242,0.8217639082710064,0.3717849365223917,0.9001002838716783,0.5753351927034485,0.0,0.14326564407927783,0.0,0.8201485290421355,0.9621373499707504,0.0,0.5515943866193241,0.5200772617797326,0.6474812484339383,0.8251870732570972,0.5885854493389304,0.0,0.791778117370164,0.6035331729817096,0.4252943234753916,0.0,0.7149709058469745,0.7246892233675896,0.0,0.708228064044548,0.8041801238854936,0.6132186058836859,0.8701124720692692,0.934923392471317,0.0,0.8220507848001459,0.6380662126924403,0.6912046885083147,0.7424568321654413,0.0,0.0,0.6598978762528358,0.9961066668581061,0.3466074644959409,0.0,0.4035480008491923,0.5084225849517973,0.5235383164307903,0.6223720434812794,0.9833085381061709,0.5939437296028223,0.9662867269069305,0.657302052844736,0.6364108824970096,0.5537065575331184,0.2952913240849876,0.0,0.9502063012042913,0.5710987187930179,0.7712954642615798,0.8665333209519336,0.5094932781812942,0.22729129107545287,0.6478823932968629,0.47654520877453577,0.0,0.2771040949055747,0.0,0.9525438754441181,0.5872093712730122,0.3684239259936235,0.12456171723837794,0.898525719218532,0.0,0.877240135007493,0.0,0.0,0.40267954296607433,0.6999999999886349,0.4687779517643421,0.5474459298425554,0.9999111666140664
2022,10,Relación entre el Capital Institucional y el Activo Total,0.07234288762833263,0.09005444884463677,0.07951371276588087,0.028043288649067973,0.044030217225550415,0.0,0.08839710579406367,0.0,0.041423631429527576,0.050274335210390333,0.0,0.01886923034675766,0.0,0.06166659134999006,0.06932789790911946,0.25250164436296385,0.0,0.08117632026077659,0.10733941798028176,0.09035543508858934,0.0,0.07697596349551637,0.0,0.1021491658636081,0.06368866991513072,0.02564753946748526,0.10041776705981044,0.052142407997076416,0.041350342147923186,0.09971407900454499,0.1250540045162079,0.13614835111790002,0.0,0.06463636078970099,0.09089297686985631,0.12930540904557086,0.17906037842740077,0.06804963746607148,0.08725380794246242,0.04151118829421174,0.061960445468816655,0.0,0.1330975389758859,0.06271846496767801,0.06076925007960904,0.07532988393170757,0.0,0.0243323456873654,0.1390304788638506,0.05199307344763581,0.06701465293764372,0.08623593936106905,0.15842225821390216,0.05341751585839357,0.10993768088469445,0.06927724968600878,0.06086460614630132,0.1332943894533756,0.04793849775222112,0.10185437848041899,0.041829623974798655,0.0,0.08230541551931539,0.0,0.0,0.08023040241178389,0.04436923623711164,0.11597503376306954,0.09660177028751019,0.054549352248505545,0.13078644447124665,0.0,0.15074769963804024,0.043706388651513994,0.01991972303666255,0.0,0.08859103154062435,0.09618792788936026,0.05991227505594667,0.0,0.0671411287729918,0.0834378255308293,0.0,0.03285030005424985,0.1213730804467421,0.15876170352009994,0.028770491162038375,0.0960603202083726,0.0,0.07663115281496456,0.0,0.07073245320073573,0.1084668509157964,0.05146328184737387,0.0,0.18027618766099332,0.0,0.07478960355527116,0.0619095719629137,0.08320020949325063,0.10797301821761157,0.15523289296290907,0.0,0.06513250933356822,0.0,0.10929293592951626,0.06579744285725718,0.0,0.111557222900945,0.177975519399681,0.15420584898456485,0.07960912119281727,0.25244559504948183,0.0,0.06867066166351779,0.06287482366572966,0.08428768683137071,0.0,0.12480827105597098,0.11952171119879332,0.0,0.0,0.11528251741535914,0.09463717202019047,0.11845245827989156,0.10614447833476039,0.0,0.07787624237823929,0.07341135279746044,0.059581956444728655,0.06491154154130988,0.0,0.0,0.0320736059193217,0.1267230412790181,0.10300250097526296,0.0,0.0888096745508652,0.05113801977740185,0.13564438317435265,0.08150362423511995,0.09343890394831461,0.10444015243119478,0.06456242116977054,0.032746499297413315,0.1220572776548809,0.03478888021113368,0.05725646446608861,0.0,0.029710275255191713,0.08959540375155219,0.20569466954199678,0.05107291623472183,0.2043969752815033,0.12446036322644895,0.12019346111494582,0.0940517939869382,0.0,0.08539294881999672,0.0,0.06797584831060903,0.015479828679268911,0.036963332880149066,0.20824783577508013,0.0897040025816347,0.0,0.13981758162570676,0.0,0.0,0.18495622857876104,0.022587805520803583,0.21613524011633503,0.21431600245223614,0.18063894443724612
2022,11,Quebranto Patrimonial,1.2758633514319946,1.3958654276776021,1.3948416073529581,1.164055560551553,1.1871098692130864,,1.3190571426943003,,1.4155819704351276,1.4162774067612736,,1.0003731477684117,,1.6951556302316138,1.3812413560608492,1.630393994933522,,1.8749842112347008,1.9791724364353558,1.7215345797706723,,1.3381079356857288,,1.963875146916,1.844874633537469,1.3831270839911691,1.8424937511660915,1.242255514853947,1.190403933342206,3.123608986930833,1.3637909953068414,2.16458630103755,,1.1862117187314214,1.457585735809772,2.26654058535008,3.3321533565493393,1.3566686040026865,1.276385112858491,1.4663570380182123,1.5737992448179807,,1.2750991308924338,1.386469477555296,1.1337994934701447,1.2903621204182918,,1.092844769721766,2.799690051992955,1.5379972305255387,1.7673964209024935,1.2641856030993552,2.201845372816771,1.5731508669012446,1.338128246085303,1.7500223605744387,1.6567532810943937,2.6841054945727527,1.5140325397409886,1.606440936946018,1.4193123379488568,,1.4175605205147523,,,1.7545725760461284,1.3148700695252769,1.8969982828195526,1.2729712675857727,1.1637288908115129,2.0139416885340813,,1.8849111405656696,1.2455481739837693,1.063077912335883,,1.4078938335460225,1.2970390671100334,1.305103922553435,,1.2057196455223336,1.3624532520119648,,1.2412381138118143,1.335555477317352,2.441454510767488,1.235051589242213,1.6335479100300105,,1.333189483462252,,1.2018493547695903,1.3978505938868142,1.160214802613803,,1.4643469843690722,,1.3376015868236977,1.3719072544259183,1.342888476295419,1.289112915520174,2.464314020113657,,1.265334136287634,,1.5519874434031256,0.8341278588945148,,1.7183541807536886,1.7672205742846478,2.0037898547844724,1.4378119914347458,1.7120857984715658,,1.5358390566767164,1.3506575638575415,1.5954550018077032,,1.9584847688813964,2.0657072992675296,,0.9793283577580348,1.8270507066698836,1.8250032448015747,2.3230881378205246,1.9981355824074387,,1.4462551159302335,5.416403209899835,1.285175287786611,1.4614938352160955,1.805591718321578,,1.2687306447310778,1.5000072002312765,1.3145165339949014,,1.2482216132925883,1.2119483245839726,1.4029487393127098,1.5965706595784523,1.360564301196849,1.3358789381902434,2.1476826981154935,1.5227442416639094,2.7204008213492994,1.2382150104272773,1.2239765904281,,1.7282525478684916,1.7860658152268705,2.0824197296137923,1.3853897097857968,1.6732347661790583,1.3270656308294229,1.3958805713059361,1.578080313145229,,1.6076775549113604,,1.5365568092061357,1.2546890342363626,1.1961094187506776,1.7802343449447968,1.4618540352970368,,1.8045812970763822,,,1.629232661358858,1.1351877353701672,2.515426057304283,2.364178608914353,1.5389714201402027
2022,11,Relación Solvencia,0.0,0.0,0.0,0.0,0.0,0.0,0.0,0.0,0.0,0.0,0.0,0.0,0.0,0.0,0.0,0.0,0.0,0.0,0.0,0.0,0.0,0.0,0.0,0.0,0.0,0.0,0.0,0.0,0.0,0.0,0.0,0.0,0.0,0.0,0.0,0.0,0.0,0.0,0.0,0.0,0.0,0.0,0.0,0.0,0.0,0.0,0.0,0.0,0.0,0.0,0.0,0.0,0.0,0.0,0.0,0.0,0.0,0.0,0.0,0.0,0.0,0.0,0.0,0.0,0.0,0.0,0.0,0.0,0.0,0.0,0.0,0.0,0.0,0.0,0.0,0.0,0.0,0.0,0.0,0.0,0.0,0.0,0.0,0.0,0.0,0.0,0.0,0.0,0.0,0.0,0.0,0.0,0.0,0.0,0.0,0.0,0.0,0.0,0.0,0.0,0.0,0.0,0.0,0.0,0.0,0.0,0.0,0.0,0.0,0.0,0.0,0.0,0.0,0.0,0.0,0.0,0.0,0.0,0.0,0.0,0.0,0.0,0.0,0.0,0.0,0.0,0.0,0.0,0.0,0.0,0.0,0.0,0.0,0.0,0.0,0.0,0.0,0.0,0.0,0.0,0.0,0.0,0.0,0.0,0.0,0.0,0.0,0.0,0.0,0.0,0.0,0.0,0.0,0.0,0.0,0.0,0.0,0.0,0.0,0.0,0.0,0.0,0.0,0.0,0.0,0.0,0.0,0.0,0.0,0.0,0.0,0.0,0.0,0.0
2022,11,Relación entre Aportes sociales mínimos no reducibles y Capital Social,0.41328761718073953,0.9704041432671725,0.9300870684942597,0.7192776168658991,0.1892742751942008,0.0,0.8075013362096208,0.0,0.6508139948483429,0.5938815968716303,0.0,0.9397094547295796,0.0,1.0,0.575300799322409,0.8467152645411761,0.0,0.9239057706249919,0.6005256798235105,0.9871753909528217,0.0,0.4081153055930599,0.0,0.5273370312429342,0.6996504340893367,0.8860687985258395,0.1609076092467658,0.44753960110778385,0.1794793288737461,0.7506385496357078,0.6201384899398846,0.6115283320966652,0.0,0.424647564314093,0.7122429602212005,0.5484566939207987,0.9264066041083714,0.8209604477342065,0.7091757619994572,0.6799027429242952,0.47459736882988307,0.0,0.17496968843007354,0.5416991879115735,0.7689490882129701,0.47804288951453483,0.0,0.6287520457284296,0.5136752897245107,0.49420926708574775,0.6999999999993731,0.8067382504847743,0.6904614322667697,0.5245676171709878,0.12363805769258751,0.6005736554728317,0.4607636298388547,0.6694063210342612,0.4963559173820581,0.523805296747102,0.48118243434706004,0.0,0.45365642325786637,0.0,0.0,0.5367399954272014,0.6236107687603062,0.7590528301914844,0.6772969015510361,0.7376145290257449,0.622092609464956,0.0,0.3744815896782167,0.509011711180283,0.22565132234467372,0.0,0.6432375811564671,0.38544452135999363,0.27191690589753975,0.0,0.7183074009789695,0.42737965084361307,0.0,0.3532383796786741,0.29127250314324155,1.0,0.4222001529843023,0.9589947922298174,0.0,0.18353186484839779,0.0,0.1112757148690281,0.41917025310974015,0.39744229220801236,0.0,0.7000000002436076,0.0,0.6229169458349589,0.8156572576633692,0.3696402448962335,0.8992271878262551,0.5664892638238916,0.0,0.14190717945771286,0.0,0.8165861916891826,0.9686011068755368,0.0,0.5505292719025856,0.5170121430172034,0.6420297581775418,0.8181256895436361,0.5882600756855918,0.0,0.7913027264273795,0.5986876741689087,0.4220608659272349,0.0,0.712749002050421,0.7197295526959281,0.0,0.7072035283868582,0.8027230122704168,0.6115580655785964,0.8643311260043932,0.9343075265252229,0.0,0.8094072409353781,0.6348239379136646,0.6941229686004954,0.7399218356265057,0.7681317485087861,0.0,0.6558689331284475,0.9989944344196222,0.3437182866433174,0.0,0.4022830419609099,0.5040812770355736,0.5717836519202031,0.6336512507439646,0.9794318057226561,0.589250283003927,0.961535318076105,0.6515128137044605,0.6344526191097468,0.5533812233571525,0.2935251891504981,0.0,0.9502043573185265,0.5695468825889521,0.7646209759668845,0.863441087015887,0.507503755092524,0.2256981811199001,0.6410164602684034,0.4767258788230271,0.0,0.272487022108645,0.0,0.9525240062194826,0.5846607319328172,0.36430700878760436,0.12385359974900349,0.8971659049593507,0.0,0.8805198679526005,0.0,0.0,0.40353615727883446,0.7000000000149549,0.4675760578836486,0.5461561737010178,0.9987494376383446
2022,11,Relación entre el Capital Institucional y el Activo Total,0.07244679435351481,0.08939384179162606,0.0803227695159717,0.028106608414192605,0.043612877644100566,0.0,0.08991099242888173,0.0,0.04095788431999903,0.05027034692361742,0.0,0.01978017188595559,0.0,0.06131828993830035,0.06962210704408789,0.2505756697973904,0.0,0.08014453214553187,0.10718407578532008,0.09174624821174993,0.0,0.07750978485153145,0.0,0.10098570828582203,0.06366487425944746,0.025254788653866943,0.10044297342426542,0.052775311711906255,0.04106213898456615,0.09988713451456663,0.12491456543561152,0.13533510244521785,0.0,0.06400815800767455,0.09097639915836622,0.127142495051304,0.1784709525542051,0.068414180176306,0.08703818375078556,0.040891111421977135,0.061961329377493476,0.0,0.13148331833408977,0.06344497577566796,0.05876372720508252,0.07568796209043556,0.0,0.023849689554174443,0.13354917182164383,0.05150868726951114,0.06699983566332889,0.08599779179169109,0.16167383277663722,0.05372703412325011,0.1092453361570874,0.06928841915449581,0.060399427417870966,0.13046008545471977,0.04763060573391345,0.10409196685461886,0.041906863862762704,0.0,0.0826873896756833,0.0,0.0,0.08128911628784559,0.04441609626584765,0.11467653537770443,0.09689068776379024,0.05374937311403284,0.11825285487354412,0.0,0.15251580031316883,0.04351145746689359,0.02101494520539987,0.0,0.0899131789158903,0.09466362334391328,0.05982010453646204,0.0,0.06719818657199693,0.08292101815725506,0.0,0.03261370927814972,0.12064871790026638,0.16068795227946775,0.028605332578452162,0.09482092371755917,0.0,0.07732338745028326,0.0,0.07004946096772828,0.10890537130128243,0.04858082472781326,0.0,0.18487985513104332,0.0,0.07581518959485617,0.061066560578542796,0.08370390220161855,0.10832079844843746,0.15320546034197297,0.0,0.06643590410739829,0.0,0.10530213330913914,0.06684053148759231,0.0,0.11269386565145072,0.17632143479153464,0.15120034419346887,0.0780613480493717,0.25112650347528354,0.0,0.06915529807278065,0.06248276381026262,0.08232944474292758,0.0,0.12765415813841513,0.12108898356591513,0.0,0.0,0.115071464701908,0.09494623407579235,0.11809889562450293,0.10689633906025531,0.0,0.07639022894651515,0.07296500205156763,0.05874024740287896,0.0654339739610646,0.3591523812686804,0.0,0.03128049853090635,0.1267529517710231,0.10239136128332404,0.0,0.0890163250786605,0.05141716170916493,0.13553751470576164,0.06759940249791507,0.09496034597216303,0.10512016224518227,0.06519146070810684,0.03264986401843599,0.12186680442132469,0.03478023549565642,0.057123846503599404,0.0,0.029654886649332673,0.08997789347278658,0.20466938153491523,0.051410998788873286,0.20277744294705558,0.12331766580381674,0.12049142739029717,0.09492408107216696,0.0,0.08452622443449251,0.0,0.06843630052174224,0.015491944880027675,0.037129802997500766,0.20912641190489062,0.08947439290464397,0.0,0.14712451823578404,0.0,0.0,0.18566910119028568,0.021177995907483076,0.21483367657412378,0.21469137375909442,0.18163491153494085
2022,12,Quebranto Patrimonial,1.2655098666245899,1.3960294158337874,1.3917493244265107,1.1502649604628499,1.1677794682280875,,1.2792157467667686,,1.4022596172276376,1.3713590244834466,,0.9954127974393382,,1.6447314615181436,1.3807671727597555,1.628925511102105,,1.8639446812988019,1.9740519287281457,1.7185343487752003,,1.3295357007188155,,1.9240319045808987,1.801246538095469,1.3531174935868626,1.8469543941741997,1.2318568260945322,1.2054592655365195,3.117550468969118,1.3723584596098217,2.128620716431465,,1.1767121602430002,1.4555614050961239,2.2831085699070526,3.4156005665943043,1.3601130675248465,1.2614755065033008,1.4902722890470113,1.6040673439324937,,1.277203881618727,1.3561610984244628,1.1345605054472385,1.2941231413517016,,1.092549874057662,2.795297859640934,1.5151955791204745,1.745300159313613,1.261234204288785,2.131890737595,1.5641649468961292,1.3396654343497274,1.7134041860031963,1.6575121369164865,2.66636290044314,1.5122355737094029,1.6323194242552412,1.393345416731098,,1.4234156362488954,,,1.645093660175319,1.3199769246366684,1.81421842324617,1.2820528141923135,1.1633746032504981,2.0067460879802894,,1.9058505108123984,1.2500504818721077,1.0572794159717656,,1.3866794931172328,1.2921740221703302,1.2803291331537845,,1.2039003634567216,1.3586147190935862,,1.2417787296280676,1.3277927627812314,2.43711442254338,1.2248235755073482,1.6281015001899002,,1.3316697263773773,,1.189092587831323,1.39891059342881,1.1529232902925828,,1.4538883522319996,,1.3428898319417142,1.371137031053988,1.348763649009188,1.298292963032697,2.4704534477803115,,1.2672495502117556,,1.5573215850433146,0.8690136339582303,,1.6354500138772634,1.7703382481021794,1.9707266624186097,1.4326800148888559,1.7085644217648928,,1.5372540536056616,1.356689580338767,1.5921820446859647,,1.8930430825911178,2.0302585079767117,,0.9778765859278802,1.8447065960356446,1.8243074290349908,2.319096671792658,2.0068731342344797,,1.4059183370020008,5.349220606661559,1.2837981991511662,1.4533991738737517,1.7583274632627228,,1.2650565818108597,1.4562970983514383,1.2941323505467517,,1.252680778055567,1.2146569064539259,1.4043570320275995,1.598355258914283,1.390653287910037,1.3389500029865244,2.106579303160057,1.522739504408517,2.6738840991208757,1.2271790417908852,1.2230852308846512,,1.7020135528272404,1.7939908808838385,2.0789228386956515,1.3879326571301929,1.6829365565214962,1.310421111345917,1.390156462916785,1.7317164633938695,,1.5951064964846107,,1.5440308933253561,1.2423650491762557,1.187711614576984,1.764859904710053,1.4636983074533412,,1.8123299690224004,,,1.6328746227779907,1.133890471466194,2.5297234071637344,2.34602764888438,1.6386605562392247
2022,12,Relación Solvencia,0.0,0.0,0.0,0.0,0.0,0.0,0.0,0.0,0.0,0.0,0.0,0.0,0.0,0.0,0.0,0.0,0.0,0.0,0.0,0.0,0.0,0.0,0.0,0.0,0.0,0.0,0.0,0.0,0.0,0.0,0.0,0.0,0.0,0.0,0.0,0.0,0.0,0.0,0.0,0.0,0.0,0.0,0.0,0.0,0.0,0.0,0.0,0.0,0.0,0.0,0.0,0.0,0.0,0.0,0.0,0.0,0.0,0.0,0.0,0.0,0.0,0.0,0.0,0.0,0.0,0.0,0.0,0.0,0.0,0.0,0.0,0.0,0.0,0.0,0.0,0.0,0.0,0.0,0.0,0.0,0.0,0.0,0.0,0.0,0.0,0.0,0.0,0.0,0.0,0.0,0.0,0.0,0.0,0.0,0.0,0.0,0.0,0.0,0.0,0.0,0.0,0.0,0.0,0.0,0.0,0.0,0.0,0.0,0.0,0.0,0.0,0.0,0.0,0.0,0.0,0.0,0.0,0.0,0.0,0.0,0.0,0.0,0.0,0.0,0.0,0.0,0.0,0.0,0.0,0.0,0.0,0.0,0.0,0.0,0.0,0.0,0.0,0.0,0.0,0.0,0.0,0.0,0.0,0.0,0.0,0.0,0.0,0.0,0.0,0.0,0.0,0.0,0.0,0.0,0.0,0.0,0.0,0.0,0.0,0.0,0.0,0.0,0.0,0.0,0.0,0.0,0.0,0.0,0.0,0.0,0.0,0.0,0.0,0.0
2022,12,Relación entre Aportes sociales mínimos no reducibles y Capital Social,0.4127632504870207,0.9650089747340171,0.9282187544287597,0.7128343225102126,0.1862160243362976,0.0,0.8071039675702755,0.0,0.6437258693546828,0.5878951487451325,0.0,1.0,0.0,1.0,0.5713756679697028,0.8400973577000652,0.0,0.9239134668180979,0.6760953249869721,0.9884867242977666,0.0,0.4054720311268047,0.0,0.5224191122994989,0.6978468382425854,0.8662993908379962,0.15962758185579845,0.4424949191321605,0.17805274932428045,0.7506385496357078,0.6187328885935481,0.5990544074388995,0.0,0.42083108317178247,0.7082256311560248,0.5466186257743134,0.9318444612081499,0.8224814258854356,0.7060395615752303,0.6785220025786178,0.4693665561362125,0.0,0.17335514892314216,0.5881800019051677,0.7696148997101288,0.474564051045267,0.0,0.6270399906126813,0.5083238173926328,0.49225811548883314,0.699999999999383,0.900000000093847,0.6899672135151235,0.5240388508414867,0.12335804728754589,0.605789767979702,0.45949266837663466,0.6619231386760902,0.49211191711644425,0.5201642513977327,0.47052267591482627,0.0,0.45663594711782507,0.0,0.0,0.5333674901933753,0.6169508077356444,0.7512668065283206,0.6756778430554061,0.7347804372441131,0.6155658750097143,0.0,0.3733272690950063,0.505130039399849,0.22567749931389422,0.0,0.6344313942902542,0.3812010029553269,0.2690191748825222,0.0,0.7109414638923066,0.42706906221646385,0.0,0.35068071634675646,0.28889793242832545,1.0,0.4170991490078471,0.9581689296465535,0.0,0.18244218566573106,0.0,0.11097952304751064,0.4149387095998071,0.3972723982791666,0.0,0.8657353079905097,0.0,0.5610749672380034,0.8072994784958578,0.36699743235007937,0.9103182952703739,0.5639689479705172,0.0,0.14108301313697832,0.0,0.8148279597250869,0.9651201393290485,0.0,0.5451005538545362,0.5109637308028138,0.6340910437970442,0.8093288571841574,0.586412143887248,0.0,0.7910972690571513,0.5984821932928492,0.4196246297148888,0.0,0.7089890468909041,0.7132375050694197,0.0,0.7067946532699649,0.8011045990862282,0.6085233856498296,0.8605057755272396,0.9344738596108426,0.0,0.7973811624873807,0.6250220242851979,0.6898576095990107,0.737443944512185,0.769190452881435,0.0,0.6487423093940176,0.9926279295433289,0.34065890754488465,0.0,0.4004203629902733,0.5004694698932389,0.5704912362228179,0.6262737462758231,0.9727903960391078,0.5827612428617889,0.9523481657546002,0.6500038022756375,0.6330968148553595,0.5512998980315739,0.29113153047871043,0.0,0.950203405061257,0.5699625659265719,0.7635519443430092,0.8686486953140405,0.5070565854425655,0.22421479494538402,0.6314502227688478,0.47522444509504935,0.0,0.2660772210920449,0.0,0.9525037947399194,0.5856648805124166,0.36015010633977246,0.1390619147298472,0.904438293596241,0.0,0.8770837331725634,0.0,0.0,0.40291467330708686,0.699944933844819,0.4674239221540633,0.5456638947521896,0.9970255626317964
2022,12,Relación entre el Capital Institucional y el Activo Total,0.07227692125811017,0.08851698337646569,0.0812173538970125,0.028411986648012942,0.04401664961824577,0.0,0.09494363907699406,0.0,0.04171225442443404,0.04982147766886211,0.0,0.021830657203609976,0.0,0.06202662145568239,0.07025827996127229,0.25113818129252835,0.0,0.07954245577562148,0.10941977731369566,0.09251855177396975,0.0,0.07799256129139137,0.0,0.10215222390145519,0.0635092905474086,0.024247585028960617,0.1018307011123379,0.05158330418845643,0.040929872460443405,0.1008605204133767,0.1287851091408355,0.13813693135478072,0.0,0.06340736746149053,0.09048850315282561,0.12732453342106145,0.17779188911286103,0.06802080429091134,0.0884617728407219,0.040832790549881426,0.061150891823485716,0.0,0.13096573226988248,0.0627340007667049,0.059801404227059714,0.07516468178178545,0.0,0.02268624697674439,0.12957259495895482,0.05095986364622892,0.06903631665051554,0.08666225033774953,0.16253887433726602,0.05367649259653637,0.1086939065512012,0.06982809971938837,0.061288873811377244,0.12934346949609452,0.04722467619058613,0.10253383267353894,0.04213373233939636,0.0,0.08198194044044212,0.0,0.0,0.08313280654350552,0.04273163791293028,0.1139032450291417,0.09394920168584225,0.05447733716450328,0.10984876454584593,0.0,0.15553062600331385,0.04360095908809718,0.020859284695237342,0.0,0.08857574632480722,0.10404657283442034,0.06114329846010028,0.0,0.0676762798837047,0.08341255402915813,0.0,0.03243110626312383,0.12036548221810675,0.15957140631341574,0.02842663161025932,0.09509053121640261,0.0,0.07811023308350719,0.0,0.06960295840301978,0.10877773203284709,0.0492035587245007,0.0,0.19896037232424757,0.0,0.0774704565495797,0.06162315350996949,0.08365336499247178,0.1074858568606261,0.15355650519207173,0.0,0.06726026946045144,0.0,0.10793257318401879,0.0675203321936719,0.0,0.11549619805202951,0.17649874384955805,0.15075842286914815,0.07906036319400297,0.250626849099144,0.0,0.06843510788702308,0.06330463377834135,0.08451901775636765,0.0,0.12893843307103398,0.1210477548266674,0.0,0.0,0.11684807485551409,0.09561872471536229,0.1218062351031477,0.10852082533567799,0.0,0.07108079346299565,0.07240006339357408,0.05795902550067712,0.06479952597362178,0.36961156409461765,0.0,0.031436388313536394,0.1257007738864244,0.10398171975811266,0.0,0.0884529131564397,0.05172544193136403,0.13375308349332987,0.06810166663453877,0.09451245035323814,0.0990908056436987,0.06314422347375827,0.03173053058369201,0.12222119559056728,0.034799615791029796,0.056443577619884805,0.0,0.029423925720862283,0.09086628890610701,0.20820051455279953,0.052254223460534675,0.20641808762996106,0.12580555603712437,0.1172354308861964,0.0922409346029819,0.0,0.08441916618845959,0.0,0.07041057576889587,0.015431407618813835,0.03706284443882669,0.21058451885528542,0.09407900436205864,0.0,0.14814165544337934,0.0,0.0,0.1850514214161499,0.019691837057119695,0.21586062887836877,0.21473203445607486,0.1762031103658997
2023,1,Quebranto Patrimonial,1.2661368858851227,1.3877062832678904,1.3817932911051687,1.1454964575526885,1.1685959461882571,,1.242995900983838,,1.4048715918717198,1.3447057600004433,,0.9915677412601758,,1.597078589232116,1.3889488136702859,1.6324223566547273,,1.8648197176357961,1.9506782051060574,1.705887914037993,,1.3256402572315789,,1.9167587381845588,1.784945664484847,1.286727551668054,1.870609404904831,1.2359361964200868,1.206055767245386,3.1467458459058597,1.3816757979991372,2.12597053748778,,1.1785205060944695,1.4551575151843785,2.2756636190135118,3.4232820461709297,1.3620886172552205,1.2661347425159704,1.4808988254340465,1.619590368714807,,1.2840195611177299,1.3608788333891804,1.1367997899341373,1.2963368212931359,,1.0918796147429506,2.8076377806469517,1.509440948208374,1.7663362419622453,1.2587487559951573,2.13553539243103,1.5734326998426142,1.3407862557201466,1.6943078413432973,1.6325860573722686,2.6566722575954973,1.5148382411538557,1.640764169933127,1.4056737265985753,,1.421290742055131,,,1.6137932899916725,1.3257638328440264,1.8259035517411468,1.2895648050442636,1.157559843617496,1.9879934879073207,,1.8979230729457384,1.2517395042515762,1.0544301846970208,,1.3913254385138145,1.3010334743572431,1.2795981488859924,,1.2065447399454141,1.363419002446919,,1.2424464682027294,1.3281644881630716,2.441781457929789,1.232108008620908,1.6340035076680843,,1.3312055024491294,,1.1959544400183886,1.4064551191140133,1.1541272972919152,,1.4500464482037403,,1.3496538565511502,1.3762411831898214,1.3551500581676157,1.2990089695565445,2.4894716107691504,,1.2661476824479876,,1.5682001563428758,0.875291514047684,,1.6505527068598382,1.7710006114883556,1.972697458817831,1.4331756329133334,1.7138091145803576,,1.526864950402718,1.3677959410581193,1.608384305422652,,1.9136333514478747,2.02279155104794,,,1.8530091391228867,1.834230679239448,2.3515142777389966,2.0158533010783266,,1.414408348685883,5.350449075923737,1.2822805061897615,1.4544045107165462,1.7158505219598394,,1.2682360678140498,1.4509990304778575,1.2935235685385187,,1.2388702600541224,1.207293153360618,1.406140502286215,1.5918432325620784,1.3916534799280094,1.3366547261266086,2.066079901647223,1.508846208577215,2.673552036973934,1.2128558195507357,1.2317677578659154,,1.697028570271163,1.8045009941056094,2.070407649891213,1.3600710622266505,1.6911005322078898,1.3153224080935912,1.372377043943741,1.7236933571610564,,1.612856849830399,,1.5541442177404854,1.2449292369031726,1.175981300619543,1.7741755756084763,1.4582592078822665,,1.8312354559498127,,,1.641352326473847,1.1390836550079766,2.509708905250383,2.3577638195573547,1.6080251098990703
2023,1,Relación Solvencia,0.0,0.0,0.0,0.0,0.0,0.0,0.0,0.0,0.0,0.0,0.0,0.0,0.0,0.0,0.0,0.0,0.0,0.0,0.0,0.0,0.0,0.0,0.0,0.0,0.0,0.0,0.0,0.0,0.0,0.0,0.0,0.0,0.0,0.0,0.0,0.0,0.0,0.0,0.0,0.0,0.0,0.0,0.0,0.0,0.0,0.0,0.0,0.0,0.0,0.0,0.0,0.0,0.0,0.0,0.0,0.0,0.0,0.0,0.0,0.0,0.0,0.0,0.0,0.0,0.0,0.0,0.0,0.0,0.0,0.0,0.0,0.0,0.0,0.0,0.0,0.0,0.0,0.0,0.0,0.0,0.0,0.0,0.0,0.0,0.0,0.0,0.0,0.0,0.0,0.0,0.0,0.0,0.0,0.0,0.0,0.0,0.0,0.0,0.0,0.0,0.0,0.0,0.0,0.0,0.0,0.0,0.0,0.0,0.0,0.0,0.0,0.0,0.0,0.0,0.0,0.0,0.0,0.0,0.0,0.0,0.0,0.0,0.0,0.0,0.0,0.0,0.0,0.0,0.0,0.0,0.0,0.0,0.0,0.0,0.0,0.0,0.0,0.0,0.0,0.0,0.0,0.0,0.0,0.0,0.0,0.0,0.0,0.0,0.0,0.0,0.0,0.0,0.0,0.0,0.0,0.0,0.0,0.0,0.0,0.0,0.0,0.0,0.0,0.0,0.0,0.0,0.0,0.0,0.0,0.0,0.0,0.0,0.0,0.0
2023,1,Relación entre Aportes sociales mínimos no reducibles y Capital Social,0.41191272142295554,0.9683680117173719,0.9207129673667325,0.7111197413200574,0.1847650476373742,0.0,0.9337921085608195,0.0,0.7402275591902537,0.6417469770391299,0.0,0.9299463995243737,0.0,1.0,0.6437142838219782,0.949377642717654,0.0,0.9239407033768244,0.6747665347379259,0.9780048844798195,0.0,0.40302720272040726,0.0,0.5098909654204792,0.7950484725585387,0.8651648413250093,0.15873041868279741,0.5123442306087653,0.18579274799156675,0.7506385496357078,0.7114832477965949,0.6831882237262112,0.0,0.4828136970034166,0.8188043862165428,0.6308153806675839,0.9289152389167525,0.9561393622562785,0.8253520970372334,0.6753752924127876,0.4678551451286358,0.0,0.19383177183815503,0.5859990495323004,0.8454780126470107,0.5471914826086894,0.0,0.7058410787992142,0.5688392174331108,0.5611856292157195,0.6999999999993896,0.8906395955296278,0.7977747457640484,0.5897319904176209,0.1230085697469502,0.614792654920311,0.4390460378740272,0.7581562541710132,0.7623604509162102,0.5971867852887216,0.5397171429822715,0.0,0.5292336960306342,0.0,0.0,0.6131867117133813,0.7111877999357527,0.8614278645751053,0.6785397374623314,0.7290987950257359,0.6985882777074596,0.0,0.4205939917523926,0.5777648681401106,0.26019064005313985,0.0,0.7133659875942113,0.43825284003653964,0.26806696264718705,0.0,0.7160933394825947,0.4490433984018157,0.0,0.404103190909842,0.2881317267591113,1.0,0.4770421248255448,0.9585559470572742,0.0,0.20517618709403015,0.0,0.1275527647068578,0.47980569193356554,0.39683470116163155,0.0,0.8752879462356679,0.0,0.5620200812829955,0.8003481901664105,0.42486027203354043,0.7558991877212985,0.6466643548498734,0.0,0.16283020588038802,0.0,0.808764518815536,0.962623044783277,0.0,0.6302168333854202,0.5897507279417006,0.73082401743178,0.8070405946869171,0.6795112691315423,0.0,0.790693010783287,0.7083554477656097,0.41197182104091573,0.0,0.7073648117065564,0.8996557097574023,0.0,0.0,0.9233606205682132,0.6817008911657837,0.9923009871241811,0.9442507462278888,0.0,0.7870095808505823,0.7271238959188508,0.686201360252132,0.7356519626406732,0.7661447275578628,0.0,0.6484524946760392,0.9919932133718009,0.39245164112044706,0.0,0.460424840003539,0.5752158270538901,0.5660509851012558,0.6233622576568068,0.973464042682245,0.6525515631379296,0.9502573587151836,0.7613861338701942,0.7328628518101116,0.6390322572396476,0.3377588164850461,0.0,0.9502009462067865,0.5702054725305874,0.8651998217410859,0.8630956582553372,0.5723975360778776,0.2594747820107649,0.7122652292687776,0.5446219430150928,0.0,0.2631983644771711,0.0,0.9525089006718619,0.583129939649585,0.41517129749751247,0.13865160813642272,1.0,0.0,0.886652752760632,0.0,0.0,0.40085440144407336,0.7010171500057376,0.467591161283603,0.6144119748860425,0.995371636636642
2023,1,Relación entre el Capital Institucional y el Activo Total,0.07254818200614704,0.08913105130363295,0.08079423376503791,0.028645284535517502,0.04388456481479005,0.0,0.09734486501838448,0.0,0.041621257444687476,0.049873976063171586,0.0,0.01973286182220157,0.0,0.060892872472428194,0.06947880100443067,0.2507002884378026,0.0,0.0807960339293141,0.10914576093758463,0.09142685365724465,0.0,0.07847079866163145,0.0,0.10231596890004381,0.0630343774042066,0.025809373469902017,0.10094859296735786,0.051124773649331906,0.04070215368532405,0.10091601341891349,0.12292275318882814,0.13781465783326233,0.0,0.06286845750357456,0.08925347404300936,0.12577782811716118,0.17632338481269505,0.06817424469884723,0.08726894091305865,0.040805163664402365,0.06105891160016996,0.0,0.13003648241629373,0.06399538721629322,0.05931050054229081,0.0750939881605136,0.0,0.02264063039719437,0.13241762673252708,0.05024032184381691,0.06788121939883927,0.086198816081491,0.16035018551257177,0.05336046976266905,0.10835497739620191,0.06951717685179913,0.060678587218228205,0.12533852784770205,0.04687052432081351,0.10061983235803987,0.041781665406995704,0.0,0.08153832309674926,0.0,0.0,0.0855960106131993,0.04245870782965046,0.11579459933654988,0.09666186204350641,0.05405145226820781,0.10649978625416263,0.0,0.15452600338279499,0.043175339513241276,0.01999167516560217,0.0,0.08821360656089776,0.10140067671165068,0.05993261998422917,0.0,0.0673586326584234,0.08152096351627726,0.0,0.03231694573808385,0.11941311572512536,0.15915060321985894,0.02874830938979273,0.09499054422264303,0.0,0.07888817327776469,0.0,0.06842344905058949,0.10850679213974176,0.04954373826152095,0.0,0.20265643800684888,0.0,0.07801870282526062,0.06413208410959265,0.08354543361006625,0.11174090566836127,0.15070221868952044,0.0,0.06696841909002652,0.0,0.10397659177110127,0.06757477008328912,0.0,0.11176244543568131,0.17490030061534223,0.14734438861330187,0.07906090131792355,0.24944967438635457,0.0,0.06844784121094018,0.061565249307243095,0.08086406436073885,0.0,0.12655830132359797,0.11986209760123397,0.0,0.0,0.11858506094664358,0.09555564492934149,0.11843260595264207,0.10997602556216973,0.0,0.07158196447103395,0.0727091012534923,0.057228511039555695,0.06496341411553314,0.37651329895918395,0.0,0.030737765038861456,0.1267760773310495,0.10563543347410838,0.0,0.08841493143991934,0.05051169135915611,0.13516223685146647,0.06738041828455199,0.0947510481416681,0.10064013851356786,0.06406940278766907,0.03145390192960709,0.1233439077988357,0.034955950629889564,0.05614664027282858,0.0,0.029399574319638414,0.0906530297554287,0.20508348087465456,0.0543849825432384,0.20605674139287913,0.12663198615662252,0.12035169453346871,0.0924013741501581,0.0,0.08516132489929357,0.0,0.07065115325025932,0.015450660247183142,0.036861657866519654,0.21041028133058895,0.09138360124509434,0.0,0.14855852206770123,0.0,0.0,0.18343486451893665,0.019592109340280047,0.2183720682139049,0.21458011927422121,0.1774936137837468
2023,2,Quebranto Patrimonial,1.2765400960249762,1.3886636381818982,1.371669462866446,1.1502143225554502,1.1721976884891758,,1.2229070503328667,,1.4048490437319363,1.3724723413638384,,0.9860282533957793,,1.634526050209259,1.3938716883015863,1.6353108399237593,,1.8672528730215334,1.9205287717190405,1.7228777738573247,,1.3244445290136357,,1.7351347216655502,1.7761412306866287,1.2770800280882362,1.891950593449019,1.2445675794630882,1.2045236083011077,3.192223541699567,1.3931121507479391,2.1234307598750206,,1.1785499498515049,1.4529147938021472,2.2613144910690455,3.4368134785072875,1.36525525630797,1.2717084964166265,1.4633464268775078,1.6228802563913158,,1.2923470894065767,1.363572360975657,1.136132974629544,1.3014013757298812,,1.067904660759564,2.8290563542520566,1.5039464630164834,1.7711960365958084,1.2602940635432476,2.1476619444173783,1.5453272358979069,1.3396193134854866,1.6765315090354282,1.6254180886322995,2.650113120387197,1.5148575052169804,1.637830988410241,1.412025241859515,,1.419822925076773,,,1.5856787744204335,1.3308646753305602,1.8323410746434232,1.2968985472308856,1.1673681112137326,2.0004119274982464,,1.8954665773910757,1.2500764444141268,1.0543295129624681,,1.392754522961789,1.3110216104627674,1.2766411985464683,,0.8895372696738724,1.364517778946671,,1.2404507031298753,1.3311904839208202,2.453891460311761,1.2334346920832686,1.6339724990608986,,1.3347994373991474,,1.1946774260217066,1.401843935591556,1.157969775980424,,1.4311671658238396,,1.3509951349588882,1.3759761028596003,1.3592637313972336,1.3008308304449896,2.5101112190322006,,1.2685419674535903,,1.5718445176860087,0.8808245359173416,,1.6377578945905225,1.7763917004955285,1.9691841497788605,1.4305691714290953,1.7156099966657448,,1.5329685112383593,1.3839482606385374,1.5807400040980302,,1.9368774262339419,2.0142601643709743,,0.9511357613898186,1.8525172964422576,1.8421343787301514,2.376126521926644,2.023807731449112,,1.4209442426364467,5.339215568401828,1.2841147361817813,1.4551677674360988,1.7623209959882187,,1.2692320114306281,1.455101197813183,1.2916484316853958,,1.231522389167705,1.2019157747624214,1.409352851569607,1.5865645898186929,1.3937148309776646,1.3377788268477384,2.069530593758663,1.4903758001661167,2.676579603510897,1.1988571567054134,1.2358010837876057,,1.6568222054746775,1.8119687153434265,2.0786327168676237,1.3591199796849154,1.6937948973772308,1.320593006912169,1.3796971592460885,1.7284507482994187,,1.6203562990659444,,1.5545118864936782,1.2427926627500518,1.1705256806018765,1.776251453776643,1.449213846991777,,1.8398701412468736,,,1.643930667822482,1.141085784149995,2.517970749819199,2.3553814759682408,1.5806481090395401
2023,2,Relación Solvencia,0.0,0.0,0.0,0.0,0.0,0.0,0.0,0.0,0.0,0.0,0.0,0.0,0.0,0.0,0.0,0.0,0.0,0.0,0.0,0.0,0.0,0.0,0.0,0.0,0.0,0.0,0.0,0.0,0.0,0.0,0.0,0.0,0.0,0.0,0.0,0.0,0.0,0.0,0.0,0.0,0.0,0.0,0.0,0.0,0.0,0.0,0.0,0.0,0.0,0.0,0.0,0.0,0.0,0.0,0.0,0.0,0.0,0.0,0.0,0.0,0.0,0.0,0.0,0.0,0.0,0.0,0.0,0.0,0.0,0.0,0.0,0.0,0.0,0.0,0.0,0.0,0.0,0.0,0.0,0.0,0.0,0.0,0.0,0.0,0.0,0.0,0.0,0.0,0.0,0.0,0.0,0.0,0.0,0.0,0.0,0.0,0.0,0.0,0.0,0.0,0.0,0.0,0.0,0.0,0.0,0.0,0.0,0.0,0.0,0.0,0.0,0.0,0.0,0.0,0.0,0.0,0.0,0.0,0.0,0.0,0.0,0.0,0.0,0.0,0.0,0.0,0.0,0.0,0.0,0.0,0.0,0.0,0.0,0.0,0.0,0.0,0.0,0.0,0.0,0.0,0.0,0.0,0.0,0.0,0.0,0.0,0.0,0.0,0.0,0.0,0.0,0.0,0.0,0.0,0.0,0.0,0.0,0.0,0.0,0.0,0.0,0.0,0.0,0.0,0.0,0.0,0.0,0.0,0.0,0.0,0.0,0.0,0.0,0.0
2023,2,Relación entre Aportes sociales mínimos no reducibles y Capital Social,0.41039001454786217,0.9704104499709385,0.9170065732068401,0.7092979282715595,0.21141332793351353,0.0,0.9413945396953308,0.0,0.7393229785215527,0.6357606264856,0.0,0.9240202160553783,0.0,1.0,0.640459768062505,0.8381076792678925,0.0,0.9239574266799266,0.6702027069090322,0.9891793614698223,0.0,0.400502243885633,0.0,0.5010829928428606,0.7874925338865794,0.9983675589585382,0.15807190116104727,0.5115649713190946,0.1835757640217979,0.7506385496357078,0.7164348535029997,0.674817370882777,0.0,0.47790291482182123,0.8150462925700029,0.6286400480066846,0.9268268886281649,0.9595743175854141,0.8314915356323235,0.6708821273292704,0.46509001077379,0.0,0.19296633968540064,0.5842792198080337,0.8376827234655799,0.5446494528947503,0.0,0.6984098000829058,0.5629445412421467,0.5529385860435263,0.6999999999993973,0.8905881195041464,0.7981112756966203,0.5865780759329153,0.1224766142591607,0.6224012587866633,0.4319238716606773,0.7520596638210315,0.7568137698135478,0.5916531705459791,0.5343840980755361,0.0,0.5285026981722092,0.0,0.0,0.608190668368523,0.705207277100974,0.851416817840364,0.6846150148361374,0.7977741187536264,0.6985138541629295,0.0,0.41883172219614223,0.5743582621122554,0.26005869662535475,0.0,0.7149850347785979,0.4375571314965413,0.26757495800488545,0.0,0.7152243648571159,0.44877870136862325,0.0,0.40204133883297444,0.2868858145889991,1.0,0.4737617509331368,0.9576845386836673,0.0,0.2054063081633329,0.0,0.12840218127357286,0.4756326827969345,0.4003415784570956,0.0,0.9895614282500519,0.0,0.5611444227493575,0.7947590186983012,0.42319432473096485,0.7559184649709566,0.6440624957969856,0.0,0.16216001696875781,0.0,0.8299473794016068,0.9616860954058808,0.0,0.6272083449584102,0.5881339547252257,0.7292714389097247,0.8009646602019636,0.6772683274671287,0.0,0.7903482114740905,0.7038082493537149,0.4080018491254826,0.0,0.7326854904447981,0.8222790866541662,0.0,0.8143050855466794,0.9145136109287128,0.6777930756308731,0.9868667720406363,0.9431953563632953,0.0,0.7798884758400094,0.7241358013797206,0.687564626075206,0.7430122088026744,0.7745224428345121,0.0,0.7500824915903633,0.9940990622631641,0.3897122812311225,0.0,0.4579725622889587,0.5727359584844302,0.6409214728162884,0.6216718181844519,0.9778365079189835,0.6466277006133828,0.9488548205067752,0.7561696087163573,0.730790375167019,0.6397378821069539,0.33638517149859565,0.0,0.9501990098190823,0.5688552285566623,0.8708186836324134,0.8591197405945564,0.5710645037655367,0.25864990165603774,0.7078576735551495,0.540003542251786,0.0,0.26059858965865157,0.0,0.9525001982069184,0.5814600629851281,0.4126777149015048,0.13769314053409537,0.9921000719044418,0.0,0.8846610454163377,0.0,0.0,0.4003020861011999,0.6999999948467447,0.466241581665187,0.6105489128528975,0.99509374587151
2023,2,Relación entre el Capital Institucional y el Activo Total,0.07253840819800365,0.08887447299857155,0.08003434988677786,0.028560781748075404,0.043754944708288286,0.0,0.09811802216582745,0.0,0.04101926347261896,0.04937147065824491,0.0,0.019205054481842,0.0,0.0600346060491551,0.06990072832223802,0.24931037780829585,0.0,0.07942872483847692,0.10841667219738448,0.0918368386808369,0.0,0.0787784001081622,0.0,0.11211926051674972,0.06291371073813476,0.026315730505582714,0.10007060647981404,0.05140042845898987,0.04051812520920063,0.10261665983174674,0.12661795679501092,0.13674892061812952,0.0,0.06232444632225348,0.08880628911096967,0.12288412845284029,0.1744037227765348,0.06801283106580193,0.08789354393175759,0.040346247167281094,0.06074287181479821,0.0,0.12926868128364208,0.06414417277856194,0.05884434220846802,0.07122830976304112,0.0,0.024081253821470607,0.13462703347694183,0.05021526918468671,0.06670863301667196,0.08757244085879212,0.16197664354281185,0.053465193076482405,0.10641369358791176,0.06987843072245743,0.061316817345745095,0.12265330519112622,0.047501146120745005,0.1004690140475834,0.04273592378926948,0.0,0.08148954046290957,0.0,0.0,0.0857471283694563,0.04221854418188685,0.11429116199055588,0.09720002775802836,0.05411265245573514,0.10817126957565289,0.0,0.15269929372641147,0.04317159225674855,0.020118887685627505,0.0,0.08808311097381896,0.09896067518526343,0.058865336786765754,0.0,0.06765751767404887,0.08040406263307058,0.0,0.03232475349259188,0.11826754525649592,0.1595094331832762,0.029196210081113613,0.09739362990239166,0.0,0.07645360150669572,0.0,0.06868935032811573,0.10965418278460835,0.05013709645055133,0.0,0.20653858238490194,0.0,0.07813219898139082,0.06175998099079208,0.08327724584660778,0.11586839649637265,0.14982533600823372,0.0,0.06681376159341512,0.0,0.10656296129664891,0.06977648733097117,0.0,0.11458946717157266,0.17425573203086955,0.15057147371439186,0.07805799046479031,0.2530892858406435,0.0,0.06601246394524173,0.06295193904952243,0.07978236644428732,0.0,0.12316231614561007,0.12398813671650061,0.0,0.0,0.1187787464989977,0.09457461084461696,0.11702055997443497,0.1103400561935711,0.0,0.07214153572810554,0.07323881632251256,0.05690866889623541,0.06549784040176503,0.3269801320120155,0.0,0.030515599932653698,0.12755867237593832,0.10544780271074068,0.0,0.08949538550969151,0.050934585180088136,0.13709130197271283,0.0672648171073526,0.09441626149955024,0.09859211386365908,0.06481147627836863,0.03104045875321374,0.12401146487255027,0.035269648018625324,0.056147455921840776,0.0,0.03105191020072487,0.09068988150864433,0.20614871380092295,0.05522444668489197,0.20533864715392053,0.1261331835377751,0.1189580161898396,0.09121913133956357,0.0,0.08480369988404868,0.0,0.07089358885812125,0.015484755207488337,0.036226184067916375,0.2103674923140525,0.09170757734395397,0.0,0.15322262375547968,0.0,0.0,0.18248156438313498,0.018602491269556275,0.21716776852484362,0.21261877675419155,0.1773482274240818
2023,3,Quebranto Patrimonial,1.2475079907122693,1.3747447352422746,1.3483895320215498,1.132947103398937,1.1593399659601993,,1.1849172429467814,,1.352819497388978,1.3351722999890079,,0.9778285132110743,,1.6313301498077561,1.3671740660058214,1.614144966232304,,1.8006327221600593,1.8880570267726433,1.7235596595046465,,1.3186102415746432,,1.7592586452068322,1.7086767396024811,1.2768583110044773,1.7418253220102005,1.2324576814327841,1.178466605362516,2.751254457157908,1.3407176856602132,1.9441092314773671,,1.1603205800682492,1.4242387483965502,2.1105031689205394,3.266017566856255,1.3572414288190158,1.2778483340459281,1.444295057117833,1.5014374793129857,,1.242127824680467,1.3490901015802124,1.127124391487757,1.3040211638651968,,1.0653280720449263,2.556115249358019,1.395959855539592,1.7356648677078463,1.2685691185796173,2.126845578123945,1.5349382514828926,1.3229142317604512,1.6178199325863585,1.5813594279637047,2.5710330275117235,1.4709093457890474,1.557530898221545,1.3834133220423606,,1.3935483514521618,,,1.5734999137094627,1.317328424219727,1.7980168109052017,1.2641235674524947,1.1807338746124527,1.8701479872237283,,1.8379868396921362,1.2445736295231238,1.0521951852934115,,1.3644142191555346,1.274397878044271,1.2590537748107822,,0.8856627154404878,1.3396106768992946,,1.2352722529985227,1.2909834072052344,2.3816784841761356,1.2159187970468903,1.6320593954491964,,1.3175194985905665,,1.1714073064225148,1.4106137386959823,1.1521649172746737,,1.4285158671048108,,1.316863327541149,1.339014569155363,1.3411268241342282,1.2707341616888992,2.433703531279732,,1.2502327254238856,,1.5259419214562977,0.8821639827870489,,1.6130455118262677,1.7093150586663408,1.959857201114002,1.4121658174520308,1.676015267584035,,1.5030466590519025,1.3793440551147549,1.5740940130288723,,1.8934749686842736,2.007515988516775,,0.9562385978566696,1.751989177718039,1.7239597145995518,2.289715589554127,1.956946777534354,,1.4022458527239787,5.303161945757314,1.2652245162911298,1.3951284911706958,1.7588626544812866,,1.2505025500420375,1.4507743742655983,1.280128743067752,,1.2130135333374246,1.1942734554374015,1.3891755149354454,1.5321090992973867,1.3908847087175713,1.2778988279933874,2.077085129364172,1.473798689637238,2.591948170038188,1.1889068926521744,1.1952448920732843,,1.6547801588688793,1.7873762487859945,2.0519020761311517,1.3348562252046003,1.6111775205001786,1.3060369882275098,1.3475058460146043,1.6680905911598902,,1.4767007017620946,,1.4867313226120609,1.216774127723047,1.1526477491878884,1.7374662749556025,1.4403329909600289,,1.7686260369864024,,,1.5917051471084769,1.0997878894312287,2.313420432236643,2.2672741200928557,1.5527193027962778
2023,3,Relación Solvencia,0.0,0.0,0.0,0.0,0.0,0.0,0.0,0.0,0.0,0.0,0.0,0.0,0.0,0.0,0.0,0.0,0.0,0.0,0.0,0.0,0.0,0.0,0.0,0.0,0.0,0.0,0.0,0.0,0.0,0.0,0.0,0.0,0.0,0.0,0.0,0.0,0.0,0.0,0.0,0.0,0.0,0.0,0.0,0.0,0.0,0.0,0.0,0.0,0.0,0.0,0.0,0.0,0.0,0.0,0.0,0.0,0.0,0.0,0.0,0.0,0.0,0.0,0.0,0.0,0.0,0.0,0.0,0.0,0.0,0.0,0.0,0.0,0.0,0.0,0.0,0.0,0.0,0.0,0.0,0.0,0.0,0.0,0.0,0.0,0.0,0.0,0.0,0.0,0.0,0.0,0.0,0.0,0.0,0.0,0.0,0.0,0.0,0.0,0.0,0.0,0.0,0.0,0.0,0.0,0.0,0.0,0.0,0.0,0.0,0.0,0.0,0.0,0.0,0.0,0.0,0.0,0.0,0.0,0.0,0.0,0.0,0.0,0.0,0.0,0.0,0.0,0.0,0.0,0.0,0.0,0.0,0.0,0.0,0.0,0.0,0.0,0.0,0.0,0.0,0.0,0.0,0.0,0.0,0.0,0.0,0.0,0.0,0.0,0.0,0.0,0.0,0.0,0.0,0.0,0.0,0.0,0.0,0.0,0.0,0.0,0.0,0.0,0.0,0.0,0.0,0.0,0.0,0.0,0.0,0.0,0.0,0.0,0.0,0.0
2023,3,Relación entre Aportes sociales mínimos no reducibles y Capital Social,0.46754456709319375,0.9710042067494599,0.9061137139058477,0.7089384702709155,0.20959071262770015,0.0,0.9275430039305224,0.0,0.7191449282986931,0.6298944437518391,0.0,0.9266115034296031,0.0,1.0,0.6377253145976003,0.8312093110087344,0.0,0.9239625384393975,0.6666567212227359,0.9901419953249,0.0,0.39807800243311525,0.0,0.5007392183805719,0.7800697053482232,0.9935577426061016,0.14858626807918288,0.5082793506696732,0.18114133957995193,0.8704494925177109,0.7104548075904025,0.623209350550163,0.0,0.47238443437202543,0.8011006073389226,0.6017510924458721,0.8948718456713777,0.9559468382095939,0.8446884813675091,0.6630506393627676,0.46125239580628274,0.0,0.19044421391329844,0.5808116072880941,0.851278826824524,0.5422286562215137,0.0,0.6941024440145414,0.5258407560412568,0.6367304631941507,0.8632358587773075,0.8857266342812057,0.7862038945172822,0.580929381198491,0.12131969253439039,0.6280878416145763,0.5594458393034937,0.7455806391356068,0.751249393978166,0.5805487838913096,0.528446181108484,0.0,0.5268131372338797,0.0,0.0,0.6012593206171295,0.6973649969206608,0.7390194730972565,0.6749249126553386,0.7897907989272794,0.6609879589923287,0.0,0.4156633721150598,0.5722597664081336,0.2584747888673848,0.0,0.7042681021535204,0.432979564427017,0.2664484562934258,0.0,0.7092301975150185,0.4446870878377075,0.0,0.4018727487809277,0.2828560378120046,1.0,0.473563051437269,0.9601155870646201,0.0,0.20296039630851534,0.0,0.1263883804420737,0.4743589360905495,0.39878501060674276,0.0,0.9954326119115906,0.0,0.5573351522090269,0.7890367630952807,0.4197355705030975,0.9085697617801511,0.6411897255929099,0.0,0.16135997364954258,0.0,0.8132547352621289,0.9603379034444804,0.0,0.6210084458189356,0.5764441383056199,0.7249013280587675,0.7985511839790529,0.666186497051419,0.0,0.7900635519786473,0.7048996050639836,0.4052225212620278,0.0,0.7200721618053034,0.8170748811839781,0.0,0.8142415797191817,0.9050536927362766,0.6361134568078446,0.9784878656617292,0.9422263943990256,0.0,0.772129681743619,0.7220391543890669,0.6837973026381674,0.7376745948122381,0.7727962221648887,0.0,0.7464101515779293,0.996482376696447,0.38447094104239155,0.0,0.4595218902252134,0.5693113319418507,0.6364032400495456,0.6160991285534143,0.9846359978111041,0.6341996627353979,0.9473090399327724,0.7578536678447645,0.729263289920351,0.6409904586473191,0.33093201307704745,0.0,0.9501971037804668,0.5683257313898891,0.8527125480838933,0.8588229488732789,0.5624678905481855,0.2553786117540328,0.6978980949429029,0.5250793796598969,0.0,0.2837613081399912,0.0,0.9524798158467067,0.5793452079246665,0.40860069441281466,0.135422444091336,0.977758642534055,0.0,0.8574786863545921,0.0,0.0,0.3974058726050326,0.7000000000139278,0.46596039382995696,0.5950087559175427,0.9924263504540252
2023,3,Relación entre el Capital Institucional y el Activo Total,0.0757124794469263,0.08902116166255088,0.08412600118911961,0.030614622385655457,0.04723152235398329,0.0,0.0404327506916001,0.0,0.04345603817807407,0.05805013659380154,0.0,0.009334505050719701,0.0,0.056554112318207526,0.08453611825279825,0.2593204259771029,0.0,0.07846568943884584,0.10022372467342158,0.09057236400849906,0.0,0.08152477010077469,0.0,0.11112782564624106,0.06698051441881184,0.02676653629993739,0.10627981587711033,0.06081102050393765,0.046721288384328596,0.10493543034369074,0.1385748063165224,0.14038851752679404,0.0,0.06456091697161129,0.08944347780278632,0.1306561161935514,0.18448801486568484,0.06918372460955038,0.08809742644191082,0.04263977168373139,0.07589501722658464,0.0,0.13907027710921777,0.0677150136762051,0.061029658491853545,0.06897652670312103,0.0,0.02341036517806753,0.1412984064258907,0.05434072018769188,0.07193228189397204,0.08674922616895162,0.16626907305186867,0.06117538315531472,0.11352728806400246,0.07333185417941282,0.06365151126456349,0.1308025090930546,0.05379686334087008,0.11870027596435195,0.0518821890388004,0.0,0.08706997236966832,0.0,0.0,0.08844950720383668,0.04902556091971263,0.12737266567833402,0.10501432504413845,0.05550469579874468,0.11649766805482033,0.0,0.17718047368214332,0.043640057563243094,0.019849130702043607,0.0,0.09072170704559433,0.11313420210911758,0.06332077721419356,0.0,0.0678592659010604,0.08014251620218385,0.0,0.033297579752125175,0.12482214038644636,0.16399874887651286,0.0417970545153534,0.09446786765105114,0.0,0.08002328586446596,0.0,0.07248030662107632,0.1078460667425743,0.051688483496085076,0.0,0.16525735315797876,0.0,0.08133453692514943,0.07362806641780202,0.0862746108197369,0.12464294598745836,0.16906687455063232,0.0,0.07890079528775971,0.0,0.11331138376427899,0.0705413306155614,0.0,0.1189401438088336,0.1770636520617223,0.15249862957006616,0.08484985217739684,0.2576844595410091,0.0,0.07487701835485426,0.0842119600839407,0.08416484058805912,0.0,0.13421988148151356,0.127434755468897,0.0,0.0,0.12840969321582787,0.09825915300936917,0.12699065295617418,0.11644079966177592,0.0,0.0756538152388417,0.07897367588696415,0.05794079953343897,0.0707043532126769,0.32688096782348464,0.0,0.031752213313257366,0.12801982190690103,0.10620727366033839,0.0,0.07954349892637799,0.05393715105214826,0.14555543420275638,0.08696669898423584,0.09797597736835147,0.103632618563844,0.06888219342880764,0.03273751009809976,0.1297093683003523,0.03605132327534092,0.0601857666161698,0.0,0.031022481709967353,0.09821502026293662,0.2080350407259469,0.06184051000740348,0.2221177126393836,0.12779417899605455,0.1280582252883743,0.09569629400976477,0.0,0.09156660228245261,0.0,0.07772621220250858,0.018920658240234107,0.0369793530583078,0.21665792881244963,0.10765622410703883,0.0,0.16006225777108168,0.0,0.0,0.20174678926376902,0.028347966173792906,0.2384367500825544,0.21752066314531351,0.1774740217737544
2023,4,Quebranto Patrimonial,1.2526644931822808,1.375473708625847,1.4043499944174322,1.1242110401015841,1.1635610690869245,,1.1415798697593091,,1.3535144567722284,1.3433012700989777,,0.9697782958202394,,1.6298207179806727,1.3767009394531773,1.6161489359278902,,1.8020875632361757,1.8621026775364258,1.7053708155956662,,1.3217363491293788,,1.745842360226059,1.7171279711449654,1.3156025417874027,1.7605378357018548,1.2316686756750617,1.1827011154422915,2.7876139057187412,1.3537738225061824,1.9486993319327839,,1.1634517188260054,1.4233201884667865,2.096445957159223,3.255640430923975,1.3539058401231805,1.2770387811890933,1.4633490256360988,1.5175417189080833,,1.249489958006734,1.3559760590110335,1.1287272917206945,1.2529203917332632,,1.0667458580938158,2.58853055315806,1.397493489069157,1.725523349332976,1.2722896498776683,2.1322787797631486,1.5743662050447154,1.3212389546675596,1.626713152133694,1.5458017561660622,2.561488163185968,1.4451404052049062,1.54724520820203,1.3543040065638177,,1.3846876266370163,,,1.5932687321786316,1.3212469644244889,1.8064545855105938,1.270894113820231,1.1696918261007359,1.88579875267741,,1.8140058794603726,1.2418817932590631,1.0494631765864852,,1.3658927967710672,1.2765368416011773,1.259145022837082,,0.8896579835931728,1.3338332414030392,,1.2324742031992917,1.290994815552048,2.3829530072084095,1.2175636508266428,1.6267452639074347,,1.3191413059309531,,1.1774672106203306,1.3675994478275475,1.157915244606659,,1.4218002875092854,,1.3213992780472112,1.3409417675974675,1.3468824787245237,1.2672782513051306,2.446665358245999,,1.2470570495860507,,1.5353785679147443,0.8774252453632387,,1.6202607345738873,1.7084112968906553,1.9647134257618577,1.4121632652329486,1.686187537589593,,1.4920242233151082,1.365254006081323,1.5646696724487574,,1.903292608709456,1.9863263358152883,,0.9511710314902803,1.7380764853892858,1.7333777347434662,2.302163279311168,1.961702782058476,,1.4127620805968744,5.233297286040852,1.2675012874461566,1.3796294092559371,1.7503399126162387,,1.2457430287608422,1.4598922621592534,1.2784415475089872,,1.213161270923243,1.2054372020500965,1.4037914048339857,1.4840350258929647,1.3907708832831758,1.2804233281490554,2.084204087545995,1.4717985862533074,2.5847063274494118,1.2317809644046347,1.2019796161656093,,1.649476827349263,1.7843319950732466,2.0682576140731186,1.3193724096588733,1.6204961060906138,1.3100436824619133,1.3554963803370448,1.6792673412390877,,1.4882208772463439,,1.4981992138875762,1.2082459081956436,1.1494345350566295,1.7434376623150463,1.4277243252505918,,1.774486020854051,,,1.5479934336812362,1.102723904600024,2.3304524655129546,2.2904551429038005,1.5305190559528576
2023,4,Relación Solvencia,0.0,0.0,0.0,0.0,0.0,0.0,0.0,0.0,0.0,0.0,0.0,0.0,0.0,0.0,0.0,0.0,0.0,0.0,0.0,0.0,0.0,0.0,0.0,0.0,0.0,0.0,0.0,0.0,0.0,0.0,0.0,0.0,0.0,0.0,0.0,0.0,0.0,0.0,0.0,0.0,0.0,0.0,0.0,0.0,0.0,0.0,0.0,0.0,0.0,0.0,0.0,0.0,0.0,0.0,0.0,0.0,0.0,0.0,0.0,0.0,0.0,0.0,0.0,0.0,0.0,0.0,0.0,0.0,0.0,0.0,0.0,0.0,0.0,0.0,0.0,0.0,0.0,0.0,0.0,0.0,0.0,0.0,0.0,0.0,0.0,0.0,0.0,0.0,0.0,0.0,0.0,0.0,0.0,0.0,0.0,0.0,0.0,0.0,0.0,0.0,0.0,0.0,0.0,0.0,0.0,0.0,0.0,0.0,0.0,0.0,0.0,0.0,0.0,0.0,0.0,0.0,0.0,0.0,0.0,0.0,0.0,0.0,0.0,0.0,0.0,0.0,0.0,0.0,0.0,0.0,0.0,0.0,0.0,0.0,0.0,0.0,0.0,0.0,0.0,0.0,0.0,0.0,0.0,0.0,0.0,0.0,0.0,0.0,0.0,0.0,0.0,0.0,0.0,0.0,0.0,0.0,0.0,0.0,0.0,0.0,0.0,0.0,0.0,0.0,0.0,0.0,0.0,0.0,0.0,0.0,0.0,0.0,0.0,0.0
2023,4,Relación entre Aportes sociales mínimos no reducibles y Capital Social,0.4663837371706805,0.969774952490991,0.9003920966739681,0.7067704112505989,0.20806431970115866,0.0,0.9167429799718737,0.0,0.7176448157449341,0.623328688500398,0.0,0.9228226461875758,0.0,1.0,0.6361670115668436,0.8280942926539515,0.0,0.9239691722532152,0.6641559789225078,0.9836461900103203,0.0,0.39584207416963785,0.0,0.4977167649571984,0.7742880516124315,0.9900316542695626,0.14846512155195482,0.5057198310882012,0.17990589908303767,0.8719162261166017,0.7139199557654289,0.6196617795565699,0.0,0.4687089721575032,0.7989638506041097,0.5985150133611793,0.8922500450046981,0.9559611583045977,0.8435327166770505,0.6585087548111931,0.45920687473566174,0.0,0.1893328243543563,0.5811748646260766,0.8561581108306469,0.5387631530204807,0.0,0.6925839538417589,0.5229184048792601,0.6340477626082617,0.8454202028368863,0.8892969444412382,0.7839267188738283,0.5823947861043333,0.12025764699013233,0.6304958222910618,0.5222785366049564,0.7399146609649048,0.7329031825681668,0.5740065948468795,0.5123264623906671,0.0,0.5260437941482106,0.0,0.0,0.6021654330100442,0.6919183685816934,0.7306401540924975,0.7790572598580917,0.7871276221556331,0.6608615476441045,0.0,0.4037405746007817,0.5691618853261768,0.25689755760269206,0.0,0.702600010366375,0.4288043687532875,0.2673742901928459,0.0,0.7238790073788839,0.4444070337151587,0.0,0.3994730837688574,0.283139174499513,1.0,0.47034344062877664,0.7435735363067432,0.0,0.20187384189500673,0.0,0.2433401773396347,0.47051088588398504,0.39874913011275115,0.0,0.9915798596978947,0.0,0.5545598850596521,0.7838393501235175,0.4172461594108119,0.9161758078377754,0.6387782786875921,0.0,0.1605037572585701,0.0,0.9108849786147617,0.9581626403771203,0.0,0.6189620870042759,0.573952649072642,0.7234946428084229,0.7955122558531497,0.6638522755182803,0.0,0.791285267080458,0.6943822179422685,0.40258701822944304,0.0,0.7184008935275048,0.7986862889668598,0.0,0.8094200944551492,0.8848825534362434,0.6333689816353939,0.9716528096415394,0.9412394243303884,0.0,0.8692342076481951,0.7131753708759744,0.6893132195066347,0.7367916578898818,0.7833952721582877,0.0,0.7429985732564846,0.9986966835341421,0.38098867812350645,0.0,0.4596596143953015,0.5689409350216186,0.6439677520993885,0.5982103005789215,0.9835857719526313,0.6275046779437189,0.9466699928099257,0.7543437391951228,0.7280606316734608,0.6409518925751374,0.3293171447002,0.0,0.9501954879704217,0.5636910807143592,0.8484557457004968,0.8135397868902963,0.5622286353674699,0.2543544660884675,0.6985737755296354,0.5223285997635789,0.0,0.28051991287600514,0.0,0.9524648782200897,0.5773695434889724,0.4046707992765527,0.13514275395393607,0.9654254060950981,0.0,0.8560595710197111,0.0,0.0,0.38328977816056203,0.6999999999863784,0.46559795309942537,0.5948956653980214,0.9899381823925794
2023,4,Relación entre el Capital Institucional y el Activo Total,0.07560962829486022,0.08842417284597924,0.08171722316144288,0.03078907887253483,0.046955351198580984,0.0,0.03625957204397348,0.0,0.04351733443471192,0.05737210151880039,0.0,0.0092673153345497,0.0,0.05676975713082202,0.08444861983599757,0.2578445602862123,0.0,0.07748645731012715,0.10052081876137717,0.04968525703461424,0.0,0.08144706313665306,0.0,0.1100275615450675,0.06680640821880024,0.026942039620093818,0.10526836707483203,0.06012817849632726,0.04671728974170167,0.1036211519126491,0.13867363625480014,0.13858399853432427,0.0,0.06523991470985603,0.08835123684519709,0.13127815264326487,0.18424870985544395,0.06971358380813797,0.08796591239584704,0.042819070244794075,0.0753582644920096,0.0,0.13837546181785068,0.06734033590911914,0.06040573994574532,0.08089518307887641,0.0,0.02338770604004771,0.14741181001404685,0.05399252004880932,0.0704259900960983,0.08634365305418591,0.16606588360229993,0.06119388098796239,0.11209021517723126,0.07294265545804218,0.06351643894320416,0.1297245709109808,0.050557383720790196,0.11837609872096519,0.047060015498036234,0.0,0.08717834663931932,0.0,0.0,0.08817314131595981,0.04925914350418646,0.12571211539413757,0.10418724820513178,0.054786387733388904,0.11853192148495736,0.0,0.16917376032337814,0.043731877483250574,0.019769934997692494,0.0,0.0906020475640291,0.11142221526306038,0.06340790714014155,0.0,0.0702670890684952,0.07895992858955383,0.0,0.033244592969476607,0.1242983813696319,0.16420777236509887,0.04153929220446879,0.10241916519386395,0.0,0.07966687554531622,0.0,0.0725154463544794,0.111468630842545,0.04981649698963463,0.0,0.16516027964663935,0.0,0.08156096590220432,0.0722199449232086,0.08499921142769241,0.1192239245522941,0.16701041868652103,0.0,0.07829031809193143,0.0,0.11472579335984383,0.07053653151190624,0.0,0.11774802886512686,0.17923654327576313,0.15216611110597464,0.08407121324200148,0.2569722588111126,0.0,0.07430268103833333,0.07717947466348492,0.08355426041320242,0.0,0.13401221417182532,0.12529896912772492,0.0,0.0,0.12593756178155174,0.09910523767689396,0.125303717513378,0.11531714345400756,0.0,0.07396418326214688,0.07527367432481227,0.05644145731138788,0.07095613019210832,0.32954913697699134,0.0,0.031588446283072086,0.13152912396540684,0.10465356485985304,0.0,0.07941388774092172,0.053699876823604664,0.14611357365345926,0.0794551408224055,0.09878360737671993,0.10290858405266036,0.06886399839745166,0.03262076788880408,0.12967241331316032,0.036151723591934755,0.05908461655486461,0.0,0.031160676537445954,0.09625984731989838,0.20970262628736316,0.06229020105577584,0.22112376079360202,0.12566390182958834,0.1282754305013913,0.09725220579115518,0.0,0.0903521157285983,0.0,0.07792316769147126,0.019114021093663985,0.03601743475613878,0.21782452773828484,0.10171825103554034,0.0,0.16099047965903904,0.0,0.0,0.18812964326229342,0.02557859128081784,0.23657791202469455,0.21864758147182412,0.1743106533678047
2023,5,Quebranto Patrimonial,1.2402676558953436,1.3661977420889575,1.400770501705896,1.1161056694045206,1.167493466273979,,1.115002775240463,,1.3490677063957772,1.3486244107499017,,0.9679310487652004,,1.5961450444218528,1.3836330001641381,1.6068678372325964,,1.8034465741981087,1.8316488531352526,1.71144046368715,,1.3301661355181378,,1.7640530831508314,1.7118604469700822,1.2802535596806945,1.7694685307313396,1.2332969679029024,1.1887807612970585,2.8272202150216246,1.3643550356794096,1.9593064499553714,,1.1629530983981915,1.4174232557588156,2.164677378210759,3.2639877660109984,1.352965438917614,1.272245942660502,1.460294951377509,1.5389868226205754,,1.2548736001278453,1.3519439378946891,1.1290239197436487,1.2413032142474156,,1.0671152971040423,2.618005969437166,1.4003408702093956,1.7253103264640204,1.2764574011403917,2.149539206240486,1.556004245495774,1.320401353557204,1.64604851413521,1.5201294581313705,2.482542281660217,1.4305181415097628,1.5516423799610466,1.3571814101972242,,1.3760755910380515,,,1.5801841943635846,1.3168517494966916,1.8128911413665099,1.2727391047111427,1.1754588362442664,1.9008036482423443,,1.8190140008226996,1.2427357143348576,1.0490314268968168,,1.3668726033453114,1.278049376348985,1.2590709146979258,,0.8865728891563002,1.3314449531178907,,1.2295136695581632,1.2928259172392176,2.3954512158708843,1.2188036759019871,1.5759536514455563,,1.318745022167787,,1.1787594250291267,1.369372241016414,1.1548679135832947,,1.4231516625757474,,1.3218873531086388,1.3378961014900341,1.3584627620409164,1.2728614229804154,2.462944117316698,,1.243050517628483,,1.5337309356037565,0.8662331044000882,,1.6203829111535626,1.7047314091830224,1.968943815043816,1.4128695445392943,1.6968932996864516,,1.4848895891298777,1.3746817175018502,1.5632881297851617,,1.9499635335594654,1.9908159518932416,,0.9441744440508935,1.7452547652667043,1.7463106752437225,2.326700869644565,1.9655611542490936,,1.4159547593626354,5.251637815041042,1.2690009223889724,1.3848301823008244,1.7986046635156545,,1.2458326575458976,1.464248192458792,1.276850341237993,,1.2112730532790983,1.1988019166808597,1.4083248882976473,1.4759069459532068,1.3921742172127756,1.2841843259062824,2.0900137721633785,1.461672732384387,2.584998455860889,1.2255805189165427,1.2071688517843493,,1.6481094088675372,1.7901023083421554,2.0807191772649576,1.2969213316996973,1.6195905289032162,1.3158785218341347,1.3528782318017825,1.6874769698512284,,1.490561152698069,,1.4991415502790983,1.2042293515031075,1.1396157478802829,1.7450795959818888,1.4327610287930121,,1.7934977997465764,,,1.554544140830168,1.1143558828785263,2.3470105358766213,2.3065960742800393,1.5020932787325791
2023,5,Relación Solvencia,0.0,0.0,0.0,0.0,0.0,0.0,0.0,0.0,0.0,0.0,0.0,0.0,0.0,0.0,0.0,0.0,0.0,0.0,0.0,0.0,0.0,0.0,0.0,0.0,0.0,0.0,0.0,0.0,0.0,0.0,0.0,0.0,0.0,0.0,0.0,0.0,0.0,0.0,0.0,0.0,0.0,0.0,0.0,0.0,0.0,0.0,0.0,0.0,0.0,0.0,0.0,0.0,0.0,0.0,0.0,0.0,0.0,0.0,0.0,0.0,0.0,0.0,0.0,0.0,0.0,0.0,0.0,0.0,0.0,0.0,0.0,0.0,0.0,0.0,0.0,0.0,0.0,0.0,0.0,0.0,0.0,0.0,0.0,0.0,0.0,0.0,0.0,0.0,0.0,0.0,0.0,0.0,0.0,0.0,0.0,0.0,0.0,0.0,0.0,0.0,0.0,0.0,0.0,0.0,0.0,0.0,0.0,0.0,0.0,0.0,0.0,0.0,0.0,0.0,0.0,0.0,0.0,0.0,0.0,0.0,0.0,0.0,0.0,0.0,0.0,0.0,0.0,0.0,0.0,0.0,0.0,0.0,0.0,0.0,0.0,0.0,0.0,0.0,0.0,0.0,0.0,0.0,0.0,0.0,0.0,0.0,0.0,0.0,0.0,0.0,0.0,0.0,0.0,0.0,0.0,0.0,0.0,0.0,0.0,0.0,0.0,0.0,0.0,0.0,0.0,0.0,0.0,0.0,0.0,0.0,0.0,0.0,0.0,0.0
2023,5,Relación entre Aportes sociales mínimos no reducibles y Capital Social,0.45838260113386015,0.9698255646016752,0.8968432194049499,0.7057612097993612,0.2063483705534093,0.0,0.9053073618107523,0.0,0.7139809643365613,0.6166117891781039,0.0,0.9197929440883251,0.0,1.0,0.6325622391354624,0.8191199163165118,0.0,0.9239736831916504,0.6607346602162196,0.9801049186026491,0.0,0.39327852853201156,0.0,0.497048045727486,0.7666511918608933,0.9874504081855401,0.14797355718553842,0.4966563747020939,0.17875277512214702,0.8719162261166017,0.7132024190357056,0.6159103799587526,0.0,0.5777721304351204,0.795249953901746,0.5945141530246658,0.8897319939218915,0.9522940861159546,0.835630238458853,0.6536921263114472,0.45611824786453864,0.0,0.187152252946788,0.581039348449349,0.8577409122122052,0.5324141156671531,0.0,0.6952182391172723,0.5197575434154309,0.6343499015163249,0.8344967515260419,0.8873842191373364,0.7825108249376056,0.5811088713811068,0.11976006590705106,0.6303884368038408,0.4918491778660781,0.7141293304491416,0.7262193953378611,0.5670546681528036,0.5057927030687533,0.0,0.5247189081292594,0.0,0.0,0.5977383825310455,0.6727058973362126,0.7221643850851991,0.7750608098420383,0.7839085771439682,0.6574831214394061,0.0,0.4011428645878062,0.5680250012454792,0.2556915738067179,0.0,0.7013392263891707,0.42965398000501054,0.26687441575674886,0.0,0.7310547883718819,0.4435412732333056,0.0,0.39689728520986717,0.28732131111930864,1.0,0.4676188240948336,0.7314678538935124,0.0,0.20082027239637737,0.0,0.2430130132010044,0.4677192833418384,0.48359842239333667,0.0,0.987502972182517,0.0,0.550711646820506,0.7765512104280826,0.415073171918935,0.9232668174067528,0.6367148097927927,0.0,0.15966609624168476,0.0,0.908217010903244,0.9551034121457556,0.0,0.6138476577249634,0.5700405444434506,0.722674121311528,0.7958279166831911,0.6637184232185869,0.0,0.7926988335090325,0.6941895938417372,0.39969508616363286,0.0,0.7179809255565802,0.795393608349605,0.0,0.8208301644701914,0.8764087214643627,0.6297796580054594,0.965926090974368,0.9401882123152343,0.0,0.6566043237500786,0.713149091076997,0.6937053739555665,0.7367777493240864,0.7896940216801609,0.0,0.7425730610632797,0.994467207497687,0.37817645697181596,0.0,0.4550907255335398,0.5618093661600366,0.6430019819425251,0.5938219445335456,0.9863007441831385,0.6232622841586923,0.9430315895888838,0.7489881006971773,0.7264753960061171,0.6411637855275419,0.326823934881815,0.0,0.9501936043994706,0.5624602753375944,0.8511857370348204,0.810937431806829,0.5608404178440806,0.2540501373376018,0.6930742288665539,0.5193756646305692,0.0,0.2769732587370074,0.0,0.952446488339423,0.575326784474786,0.40087760267507333,0.13484386620329344,0.9610234727598759,0.0,0.8639233097134168,0.0,0.0,0.38137798878871515,0.6999999999832521,0.4650464991588199,0.5980749719182386,0.9876383338863952
2023,5,Relación entre el Capital Institucional y el Activo Total,0.06955067235923601,0.0884758677033356,0.08218835132245107,0.029847268083891508,0.04643172598992767,0.0,0.032664812544939845,0.0,0.04320135943161942,0.056927730602350665,0.0,0.008616411164840939,0.0,0.05702345704145188,0.0839737066708646,0.25527699098001416,0.0,0.07725532814794524,0.09972038145147571,0.04946229780958631,0.0,0.08141346369184475,0.0,0.10763447813349514,0.06591461179519584,0.026072416952881674,0.10498388659223759,0.05406359527890423,0.046384393408804785,0.1003057483933294,0.137617186147263,0.13686691624818986,0.0,0.06463940947628932,0.08849067284733908,0.12917519267441965,0.1826235158887629,0.06942786835434774,0.08653249649427505,0.04257174115451899,0.07524471879795087,0.0,0.1375234722789043,0.06747000216846542,0.059697126677172405,0.07264455178734185,0.0,0.023142437401259958,0.1440418193014407,0.055478142649124394,0.06913009839354227,0.08633270157282372,0.16390132872631485,0.0612084265144829,0.11268160963931727,0.07209991168653855,0.06371278163066281,0.12611592526783857,0.04969454657604217,0.11674000437520174,0.04709092660395568,0.0,0.08662230749353872,0.0,0.0,0.08607096907658747,0.04732784103209234,0.1250700420081241,0.10377743990003077,0.05393702835280644,0.12064809298244344,0.0,0.17045107552244412,0.044000798880165094,0.020199529741965518,0.0,0.09139519953830882,0.10572247523919617,0.06393234447857363,0.0,0.006516261915068737,0.078153423709679,0.0,0.03278493322825406,0.11754700326691592,0.16478399436254756,0.04218647550659033,0.10528510725711812,0.0,0.07986719624895265,0.0,0.07136379087421392,0.11166869195035954,0.049907455424314906,0.0,0.1635856494686605,0.0,0.08206401492700809,0.07060367432639779,0.08378156633543876,0.11014499959828947,0.16449856491857534,0.0,0.07781053425100803,0.0,0.11651291433634965,0.07036369170038365,0.0,0.1159198316895806,0.1766682274647606,0.15249137304358107,0.08278500938011989,0.2577755691815338,0.0,0.07296626925704565,0.07616697104357761,0.08453778375455785,0.0,0.13368580803695362,0.1256217225101914,0.0,0.0,0.12588483336170334,0.09843750838140952,0.12334748136058425,0.11514187140579453,0.0,0.07346895678382892,0.0761137113701753,0.05619504181175916,0.07118459014966791,0.3238446537345645,0.0,0.030765266494460677,0.1333806943590836,0.10335881122600414,0.0,0.07876456014131045,0.05257746805558797,0.14439651092311653,0.0773080969158932,0.0977675791907795,0.10060444426265615,0.06881497840005249,0.03282740647024592,0.12942579461189113,0.036233736851273755,0.05746390494338399,0.0,0.03126870220272598,0.09615104783981848,0.21004412210685425,0.06327839916823388,0.22249158495143614,0.12721096967822107,0.12915048502875084,0.09568244948632575,0.0,0.0895546991730136,0.0,0.0764245240205042,0.019193152606901392,0.03582875215096874,0.21619283821297228,0.10055896228466432,0.0,0.15822715893957304,0.0,0.0,0.18712544797736486,0.024763150543665173,0.23517680049056786,0.22046036473848182,0.174458983770488
2023,6,Quebranto Patrimonial,1.241626719522943,1.3639793301755687,1.3981008747036552,1.1099112139749563,1.171500753599715,,1.0918784414282128,,1.343002232370322,1.349404357895901,,0.967578711041805,,1.472707532334162,1.39075469816508,1.606617244009315,,1.803811828199425,1.7960619742810655,1.7120429796403902,,1.313036290674607,,1.7774248076336576,1.7130721811201337,1.2749599123903876,1.786992875457774,1.225822576907429,1.1927174560140599,2.8530112504423695,1.3760451931916768,1.9680795117708239,,1.1658622856210363,1.4182230003526337,2.1830503960761782,3.267239813864178,1.3554734571990164,1.2768356332554294,1.4823419385229013,1.5032113886216225,,1.2597351271909487,1.347329245339527,1.1270618600721802,1.2399603533083976,,1.0667703472444583,2.6417461110931093,1.4017938534121783,1.7241943460384215,1.2617602944851656,2.1485625582363586,1.5459637636495345,1.320289991474186,1.645336380403884,1.5059145118919492,2.4783915972721933,1.4308208859811637,1.53247179494902,1.356358303474327,,1.3560117779866057,,,1.5848589912209792,1.316089993310079,1.8151589264033092,1.277023460181767,1.1714437583371717,1.9104143154077842,,1.819399333924689,1.2414434238215197,1.047674784487906,,1.3682125276166286,1.2776987774470636,1.2619595653378706,,0.8831420325993128,1.376079934921209,,1.2286364106397945,1.302926517448266,2.4026440898462487,1.224822674487908,1.5876314310655188,,1.3254191544312892,,1.184841941028647,1.3746821270702068,1.1621444244635046,,1.4412349540542952,,1.3243198772164817,1.2722628753964242,1.3576627949405662,1.2762579929055915,2.4898221958662576,,1.2397218752752939,,1.5313461073589476,0.8678240408428957,,1.6320735027833364,1.697208491783639,1.9504343084530058,1.4128028978401324,1.7119192283177214,,1.478893094801041,1.372301272192058,1.5660612819810282,,1.9496007276152179,1.9985123808648626,,0.9332908789114777,1.7504473161539265,1.7634724056596858,2.3463011760595562,1.9700275099969924,,1.4104928824165706,5.249993343676074,1.2693227614196285,1.3851791268255926,,,1.2514006446563046,1.4608263713475007,1.2743243627131178,,1.2110244179969811,1.192113943529312,1.409167761202288,1.4838072749095523,1.390338420091037,1.2863615267214699,2.117692167525668,1.4506901513201669,2.5798793164847345,1.2178299702951167,1.209251465534159,,1.642816220265386,1.7991463897681812,2.063438771075716,1.286451614271109,1.6286359615926198,1.321351018552629,1.3666469992784278,1.6891626494407723,,1.5112338754918777,,1.5035201164885221,1.2018164558393263,1.133835000463515,1.7490126182967307,1.4022266834840968,,1.8055356571549162,,,1.5632806840228375,1.1167285394525706,2.3638692209174117,2.309072207578676,1.4812256312716343
2023,6,Relación Solvencia,0.0,0.0,0.0,0.0,0.0,0.0,0.0,0.0,0.0,0.0,0.0,0.0,0.0,0.0,0.0,0.0,0.0,0.0,0.0,0.0,0.0,0.0,0.0,0.0,0.0,0.0,0.0,0.0,0.0,0.0,0.0,0.0,0.0,0.0,0.0,0.0,0.0,0.0,0.0,0.0,0.0,0.0,0.0,0.0,0.0,0.0,0.0,0.0,0.0,0.0,0.0,0.0,0.0,0.0,0.0,0.0,0.0,0.0,0.0,0.0,0.0,0.0,0.0,0.0,0.0,0.0,0.0,0.0,0.0,0.0,0.0,0.0,0.0,0.0,0.0,0.0,0.0,0.0,0.0,0.0,0.0,0.0,0.0,0.0,0.0,0.0,0.0,0.0,0.0,0.0,0.0,0.0,0.0,0.0,0.0,0.0,0.0,0.0,0.0,0.0,0.0,0.0,0.0,0.0,0.0,0.0,0.0,0.0,0.0,0.0,0.0,0.0,0.0,0.0,0.0,0.0,0.0,0.0,0.0,0.0,0.0,0.0,0.0,0.0,0.0,0.0,0.0,0.0,0.0,0.0,0.0,0.0,0.0,0.0,0.0,0.0,0.0,0.0,0.0,0.0,0.0,0.0,0.0,0.0,0.0,0.0,0.0,0.0,0.0,0.0,0.0,0.0,0.0,0.0,0.0,0.0,0.0,0.0,0.0,0.0,0.0,0.0,0.0,0.0,0.0,0.0,0.0,0.0,0.0,0.0,0.0,0.0,0.0,0.0
2023,6,Relación entre Aportes sociales mínimos no reducibles y Capital Social,0.45643843566372555,0.9684688983726041,0.8014696415700961,0.7036739216490218,0.20425212138416923,0.0,0.892446838859297,0.0,0.7107807073633563,0.6109333051038567,0.0,0.9371094691641642,0.0,1.0,0.6316315291856665,0.8148684359010034,0.0,0.9239746114346973,0.6553721860217997,0.9804295083742277,0.0,0.3897243074025212,0.0,0.49734950761428176,0.7608179135623391,0.982968270662329,0.147401670156134,0.49348937585036007,0.17712611082608887,0.8719162261206563,0.7105953821142703,0.6129327156140427,0.0,0.5743529511245525,0.7912672815511143,0.5896099803976431,0.8878790782942205,0.9543729515385032,0.8357574692086044,0.6508958030974831,0.4435882805713233,0.0,0.1855695896616923,0.580538173766036,0.8496401665917732,0.5255784440377278,0.0,0.6913704900098614,0.5174215106298702,0.6327651330849715,0.8210798941998003,0.8846952991622387,0.7802953113634254,0.5761664382899545,0.11943969160524172,0.6287699214212795,0.4697710942733195,0.7091182732967177,0.7205674854496299,0.5605610935492694,0.5010302138746988,0.0,0.5237737218657924,0.0,0.0,0.5927478174233959,0.6666025123592596,0.7137816034374127,0.7730949892197525,0.7782260773708044,0.6560399768207673,0.0,0.398616830962624,0.5650100205090245,0.2559666053651999,0.0,0.6995412174968065,0.42936853823321247,0.2663920412538435,0.0,0.7380668004020547,0.44308592217172577,0.0,0.39530511594520906,0.2864861950005722,1.0,0.46305917137376984,0.7327651429854458,0.0,0.20033085077309276,0.0,0.24294381912258184,0.4667500610985324,0.4869859996794883,0.0,0.9891685960269702,0.0,0.5463384081745398,0.6913865828109305,0.4120291100516909,0.9160002925500488,0.6356750344481551,0.0,0.4764672587061311,0.0,0.9038039613756845,0.95400415481377,0.0,0.609669152428644,0.5640611357960791,0.7210838911736385,0.7938037214645645,0.6626373229594734,0.0,0.7926570488176097,0.6772501742184291,0.3967345307720248,0.0,0.7120251880253435,0.792173101213518,0.0,0.8160877888212706,0.8685676836019101,0.6270730612438905,0.9599341455612994,0.9393800407889145,0.0,0.6492984251345318,0.7127113827210937,0.7004740378007198,0.7370230809634366,0.0,0.0,0.7395491382741954,0.9906772036832576,0.37430391435582827,0.0,0.45864450239047955,0.5573372723755639,0.6357561987255087,0.5888156486196847,0.9807357397662416,0.6173962999669989,0.9394870858256745,0.7442378099739493,0.7253780295662571,0.6397715416725356,0.3249479349776764,0.0,0.9501919062001101,0.5626275595301414,0.8471561914448114,0.8559192694063399,0.5609464783128185,0.2531809950844454,0.6982975433361021,0.5159754795436462,0.0,0.27371924400565595,0.0,0.9524201363712538,0.5727986325676772,0.39732782152418683,0.13441666880339326,0.9524002147426506,0.0,0.8638932544610146,0.0,0.0,0.3794086920370204,0.6999999999934101,0.46521640812324294,0.5969659393365578,0.9851897322598036
2023,6,Relación entre el Capital Institucional y el Activo Total,0.06894111356859148,0.08758057494865719,0.0812091318968887,0.029695276126646606,0.046030370354005055,0.0,0.030133655976457004,0.0,0.042920852571919646,0.056999646481815686,0.0,0.008701765901184277,0.0,0.05721153020234988,0.08336064763457772,0.2547140765940064,0.0,0.07400200904975311,0.09927856972967057,0.04939300744178791,0.0,0.08087863988526192,0.0,0.10662686987149704,0.0648456044121726,0.026129340674484584,0.10404099093141177,0.05375540602216357,0.04664134781285246,0.09918762128740188,0.13366950703176217,0.1343229048123912,0.0,0.0640747854862076,0.08791942431336006,0.12852048638138078,0.18189785633053462,0.06920502175925525,0.08564997249725474,0.041983435171317404,0.07016077416315351,0.0,0.13594183209955124,0.06772834584086897,0.05879129631844484,0.06978289508146195,0.0,0.023236713712963743,0.14488378486853612,0.05501002264245502,0.0681412073192348,0.086111359741499,0.16385102532816195,0.061575508099892484,0.10982999090054547,0.07187787514009027,0.06339898741956461,0.12594023784798494,0.043696014500213105,0.11846997907644109,0.04801404128167171,0.0,0.08648477342363979,0.0,0.0,0.08482109566261083,0.046954056996094694,0.12228956927437976,0.10340945427252321,0.052844027052152145,0.12197508025776897,0.0,0.16913900623836975,0.04400870526388697,0.020100424033266708,0.0,0.08927893835132823,0.10098699487135505,0.06613385917209369,0.0,0.006648370012531403,0.07617897572984388,0.0,0.032668868786879295,0.11627796289823816,0.1632385234876892,0.04152747177973275,0.10187876643711474,0.0,0.07984466342187865,0.0,0.07113259120964138,0.11117414129409071,0.05081593019288326,0.0,0.16391757554864309,0.0,0.08126039035435588,0.06227003689701627,0.08222915588025297,0.10605187622768204,0.16292351551000453,0.0,0.07750284481702727,0.0,0.11065159060833381,0.06764922074219534,0.0,0.11429383534669686,0.17466443832414083,0.1552216093876245,0.08265137187853633,0.25381395771402915,0.0,0.07027319148993524,0.06640789064571359,0.08364727100826125,0.0,0.13611113793899998,0.12453620203203819,0.0,0.0,0.12492958785644011,0.09828334550045859,0.12242653642669139,0.10873137217065196,0.0,0.07264210681191123,0.07617318348640875,0.05514526861445749,0.07102624449111003,0.0,0.0,0.029848839424763945,0.13189776455497207,0.10314731578844712,0.0,0.07841468273027247,0.05166893164274421,0.14351143579891182,0.07793311915903739,0.09590291958306375,0.10449452719258324,0.06869097686780584,0.03178423042002256,0.12919776877137737,0.03648221769329851,0.05651026576413133,0.0,0.03104791464585648,0.09347463778405805,0.21019264209002386,0.06305353226382175,0.22030708901482896,0.1248703122776176,0.1300600036513787,0.09541562921294523,0.0,0.08859545876446065,0.0,0.07659047463549161,0.01920673699722562,0.035450504506370335,0.21499757307432946,0.10049535235783195,0.0,0.1677419520311085,0.0,0.0,0.18571043084016806,0.02413215349540391,0.2319513539218505,0.22113768886324495,0.18053208798994141
2023,7,Quebranto Patrimonial,1.2402431467629325,1.3456294189903582,1.3991004495198436,1.1095144222686248,1.174020343540833,,1.0514689834662827,,1.34811412373026,1.35375097409393,,0.9690080787695435,,1.481366516434307,1.4010087888766463,1.6083106693255138,,1.8044795283672557,1.7672013828538453,1.7274821879796312,,1.3101253263466779,,1.8075355560648478,1.710001584130417,1.2350581717273428,1.7977561980444745,1.2301188066402158,1.1936706555953478,2.876439796449411,1.3865803327071389,1.9720823473632163,,1.1681635391537604,1.4165002825568207,2.1674165801910776,3.269636292026943,1.3561590513494073,1.2782670547950812,1.4852093984411485,1.5128901882570034,,1.2660349779780646,1.3400326921158447,1.1253453183206164,1.2440434723277545,,1.0618294444724221,2.6684482476180205,1.4024397890622657,1.7409094248345593,1.2590277042204367,2.1541075791414626,1.5482388374462006,1.3207523166833741,1.6366045826439948,1.4929122872825042,2.4530836774265667,1.4346376884332401,1.5378301030679185,1.3570890374079274,,1.3519402126481697,,,1.5758530339706187,1.3140677160187004,1.817510473086792,1.2819585181165978,1.1702880570406247,1.9320303556924312,,1.8286261894970959,1.24415383194181,1.0501583947330388,,1.3639734030203579,1.2729286021597854,1.2655856374116627,,0.879154543682976,1.3793563084898652,,1.2278133406457405,1.3118316898455804,2.4167224636936084,1.2328719052156818,1.597273806967599,,1.3253003465936317,,1.1924754126281254,1.3773071909818388,1.1652884976806483,,1.425648576237316,,1.3273655349642408,1.2805376647112137,1.3640367547398033,1.280638930071749,2.4621449010707717,,1.2382702186580665,,1.5227449613212527,0.8713494231998964,,1.6448915403193909,1.690645560366522,1.9606785895490508,1.4110212863055303,1.7178161275181956,,1.4864535419994753,1.376856135106679,1.5622369438624435,,1.9827521365844798,1.9944062534260403,,0.9561655344544562,1.7591923591265606,1.7737651511916257,2.345932841719757,1.9755257574605534,,1.4200711331221607,5.244735066328141,1.2652337803101554,1.3778742438429914,1.8281863006937233,,1.2440577876402703,1.459466244648595,1.2751677016117844,,1.209370277128562,1.1825204799324687,1.410594199694442,1.4871079979390016,1.391381413484199,1.2892225480079071,2.113563359503729,1.4459218768838953,2.5764092298667394,1.2133774168723088,1.2138505396241064,,1.6356882528126702,1.8060445579793936,2.0680105418250156,1.26320182512132,1.6348585898165728,1.326351183162593,1.37800364820103,1.6907898125227272,,1.5151369595170583,,1.508048233599313,1.21338924958079,1.1289978053107461,1.752509990986386,1.4068123798031182,,1.818529166200714,,,1.5736576412018424,1.1277570457542312,2.381519302627209,2.33383980888509,1.4705178993463641
2023,7,Relación Solvencia,0.0,0.0,0.0,0.0,0.0,0.0,0.0,0.0,0.0,0.0,0.0,0.0,0.0,0.0,0.0,0.0,0.0,0.0,0.0,0.0,0.0,0.0,0.0,0.0,0.0,0.0,0.0,0.0,0.0,0.0,0.0,0.0,0.0,0.0,0.0,0.0,0.0,0.0,0.0,0.0,0.0,0.0,0.0,0.0,0.0,0.0,0.0,0.0,0.0,0.0,0.0,0.0,0.0,0.0,0.0,0.0,0.0,0.0,0.0,0.0,0.0,0.0,0.0,0.0,0.0,0.0,0.0,0.0,0.0,0.0,0.0,0.0,0.0,0.0,0.0,0.0,0.0,0.0,0.0,0.0,0.0,0.0,0.0,0.0,0.0,0.0,0.0,0.0,0.0,0.0,0.0,0.0,0.0,0.0,0.0,0.0,0.0,0.0,0.0,0.0,0.0,0.0,0.0,0.0,0.0,0.0,0.0,0.0,0.0,0.0,0.0,0.0,0.0,0.0,0.0,0.0,0.0,0.0,0.0,0.0,0.0,0.0,0.0,0.0,0.0,0.0,0.0,0.0,0.0,0.0,0.0,0.0,0.0,0.0,0.0,0.0,0.0,0.0,0.0,0.0,0.0,0.0,0.0,0.0,0.0,0.0,0.0,0.0,0.0,0.0,0.0,0.0,0.0,0.0,0.0,0.0,0.0,0.0,0.0,0.0,0.0,0.0,0.0,0.0,0.0,0.0,0.0,0.0,0.0,0.0,0.0,0.0,0.0,0.0
2023,7,Relación entre Aportes sociales mínimos no reducibles y Capital Social,0.45309161391257086,0.9646085170561124,0.7938187385253662,0.7017728314835844,0.2021571849231653,0.0,0.881216740790317,0.0,0.706110384422174,0.6040773983768313,0.0,0.9346458681186094,0.0,1.0,0.6314814103635896,0.8122563132126349,0.0,0.9239922922431661,0.6493898194250834,0.9989584041249089,0.0,0.3868208253533916,0.0,0.49781564747979073,0.7546925911898635,0.9778692401624186,0.14671125530304846,0.4920485721327235,0.17538865645304402,0.8719162261166017,0.7076561609056335,0.6093694756477617,0.0,0.5703902642247364,0.7874929356609636,0.585208530943577,0.8867811466476817,0.9534113642794542,0.8316164236391019,0.6480770739476022,0.4420067614277195,0.0,0.1837873970742348,0.5768015536820799,0.843567376321853,0.5212536567905721,0.0,0.6852879106572203,0.5140111771457905,0.6306394861059994,0.8096070993406939,0.8837067156541738,0.7798508702620571,0.57226381010019,0.12024271701943791,0.6303842404784545,0.45149442400067474,0.7030061372723041,0.7141781786598221,0.5541163286594446,0.4952167220114846,0.0,0.523686805976251,0.0,0.0,0.5910979114307116,0.6584346919663675,0.7059369628160029,0.7740692648299009,0.7746354375564041,0.6564164446239368,0.0,0.39550241916444795,0.5649085805516736,0.25408425376035193,0.0,0.6954410434470883,0.42867520624219374,0.2658764794193386,0.0,0.7292879285501181,0.44270939254692865,0.0,0.3937955064605433,0.28557351558237365,1.0,0.46129480303728326,0.7409132324999809,0.0,0.1991428670416144,0.0,0.24343075633560607,0.4632084137874626,0.48604740659498813,0.0,0.987170382351936,0.0,0.5410710958940519,0.6889593825408175,0.40925037464224506,0.9186095945738166,0.6242904361888505,0.0,0.4736696721996153,0.0,0.8998025003324034,0.9516704028809748,0.0,0.6045231586646828,0.5613612187283566,0.7184602090629125,0.7895002970240703,0.661863134865167,0.0,0.7927744730365306,0.6738001317436724,0.39353398023393904,0.0,0.7103956020696498,0.7876621104959229,0.0,0.8172186514489419,0.8603146029160536,0.6240304169281734,0.9522671537334136,0.9380696037183921,0.0,0.6418583771593998,0.7100262756442125,0.706065784415717,0.7363074431125599,0.814456634902618,0.0,0.7359039309650649,0.9852470297551673,0.3721567999597259,0.0,0.4543403233483904,0.5520961779474244,0.6314161674064017,0.5844564964201031,0.9825710769403839,0.6101976492956902,0.9379565860076584,0.739513272994993,0.7242182846075167,0.6388011926050373,0.3229448977630371,0.0,0.9501894924627664,0.5606610176341066,0.8511940547963848,0.852744840858452,0.5609667662031463,0.253047317556173,0.6978443621485262,0.5123340810938835,0.0,0.27096532206248264,0.0,0.9524062079107288,0.5702734899353843,0.39325646524844443,0.13413688278808197,0.9658467579714566,0.0,0.8701889238503576,0.0,0.0,0.37871860863969403,0.7000000000162824,0.46436207922798495,0.5981722593110009,0.9843261706914009
2023,7,Relación entre el Capital Institucional y el Activo Total,0.06794804236176583,0.08833883829239249,0.08172405966907724,0.029893055239310386,0.045434577804329614,0.0,0.026671443275091803,0.0,0.04255773478098375,0.05670128378876981,0.0,0.008327944264547764,0.0,0.05667597215714321,0.08258099126700211,0.2530355032295243,0.0,0.07502868940457438,0.0989793038327498,0.0496150288575751,0.0,0.08024535324036264,0.0,0.10332278776861417,0.06427813437384829,0.02586450340134902,0.10325977110208907,0.052796522809546484,0.04642172407512983,0.09884109297813586,0.1327372255273841,0.13131585627387854,0.0,0.06311478450858958,0.08731568048059761,0.12716939924423876,0.180911214566237,0.0696222635253631,0.08495956462736601,0.04152523678233667,0.06910455974334191,0.0,0.13540819355044376,0.0674948875042748,0.05927420860730568,0.06820192690907056,0.0,0.02232092067235379,0.1471273615873973,0.05485074682934029,0.06636039869959379,0.08411046821735842,0.16027532211551485,0.060704660612939935,0.11037164676338689,0.07209660507368373,0.06297066976373747,0.12280148824382112,0.04344556085509447,0.11619474957087539,0.0479385086662835,0.0,0.08454705698984676,0.0,0.0,0.08458083985968749,0.04682048908190277,0.12047427550622378,0.10335272417099695,0.051716173662577226,0.12376619029641428,0.0,0.16490871053905237,0.044188502212389,0.020053035495466144,0.0,0.08788107969286582,0.09686371778699458,0.06593438990258693,0.0,0.006571883385292785,0.07533267814126111,0.0,0.03252712518991716,0.11460946551879142,0.16439957710716732,0.04134411498316495,0.10271551120720115,0.0,0.07879719090868834,0.0,0.07092336266557182,0.11006051022708295,0.05038837009887393,0.0,0.1664601375947737,0.0,0.08033295992377494,0.0611413034130367,0.0819882162026904,0.10979644273923785,0.15882423161432466,0.0,0.07674005379065162,0.0,0.11109693807032688,0.06757341000506065,0.0,0.11496669436031587,0.17388899966994922,0.1546099901450523,0.08368034846232185,0.2519830996120293,0.0,0.07007753192451156,0.06663256445424907,0.08336754670115722,0.0,0.1340242836315656,0.12417156787862765,0.0,0.0,0.1234894259191353,0.097374566227488,0.11997423534558455,0.10978571622932194,0.0,0.07204209867978666,0.07565609700707042,0.05527636690050595,0.07250984313175828,0.32806189110299677,0.0,0.02956203118160679,0.1312497220056135,0.10267734090185293,0.0,0.07840680961780157,0.0523086878229488,0.14538077790212386,0.07784710943018174,0.09605760613257135,0.10454555438368249,0.0691953985950869,0.031137294463419035,0.12947175763096816,0.036721169179602685,0.056195977103796514,0.0,0.030830957984939778,0.09225662211897222,0.21047910631707084,0.06141202974767641,0.22095673024785903,0.12509640491002993,0.12776756945745532,0.0957179747501788,0.0,0.08732786723669135,0.0,0.07580119397429311,0.01892250922090384,0.03458029827996285,0.21267311925782395,0.10002327080607241,0.0,0.16014789373557273,0.0,0.0,0.18402794649058554,0.023327342569648305,0.23055256432521878,0.21717622710387352,0.18056781159494553
2023,8,Quebranto Patrimonial,1.2425293511679067,1.3458371714838153,1.39298279278021,1.1114002148850661,1.1779950154717362,,1.0400000156052558,,1.3474231810449417,1.348448178064923,,0.974319673913001,,1.4809806207558627,1.4038352628184434,1.6109519900721545,,1.8049572415416995,1.7407326794292046,1.7261418147872423,,1.307133315886178,,1.827572211981155,1.7022513664923637,1.2170601363831353,1.8083888067662846,1.2368564084011329,1.1959490942322673,2.9326408651311984,1.398859773378547,1.9839030698812707,,1.1708295759774183,1.416066975444497,2.1692549688688665,3.2793429226299726,1.3482986601255247,1.2818620192817296,1.4968071286935618,1.5294404065783884,,1.2723913182364934,1.3249084742254655,1.1243423625400293,1.2456153625809496,,1.0622368907355848,2.699940741749778,1.403526975374857,1.716788794048535,1.2674155788464518,2.165424527544852,1.5865918542624056,1.3218113855841447,1.632356352880014,1.4798879354702603,2.4590672180066715,1.438710639311042,1.537578713906665,1.356685389470532,,1.3405552836726256,,,1.5866901822545605,1.3179139555294592,1.8168800742640399,1.2856331563524301,1.1649377494164848,1.9411099693941882,,1.8401010049075044,1.2373145877034533,1.0511879299945397,,1.3644381115933095,1.2685294048042917,1.266243651777338,,0.874662136706522,1.3826774233871837,,1.2270359068948964,1.3148745851895514,2.436859271376851,1.2337250355280633,1.586299453300754,,1.3285769221890846,,1.1977097842221074,1.3776866098666656,1.1801460286753707,,1.4207860340301268,,1.3315309394211332,1.2752835096582995,1.3711592411435363,1.2877676646500889,2.4705703559757493,,1.209151950721755,,1.5284832639344863,0.8612591591713631,,1.6464951328321995,1.6948755717804553,1.958983181190388,1.4125752808920762,1.7167831316278168,,1.4916431210906966,1.3924041928620945,1.5578286602306064,,1.9775034995124707,1.9967364202866675,,0.9563408206594973,1.7677995026790951,1.7829863122567158,2.358407966507955,1.9838674229965576,,1.4279553941609964,5.260908810477508,1.2608438074110238,1.384764936343887,1.851922131074498,,1.2404376209734906,1.4568160852976457,1.2736640426834431,,1.211881044157124,1.1888312768194222,1.4153489524570844,1.4912114621252883,1.3918023089884728,1.2973442798398458,2.1340299370476057,1.4424261951279185,2.5739334576547868,1.2006023546213596,1.2171409534940751,,1.6289542034053037,1.8158695943533245,2.0836933740032975,1.2565600587924295,1.6362025848623827,1.3293986290683255,1.3785754644614783,1.698137081921462,,1.524706340294739,,1.5151432286591417,1.2101449659974075,1.1233709399141283,1.7538260893443278,1.4118004206365617,,1.8411625897465815,,,1.5781937588886057,1.1377994018779995,2.397816477816203,2.31999348575424,1.4543633307884873
2023,8,Relación Solvencia,0.0,0.0,0.0,0.0,0.0,0.0,0.0,0.0,0.0,0.0,0.0,0.0,0.0,0.0,0.0,0.0,0.0,0.0,0.0,0.0,0.0,0.0,0.0,0.0,0.0,0.0,0.0,0.0,0.0,0.0,0.0,0.0,0.0,0.0,0.0,0.0,0.0,0.0,0.0,0.0,0.0,0.0,0.0,0.0,0.0,0.0,0.0,0.0,0.0,0.0,0.0,0.0,0.0,0.0,0.0,0.0,0.0,0.0,0.0,0.0,0.0,0.0,0.0,0.0,0.0,0.0,0.0,0.0,0.0,0.0,0.0,0.0,0.0,0.0,0.0,0.0,0.0,0.0,0.0,0.0,0.0,0.0,0.0,0.0,0.0,0.0,0.0,0.0,0.0,0.0,0.0,0.0,0.0,0.0,0.0,0.0,0.0,0.0,0.0,0.0,0.0,0.0,0.0,0.0,0.0,0.0,0.0,0.0,0.0,0.0,0.0,0.0,0.0,0.0,0.0,0.0,0.0,0.0,0.0,0.0,0.0,0.0,0.0,0.0,0.0,0.0,0.0,0.0,0.0,0.0,0.0,0.0,0.0,0.0,0.0,0.0,0.0,0.0,0.0,0.0,0.0,0.0,0.0,0.0,0.0,0.0,0.0,0.0,0.0,0.0,0.0,0.0,0.0,0.0,0.0,0.0,0.0,0.0,0.0,0.0,0.0,0.0,0.0,0.0,0.0,0.0,0.0,0.0,0.0,0.0,0.0,0.0,0.0,0.0
2023,8,Relación entre Aportes sociales mínimos no reducibles y Capital Social,0.45048451010573554,0.9630222254083688,0.7908853213664734,0.6975960973996441,0.20042887268768275,0.0,0.8715486318517162,0.0,0.7019714866635506,0.5991569052894458,0.0,0.950318222356091,0.0,1.0,0.6290119407702206,0.8095065739338646,0.0,0.9239976877461941,0.6431817953334525,0.9931033561152153,0.0,0.38499120988962465,0.0,0.4980062197585621,0.7493750238310724,0.9749615748534703,0.14592770270167846,0.49163740849867105,0.17396902119565474,0.8719162261166017,0.7091093282147949,0.6055495604381094,0.0,0.5657321583542289,0.7848387923732009,0.5793347258178513,0.8862238097106842,0.9460446841665291,0.831978551640677,0.6460455423983993,0.4399701887490804,0.0,0.18183766764211565,0.5760422781382168,0.8359761273245658,0.5176666208390515,0.0,0.6774073308445486,0.5101682748637976,0.629581080556487,0.797018927028223,0.8799249779941937,0.7794776924774514,0.5721968010463263,0.11958804527752481,0.6294542177317041,0.43655825684924554,0.6962900258196045,0.7079643477366644,0.5497708422663098,0.4895531118595776,0.0,0.5239409554849115,0.0,0.0,0.5864511340308941,0.6508515692918362,0.6981820227947007,0.7713213801683637,0.7698909347629479,0.6564770792992242,0.0,0.3929569298547821,0.5599468077948151,0.25334370137659185,0.0,0.6894312379649105,0.42809640978766367,0.26552409693324347,0.0,0.7281142021386315,0.4428998218963262,0.0,0.3923607520927964,0.2840963021268373,1.0,0.457357937309307,0.7428837205845696,0.0,0.19817031436228902,0.0,0.24450174465607952,0.4610258463002598,0.4806626286883821,0.0,0.9849466575459288,0.0,0.5380346411675634,0.6850542856047817,0.4077762275478946,0.918127153231317,0.6222772231906083,0.0,0.4606108182317495,0.0,0.8988797879183028,0.9535604615162193,0.0,0.6008188178148048,0.558817175618996,0.7160308084382841,0.7917444983594317,0.658762182484173,0.0,0.7927640474620931,0.671626509716292,0.39058247523943124,0.0,0.7044571741300606,0.7837824636516838,0.0,0.8225927315121985,0.8524912893454338,0.6220279625378419,0.9469951001264671,0.9375886372567387,0.0,0.6424667699891884,0.7125022882964575,0.708689662463041,0.7370914148588422,0.8258384454958223,0.0,0.7296408043445517,0.9899231489796348,0.3700270804419244,0.0,0.45673838916777054,0.5467188585112103,0.6298469085828312,0.5821255717898168,0.9822431364532607,0.6060221238925753,0.9358420164055433,0.7339904755237514,0.7224931521738829,0.6371178919620762,0.3206007826081662,0.0,0.9501864840642358,0.5592505097840418,0.8556129748899427,0.8578385140372772,0.5592887013261528,0.2512423091210615,0.6929317632121987,0.5102380525080198,0.0,0.26779435428560733,0.0,0.9523891305386719,0.5676026833867569,0.3896932888257804,0.13384304663204075,0.9625255662789539,0.0,0.867360277752299,0.0,0.0,0.3793144716536277,0.7000000000160997,0.46399971265730017,0.5987939438811101,0.9810742276650053
2023,8,Relación entre el Capital Institucional y el Activo Total,0.06820345422163096,0.08748468153760698,0.08262385514646448,0.02981978128151621,0.04534778947728054,0.0,0.023661393936073086,0.0,0.04229730347933069,0.05655262451843603,0.0,0.008378544821062534,0.0,0.05696950886720151,0.08116660689584154,0.25240915844497985,0.0,0.07400538972379703,0.09952154252623632,0.049399555111018,0.0,0.08036993212427697,0.0,0.1020411028134649,0.06352180198359716,0.026287864496470015,0.10237627080054672,0.05242376602487538,0.045977450549084704,0.09975016908837739,0.1320290501819452,0.12786035145839955,0.0,0.06243514759681154,0.08683292473386049,0.1269541302758189,0.1809076114363905,0.06781518806414219,0.08090514081798147,0.041747166220745126,0.06850323341616818,0.0,0.13374516356988103,0.06701932520047045,0.05991304456201805,0.06711615197270517,0.0,0.021540065455050585,0.146810435411569,0.05447195674515011,0.06606630416632539,0.08288617089183167,0.16055411715227433,0.05991191549418277,0.10965819282792107,0.07121071888607496,0.06259548909879098,0.12384824003392292,0.04270542966775917,0.112677783865789,0.04753208623476704,0.0,0.08451956124380906,0.0,0.0,0.08372877235210094,0.04658997185241711,0.11839535973464,0.10268075322129548,0.0516923683098885,0.12541661258060965,0.0,0.16472633242111698,0.04416949079397529,0.020101352261521818,0.0,0.08643280397713131,0.09174806440404651,0.06803438679012555,0.0,0.006722631993089315,0.0750371385593586,0.0,0.03231290020676628,0.11332844676076767,0.1637746642550677,0.04162664262827276,0.10504781600166233,0.0,0.0784196221405902,0.0,0.07077533603446608,0.10947166086042487,0.04988657259341682,0.0,0.16808655236295658,0.0,0.0799326660772644,0.060402678201839,0.08192729898021485,0.1070244686089481,0.15802579304585918,0.0,0.06800043603198751,0.0,0.11650704117194062,0.06869946793235239,0.0,0.1135329426949403,0.17481635128950276,0.15485406682340613,0.08327323693104106,0.24883907247496548,0.0,0.07000968766240859,0.06608826106594494,0.08307615230611451,0.0,0.13290891191431345,0.12422827393615425,0.0,0.0,0.12338146067869209,0.0968111530446601,0.11924843603145166,0.10980924714234667,0.0,0.06976052529013985,0.07547233934861995,0.053720461602057214,0.07197530534737084,0.32810830807091756,0.0,0.029657453031746165,0.13137254163072265,0.09531465066992208,0.0,0.07879112093964462,0.05197380062377709,0.14396130541206117,0.0769385752533395,0.09405861549345024,0.10387677438132166,0.06971148339047473,0.030687179082522997,0.12992634312229856,0.03674035457426095,0.0553136102785182,0.0,0.030722459743017246,0.09153620653613333,0.2094587831547139,0.06101470003132045,0.22053299728851486,0.12578186084106968,0.12296654742587294,0.0956898182902297,0.0,0.08628449567714346,0.0,0.07564803526499018,0.019139436257362964,0.034482931487199074,0.21204679118697373,0.09912485188464261,0.0,0.1609917079157785,0.0,0.0,0.18332117940655182,0.022479806503817836,0.22928022398915582,0.22125896922632737,0.1816795176439794
2023,9,Quebranto Patrimonial,1.2465425512311554,1.3467332832102372,1.3849664768633407,1.1119512641051656,1.1646820949614194,,1.0067389588649704,,1.3484999131775373,1.3554477405812646,,0.9784997679446544,,1.5011143785182037,1.4110706166670592,1.6121482884515346,,1.805475439636434,1.7132571458435026,1.6930843942551728,,1.3074318767063786,,1.8545595632037883,1.6978416450537916,1.210934165804855,1.8058413083408302,1.2386165030831937,1.1987468729508877,2.9542524156030496,1.3902439363379555,1.9905101920442863,,1.1635560593001855,1.4162215722734477,2.138736010139916,3.284901323779124,1.3490116084743828,1.2867876216745653,1.4889135139358411,1.5340221331390487,,1.2779598500783755,1.3117890670274648,1.1263912408931442,1.2478136735817953,,1.0633405364714368,2.7298115065419952,1.4069451216157518,1.7119517163229045,1.2777428456219666,2.154275496586487,1.571484633746864,1.3246096380992598,1.6306128867626382,1.4671900341338668,2.463671007599433,1.4250308550479591,1.544372215692678,1.3557830387271086,,1.3341375817874714,,,1.5855472551325391,1.3219955966200772,1.822151319518991,1.287465492086007,1.166482962860566,1.934352442703338,,1.8363801107064328,1.2381977877906967,1.052012289616003,,1.3659800431162936,1.2696038246336472,1.2799108436270785,,0.8687902091331059,1.382416279522573,,1.225480432801179,1.3191591526790079,2.476156468294941,1.2438254014593522,1.5945093823565102,,1.3341232493163087,,1.205418315291364,1.3764897681841877,1.19528631712645,,1.4220373499525585,,1.3369082285577847,1.2816709940242288,1.3682806746495575,1.2928574594980413,2.487091505571116,,1.2110507403130883,,1.550268504346896,0.8541838896567787,,1.6393262579040513,1.6914377270381793,1.958683855431004,1.4113971724517582,1.7174345676734615,,1.5017267382289232,1.4047400095126712,1.5579934134253308,,1.995354131107709,2.0088950649924993,,1.0011693409094415,1.7690236556421437,1.7905175696744058,2.383867417032027,1.9971372148795963,,1.436487640546675,5.242006908711473,1.254535292907621,1.3838799505448158,1.876300666739553,,1.2476487963282576,1.4475864079709528,1.2751862166221477,,1.2146072709322295,1.1946502246798616,1.4173215407233841,1.511302471303881,1.3917488236224245,1.3036708042203111,2.1386126645362347,1.4703363843382296,2.576547366712209,1.1770577223926317,1.21878638998279,,1.6291516178470886,1.8254946512405816,2.1054816501745126,1.176716232115761,1.6347985981785909,1.3339293123276634,1.3855341621393307,1.7045889350849208,,1.5331074971093053,,1.5243493950940303,1.206849487363964,1.1507717103096744,1.7565326435677193,1.4294378549576974,,1.8557319982109886,,,1.591838854672498,1.1504375353068121,2.4037792825824558,2.3405581466315994,1.4396380741359611
2023,9,Relación Solvencia,0.0,0.0,0.0,0.0,0.0,0.0,0.0,0.0,0.0,0.0,0.0,0.0,0.0,0.0,0.0,0.0,0.0,0.0,0.0,0.0,0.0,0.0,0.0,0.0,0.0,0.0,0.0,0.0,0.0,0.0,0.0,0.0,0.0,0.0,0.0,0.0,0.0,0.0,0.0,0.0,0.0,0.0,0.0,0.0,0.0,0.0,0.0,0.0,0.0,0.0,0.0,0.0,0.0,0.0,0.0,0.0,0.0,0.0,0.0,0.0,0.0,0.0,0.0,0.0,0.0,0.0,0.0,0.0,0.0,0.0,0.0,0.0,0.0,0.0,0.0,0.0,0.0,0.0,0.0,0.0,0.0,0.0,0.0,0.0,0.0,0.0,0.0,0.0,0.0,0.0,0.0,0.0,0.0,0.0,0.0,0.0,0.0,0.0,0.0,0.0,0.0,0.0,0.0,0.0,0.0,0.0,0.0,0.0,0.0,0.0,0.0,0.0,0.0,0.0,0.0,0.0,0.0,0.0,0.0,0.0,0.0,0.0,0.0,0.0,0.0,0.0,0.0,0.0,0.0,0.0,0.0,0.0,0.0,0.0,0.0,0.0,0.0,0.0,0.0,0.0,0.0,0.0,0.0,0.0,0.0,0.0,0.0,0.0,0.0,0.0,0.0,0.0,0.0,0.0,0.0,0.0,0.0,0.0,0.0,0.0,0.0,0.0,0.0,0.0,0.0,0.0,0.0,0.0,0.0,0.0,0.0,0.0,0.0,0.0
2023,9,Relación entre Aportes sociales mínimos no reducibles y Capital Social,0.449610209773214,0.9641383577264518,0.7882477074638156,0.6935677433304565,0.1985976050702924,0.0,0.8615010965067547,0.0,0.6965113617087396,0.595077918690544,0.0,0.9380218337689414,0.0,1.0,0.6270825186324684,0.8077875021378714,0.0,0.9240180275224711,0.6372972395170748,0.9866016992140985,0.0,0.38390333996260173,0.0,0.49734381945689216,0.742997366741513,0.968890205199652,0.14509810103507648,0.48979965702111217,0.17240005659954138,0.8719162261166017,0.7048272787642236,0.6021080568904107,0.0,0.5612715916174795,0.7815588750848474,0.5745451911267254,0.8851888188498109,0.9434534636850164,0.8346522703237201,0.6433699125629427,0.4376517838156349,0.0,0.1803116313029803,0.5777760026473601,0.8360868762829803,0.5161312030317508,0.0,0.6777846707135999,0.5058012666436896,0.6288477799484709,0.7833608722232619,0.8713416557867686,0.7733060361683487,0.5698011747137286,0.118798457153804,0.6315222036700638,0.42429136041016585,0.6881514228176568,0.6952088381169,0.5445248252797544,0.48398552545476853,0.0,0.5233627839223278,0.0,0.0,0.5817933097605459,0.6468493226230856,0.6919854747430733,0.7654060730036317,0.7675802084227279,0.656006488197589,0.0,0.38989188488454707,0.5572873014745108,0.2531294483066853,0.0,0.684471146825386,0.4269193423088692,0.26450116276749314,0.0,0.7240018892990309,0.4429598290871635,0.0,0.3898521057977183,0.28233932519746063,1.0,0.4553101258690404,0.7518383980102435,0.0,0.19795398750356322,0.0,0.009359227158076014,0.45661348481650255,0.47962059964380077,0.0,0.9846664337070575,0.0,0.5354815896332011,0.6824853188009053,0.40501338451440044,0.9260743118032773,0.620135814984841,0.0,0.4582792532653428,0.0,0.897181873521891,0.9508559964995896,0.0,0.598609723158925,0.5533254427631804,0.7151639757794019,0.788207473061753,0.6568181673556076,0.0,0.7930079398179162,0.6685906976860957,0.3890520277566498,0.0,0.7039280745769216,0.7813818830436452,0.0,0.8159356721213327,0.8457281278554846,0.6180108412776907,0.9424219908773486,0.9362710494625768,0.0,0.6366052628766942,0.7084646465913086,0.7249657095140868,0.7345147861677616,0.8278387961671029,0.0,0.7248400524621983,0.9849493964248952,0.36778652459751804,0.0,0.4557761354799781,0.5425032882984872,0.6269445745012995,0.5836189887941402,0.9802372861555224,0.6005857637760204,0.9355770334153894,0.7301453573818574,0.7210711062926937,0.63697870372609,0.31819815619300823,0.0,0.9501843259404108,0.5589096174795355,0.851752026192843,0.8543512059318229,0.5575514601178848,0.24995843591831024,0.68879302949741,0.5075495082967304,0.0,0.2647738304565598,0.0,0.9523717207839356,0.564981068468311,0.3859537471440303,0.13351360175400098,0.9648274090270653,0.0,0.872958191889739,0.0,0.0,0.37815876567523193,0.6999999999968101,0.4623785519869158,0.5995002263446473,0.9751491847278876
2023,9,Relación entre el Capital Institucional y el Activo Total,0.06816080086015644,0.08594065086520113,0.08279536750974288,0.029647117205252937,0.04523884539801163,0.0,0.01768119722623176,0.0,0.041833990784829134,0.056435446327611716,0.0,0.008235798840869137,0.0,0.05702915275659092,0.08075812938276068,0.25136385480682366,0.0,0.07283898709523988,0.09955984856012781,0.04989041840867303,0.0,0.08067079335295739,0.0,0.10143096416792378,0.06244253440314253,0.02578227339688044,0.10153234540998513,0.0524603118376943,0.045425042848973474,0.09967484500836031,0.13020727651738206,0.12689470478348736,0.0,0.06207136213320989,0.08655391410073712,0.12671717051486636,0.18040599696590642,0.0685731681278982,0.08021482945925681,0.04171642217111698,0.06830674853119294,0.0,0.13254830976941126,0.06724007440588126,0.06001626007376569,0.06688667257228097,0.0,0.021794635472312942,0.1435272373983448,0.05439477797483206,0.06586342138402455,0.08214152561074772,0.15894991938102393,0.0599696396900907,0.10941647380794643,0.07136504732974652,0.06214323458895076,0.1238607548559764,0.041897873905688755,0.11158659308876136,0.04703014641608484,0.0,0.08497474727552586,0.0,0.0,0.08383611292905364,0.04603233250761394,0.11620365276130093,0.10214052858312216,0.05406736682038219,0.1301580027151247,0.0,0.1651815844560763,0.04401364479879571,0.020266786758630938,0.0,0.08591086495703211,0.08991869375523227,0.06988176555348095,0.0,0.006695330764561552,0.07470785655743517,0.0,0.03218759170328028,0.11214484583564921,0.16128643034097856,0.04077655436536537,0.10564573601301235,0.0,0.07846326119503681,0.0,0.07053151724355182,0.1090709373930142,0.05001532510766231,0.0,0.16977216556308403,0.0,0.07906564396397273,0.060174787593382524,0.08187468784506495,0.1037963531499526,0.1561109269641435,0.0,0.06787482582356277,0.0,0.12189075699484188,0.06751481260316763,0.0,0.11184469138135107,0.17333175691797117,0.15168080545171653,0.08187827208213425,0.2476649030009367,0.0,0.07004499110096246,0.06617936025349808,0.08222248506397575,0.0,0.13245987788577304,0.1234321135574881,0.0,0.0,0.12325436324095494,0.09592674539118139,0.11786944270850039,0.09651685224307875,0.0,0.07002645909210599,0.07577146093557781,0.0514601979256994,0.07229092316793173,0.3268364309708171,0.0,0.029601850523529087,0.13244561012516323,0.0931828884879206,0.0,0.07900552459146666,0.05206285219625505,0.14341476770083747,0.07643215732619969,0.09177549398726159,0.1063210512780512,0.07067960298319169,0.030487837184720142,0.12949557479906632,0.036885632262897414,0.05495990975848498,0.0,0.03052540566066809,0.09158717561739016,0.20852672202131695,0.061420763090954636,0.22027859963413274,0.12574131068424765,0.12247040722014722,0.09503428372458808,0.0,0.08818774446826234,0.0,0.07572708432123466,0.019014350314109876,0.03429887315398267,0.2110138193658966,0.09987321847705906,0.0,0.16411237222476355,0.0,0.0,0.18242371394135126,0.02208147393980421,0.22608459986697926,0.22055862027008682,0.1817426751062249
2023,10,Quebranto Patrimonial,1.250575080074508,1.3484771082410691,1.3748568666335677,1.137044948768094,1.1693401356945785,,0.988173026871251,,1.348567623975842,1.3601307882204379,,0.9738480706876322,,1.5010198258854606,1.40501142086872,1.6135318690145655,,1.8061609614093708,1.6909157680554556,1.6852925188583336,,1.3029167554168093,,1.8839979777403144,1.6944867037100009,1.3323781274702136,1.8129586636899135,1.2255181399767872,1.1926316643280181,2.984344486265857,1.3832819412768527,1.9858017881830425,,1.1657004390650887,1.4165974849247605,2.1183456013330093,3.275084766369603,1.3476334081767884,1.2854986317402002,1.4686726692926335,1.5454414139263344,,1.2837790412977905,1.3282292547790486,1.1273282801457691,1.2478145963071388,,1.0637803333142097,2.7531251038557256,1.4071407913442529,1.7068727764772194,1.2727617710215267,2.155818776658447,1.5814948443415056,1.3337041823241185,1.6220093564916633,1.4616054427315384,2.4644590417080505,1.4493050115358388,1.5509962189578006,1.3523472392685842,,1.3103202981307671,,,1.592742376360024,1.3216125944470594,1.8222828464127758,1.2899362286678173,1.1616179776205002,1.9529908045179336,,1.831786213379261,1.2368755993994114,1.0541594096456555,,1.3659351073653896,1.268323430300699,1.2818345195658636,,0.863534263582886,1.3801997818168115,,1.224170875520106,1.3187641103916785,2.5124776099507287,1.248628112895674,1.68013403142919,,1.335490338374846,,1.2120471415474632,1.3781446616979987,1.20193193720033,,1.4111813856956468,,1.3388346405392937,1.2839820803926534,1.3659478960874019,1.2953472966746498,2.491957048388046,,1.2083968512173808,,1.5566259839380117,0.8596267129460459,,1.6411325238341883,1.6928439462874099,1.955799970071282,1.410421127095335,1.7237419848097704,,1.5091300313609615,1.417424388200329,1.559271401586813,,2.0024987419055034,2.0109473829192073,,1.0005267273993643,1.7705969090844489,1.7899686610503591,2.3949727954810047,2.0067880732133703,,1.452267479958334,5.229925529237165,1.251649659372203,1.3641287436259688,1.8818558407419073,,1.2405336611020281,1.429483842351869,1.2777003709982173,,1.2118116964630814,1.1954508642629715,1.4242852126711036,1.5197154042142071,1.39110000318342,1.310404484583571,2.11541862802109,1.4713617548688207,2.5728390014042795,1.1725500305182397,1.2199173625866393,,1.6239379477777602,1.832323451920319,2.0960412414619722,1.2065592164437207,1.6380846202970416,1.3386066883516983,1.390669949441603,1.7034681758003416,,1.5437200280797705,,1.5267133256909566,1.2048384570318302,1.1488502750447158,1.7591379865033754,1.4304662376102648,,1.8539136750210503,,,1.5959582785059834,1.15961646762542,2.4152347090473287,2.361573469355073,1.4324290896930978
2023,10,Relación Solvencia,0.0,0.0,0.0,0.0,0.0,0.0,0.0,0.0,0.0,0.0,0.0,0.0,0.0,0.0,0.0,0.0,0.0,0.0,0.0,0.0,0.0,0.0,0.0,0.0,0.0,0.0,0.0,0.0,0.0,0.0,0.0,0.0,0.0,0.0,0.0,0.0,0.0,0.0,0.0,0.0,0.0,0.0,0.0,0.0,0.0,0.0,0.0,0.0,0.0,0.0,0.0,0.0,0.0,0.0,0.0,0.0,0.0,0.0,0.0,0.0,0.0,0.0,0.0,0.0,0.0,0.0,0.0,0.0,0.0,0.0,0.0,0.0,0.0,0.0,0.0,0.0,0.0,0.0,0.0,0.0,0.0,0.0,0.0,0.0,0.0,0.0,0.0,0.0,0.0,0.0,0.0,0.0,0.0,0.0,0.0,0.0,0.0,0.0,0.0,0.0,0.0,0.0,0.0,0.0,0.0,0.0,0.0,0.0,0.0,0.0,0.0,0.0,0.0,0.0,0.0,0.0,0.0,0.0,0.0,0.0,0.0,0.0,0.0,0.0,0.0,0.0,0.0,0.0,0.0,0.0,0.0,0.0,0.0,0.0,0.0,0.0,0.0,0.0,0.0,0.0,0.0,0.0,0.0,0.0,0.0,0.0,0.0,0.0,0.0,0.0,0.0,0.0,0.0,0.0,0.0,0.0,0.0,0.0,0.0,0.0,0.0,0.0,0.0,0.0,0.0,0.0,0.0,0.0,0.0,0.0,0.0,0.0,0.0,0.0
2023,10,Relación entre Aportes sociales mínimos no reducibles y Capital Social,0.44799303767012927,0.9650233355576138,0.784544168086566,0.6893484771039994,0.19667658079574762,0.0,0.8514172761304919,0.0,0.6918860792996256,0.5910774131993821,0.0,0.9389384677759542,0.0,1.0,0.6235706035299126,0.8033394456322356,0.0,0.9240210841891541,0.6344275204490809,0.9851457310860865,0.0,0.38221763640186085,0.0,0.49692689003947305,0.737808368101611,0.9616055592274856,0.14446105570416926,0.48845705224676644,0.1758733038383067,0.8719162261166017,0.7022612541024639,0.5955682666820532,0.0,0.5573187718686509,0.7776313388251881,0.5707525727091582,0.8839428898013303,0.9379872196399902,0.829588352636472,0.639877493545698,0.43523282482635095,0.0,0.17848382380363276,0.5774172054348617,0.830111282591014,0.5112431521622908,0.0,0.6746070422734596,0.5008327664698583,0.6278905298815248,0.7778927693508013,0.8724311573804503,0.7662915234548073,0.5653420762845819,0.11828580751513124,0.6302192509209069,0.4164252058587046,0.6800343439827464,0.6853084439526191,0.5403471333163106,0.4794531344561826,0.0,0.5224475983736273,0.0,0.0,0.5754270121500341,0.6408905752797294,0.6845635653408049,0.7624043431436854,0.7611597925020085,0.6536951195575895,0.0,0.3872056748190348,0.5535956863209933,0.2513777139287939,0.0,0.6782209410011141,0.4286401183006101,0.2632323471271825,0.0,0.7181073522126273,0.4426775496025542,0.0,0.387694342577208,0.2808704191183611,1.0,0.4508219046756359,0.7551456525328496,0.0,0.19583213678051342,0.0,0.2457612029051833,0.45322161483861895,0.4770315060095004,0.0,0.9857583500896687,0.0,0.528162690809761,0.6787944672951199,0.4024654475946639,0.9228946160463144,0.61375901216302,0.0,0.4557069735846756,0.0,0.8947551263288371,0.9464801912870617,0.0,0.5957097669907149,0.5493026060188004,0.7139198080892917,0.7824273865816077,0.6552257359844745,0.0,0.7930575580774459,0.6681308866177598,0.3862534002655953,0.0,0.7860783459164253,0.7795332150628128,0.0,0.8134699765041974,0.8393110105458986,0.6154337111529025,0.9383211907067893,0.9351935837296567,0.0,0.6283581803345227,0.7054987351604726,0.7301585643218669,0.7362271947856525,0.8290485202834207,0.0,0.7188448883726578,0.9867098294381412,0.3655859920501554,0.0,0.454180184911513,0.5389921825089815,0.6212779775438065,0.5801631294451449,0.9777521199654108,0.5940439113348676,0.933444642790857,0.726617787169272,0.7178138016967169,0.6353966483241731,0.31628874892089026,0.0,0.9501821316480102,0.5574088790787658,0.8503701462706648,0.9214656889311581,0.5550828125808973,0.24896311039575195,0.6853515347013973,0.5042337950841493,0.0,0.26096909069833263,0.0,0.9523609785318562,0.5626235972172496,0.38264460814385143,0.13297976711328838,0.9597373054233577,0.0,0.8702532118381845,0.0,0.0,0.3775020126693752,0.7000000000157192,0.4620337385430031,0.601372292773753,0.9699746889917333
2023,10,Relación entre el Capital Institucional y el Activo Total,0.0677865854472616,0.08518816359666953,0.08231292399141554,0.029559573231125118,0.04466038312503738,0.0,0.014572117307118633,0.0,0.04170842945037782,0.056081530710266454,0.0,0.008434356839550102,0.0,0.05707426037619433,0.07971474473675502,0.24990839794263925,0.0,0.07139536700496746,0.10001543630733194,0.04990582457324547,0.0,0.08077540754438492,0.0,0.10064668423138208,0.061768981040889924,0.023955268171116127,0.10192890881516943,0.05277318824962788,0.042782062645701155,0.09957289806712867,0.12887170716633606,0.12576824001720485,0.0,0.06258984716170247,0.08595517925917671,0.12574417052904902,0.179187346673653,0.06860464816484856,0.07841762805955152,0.041782020488817566,0.06769001556038333,0.0,0.13066018506928279,0.06514177761454101,0.05976241722730866,0.06646022690171072,0.0,0.021689629243736,0.14092959262003413,0.05450696700369328,0.06517652551301302,0.0842392883841975,0.15637228985306661,0.05966054633384505,0.10681346881432127,0.07177905469293891,0.061860601844615115,0.12269099641555567,0.041901117790586646,0.11127453651406721,0.046684997415886935,0.0,0.08638648444144038,0.0,0.0,0.0820756037931665,0.045694688241091755,0.11349620540155167,0.10126245155932362,0.05361046896722082,0.12814766074344325,0.0,0.16651023092651088,0.04329799363364196,0.020418938410293807,0.0,0.08213148448175028,0.08469256026068717,0.06992201063984613,0.0,0.006631609759354616,0.07463673935027419,0.0,0.03209520378340065,0.11146624957606911,0.1592098134827272,0.04088981414111303,0.1063326356011352,0.0,0.07798397350476985,0.0,0.07071090294135263,0.1088302308290232,0.05036388451846961,0.0,0.17063091959119847,0.0,0.07832905073987088,0.057415169820531305,0.08174027782216259,0.10289308623971433,0.1554263866241769,0.0,0.0681429355027313,0.0,0.12500004081827412,0.0681436568337356,0.0,0.1120918407122102,0.17404880920719276,0.15217133486660608,0.08130837420564056,0.2498634506332632,0.0,0.06918007912349199,0.06463446323035389,0.08102618487657653,0.0,0.1301550808740778,0.11805739741261582,0.0,0.0,0.12218611521108519,0.09575597161211055,0.11705037565262584,0.09742154013884381,0.0,0.06874718524023343,0.07584410018625343,0.05030866121642445,0.07229445304754244,0.3257898225541825,0.0,0.029745074753378613,0.12287035513023917,0.09412849272292798,0.0,0.07868597304449183,0.05103531937092358,0.13829455531440696,0.07578106357489797,0.08960687824409276,0.10490090376150767,0.07093026579728666,0.029798174247662245,0.129136344851916,0.03674566019694466,0.05432152071486371,0.0,0.02981527289363949,0.09214819209635744,0.20777679336993995,0.06058914458444471,0.21950893234839197,0.1252244819576775,0.12006891048318663,0.0954805819426098,0.0,0.0870576990800826,0.0,0.07629816338314771,0.019077945897320127,0.034025282045626305,0.21104813069400222,0.10021631397926282,0.0,0.164923302566535,0.0,0.0,0.1820851725748506,0.020753643223210775,0.22396096807374,0.21930633399682517,0.18096828644564522
2023,11,Quebranto Patrimonial,1.2538861261315408,1.3408749315474242,1.3692603679806015,1.1396762416015591,1.170601047367355,,0.9769366469480911,,1.3405392753768024,1.3615776134039226,,0.9703919078601722,,1.4958986879312823,1.4113122504461675,1.614631111489079,,1.8066677101889184,1.664080033402451,1.6927206550646932,,1.3016938827894622,,1.906323739715449,1.690822342705553,1.3315223260611886,1.81364348004549,1.2313769217318247,1.1893316158696823,3.0167723183551893,1.3830882014188302,1.9761459867502038,,1.161980233496766,1.416175742574338,2.1222557675717533,3.282952984520409,1.3484458630478515,1.2808645499149187,1.464924592854945,1.555342166853685,,1.292113250882166,1.3246368792636987,1.129695668354309,1.2485215062360786,,1.0623625147059512,2.7717255255464526,1.4053634913390767,1.7074392008881658,1.2629225775554487,2.1503372246975894,1.559158723312207,1.3381703583469613,1.6071974218917056,1.450557820763741,2.444137925510966,1.435903596503731,1.576849325815806,1.3562098514045564,,1.297772608982232,,,1.6021801653835572,1.3219562547561103,1.8136324056154858,1.291636932597168,1.1664905739387068,1.984644581355793,,1.8386442227646271,1.2322782469361016,1.0580124817680452,,1.3693161289251337,1.2700048717010726,1.2875631082806087,,0.8508152687714852,1.3757263235505586,,1.2238932051294564,1.3240622363474335,2.5168179612504478,1.2393690432131361,1.6853661244819116,,1.328787542067176,,1.2085635825637167,1.3791149163283163,1.2028991201379464,,1.3870046903371944,,1.340317392395189,1.286709051314093,1.3643442956092768,1.2990774374224,2.4928682214703684,,1.2142245893522057,,1.5558364819051758,0.861105901485286,,1.6556542460920534,1.6864875858067785,1.9558310427355639,1.406591545039293,1.7280418726510554,,1.5171411179588132,1.3774120229365454,1.5768485165000539,,2.01841102979319,2.0070299499048248,,0.9952650875862183,1.777446145338205,1.8003793120846698,2.3991070733391164,2.0124468914285925,,1.4470517036382164,5.201368712196222,1.2522037643502033,1.3962558169846988,1.8524088614100367,,1.23479903879644,1.430524188324987,1.2812924279877766,,1.2180519021619496,1.2054051514854272,1.424174204057993,1.5352663283174977,1.4099723972572913,1.320887972134179,2.130202698809421,1.4786080322349353,2.577224592548891,1.1548149330767847,1.2237399509530793,,1.6185212446544226,1.8379541216647244,2.1155865279235364,1.1757099182933377,1.6357645637601073,1.3217609279905016,1.3982805135081562,1.7032662920684454,,1.5541702571261133,,1.5405507152640643,1.1998207761031718,1.1488905566993177,1.7608042173319167,1.4166966607244718,,1.8600727229420166,,,1.6005540810381493,1.1665362406161885,2.426601666440274,2.347257312815848,1.4108689043820006
2023,11,Relación Solvencia,0.0,0.0,0.0,0.0,0.0,0.0,0.0,0.0,0.0,0.0,0.0,0.0,0.0,0.0,0.0,0.0,0.0,0.0,0.0,0.0,0.0,0.0,0.0,0.0,0.0,0.0,0.0,0.0,0.0,0.0,0.0,0.0,0.0,0.0,0.0,0.0,0.0,0.0,0.0,0.0,0.0,0.0,0.0,0.0,0.0,0.0,0.0,0.0,0.0,0.0,0.0,0.0,0.0,0.0,0.0,0.0,0.0,0.0,0.0,0.0,0.0,0.0,0.0,0.0,0.0,0.0,0.0,0.0,0.0,0.0,0.0,0.0,0.0,0.0,0.0,0.0,0.0,0.0,0.0,0.0,0.0,0.0,0.0,0.0,0.0,0.0,0.0,0.0,0.0,0.0,0.0,0.0,0.0,0.0,0.0,0.0,0.0,0.0,0.0,0.0,0.0,0.0,0.0,0.0,0.0,0.0,0.0,0.0,0.0,0.0,0.0,0.0,0.0,0.0,0.0,0.0,0.0,0.0,0.0,0.0,0.0,0.0,0.0,0.0,0.0,0.0,0.0,0.0,0.0,0.0,0.0,0.0,0.0,0.0,0.0,0.0,0.0,0.0,0.0,0.0,0.0,0.0,0.0,0.0,0.0,0.0,0.0,0.0,0.0,0.0,0.0,0.0,0.0,0.0,0.0,0.0,0.0,0.0,0.0,0.0,0.0,0.0,0.0,0.0,0.0,0.0,0.0,0.0,0.0,0.0,0.0,0.0,0.0,0.0
2023,11,Relación entre Aportes sociales mínimos no reducibles y Capital Social,0.4479146631634437,0.9595773674832908,0.7828260489288824,0.6851788387071739,0.19501786762182594,0.0,0.8421771653224251,0.0,0.6854690130872939,0.5861253563849984,0.0,0.9392589297286565,0.0,1.0,0.620187797106693,0.7974995706235337,0.0,0.9240247969837923,0.629565272647748,0.9767650229505798,0.0,0.3809647197203354,0.0,0.49757725588050683,0.7322409178800507,0.9529207123013399,0.14375956708322932,0.4932250811659117,0.1757538047872959,0.8719162261166017,0.70184318616569,0.5904656609494039,0.0,0.5521962323669485,0.7736026546313944,0.5691571755297478,0.882976997231612,0.9396192540895344,0.8207369265055573,0.6367029303819286,0.4319649231845666,0.0,0.17755209800401153,0.57605730949698,0.82418558905844,0.5090759920275563,0.0,0.671877554329786,0.4964536138715786,0.6233265195383203,0.7705255751146243,0.8590817769505037,0.7588987662809948,0.5627070068276645,0.117557436362016,0.6319003350290952,0.40764248672565906,0.6741791376607598,0.677081594365758,0.5364931482314067,0.47877068932427225,0.0,0.5232491648979505,0.0,0.0,0.5737524484267603,0.6356773422664505,0.6767197710409888,0.7702034210833084,0.7604369072324011,0.654524922620818,0.0,0.3850198882607821,0.5520324680375986,0.25408877608794755,0.0,0.6784405226961693,0.4282288201139137,0.2603124380695932,0.0,0.7194390875614607,0.4448806694852413,0.0,0.38641722045282806,0.27950420807803167,1.0,0.44479121948281014,0.7608575760988767,0.0,0.19529639889235945,0.0,0.24564722955011278,0.4512854444131796,0.4758359780755614,0.0,0.9818194172283659,0.0,0.523381925086566,0.6739981085781993,0.4002797441766173,0.9224222004973581,0.609025333466521,0.0,0.4531394187556821,0.0,0.8851128119628391,0.9429911087854855,0.0,0.5937660367339487,0.5438351063335656,0.712212843656809,0.7738167997562241,0.6582175792749564,0.0,0.7934161487499055,0.6671876485880703,0.38422141649166563,0.0,0.7855407383904021,0.7765965572639254,0.0,0.812070877482373,0.8319444829779726,0.6119712989159313,0.9345694890057517,0.933401780974178,0.0,0.6211646982541119,0.6996192816561753,0.733648659633703,0.7375135398125297,0.8239155819371724,0.0,0.7090084587253269,0.9839689211860819,0.36362846901870016,0.0,0.45384529076964786,0.5360892420010254,0.6131421966713356,0.5782086013222356,0.9742332889740906,0.587700285477423,0.9300865087459587,0.7234755070414952,0.7158065404278803,0.6339631148634157,0.3140514616037845,0.0,0.9501803809338424,0.5550445477612276,0.8604874262961514,0.9270751266929568,0.5534306071166977,0.24824975196624552,0.6813766263909302,0.5030894351138514,0.0,0.2572669564037274,0.0,0.9523385702321971,0.560767841402469,0.37905961055489157,0.13248617212763275,0.9553051413067263,0.0,0.8717507154280987,0.0,0.0,0.3768522953409791,0.6999999999906187,0.463072213116869,0.6009080658640452,0.9650523564683687
2023,11,Relación entre el Capital Institucional y el Activo Total,0.06814145435318167,0.0851763422370934,0.08034136670254252,0.029446852021954417,0.04460908228356308,0.0,0.012776866423168696,0.0,0.04208720044459847,0.056246525961804725,0.0,0.008334919300321434,0.0,0.057204320101448235,0.07928348172274663,0.24736090072113573,0.0,0.06961316723487332,0.10004503204970287,0.0501651190729398,0.0,0.08136673616915825,0.0,0.10041255238238704,0.061544889400830353,0.023969194854020708,0.10164350784923787,0.053072513029669754,0.041412502013136246,0.09918353132229131,0.131091938102013,0.12485947838828867,0.0,0.062187623005352397,0.0860212309050887,0.12441300806781112,0.18001366919575945,0.0686817930019849,0.07657824028586385,0.04152424287834085,0.06680989788115448,0.0,0.12972641795944512,0.0650605377871589,0.05958063957595232,0.06567607541227224,0.0,0.02128865008330608,0.13956558482285997,0.054069608158976566,0.06465154500230631,0.0801048298776431,0.15512443931806635,0.06028317967831253,0.10693128232430213,0.07213786110552968,0.06089704411242787,0.12146604139492893,0.0418837913640067,0.1107854682883544,0.04623961520174131,0.0,0.0866385161025281,0.0,0.0,0.08153977778263795,0.0456784087309015,0.10947810183303508,0.10173970368102755,0.053330186714461686,0.12616888619053926,0.0,0.16389406033777276,0.042900503428190136,0.021205412977569484,0.0,0.08286786165226111,0.08016490307712575,0.07055819331438862,0.0,0.006608596622736161,0.07472608497081229,0.0,0.0320629229759004,0.11013294455356783,0.15694083705968334,0.04054406356480371,0.10499383137223686,0.0,0.07794689797856648,0.0,0.07064517193000258,0.10923281023817173,0.0506644708685846,0.0,0.17156605076927733,0.0,0.07824941919849224,0.05645937237603601,0.08145742249234492,0.10444672331901442,0.15454059032940523,0.0,0.06781233174556713,0.0,0.12340116391752393,0.06741850165674669,0.0,0.11076626201156675,0.17425001691579609,0.1536556584509714,0.07978309277852874,0.25151188186174867,0.0,0.06848270965119554,0.06532687789637072,0.07975421553244126,0.0,0.12982712556761092,0.11634528310470152,0.0,0.0,0.12119817238315644,0.09584844140563763,0.11680233339927025,0.0978973914023683,0.0,0.06878589374029938,0.07566476352580138,0.04934543440749556,0.07126816114818706,0.3244407780922748,0.0,0.029429853702011174,0.12425099494644214,0.09438442216612507,0.0,0.07742125066494261,0.050352538306371396,0.1380882843086913,0.07560575988875355,0.09240029268850525,0.10049323696964944,0.07172578931156864,0.028778000519638424,0.12995189785918357,0.03715753245214575,0.05380721080188291,0.0,0.029700584938501137,0.09116720253829916,0.21211193486394253,0.06122663541575013,0.219378004679302,0.12421860727142728,0.11970954169637846,0.09639093931649095,0.0,0.08677066321815852,0.0,0.07609175493218413,0.019148548582155714,0.03403999453139253,0.2111220170919861,0.0988587877048605,0.0,0.16601830939210457,0.0,0.0,0.18210069682518662,0.020753729574537694,0.2219049676573658,0.21955181111506653,0.1813130306433579
2023,12,Quebranto Patrimonial,1.2622111957282223,1.3491425177874043,1.3621960535856537,1.143676969723331,1.1671545090135265,,0.9687967011685543,,1.3358869904837114,1.3630094320660413,,0.9731365551087668,,1.5232887876817278,1.399394325783886,1.6114165751851208,,1.80721055603405,1.7725806828503272,1.7287463153710905,,1.3128553708773356,,1.8104348295290387,1.705445735639938,1.3288329400676733,1.8259521092592415,1.2261240761817724,1.1905970501211214,3.0520784028198107,1.3951415088763612,2.028153285909782,,1.1609825697365563,1.4216883777047142,2.1412013036505844,3.314256150376123,1.339955507875058,1.2605942420068876,1.459016374443965,1.5356074107615485,,1.2930493865433312,1.329768828402867,1.1231534873179265,1.2466879177364405,,1.0617616544652664,2.76579413485981,1.414082751069835,1.7135561422534005,1.2519434136244287,2.067243710928549,1.5995231682308364,1.3411193636553391,1.661357882080326,1.4388121760480712,2.442587992987843,1.4463815684492365,1.5608165443431612,1.3481706725855942,,1.29034189889693,,,1.6341263726479058,1.3254673706438034,1.7643002561593957,1.2907426987060402,1.165073476349962,2.0037904608633803,,1.8516020575236853,1.2305317663392046,1.0552334591028403,,1.3709887587134597,1.2562787306321903,1.2695474117713232,,0.8669738396800294,1.3466672077221746,,1.2223821933762278,1.3176157924507235,2.4459923592263397,1.241194617040766,1.6458282069647283,,1.3269863287012793,,1.1948107977099405,1.3700817046441818,1.1565712379895248,,1.386680664801272,,1.3357484225778775,1.4009184390191012,1.3429775891295725,1.3005052922776885,2.4442136857274614,,1.2167696704722348,,1.5326449238350253,0.8892887797223065,,1.5868612358861338,1.6806804273646962,1.9299354251843115,1.400307501542809,1.7366255265567543,,1.523937644290187,1.3058792691268701,1.5749532818942193,,1.9985810492615455,1.9577782313591772,,1.0035281411495693,1.7568567230034495,1.8012080735979186,2.398201471756925,2.038946037703965,,1.4485496734290302,5.160479175898796,1.254972502271804,1.4070586463498258,2.0067859416820024,,1.2401059194257888,1.4180212656519033,1.2581221333519537,,1.2229922952666152,1.2116269339650774,1.4266903178012,1.5442361622780008,1.4129580314800434,1.3262384452457185,2.142273906751441,1.639369915972267,2.59312940031026,1.1494584104263377,1.2117533246822585,,1.614533588891552,1.836357954566226,2.1099070106329503,1.167556072009709,1.6464242201516086,1.3126253398602719,1.3964996078277894,1.6800694018614122,,1.5339418189738423,,1.5413002252242733,1.186230986460368,1.1408487174165043,1.7418152198119887,1.4142220860248056,,1.8505942232998351,,,1.6082562420039956,1.168832249342862,2.5052659900640246,2.3301481980577816,1.1672877416950986
2023,12,Relación Solvencia,0.0,0.0,0.0,0.0,0.0,0.0,0.0,0.0,0.0,0.0,0.0,0.0,0.0,0.0,0.0,0.0,0.0,0.0,0.0,0.0,0.0,0.0,0.0,0.0,0.0,0.0,0.0,0.0,0.0,0.0,0.0,0.0,0.0,0.0,0.0,0.0,0.0,0.0,0.0,0.0,0.0,0.0,0.0,0.0,0.0,0.0,0.0,0.0,0.0,0.0,0.0,0.0,0.0,0.0,0.0,0.0,0.0,0.0,0.0,0.0,0.0,0.0,0.0,0.0,0.0,0.0,0.0,0.0,0.0,0.0,0.0,0.0,0.0,0.0,0.0,0.0,0.0,0.0,0.0,0.0,0.0,0.0,0.0,0.0,0.0,0.0,0.0,0.0,0.0,0.0,0.0,0.0,0.0,0.0,0.0,0.0,0.0,0.0,0.0,0.0,0.0,0.0,0.0,0.0,0.0,0.0,0.0,0.0,0.0,0.0,0.0,0.0,0.0,0.0,0.0,0.0,0.0,0.0,0.0,0.0,0.0,0.0,0.0,0.0,0.0,0.0,0.0,0.0,0.0,0.0,0.0,0.0,0.0,0.0,0.0,0.0,0.0,0.0,0.0,0.0,0.0,0.0,0.0,0.0,0.0,0.0,0.0,0.0,0.0,0.0,0.0,0.0,0.0,0.0,0.0,0.0,0.0,0.0,0.0,0.0,0.0,0.0,0.0,0.0,0.0,0.0,0.0,0.0,0.0,0.0,0.0,0.0,0.0,0.0
2023,12,Relación entre Aportes sociales mínimos no reducibles y Capital Social,0.44509150664521574,0.9520217024866262,0.7813856217548241,0.6774101144364012,0.19243085261419005,0.0,0.8309381612403061,0.0,0.6792582961920313,0.5791187598789116,0.0,1.0,0.0,1.0,0.6208867679847592,0.8941792025440954,0.0,0.9240281629937616,0.6831099029255302,0.9827310679979359,0.0,0.3800029496227076,0.0,0.4966225018688307,0.7269714506741116,0.9429370410220117,0.1427664755821626,0.48798307304043465,0.17459320166245088,0.8719162261166017,0.6951311435790549,0.5848693487382084,0.0,0.546388026944144,0.7680736713543426,0.5672496438869169,0.882264668200848,0.9342873678830024,0.8125774968322835,0.6425510173183934,0.4291497220712325,0.0,0.17606970870310493,0.6622317197119963,0.820118740653586,0.5031993408815439,0.0,0.6682244997048348,0.4913093662237739,0.6184045354490023,0.7563988879394191,0.8999999998635665,0.7467649780052115,0.5600099132252258,0.11713456479894353,0.6405251093824843,0.39848901827048466,0.6683324123082918,0.6643642584222547,0.5322366105239495,0.4703883345111097,0.0,0.5219107148170382,0.0,0.0,0.5702386297521153,0.6294532331272882,0.6686889005541592,0.7625469281433545,0.7569511858548591,0.6487300410713475,0.0,0.3850753959003069,0.5480741070934028,0.25339480030174094,0.0,0.6741094511269873,0.4253614887332777,0.25748319260331615,0.0,0.7227969546926044,0.4443022267127567,0.0,0.38402843431256717,0.2773891142289251,1.0,0.44232957836546555,0.7630280909355608,0.0,0.19324815299264508,0.0,0.24457071954846205,0.44545799378270434,0.47196073823012796,0.0,0.9800587347042249,0.0,0.5205701241069423,0.6712944687456851,0.39696662973923913,0.9235058345374837,0.6071808506433981,0.0,0.45097136078395406,0.0,0.8811066327115262,0.9382806997057201,0.0,0.5793195017872168,0.5374110430463713,0.7077141898166517,0.7647515776932267,0.655225389249981,0.0,0.7936270944959944,0.6648210309342596,0.4425860637787852,0.0,0.7806022604987684,0.7661809394838318,0.0,0.809674637900109,0.8257357683211212,0.6068970039191697,0.9281118901021369,0.9326696371179327,0.0,0.6179422140602157,0.6909350011381944,0.7349278054795868,0.7380121225253848,0.8735486714545332,0.0,0.6994709509836076,0.9815878022913608,0.361754711289945,0.0,0.44916437630910466,0.535387497817554,0.6128291725361994,0.5742112029754329,0.9670149274628516,0.5808349252616324,0.918820882017157,0.7198720083400744,0.7148195212715209,0.6322008344555159,0.31085500686100426,0.0,0.9501789698364163,0.5527245992931694,0.8632960009337997,0.9217861890782078,0.5530094288177324,0.24753233970894986,0.6765862266219143,0.5000421044942726,0.0,0.25230682164309615,0.0,0.952315218786493,0.5586517209304173,0.37567477372481967,0.14377090449877097,0.9483281187298856,0.0,0.8674411370957726,0.0,0.0,0.3753722497322334,0.6999999999969223,0.4628119223968792,0.6026932355776777,0.9602076399287796
2023,12,Relación entre el Capital Institucional y el Activo Total,0.07045370104361076,0.08419106830979273,0.08072429590355056,0.029415046891169926,0.04428462002848251,0.0,0.010213116790845935,0.0,0.042981844838319856,0.055935544604246,0.0,0.009004437032823321,0.0,0.05822518264273429,0.07822827459186385,0.24773173283722075,0.0,0.07006765843958422,0.09903386888203525,0.04983328769415213,0.0,0.08122708764619443,0.0,0.10204636682775367,0.060796499796888136,0.024447000844977747,0.10210829394327628,0.05326835469411902,0.040747520883392695,0.09898655265677317,0.13282620470357887,0.12643883741240747,0.0,0.061302956029042864,0.08665619343693426,0.12455871379855417,0.1795887379415382,0.06604360058485462,0.07816076206913154,0.04112871680396596,0.06684585011309035,0.0,0.12909084518994027,0.06597546042263462,0.05963932958051186,0.06523537504413193,0.0,0.02113237985115407,0.1385591936891872,0.05429873094324036,0.06644502636161635,0.08017546643560085,0.15485073225075952,0.059379213257749634,0.10729438220837596,0.07166243175587035,0.06162305429851382,0.12228478037705251,0.04169672251580955,0.11208933212168037,0.04674202605315446,0.0,0.08761518791919701,0.0,0.0,0.08136598430152736,0.04515288306408443,0.10845754014553335,0.10063519166500683,0.05369051021821532,0.12371699035464649,0.0,0.16468571566868204,0.04254678007970969,0.02166233467341892,0.0,0.08252610825313976,0.08705145836379057,0.07202905090145824,0.0,0.00664066185773438,0.07611454175760035,0.0,0.0319995336785847,0.10953446118863415,0.15504117270527765,0.041357896861946464,0.10385355824670903,0.0,0.07750056833537011,0.0,0.06991594462346529,0.10798148499674151,0.05016073068461652,0.0,0.1738419356330448,0.0,0.080925505746713,0.054722007188441786,0.0811305335761842,0.10705191274847203,0.1564165525063559,0.0,0.06779134430941106,0.0,0.11716324239111746,0.06449917239425337,0.0,0.10850531532887701,0.17649592937919364,0.155168446173882,0.08159729138490893,0.24708180522540862,0.0,0.06869323441627796,0.06934128494539249,0.07974186937487522,0.0,0.12773131983304495,0.11486848096956419,0.0,0.0,0.12100906749200294,0.09601859339214193,0.11865112021315016,0.09692312653840442,0.0,0.06765247564516029,0.07500440592056927,0.04945798857007327,0.07105474756738749,0.3249262082927047,0.0,0.029347591454588817,0.12483229137334648,0.0962031652423011,0.0,0.07679961972908572,0.05081479066892707,0.1378120530395048,0.07598914288991838,0.0813850540982922,0.10344842829732306,0.07925269530922305,0.028560674709215514,0.1303383022409415,0.03754312696949342,0.05263668736800201,0.0,0.029557440052888264,0.09142589067780445,0.21041310547285202,0.06497534418442587,0.22498641805112848,0.12492902311448087,0.11762959403107759,0.09731982659588438,0.0,0.08636804376378442,0.0,0.0758420405185166,0.019129157106952156,0.03403230508660927,0.21129011111794901,0.09647564231949755,0.0,0.16720691103689328,0.0,0.0,0.18051030292952752,0.020015138313151846,0.2183002533158209,0.2213385352639375,0.18779720272996245
2024,1,Quebranto Patrimonial,1.267189453702986,1.347875922479334,1.3600935552854063,1.144023169216464,1.1720480672013163,,0.9555645575193048,,1.3380239615655671,1.3693995613394974,,0.9795247995679022,,1.5318304867618202,1.4034001643311766,1.6145106766198665,,1.8074701311994226,1.7445917664000605,1.7354035353380466,,1.3148200686229015,,1.821572896549171,1.6972679911984399,1.3302402149103338,1.8476477749903897,1.2328723334619422,1.1879710185346817,3.0938587278670764,1.4058534285957054,2.035636688717854,,1.1643560686804835,1.4208929235397412,2.1379799468354217,3.318714318437835,1.3405566548750718,1.2633334189219871,1.4562459336268248,1.552227940124479,,1.3022440763816219,1.32485854358073,1.1235226063072878,1.252177713001436,,1.0633690151320605,2.7870082861536116,1.4114980615422787,1.72306864122359,1.2492065657875908,2.085507286730318,1.5980144439788695,1.3449429925870433,1.6817019778557423,1.4258419002599885,2.4131322283719157,1.4544988638098073,1.5611685017116355,1.3549377075493654,,1.29956768030522,,,1.5844891458923878,1.3294195437844774,1.760983149140592,1.2923683152443197,1.1636747603344688,2.012309556169444,,1.875889336958079,1.2242024349037857,1.0579868354207407,,1.374172707766018,1.2618729853996435,1.275476253195308,,0.8617037568940003,1.3514812264580929,,1.2210558456768383,1.3202597010957966,2.4521416382118533,1.251591286243595,1.6466497725649505,,1.3250678111425531,,1.2019198204830335,1.373014415610579,1.160141798500927,,1.3704737985782376,,1.3420480590439563,1.403275082380477,1.3502547225963966,1.3011974866381313,2.4864285774070005,,1.2181026384457248,,1.541089608004264,0.8857693512189059,,1.5873681275037197,1.6685646237780627,1.9293840795610884,1.3963211898891157,1.739290774050524,,1.527121888596581,1.373709485533452,1.5734731016673782,,2.0073466561479303,1.95987244107124,,1.0009094898054223,1.75769862479195,1.8109363325658872,2.4296706931165253,2.048281037672703,,1.4666113354244188,5.141643811241801,1.2517144562358697,1.3994647727489498,2.000932377878016,,1.2415384540466559,1.4136573967170671,1.2574116980688317,,1.2101512573236224,1.2211085474272168,1.4250662657662538,1.5756885289400382,1.4119581307643672,1.3323003956750008,2.155533609854571,1.6231045338133956,2.6029645442526976,1.1510471630005268,1.2191248466720754,,1.6141675844255947,1.849781894344326,2.110462701281807,1.0745632734793424,1.6538281141081086,1.3168278760942256,1.4034513902512837,1.6732535448286703,,1.5481477415767178,,1.5455220283210278,1.1876660953040217,1.1412694955031735,1.7424822250286043,1.4093621857687841,,1.8635709611579652,,,1.615567925210224,1.175934868441272,2.5853366522051653,2.346831105557443,1.1599734144384246
2024,1,Relación Solvencia,0.0,0.0,0.0,0.0,0.0,0.0,0.0,0.0,0.0,0.0,0.0,0.0,0.0,0.0,0.0,0.0,0.0,0.0,0.0,0.0,0.0,0.0,0.0,0.0,0.0,0.0,0.0,0.0,0.0,0.0,0.0,0.0,0.0,0.0,0.0,0.0,0.0,0.0,0.0,0.0,0.0,0.0,0.0,0.0,0.0,0.0,0.0,0.0,0.0,0.0,0.0,0.0,0.0,0.0,0.0,0.0,0.0,0.0,0.0,0.0,0.0,0.0,0.0,0.0,0.0,0.0,0.0,0.0,0.0,0.0,0.0,0.0,0.0,0.0,0.0,0.0,0.0,0.0,0.0,0.0,0.0,0.0,0.0,0.0,0.0,0.0,0.0,0.0,0.0,0.0,0.0,0.0,0.0,0.0,0.0,0.0,0.0,0.0,0.0,0.0,0.0,0.0,0.0,0.0,0.0,0.0,0.0,0.0,0.0,0.0,0.0,0.0,0.0,0.0,0.0,0.0,0.0,0.0,0.0,0.0,0.0,0.0,0.0,0.0,0.0,0.0,0.0,0.0,0.0,0.0,0.0,0.0,0.0,0.0,0.0,0.0,0.0,0.0,0.0,0.0,0.0,0.0,0.0,0.0,0.0,0.0,0.0,0.0,0.0,0.0,0.0,0.0,0.0,0.0,0.0,0.0,0.0,0.0,0.0,0.0,0.0,0.0,0.0,0.0,0.0,0.0,0.0,0.0,0.0,0.0,0.0,0.0,0.0,0.0
2024,1,Relación entre Aportes sociales mínimos no reducibles y Capital Social,0.4446197230142563,0.9475240561769607,0.7758529950323257,0.6733383857460729,0.21283970274082017,0.0,0.9226776135591092,0.0,0.7556531178532584,0.6195355102556683,0.0,0.9274847685655699,0.0,1.0,0.676597680464812,0.8928567416155632,0.0,0.924030343158102,0.6767410215402564,0.9805240091548492,0.0,0.37869932679051027,0.0,0.4903486584980308,0.8038134048721951,0.9966883546201931,0.14205204888936734,0.5467875791583094,0.1728004152110441,0.8719162261166017,0.7729225580570013,0.6464737364765004,0.0,0.6063034021320185,0.8573507816397276,0.6346180157781814,0.879553644840996,0.9313359616211128,0.8136333414425535,0.6380321192338216,0.42790981601274275,0.0,0.1897076233455389,0.6634762717727202,0.9452680968379437,0.5603190987058485,0.0,0.7302492440660465,0.5313263537085707,0.6830727113385947,0.8386258158030058,0.8867369301606145,0.8365531441610172,0.6096007426320073,0.127727953205323,0.6453612954651836,0.3830683611408957,0.7398420261851347,0.7218609592899616,0.5901360138039823,0.5230803459158867,0.0,0.5833811329190083,0.0,0.0,0.6339175431041151,0.7005478176157167,0.6744156437050554,0.8468263734662044,0.7955407579772721,0.7183415532880829,0.0,0.41960605168439336,0.6031316317461362,0.2830085104312291,0.0,0.7317076935723589,0.42631736785733365,0.25745593137116196,0.0,0.7225879872953959,0.44939932593672105,0.0,0.4272724847986954,0.2757164859474623,1.0,0.4917139292145104,0.7630647776996176,0.0,0.19362714681833407,0.0,0.27315076519501186,0.49658374267167427,0.47893789507681184,0.0,0.973663132731333,0.0,0.5231961368189517,0.6672153099750628,0.442196098002407,0.9218327088439403,0.6754408179702084,0.0,0.503407357380133,0.0,0.9803740659668728,0.9356968427618713,0.0,0.6418607982137868,0.5983906617667035,0.790663666049404,0.7641365086448981,0.7318632618928501,0.0,0.7935653328188357,0.7401738983841502,0.4366469749233943,0.0,0.8610569177070836,0.8548995184479978,0.0,0.9037948351551535,0.9207586416846176,0.6003161820764467,0.9221621577287449,0.9417887746943304,0.0,0.61320181746735,0.7707819624922432,0.6892621821325787,0.7430801602533422,0.8688471702113749,0.0,0.7023053985027842,0.9830210422789704,0.40296951836104383,0.0,0.5021000215878401,0.5959643675238393,0.6103998426894409,0.5741612345541365,0.9633549994416176,0.5793669940386581,0.9178893400299901,0.8029976345785698,0.79958719850298,0.7078563205221824,0.3490695145902502,0.0,0.9501767586830776,0.5514800712139704,0.9371241307946268,0.9131610759163529,0.601418206674797,0.2766493960347295,0.7390551619413244,0.5403294478705111,0.0,0.2497135538224698,0.0,0.9522947958555593,0.5568414040312024,0.42014567500767713,0.14330042995904008,0.9410023994082614,0.0,0.8717513442528306,0.0,0.0,0.3750549365579183,0.7,0.46258721857045454,0.6579413270014801,0.9558023298162064
2024,1,Relación entre el Capital Institucional y el Activo Total,0.07047789186134698,0.08222789310871911,0.07906955221437936,0.029578453980272177,0.0435761243321152,0.0,0.009067023784261406,0.0,0.042678374424725087,0.05517166628718983,0.0,0.008122754526584989,0.0,0.058226912212086306,0.07546950514103297,0.24636933132575856,0.0,0.06996847936799941,0.09874824210676506,0.049817470034129924,0.0,0.08115981356500233,0.0,0.10005064066449554,0.06143316308179343,0.025134263157675158,0.10022429793356438,0.05313748171488483,0.04063449132722967,0.09892494967193186,0.13159751961253233,0.12283605379285868,0.0,0.06056520854271479,0.08556629366750025,0.12371281531656352,0.17794543780237326,0.0660474084978414,0.0785739919837623,0.041125334556988594,0.06633658362226923,0.0,0.12849449914739192,0.06662066299782311,0.05975544860565325,0.06496296024211212,0.0,0.02134926454400401,0.139211147133211,0.052573273971713776,0.06416873880945803,0.080266441146083,0.15617765869884306,0.05985377206681349,0.1088282278250465,0.07209454578622583,0.06010165384008166,0.11485017350128307,0.0416224176305463,0.10874054085311897,0.04733025358362573,0.0,0.08576270726013219,0.0,0.0,0.08108945521865649,0.04483467308158963,0.10714110116127322,0.0997195784362093,0.05394723586125958,0.12263492040238862,0.0,0.16217186274543466,0.042459355834623104,0.02048930718167016,0.0,0.08061974355403954,0.0819566020739131,0.06964647780637992,0.0,0.006618488603523121,0.0749345278083425,0.0,0.03209728905084695,0.10790493130311661,0.15528952004377822,0.04138049322737488,0.10393046783523868,0.0,0.07806956576974265,0.0,0.06989062714627023,0.10694002364483872,0.051707846682378725,0.0,0.17478791808137417,0.0,0.08098408514687014,0.05541592494934473,0.08003300838101932,0.10411622161987182,0.15352429126826658,0.0,0.06663700120535336,0.0,0.11274462548159278,0.0661002126344567,0.0,0.10617849196495605,0.178694436188669,0.15387113542653338,0.0803246139668134,0.24809989667913343,0.0,0.06805334722005588,0.06474358916060231,0.07928454800920846,0.0,0.12474745720870564,0.1139694685636187,0.0,0.0,0.12159890410600671,0.09495003079976565,0.11567110903968526,0.09567697261256519,0.0,0.06698340553130909,0.07521382616183132,0.04900800878392213,0.07117637452827454,0.3242224243423979,0.0,0.028569399719581525,0.12642312700611721,0.09648559466331721,0.0,0.07901314725233824,0.050364295902377315,0.13692976803808882,0.07624445591883025,0.0802861625288695,0.1004262927834479,0.07904032210722414,0.027869015722466313,0.13150534958132878,0.03784627991787864,0.052032513882403895,0.0,0.029541419345945313,0.09107378766353495,0.21459998832085572,0.06767530409238526,0.22379204859466875,0.12335102387516952,0.11971501113638322,0.09712880611042925,0.0,0.0830583904731317,0.0,0.0762336935744911,0.01886260758506211,0.033991636856830085,0.211449355350106,0.096809522866726,0.0,0.16514662927364093,0.0,0.0,0.17582321777662793,0.020414989451341806,0.21467979808734794,0.22157753251682097,0.19540255361082887
2024,2,Quebranto Patrimonial,1.273157285679058,1.3481181952626433,1.350399657677286,1.1451764311497126,1.1793029418709073,,0.9450278910548693,,1.336448474533439,1.375532291480623,,,,1.520899525600941,1.398024063000456,1.614675138854661,,1.8076819935776005,1.7119746468205297,1.7191077020813263,,1.3177046724198267,,1.7189637452999593,1.6942218616670373,1.331181037676843,1.8600287750403268,1.3177104758256806,1.1862364546694775,3.1441655222847653,1.416561157560853,2.0432646207005636,,1.1654200097809535,1.4204656597053449,2.1399096677195044,3.332547214375017,1.3411877815769733,1.2602272332915052,1.4544761679305633,1.5628218976662873,,1.3089497823555938,1.3136750164293052,1.1203968524218197,1.2547149592405513,,1.0617780170089626,2.791787110816491,1.4066624006865494,1.7443594902667634,1.2573884795221004,2.092657336075295,1.600760753411024,1.3450475177612953,1.6792513106624762,1.4361042445815462,2.4500142718225493,1.462763949796791,1.5628890236025668,1.3478256634725931,,1.2836573529559536,,,1.5530849993110005,1.3307109185578185,1.7568572004784142,1.2951416059140628,1.158922532689512,2.028432840961437,,1.8903638711560062,1.2227137386219558,1.0615131730004852,,1.3708059125586562,1.2675245091172642,1.2746056751518047,,0.8530540874868121,1.3495952275115384,,1.2195970267339686,1.323924139901044,2.4610970157912884,1.2541694997365043,1.6573976979265062,,1.3334376351825492,,1.1905251013598586,1.3759293143186417,1.1629036947726286,,1.3563615173993386,,1.3487888222902136,1.4078025585532585,1.3569926409308775,1.301984589164405,2.5123313175031536,,1.2194494630661326,,1.543656359733858,0.8860210086036234,,1.5799351439717177,1.6738713426041563,1.9280845070033363,1.3969911064886238,1.742481772275611,,1.5308274980374141,1.419497817577529,1.5855654881704728,,2.0212699434438623,1.9572715680479065,,1.0001510449458662,1.7587298034961683,1.8237077270619142,2.4565590354119053,2.0648104136858714,,1.4818153125127784,5.130585036573938,1.252842709888224,1.425150854727444,2.031197142675644,,1.2410623883831995,1.414735854667946,1.255564579188468,,1.1949298790830187,1.218526370946766,1.427648963304517,1.5987174344575512,1.4146688357944364,1.3361655879945031,2.130376479033592,1.6000439602835215,2.6069697929255056,1.1510918711209237,1.2238649366557306,,1.6102410895771335,1.9495225624539303,2.1016550590403345,1.0626253147367877,1.6676887891572143,1.3203568054774948,1.4067188400826058,1.6749789623405587,,1.5579974764514843,,1.5530900963901397,1.181855214105448,1.1435828486356232,1.7463499454117624,1.4103698180411322,,1.8687806484307363,,,1.6236802216490112,1.1905111498534942,2.601089211770382,2.3661237311199157,1.131724395656652
2024,2,Relación Solvencia,0.0,0.0,0.0,0.0,0.0,0.0,0.0,0.0,0.0,0.0,0.0,0.0,0.0,0.0,0.0,0.0,0.0,0.0,0.0,0.0,0.0,0.0,0.0,0.0,0.0,0.0,0.0,0.0,0.0,0.0,0.0,0.0,0.0,0.0,0.0,0.0,0.0,0.0,0.0,0.0,0.0,0.0,0.0,0.0,0.0,0.0,0.0,0.0,0.0,0.0,0.0,0.0,0.0,0.0,0.0,0.0,0.0,0.0,0.0,0.0,0.0,0.0,0.0,0.0,0.0,0.0,0.0,0.0,0.0,0.0,0.0,0.0,0.0,0.0,0.0,0.0,0.0,0.0,0.0,0.0,0.0,0.0,0.0,0.0,0.0,0.0,0.0,0.0,0.0,0.0,0.0,0.0,0.0,0.0,0.0,0.0,0.0,0.0,0.0,0.0,0.0,0.0,0.0,0.0,0.0,0.0,0.0,0.0,0.0,0.0,0.0,0.0,0.0,0.0,0.0,0.0,0.0,0.0,0.0,0.0,0.0,0.0,0.0,0.0,0.0,0.0,0.0,0.0,0.0,0.0,0.0,0.0,0.0,0.0,0.0,0.0,0.0,0.0,0.0,0.0,0.0,0.0,0.0,0.0,0.0,0.0,0.0,0.0,0.0,0.0,0.0,0.0,0.0,0.0,0.0,0.0,0.0,0.0,0.0,0.0,0.0,0.0,0.0,0.0,0.0,0.0,0.0,0.0,0.0,0.0,0.0,0.0,0.0,0.0
2024,2,Relación entre Aportes sociales mínimos no reducibles y Capital Social,0.44272081905770555,0.946678198074412,0.7731698452033132,0.6708643884197434,0.21248883511673297,0.0,0.9229572156400465,0.0,0.7520296343357142,0.614008215044979,0.0,0.0,0.0,1.0,0.6759167606443158,0.8890959439566435,0.0,0.9240314584399818,0.6704898992105656,0.9806063394761306,0.0,0.37793475226667905,0.0,0.5801112569627846,0.7951108121703191,0.9949667428219315,0.14130701502834264,0.5480159538825146,0.18278845894499604,0.8719162261166017,0.7743163952241463,0.6400147934847571,0.0,0.6020471548160097,0.8524139162019666,0.6303529564605299,0.8768426062333258,0.9315587558683058,0.8102896327153906,0.6348619603962938,0.4240820282301589,0.0,0.18872451280040262,0.662402623392978,0.9380465670755507,0.556357583721779,0.0,0.7253675021722139,0.5247647099024481,0.6742399360783492,0.8288012112433564,0.8822406124053657,0.8261889985780178,0.6068820021561727,0.12732634650383848,0.6520463769108813,0.3803978557482606,0.734216468217788,0.7131340716097813,0.5852294663000268,0.5281196023233458,0.0,0.58168837792854,0.0,0.0,0.6277436119173775,0.6936255535247966,0.6665683714944931,0.8467972932029164,0.7936266971844559,0.7171640522122233,0.0,0.41732938901971256,0.6004393585734977,0.2816102734644876,0.0,0.729483673878192,0.42872422036040725,0.2564573392161585,0.0,0.7317013273117543,0.44895447406341477,0.0,0.42468494983601635,0.27525425912050694,1.0,0.4900128554752456,0.764494741536734,0.0,0.19424835175253594,0.0,0.2727262865930737,0.49466203251924556,0.479284317156674,0.0,0.9725150808865555,0.0,0.5236718962597483,0.6652553238401006,0.43909229503028424,0.9215890384062742,0.6720988263512346,0.0,0.5012849710649393,0.0,0.9689210252167529,0.9310607713636023,0.0,0.6326814957144002,0.5948764116419808,0.7888746592288314,0.7583848095293724,0.7348110772119381,0.0,0.7937381187326931,0.7461622154298801,0.4848273965001023,0.0,0.8575507380327112,0.849675300886609,0.0,0.9033203255665296,0.9148169170643317,0.5973048928155141,0.915668453932419,0.941693223526466,0.0,0.6094369387421446,0.7703497033828777,0.6992126805738744,0.7442745973636156,0.8678905835027932,0.0,0.7850589164729246,0.9785809341280852,0.399531625592222,0.0,0.49795439611767384,0.5923725711937087,0.6134492942206701,0.5745492284713595,0.968431160358948,0.576730678468625,0.915902539502217,0.8013148475470762,0.7971095199218686,0.7107181082129054,0.346792612264369,0.0,0.9501752529723364,0.5504827891262334,0.9279494028739904,0.9368511560943935,0.6006308394765,0.27592705195341405,0.7374966465817672,0.5501489044929982,0.0,0.26768190038659095,0.0,0.9522859224672594,0.5512723000993005,0.4177386593062334,0.14283401443114824,0.9334981907799047,0.0,0.8685390590526538,0.0,0.0,0.374592960843545,0.7000000000030151,0.46235100039795496,0.6555389420231947,0.9519182926646657
2024,2,Relación entre el Capital Institucional y el Activo Total,0.06961189565092943,0.08276324732161243,0.07847905297713184,0.02948238905240877,0.043045983794279964,0.0,0.00891830605618736,0.0,0.04190965068156916,0.055254601740575685,0.0,0.0,0.0,0.057405407580965725,0.07331032850009093,0.24492616211453544,0.0,0.06923037468885548,0.09869873626222339,0.04862636978968888,0.0,0.08127502846475626,0.0,0.10801647413085022,0.06114308485252255,0.025091041321622633,0.09686053758629191,0.051537063255525414,0.04014299021355535,0.09564477514877412,0.13077157642499454,0.12061240348255323,0.0,0.06054744218261196,0.08536158688180474,0.12168582657762358,0.17462515550484853,0.06613554493546098,0.07785734281492149,0.040746334805651666,0.06582559504513541,0.0,0.1276896304550666,0.06641746158749989,0.05781679733255672,0.06455038058793226,0.0,0.021492651588084777,0.1356340951257503,0.05172385325194151,0.06306210836129991,0.07898403702888236,0.15573159399955894,0.05811868323373589,0.1072717247484596,0.07177509602341203,0.06074801980618392,0.11463106816319064,0.041503657263540966,0.10920971281226297,0.04763835112725391,0.0,0.08606349231918695,0.0,0.0,0.08161505086150052,0.045088242695169804,0.10453661231420411,0.09796826492021328,0.05390142111715849,0.12167087408281646,0.0,0.16104343486447031,0.04235828348094073,0.020598870657453028,0.0,0.08197802544897317,0.07801863780539799,0.07052706296442522,0.0,0.006663656087949265,0.07368530513358147,0.0,0.03201105737893061,0.10677365433749951,0.15347615596734396,0.041339090533485556,0.10359717506661849,0.0,0.07744576424280962,0.0,0.07089036427459075,0.10573645839972211,0.051556418588160555,0.0,0.1757504222658887,0.0,0.08056264784920295,0.05505597916507077,0.07945835724613803,0.10441072745142642,0.15185888824968713,0.0,0.065632143584422,0.0,0.11219740019588013,0.0641705295625516,0.0,0.10149171867708609,0.1758396224881565,0.154036449582182,0.07961743365130894,0.24931419321875262,0.0,0.0675100337452446,0.06474380279334858,0.07884307889816893,0.0,0.12416623607547594,0.1143179365049984,0.0,0.0,0.12143975972677819,0.09461347260124296,0.11283149364342183,0.09155927540230487,0.0,0.06625464681466478,0.07551980200073358,0.048214226131330064,0.07096561734867704,0.32444704002813485,0.0,0.028866562089117132,0.12673931231398305,0.09656929189674379,0.0,0.07916899846031174,0.04932754957554693,0.1379341222841198,0.07636352168040661,0.0805274714884846,0.10029049207366265,0.07968528842719234,0.027916641566436775,0.13084828848631339,0.037879136434048104,0.05115914943459214,0.0,0.02981663884261717,0.08807856131235499,0.20282590243176093,0.06656011042379857,0.22403441074976607,0.12305803670022784,0.1200169650335559,0.09608891064773761,0.0,0.08286938806163419,0.0,0.07602529082607003,0.018869434118038035,0.03411056912668844,0.2099870140725027,0.0971599716282015,0.0,0.164952985919723,0.0,0.0,0.1764096218073288,0.02034072401328438,0.21357041003907337,0.22101797729915024,0.19639935601216454
2024,3,Quebranto Patrimonial,1.231325740034,1.3403203289403385,1.341244822148181,1.143373610188234,1.1628899941572204,,0.9460742650990055,,1.3342605546396082,1.3437549938102027,,0.98544274015206,,1.4717805140472369,1.3640395912897512,1.5934058721164148,,1.7970277794257437,1.6857893623532636,1.6937685866938796,,1.318545130883958,,1.7266626124105824,1.6668921286265355,1.3210627802888004,1.7042265132470817,1.3020397069943093,1.1711994386640334,2.6847195408208395,1.3483747717199313,1.9207319379803534,,1.1543343308292708,1.401997758069845,2.0308238772376717,3.2458684727283504,1.3333091869265734,1.2579511101056469,1.4496839098320873,1.4928274090779254,,1.2527118329198075,1.3144718886106053,1.1157815342297683,1.247751943065004,,1.06357347833018,2.479182834544487,1.3863418786103705,1.7072759543719382,1.2378671671224963,2.0679114743652254,1.583382007002659,1.3228212082412079,1.660492950902991,1.4160407436907183,2.423259481249611,1.4178488528178244,1.5282285018324533,1.2959301483108374,,1.264413045985001,,,1.5305544460560876,1.282921560521006,1.7104987668773657,1.2501470854331058,1.1641879684653333,2.0381860781140553,,1.8577261192707364,1.2205303141717947,1.057921353414105,,1.3472661551626495,1.2245790707586786,1.2632556701628932,,0.8568114259473111,1.3396052714502815,,1.218334033241192,1.2843850779093853,2.425298396287953,1.235395353494363,1.6573303910043042,,1.315256536946976,,1.1667620206824887,1.3433801799676954,1.152477877374693,,1.3556736334765038,,1.3123162081021664,1.3731948075307208,1.3321087126768416,1.2691748235239437,2.4532542839736355,,1.2164844077803554,,1.520601016778266,0.8876780902404549,,1.548254740447837,1.665651185954355,1.9256700788939092,1.393798555555331,1.6691411526715159,,1.52231308586393,1.328507380984711,1.563650092893222,,1.8603751567938598,1.935366257438202,,0.9878148421254905,1.664504664378968,1.6811023797473983,2.2548746413923832,2.0052715009534525,,1.4408599424060573,5.1071323625148235,1.2407808414902521,1.4051878694217055,2.023954922050849,,1.233496527959632,1.407946488138201,1.255607651042038,,1.1913421155038415,1.1798563367368184,1.3873552773173816,1.567635872438435,1.408141070976428,1.272947673546039,2.11386492898684,1.5859821126008329,2.579662913402336,1.1378092204048762,1.1932945045292138,,1.594359265068523,1.9150075383377736,2.0649887712082533,1.0416973349043392,1.594454642778128,1.2944542453837926,1.385270544331927,1.5965735466994473,,1.4418685876372155,,1.491056031972597,1.1662734762990394,1.143231921080917,1.7046489070798594,1.4031520888901032,,1.7780443703761901,,,1.5902986283981828,1.1496560026927265,2.3773170902126104,2.278074785085027,1.1216602416179997
2024,3,Relación Solvencia,0.0,0.0,0.0,0.0,0.0,0.0,0.0,0.0,0.0,0.0,0.0,0.0,0.0,0.0,0.0,0.0,0.0,0.0,0.0,0.0,0.0,0.0,0.0,0.0,0.0,0.0,0.0,0.0,0.0,0.0,0.0,0.0,0.0,0.0,0.0,0.0,0.0,0.0,0.0,0.0,0.0,0.0,0.0,0.0,0.0,0.0,0.0,0.0,0.0,0.0,0.0,0.0,0.0,0.0,0.0,0.0,0.0,0.0,0.0,0.0,0.0,0.0,0.0,0.0,0.0,0.0,0.0,0.0,0.0,0.0,0.0,0.0,0.0,0.0,0.0,0.0,0.0,0.0,0.0,0.0,0.0,0.0,0.0,0.0,0.0,0.0,0.0,0.0,0.0,0.0,0.0,0.0,0.0,0.0,0.0,0.0,0.0,0.0,0.0,0.0,0.0,0.0,0.0,0.0,0.0,0.0,0.0,0.0,0.0,0.0,0.0,0.0,0.0,0.0,0.0,0.0,0.0,0.0,0.0,0.0,0.0,0.0,0.0,0.0,0.0,0.0,0.0,0.0,0.0,0.0,0.0,0.0,0.0,0.0,0.0,0.0,0.0,0.0,0.0,0.0,0.0,0.0,0.0,0.0,0.0,0.0,0.0,0.0,0.0,0.0,0.0,0.0,0.0,0.0,0.0,0.0,0.0,0.0,0.0,0.0,0.0,0.0,0.0,0.0,0.0,0.0,0.0,0.0,0.0,0.0,0.0,0.0,0.0,0.0
2024,3,Relación entre Aportes sociales mínimos no reducibles y Capital Social,0.48702557482451,0.943421793466764,0.7716600361392921,0.6682189522828826,0.21084009751419786,0.0,0.921197242401632,0.0,0.7490420037041746,0.6095955755660872,0.0,0.9163916442617916,0.0,1.0,0.6731152532504426,0.8847603254213533,0.0,0.9240340358304718,0.6651582195600055,0.9732639147157095,0.0,0.37724379557333215,0.0,0.5747982386008117,0.7898809345043886,0.9862381915475544,0.13365632593765142,0.5473673578657375,0.18056299577084065,0.7718149986997039,0.7552667595378757,0.6256468822753832,0.0,0.5973586956170058,0.8414353968505689,0.6129535159948788,0.8602159552586623,0.9283960859165235,0.8090868559297232,0.6307319622815811,0.42028666625824795,0.0,0.18777602734740037,0.6665781418085749,0.9315451424171312,0.5518078164593919,0.0,0.7197011676821561,0.48458682673040937,0.6702971395675822,0.8191463250385264,0.8718174997788294,0.8127848247798616,0.5978876737094598,0.1259356388556949,0.654800532307352,0.37536397322125675,0.7288546151207622,0.6948523447089331,0.5796427351084064,0.5065570618837536,0.0,0.5799100667727988,0.0,0.0,0.622964610052796,0.67186770512256,0.6591560496509815,0.8333833163199834,0.7918622590320288,0.7168735906300888,0.0,0.4153168184008957,0.5978177400228475,0.2837102183306307,0.0,0.7237082457633063,0.41983292665367006,0.25544468811033827,0.0,0.7381358039242714,0.44893369792958576,0.0,0.42202256688795164,0.27314102404306706,1.0,0.4875384893873619,0.764166600949683,0.0,0.21227604246071693,0.0,0.26824245993532564,0.4941727402054514,0.476067312710191,0.0,0.9695619140204155,0.0,0.5205120291359725,0.6618208792046493,0.43435482354755167,0.919964487675031,0.6694664864828347,0.0,0.49840327507621457,0.0,0.9527046634533264,0.9269672279331798,0.0,0.62060626075672,0.5917373374537971,0.7845185045971533,0.7528998958106352,0.7237439048105649,0.0,0.7942349420500409,0.7417144529843313,0.48155926466633475,0.0,0.8239956379552439,0.8373238638082687,0.0,0.9008081438500959,0.9016176598142113,0.5581274154990693,0.9675315639861936,0.9407542268791271,0.0,0.6044727565322005,0.7718018192765284,0.7002659527398589,0.7454283498405151,0.8734165589650034,0.0,0.7830385658872394,0.9822133316670564,0.39720802913139214,0.0,0.5040043635736313,0.5739700584774723,0.607806344853833,0.5705473759404623,0.9648713280876623,0.5646612567861851,0.9153782397766658,0.8049400798919513,0.7946477985273871,0.7118207896867174,0.34026226624464706,0.0,0.9501735084939289,0.549254317649351,0.9263579900818467,0.9311285994831754,0.5969826575735369,0.2711386643916019,0.7316190888785915,0.530641698717025,0.0,0.2609537170054021,0.0,0.95227252091946,0.5476599459570426,0.41505797666639466,0.13982667748849104,0.9275874458421177,0.0,0.8404271421387131,0.0,0.0,0.3740648894303845,0.7000000000059873,0.45927581041975574,0.6394269124677694,0.9478846142819343
2024,3,Relación entre el Capital Institucional y el Activo Total,0.07407428893793644,0.08181293756448883,0.07816994664345676,0.030883806582304753,0.055287052303743894,0.0,0.00026848576054681525,0.0,0.042853784474131,0.06304470804677627,0.0,0.008437064797024196,0.0,0.048598459352295724,0.09092311713612651,0.2533414939691934,0.0,0.06809378905459688,0.06089863209102343,0.05824838826085253,0.0,0.08350319599460708,0.0,0.1064498194442382,0.06350957628261002,0.02481125217273535,0.1032838133456106,0.05874872177750257,0.04624480033555578,0.10060838752897797,0.14205798674277845,0.12948012511571708,0.0,0.06171822516786417,0.0851234933322123,0.12804911238752498,0.17925650144766087,0.06619887889257996,0.07892980636870002,0.041116989086441666,0.07532954065983177,0.0,0.14723230935822806,0.06682080661754729,0.05960329485200809,0.0645109772712825,0.0,0.021732149105788023,0.1549784022419699,0.053321846705874816,0.07126484652979978,0.08007521433400087,0.15218922395108134,0.06380179214757854,0.1137059433607332,0.0732451946490862,0.06147996371801612,0.11841539062516268,0.04410592173533017,0.11594653011226161,0.05155394728830525,0.0,0.0587141110254522,0.0,0.0,0.08355972232394994,0.047022828320345225,0.11582082779891716,0.10400197491631481,0.053609995584455145,0.12243492805660446,0.0,0.17919061380517182,0.04169949486492787,0.020244397483448424,0.0,0.08479112892337964,0.09315836046449513,0.07234213006621669,0.0,0.00731152317534825,0.07519065897138195,0.0,0.032084718616369856,0.11484377802390039,0.1578963919681669,0.05007561038783807,0.1029635316776248,0.0,0.0853034341877498,0.0,0.07452835971711659,0.10840459605124654,0.05301361227021777,0.0,0.14718068875064555,0.0,0.08434931779271079,0.060955130099248425,0.08244561806376094,0.10708954097749547,0.16807498753424693,0.0,0.06784882526556082,0.0,0.11680577637888388,0.06344154313599452,0.0,0.102700439232165,0.17628952424835606,0.15702874495103106,0.07925228639669402,0.2593858857997349,0.0,0.07350435512547861,0.07476221965411324,0.0852294424270996,0.0,0.14677536117136114,0.11664692281066068,0.0,0.0,0.12550469601506747,0.10287078214212124,0.12318429767307194,0.10870953145992866,0.0,0.07959167979286431,0.07923619758933878,0.04729681272406441,0.07009661449681052,0.3260895589582985,0.0,0.02956605582681006,0.12764846281412204,0.09673276874905276,0.0,0.08217336709736515,0.04257634378276045,0.14924266567987812,0.08668619026343478,0.08058643985768794,0.1053747235745327,0.08471670459257843,0.028604878192148873,0.13311378766211568,0.03801050802366325,0.054060619175286886,0.0,0.030406506062038114,0.10164900516794491,0.20356699862441757,0.06598288464925452,0.23090290260574703,0.12509726561722698,0.13030589920835262,0.101018388709183,0.0,0.0884525927539271,0.0,0.08323951280077806,0.018839934177207685,0.02960303395580267,0.21513798760238376,0.09950670151973107,0.0,0.17186569653392508,0.0,0.0,0.19869512942699438,0.03743463889352713,0.2328397672666266,0.2224957256808556,0.19638842283809083
2024,4,Quebranto Patrimonial,1.235311542915535,1.3243086799366304,1.3334902729538376,1.1470719393790985,1.1648712380535882,,0.9460809612147215,,1.33259805075716,1.3508757212284603,,0.9717676252005697,,1.4702918523243032,1.3784082189032634,1.5956359740601014,,1.7976659126011099,1.6731168603029631,1.6789033604219548,,1.3186953246147677,,1.746281839919686,1.6596564578621682,1.3188837498199728,1.7140711420516694,1.3095251857737817,1.173482530822505,2.7028828978473087,1.359667147720672,1.9263689915698918,,1.1566408247973203,1.3998332284826804,2.0279900360783447,3.2719061917208125,1.3314472847358236,1.2570356887701999,1.4467978227851819,1.5087283501955358,,1.248769240874868,1.3159514789838724,1.1192057584622808,1.2158009730636419,,1.0625757217599128,2.5009295435399874,1.3845428279674084,1.6965601786078348,1.240272437664311,2.065357731503918,1.5820241957241452,1.3252219785614727,1.666190626559864,1.419181512213616,2.4375133601041417,1.427388909196948,1.536726275319237,1.2929879784642957,,1.2507050744094297,,,1.5282716152384062,1.2877291524846612,1.7043474244525962,1.2610669947190312,1.1582601825941574,1.8742776128317904,,1.855075871680952,1.216792323173042,1.062805116729888,,1.3540378217128866,1.2255891841072857,1.2703646191245699,,0.851988205187375,1.3381316624523707,,1.2219364117075024,1.2937201713961848,2.488269482031906,1.2466510673404463,1.596232057978336,,1.3097340162714644,,1.1742029611794427,1.3414089126704623,1.1607298026879538,,1.345632726132381,,1.3187776291153457,1.3730838704246375,1.3404475002602738,1.27034452186385,2.4698990995318812,,1.217663952939912,,1.5283920174355157,0.8970665388166905,,1.5670093095476292,1.6631361729397185,1.9244476270784483,1.390278307541037,1.6772211922914597,,1.4975104734882116,1.33191060464166,1.5644561906352528,,1.9062693688400179,1.934163335750485,,0.9900086945992322,1.6627691439464107,1.7003540805410753,2.273094581887832,2.0097667358722497,,1.4673628375973844,5.044851586151906,1.2339758064970685,1.4036544499033146,2.023777862631807,,1.2314864225674025,1.4096280726628738,1.2525402012468074,,1.191201964799926,1.1842017651678345,1.3899181996722356,1.5780542970662934,1.4085975338678591,1.283492722176044,2.1314639520693515,1.5842320791313271,2.578925533758035,1.1276503224006738,1.198392051468913,,1.5908118511835356,1.895298134361665,2.0574563136064756,1.0231685976276597,1.6114794340144607,1.2977607186916433,1.3730722565739348,1.6038896693978741,,1.4560765852549167,,1.5033827811803535,1.1616678341391002,1.1424723534512393,1.7047636988974397,1.4053136701016975,,1.787067208566021,,,1.5370787118282838,1.1617451075426677,2.3703512609507977,2.292192831853672,1.1048045511188243
2024,4,Relación Solvencia,0.0,0.0,0.0,0.0,0.0,0.0,0.0,0.0,0.0,0.0,0.0,0.0,0.0,0.0,0.0,0.0,0.0,0.0,0.0,0.0,0.0,0.0,0.0,0.0,0.0,0.0,0.0,0.0,0.0,0.0,0.0,0.0,0.0,0.0,0.0,0.0,0.0,0.0,0.0,0.0,0.0,0.0,0.0,0.0,0.0,0.0,0.0,0.0,0.0,0.0,0.0,0.0,0.0,0.0,0.0,0.0,0.0,0.0,0.0,0.0,0.0,0.0,0.0,0.0,0.0,0.0,0.0,0.0,0.0,0.0,0.0,0.0,0.0,0.0,0.0,0.0,0.0,0.0,0.0,0.0,0.0,0.0,0.0,0.0,0.0,0.0,0.0,0.0,0.0,0.0,0.0,0.0,0.0,0.0,0.0,0.0,0.0,0.0,0.0,0.0,0.0,0.0,0.0,0.0,0.0,0.0,0.0,0.0,0.0,0.0,0.0,0.0,0.0,0.0,0.0,0.0,0.0,0.0,0.0,0.0,0.0,0.0,0.0,0.0,0.0,0.0,0.0,0.0,0.0,0.0,0.0,0.0,0.0,0.0,0.0,0.0,0.0,0.0,0.0,0.0,0.0,0.0,0.0,0.0,0.0,0.0,0.0,0.0,0.0,0.0,0.0,0.0,0.0,0.0,0.0,0.0,0.0,0.0,0.0,0.0,0.0,0.0,0.0,0.0,0.0,0.0,0.0,0.0,0.0,0.0,0.0,0.0,0.0,0.0
2024,4,Relación entre Aportes sociales mínimos no reducibles y Capital Social,0.48589808172974813,0.9402724563485312,0.7717728377928715,0.6649254476079535,0.2099418586082791,0.0,0.918205019969104,0.0,0.7427410403040301,0.6037078176769666,0.0,0.9049053143764108,0.0,1.0,0.6716484067884314,0.8809361705642832,0.0,0.924037928734608,0.661614355293008,0.9729077947751856,0.0,0.377065887414419,0.0,0.5723889892900726,0.7830934046438848,0.9954573740008094,0.1330127708937951,0.5460283081813844,0.17863183529492813,0.7718149986997039,0.7582734364703874,0.6219059536508577,0.0,0.5937831425524646,0.8365352175260953,0.6034577202862219,0.8602692258923528,0.9222699692057286,0.8012916430808756,0.6263890653324116,0.41728151908629185,0.0,0.18485975235092303,0.6676451323299453,0.9319611413779327,0.5487037589758229,0.0,0.7132289494463889,0.4809371194378675,0.6649797673693947,0.8014276824999789,0.8703211054086138,0.8080850797773942,0.5932940378231183,0.12547328328234514,0.6585011916795793,0.3706243320090409,0.7229832843546518,0.6882398607962076,0.5750272927368203,0.5043766693511569,0.0,0.5781910620830543,0.0,0.0,0.6202250963447822,0.6656409900717519,0.65160784657306,0.8329149732842449,0.7884018629067673,0.6709881064704022,0.0,0.4124033723599929,0.5943338150636381,0.28278144590076115,0.0,0.7242884174506098,0.41564864405039187,0.25466068355079596,0.0,0.7362360261050404,0.4491096745542945,0.0,0.4213878911729457,0.27258180578188623,1.0,0.48272622010859056,0.7734880209509586,0.0,0.21030349467839318,0.0,0.26848554370358935,0.4895273759942804,0.4781704886982392,0.0,0.96591915526734,0.0,0.5189090214129455,0.6576644781612202,0.4317727690607152,0.9188285460963265,0.666004918072558,0.0,0.49561559876189126,0.0,0.9513499947776831,0.9222914569154913,0.0,0.6179116881281721,0.589211226103719,0.7800691397132465,0.7589775360542,0.7271565408785229,0.0,0.795953245104481,0.7393547890199716,0.4778913684851675,0.0,0.8198424458386373,0.8337795095934045,0.0,0.9031616083678284,0.8950894500721348,0.5569680753767888,0.960963526247808,0.9398738575592718,0.0,0.6022193613683351,0.76141568535656,0.701974952179096,0.7531453238186806,0.8606229520829002,0.0,0.780796067611675,0.9845310635721066,0.39441239269146533,0.0,0.5036699301179746,0.5682888893701731,0.6596927101236426,0.5695768403537803,0.9639296051949823,0.5617834089680945,0.9145457686910975,0.8002849060974981,0.7913215429565047,0.711978546181,0.33771834076489404,0.0,0.9501717832566091,0.541958605464485,0.9252049490490698,0.9221906057012652,0.5953886652448658,0.2692945736210447,0.7229780606241201,0.529141978224552,0.0,0.2585605357229681,0.0,0.9522597307908962,0.5443860392995648,0.41245309181235384,0.13884656820445904,0.9183428965695019,0.0,0.8390273073485262,0.0,0.0,0.3581465086099757,0.7000000000119057,0.45908752978434,0.6441995175211535,0.944069432538919
2024,4,Relación entre el Capital Institucional y el Activo Total,0.07363552497321844,0.08140654492377142,0.07822694488412665,0.03068603074964604,0.054998969070540964,0.0,0.00026865290599710826,0.0,0.041537074964728596,0.0626836663726017,0.0,0.008447878835665086,0.0,0.048512626389388275,0.08905121476107077,0.2506305638057096,0.0,0.06940708829723334,0.06128127484706043,0.058207506645390504,0.0,0.08299551825370105,0.0,0.10585215433773101,0.06265414476059772,0.023836683179702858,0.10323452751288556,0.05743000902617717,0.04496468595010326,0.10328387847575939,0.14058797415161406,0.12742267280492375,0.0,0.06141277223392123,0.08469823767240049,0.12600883619353823,0.17853581861644366,0.06567811179029133,0.07758035964966356,0.040971890038733166,0.07479093815723889,0.0,0.1416521389018901,0.06683936537440596,0.06010100422670829,0.06869357047220379,0.0,0.021429040423303427,0.15203478994351208,0.0527196817920218,0.06882282146885461,0.07863437217888807,0.1525491068429997,0.06299047780104879,0.11157884037054694,0.07309995680933916,0.061168448387420395,0.11662944007928924,0.043141393238380316,0.11386451688535529,0.05204283501932533,0.0,0.058104081951077864,0.0,0.0,0.08294326807931386,0.04655044594091054,0.11487535101121406,0.10393484256122122,0.055326763122524256,0.12818041214374779,0.0,0.17815966341909142,0.041409118377928156,0.020648986527225462,0.0,0.0860203307031374,0.08791752217739567,0.07270481340523459,0.0,0.007247323435920307,0.07539496155467254,0.0,0.03200469621093449,0.11376096388624969,0.154905072687787,0.050457819639962424,0.10493706330352642,0.0,0.08063008289920039,0.0,0.0742657843516594,0.107836702894689,0.052355297111416337,0.0,0.14726848789028565,0.0,0.08353830316866259,0.061292239174738236,0.08087669507891518,0.10717466707231144,0.16648428561013726,0.0,0.06682555784414201,0.0,0.11386813522299065,0.06239874241332803,0.0,0.10142157133210963,0.1736009998616184,0.15797485682614082,0.07840902148479327,0.26072748851812577,0.0,0.07234016972413691,0.07100853300895749,0.08470181890911714,0.0,0.1452955969418158,0.11673687701616874,0.0,0.0,0.12423309598243643,0.10108692141619392,0.12111693605303188,0.1075310288525489,0.0,0.08013859609026781,0.07660999305923462,0.045882962533312276,0.06857622100260087,0.32187145242195453,0.0,0.029548807312759395,0.12788607373631697,0.09639364167234553,0.0,0.08325641442474221,0.0433504157245565,0.1480006648950912,0.08671876717208803,0.0793656446500187,0.10461285301069628,0.08443325714136492,0.028587358556448474,0.13217724662596705,0.022052519503053675,0.0529180831719563,0.0,0.030151815636382473,0.09894811374108835,0.19742431334869104,0.06562784358298085,0.22906261839608977,0.12498140277860374,0.12476271048253741,0.10019041849235004,0.0,0.0891621344744542,0.0,0.08227335897518942,0.01857706122845107,0.029848735367664487,0.21257979847225167,0.09896121956406176,0.0,0.16784664121899093,0.0,0.0,0.1840164012031106,0.035671668532797046,0.229842655318987,0.22440814409805246,0.19775296461937183
2024,5,Quebranto Patrimonial,1.2385227044720677,1.3213131619972942,1.3315253425898463,1.1500711217877462,1.1694447328580098,,0.9580837663081341,,1.3327812461727682,1.3785125090890442,,0.9599585025999191,,1.4333421365828738,1.3828204374506723,1.5876031661258765,,1.7984009447585616,1.660560078428556,1.6716427180882367,,1.32500545304826,,1.7894260915621505,1.660194850422462,1.3175254182036626,1.7283053237265706,1.3131488727516971,1.171802582214873,2.7433558411008483,1.3717612493477858,1.9213196726038648,,1.1596208906457748,1.402037148928051,2.0446987039304916,3.286089543136247,1.3320903792946936,1.2529515128573776,1.4498322056481394,1.5192730214718244,,1.2567249693918663,1.3313031923369265,1.1219022843838806,1.2197356816213187,,1.0606942791248333,2.519623445153804,1.3844252028812298,1.7284638692659013,1.2368669789225186,2.072237051030828,1.5798932959448968,1.325859422844781,1.6828195659706864,1.4270488964011012,2.3963255987900074,1.4282283989350053,1.5293502911052639,1.2914337354922676,,1.2393435091263019,,,1.5310114980700233,1.2928770364004638,,1.2683947144729792,1.160958560695397,1.9269473291480599,,1.8644542148035372,1.2141076153279127,1.0674716155942159,,1.3717935583944578,1.2336609683280622,1.2822465985720455,,0.8514991722624361,1.34175025945886,,1.2213135535875395,1.2962396571256183,2.4700259063630363,1.2557348414758833,1.613180631790202,,1.3179264985391062,,1.1807968848354997,1.345453040214089,1.1587873044747274,,1.3400766057640383,,1.3182782232903625,1.3764678255558196,1.344319598603468,1.2741478522788485,2.453654604531173,,1.2181126876544504,,1.5133072658149087,0.8982776120049456,,1.563786251720856,1.6694035268555618,1.9195494592027427,1.377245757906582,1.685871535253345,,1.492129622339112,1.3351724255042798,1.556899752571037,,1.937396947639475,1.9417257594581334,,0.9806072646457867,1.660644965243182,1.718961735340859,2.3097063798371527,2.0129228926435476,,1.472426724499046,5.062912153517478,1.233536757290991,1.427011088713471,2.0499047635479313,,1.230388215114773,1.4099558447744913,1.2531810402654726,,1.19834582585704,1.1760121138700255,1.4061647978084413,1.5879093589259494,1.4085304983903644,1.2917446669152797,2.141306520134131,1.599558295419743,2.582878252565203,1.1178412468456504,1.2057586838430305,,1.5860922965080124,1.9030631251917152,2.043940227007293,1.0094756075395976,1.620499883989637,1.3004300818636272,1.3728887935270035,1.613377473836806,,1.4777762242138286,,1.5141217210312765,1.1636686173142512,1.1426677673502152,1.7076517102892501,1.4033773863114853,,1.8062664805387176,,,1.5431012599879261,1.1708794004205305,2.387013794723655,2.2762979797955176,1.0916816693792466
2024,5,Relación Solvencia,0.0,0.0,0.0,0.0,0.0,0.0,0.0,0.0,0.0,0.0,0.0,0.0,0.0,0.0,0.0,0.0,0.0,0.0,0.0,0.0,0.0,0.0,0.0,0.0,0.0,0.0,0.0,0.0,0.0,0.0,0.0,0.0,0.0,0.0,0.0,0.0,0.0,0.0,0.0,0.0,0.0,0.0,0.0,0.0,0.0,0.0,0.0,0.0,0.0,0.0,0.0,0.0,0.0,0.0,0.0,0.0,0.0,0.0,0.0,0.0,0.0,0.0,0.0,0.0,0.0,0.0,0.0,0.0,0.0,0.0,0.0,0.0,0.0,0.0,0.0,0.0,0.0,0.0,0.0,0.0,0.0,0.0,0.0,0.0,0.0,0.0,0.0,0.0,0.0,0.0,0.0,0.0,0.0,0.0,0.0,0.0,0.0,0.0,0.0,0.0,0.0,0.0,0.0,0.0,0.0,0.0,0.0,0.0,0.0,0.0,0.0,0.0,0.0,0.0,0.0,0.0,0.0,0.0,0.0,0.0,0.0,0.0,0.0,0.0,0.0,0.0,0.0,0.0,0.0,0.0,0.0,0.0,0.0,0.0,0.0,0.0,0.0,0.0,0.0,0.0,0.0,0.0,0.0,0.0,0.0,0.0,0.0,0.0,0.0,0.0,0.0,0.0,0.0,0.0,0.0,0.0,0.0,0.0,0.0,0.0,0.0,0.0,0.0,0.0,0.0,0.0,0.0,0.0,0.0,0.0,0.0,0.0,0.0,0.0
2024,5,Relación entre Aportes sociales mínimos no reducibles y Capital Social,0.4837910302783374,0.9408088879217632,0.7686946418662418,0.6613237891406734,0.20829760250114498,0.0,0.9167833291365528,0.0,0.7379629142930748,0.598572456238676,0.0,0.9103364903097391,0.0,1.0,0.6699499168710782,0.8705669905002531,0.0,0.9240419116607945,0.6604504418117214,0.9691747051275618,0.0,0.3758100890068892,0.0,0.5709852464803831,0.7773684094883507,0.9890855940827673,0.13253927618328512,0.5442882801580248,0.17916094963934587,0.7718149986997039,0.7645059242845078,0.6180467433898686,0.0,0.5905183233418454,0.8325237928443758,0.6020872968965377,0.8573079912083101,0.9227538433495328,0.7948518472778474,0.6311117362136333,0.4155971922512512,0.0,0.18397369172837902,0.6698603326487512,0.9339592950238852,0.5466140572461716,0.0,0.7097464917947718,0.47786942428275075,0.6627844769398675,0.7885729977387708,0.8678116655582587,0.7974576203519088,0.589648209066075,0.12451126900421916,0.6618807765463312,0.3685779659804284,0.7064617694232136,0.6810938224888556,0.5706986207642714,0.501415192733701,0.0,0.5773892733115156,0.0,0.0,0.6189997335716699,0.6599398149929553,0.0,0.8482763731069126,0.7826679694671204,0.6707912559796488,0.0,0.41183241468038645,0.5929069316741943,0.28184866495940303,0.0,0.7271132040668667,0.412256713999706,0.25396277348363056,0.0,0.7343424821975292,0.44898148910419317,0.0,0.42022047526788164,0.27168030012005256,1.0,0.479768633222182,0.7430340276894652,0.0,0.20960923196080705,0.0,0.2688000515749845,0.4861386672312267,0.474372238051321,0.0,0.9647561516807219,0.0,0.5158139494402681,0.6538923836047967,0.42853003246459087,0.9181410055483975,0.6529384227763763,0.0,0.49274936843488093,0.0,0.9414432091388905,0.9186299759371168,0.0,0.6145067455149402,0.5888639908233545,0.7758704816681221,0.7548174412422628,0.7245005954698259,0.0,0.7975348624153363,0.7345805693712837,0.47422865496236033,0.0,0.8173791647780768,0.8348185900655861,0.0,0.9053052320627399,0.8881386484190138,0.5551405014514906,0.9570186846399676,0.9384639146670125,0.0,0.5938189648345095,0.7634383890113589,0.70595284459111,0.7504990377165646,0.8708438964358639,0.0,0.7770516140510156,0.9767071364913236,0.39208060066991984,0.0,0.503684059676057,0.5661066973215997,0.6658876973639432,0.5652719374308403,0.9617798302427302,0.558289226138127,0.9131932793515657,0.7964739902820483,0.7883278081706228,0.712709856485943,0.3364853849193886,0.0,0.9501703190796013,0.5399252547502266,0.9174016606650216,0.9178730052582159,0.5944896624202739,0.2675138592990345,0.724223649726945,0.5276051805851649,0.0,0.25588388477480495,0.0,0.9522351437211348,0.5411668757788941,0.40899432659704754,0.13800598860197713,0.9058678656617072,0.0,0.8502279583503466,0.0,0.0,0.35600792728045205,0.7,0.45830294343515754,0.6464094711047722,0.9403125351085763
2024,5,Relación entre el Capital Institucional y el Activo Total,0.07403561200568169,0.080838158974423,0.0772949380399403,0.029786426949130453,0.054427488367170575,0.0,0.0002641029643339646,0.0,0.04104098824479651,0.06054283710453943,0.0,0.008420049106223371,0.0,0.048157434376075725,0.08821314734192721,0.2468287184018101,0.0,0.06758603441415763,0.06092922136495767,0.05828523726450682,0.0,0.08244012238576733,0.0,0.10427392796784023,0.06178139517758541,0.023224434865031004,0.10394176721897992,0.057922433063467775,0.0441282351674785,0.09855689448868078,0.14043473584121702,0.1270901372795546,0.0,0.060861337783101835,0.08414722377723446,0.12437217965463028,0.17800185256121995,0.06558803616794394,0.07663182978697565,0.04103133950467444,0.07452093930402477,0.0,0.14096935048761966,0.06660963360981474,0.059997883311131144,0.06920439974385291,0.0,0.021310318535342217,0.15026463370021798,0.05251138104918249,0.06638651058704513,0.07791255621102858,0.1508534529458258,0.06273410083642518,0.11244349383927867,0.07201643001930182,0.06088525075844332,0.11551798710617904,0.042455611456550975,0.11456117340707558,0.051879367045849493,0.0,0.05647856046141784,0.0,0.0,0.08207620755934639,0.046355071310368416,0.0,0.10368412561617812,0.054680873512579706,0.12876754449928243,0.0,0.18041209755363857,0.041426454711211744,0.020866767157018823,0.0,0.08288232408012974,0.08571026983529727,0.07238011658933592,0.0,0.007303608819229806,0.07555698450988739,0.0,0.03189110657747002,0.11244339012375884,0.15117041212909077,0.050065708245402726,0.10414777696480891,0.0,0.08066360196699891,0.0,0.073880423082874,0.10675110252046696,0.05168186351717904,0.0,0.14957101729720254,0.0,0.08335488492063843,0.06044810331351894,0.08002783078458137,0.09976545827773284,0.16176996417810993,0.0,0.06617534483822367,0.0,0.11435589079486336,0.06199853343060164,0.0,0.09911442827588804,0.1720209948590502,0.1558809145462294,0.07858842148443591,0.2604989622358611,0.0,0.07089057891836731,0.06987238517805751,0.08234028312468886,0.0,0.14559936267800347,0.11604402492799447,0.0,0.0,0.1242575588706905,0.10080439912133347,0.11921366748213849,0.1071194360706992,0.0,0.07843025472594102,0.07678196249003169,0.044634121485242206,0.0679150582253752,0.3170900906777593,0.0,0.029577266103419392,0.12831038639861322,0.09578058413790383,0.0,0.08262015457411687,0.040908381092730046,0.1483246471955436,0.08550914991436281,0.07793963949723313,0.10460665626382072,0.08432935380925506,0.028878750143760352,0.1307815024265129,0.02207355439940411,0.0527583679190632,0.0,0.030019685961690287,0.09825412103135031,0.20112282680185217,0.018001756899207487,0.22831261344933249,0.12491456824533188,0.1256476934268467,0.09899728502869218,0.0,0.08873710379530368,0.0,0.08200646950780335,0.018480834514340495,0.029551359531465364,0.21555143022309448,0.09703085189556213,0.0,0.16831557615198808,0.0,0.0,0.18308352172804387,0.03517168616761236,0.22867691377471122,0.22557431122667249,0.1979739164537919
2024,6,Quebranto Patrimonial,1.238004413590334,1.3179466763940013,1.324425175303175,1.1353832557811,1.16964560803085,1.6000916152433375,0.9725242482139789,1.3709551680504155,1.32630611621336,1.3816733550057456,,,,1.5004286721089675,1.3886590093467799,1.5909130996342558,,1.799577072911166,1.6277340856788185,1.6622010273520043,1.3291307260266616,1.3300780248794493,,1.7957619124239652,1.6527589593913157,1.3151034567444724,1.736906219221678,1.2791221329026419,1.1700659480401876,2.8004495217664767,1.3797425874679665,,5.0926185071143095,1.1606839452209066,1.4019882176547507,,3.2844464460605174,1.331750437259545,1.2511620655437692,1.4308185305441206,1.5003009672576735,1.2328710274975665,1.2610489442670374,1.3156150979259347,1.1141008937081558,1.2302779240386705,2.1283427107862174,1.0662469818435647,2.53375734621882,1.3840233784596676,1.7399826972545795,1.2375735264994427,2.0653359210025233,,,1.7142403332584828,1.431714766762967,2.4016854286892864,1.4353777352958694,1.5191014032939971,1.3182833000298013,1.8649475454253301,1.2163896620181405,1.195974953724231,,1.5256005181031587,1.2994565211760023,1.7080536646125013,1.2659116674942996,1.1474331573572192,1.9161169503516133,1.7735969504164497,1.8559645563177896,1.2082116397124674,1.0686319063057215,,1.3569926493114033,1.2342895082417,1.2821480472654967,,0.8528176599488941,1.3286992850381434,,1.216567504106081,1.3007082577333111,2.4743883692975173,1.2588149660368537,1.6302658531385468,,1.3165031907966984,,1.1836905662435055,1.3457897500180986,1.1608931254899166,1.3401533410463728,1.3264309816778277,,1.3176326699667076,1.3727855372635784,1.3539234192561456,1.2775710315654065,2.5049079958787726,,1.2106956475689439,,1.5071328931059313,0.90726076903992,,1.5775362829669788,,1.9225874704131027,1.3829674819545814,1.6700256156923108,4.795234232190265,1.5042190188307327,1.3726677292653555,1.5554817073562854,,1.9395094527105574,1.9483849275241596,,0.9653115650436928,1.662747093933908,1.735550916135467,2.322433533907211,2.0147542986649825,,1.4766013306821424,5.085356739023781,1.2333704113248027,1.4169753108127665,2.0405438275898002,,1.2334885452232949,1.4006275801116972,1.254494672473868,,1.205684340585683,1.1673418051998563,1.4184652813861256,1.5921832546844668,,1.2995068801533904,2.141528417250287,1.5913585567639041,2.584045489241411,1.1130822649598273,1.2072293386490167,,1.5830561585851433,1.9174478346019563,2.0219819525754947,0.9804963274484081,1.6130433211372974,1.3042595215874608,1.369270087289671,,1.465746592369627,1.488001445714123,,1.5275510815154483,1.1669322612844488,1.143225036980148,1.7047644102235433,1.4038808455709726,,1.8125039149633222,,,1.5487009711729398,1.1689181509940774,2.388430693390939,2.2780208044269346,1.0813683934689708
2024,6,Relación Solvencia,0.0,0.0,0.0,0.0,0.0,0.0,0.0,0.0,0.0,0.0,0.0,0.0,0.0,0.0,0.0,0.0,0.0,0.0,0.0,0.0,0.0,0.0,0.0,0.0,0.0,0.0,0.0,0.0,0.0,0.0,0.0,0.0,0.0,0.0,0.0,0.0,0.0,0.0,0.0,0.0,0.0,0.0,0.0,0.0,0.0,0.0,0.0,0.0,0.0,0.0,0.0,0.0,0.0,0.0,0.0,0.0,0.0,0.0,0.0,0.0,0.0,0.0,0.0,0.0,0.0,0.0,0.0,0.0,0.0,0.0,0.0,0.0,0.0,0.0,0.0,0.0,0.0,0.0,0.0,0.0,0.0,0.0,0.0,0.0,0.0,0.0,0.0,0.0,0.0,0.0,0.0,0.0,0.0,0.0,0.0,0.0,0.0,0.0,0.0,0.0,0.0,0.0,0.0,0.0,0.0,0.0,0.0,0.0,0.0,0.0,0.0,0.0,0.0,0.0,0.0,0.0,0.0,0.0,0.0,0.0,0.0,0.0,0.0,0.0,0.0,0.0,0.0,0.0,0.0,0.0,0.0,0.0,0.0,0.0,0.0,0.0,0.0,0.0,0.0,0.0,0.0,0.0,0.0,0.0,0.0,0.0,0.0,0.0,0.0,0.0,0.0,0.0,0.0,0.0,0.0,0.0,0.0,0.0,0.0,0.0,0.0,0.0,0.0,0.0,0.0,0.0,0.0,0.0,0.0,0.0,0.0,0.0,0.0,0.0
2024,6,Relación entre Aportes sociales mínimos no reducibles y Capital Social,0.48127885379178825,0.9394420754369837,0.7672895874600204,0.6574703917530001,0.20714210494182858,0.9540181243152349,0.9223646232295758,0.22769970485497,0.7341918055271064,0.5949095697607217,0.0,0.0,0.0,1.0,0.6684705110282407,0.8683733651546064,0.0,0.9240464190649571,0.6570328639181326,0.9626146877737477,0.9158499088210349,0.37496603474732076,0.0,0.5696400174986036,0.7710290387005818,0.9554223022201487,0.1322104460323817,0.5363683293787392,0.18140680760682484,0.7718149986997039,0.7604734721092764,0.0,0.8325525238142009,0.5858519158897614,0.8290048336060707,0.0,0.8552216992727045,0.9216133077215181,0.7890158344801345,0.6281691779395747,0.4063844032899143,0.5594860496762526,0.182580702954574,0.6670618990999849,0.9260631037620389,0.5404227866187382,0.7323395834005565,0.7056658613005584,0.4756468483974755,0.6593279615933881,0.7777081295298619,0.8663018732450107,0.7909065452038483,0.0,0.0,0.6634357789723849,0.3665673219742416,0.7028570432954012,0.6761778300134772,0.5663478381223758,0.49649757181531873,0.39530911479124187,0.5762044304001489,0.9890203284120063,0.0,0.6160381065361179,0.6555211293338993,0.6380830161912391,0.840574766846265,0.7783874221810865,0.6700293052907864,0.8467750623463963,0.41031557923816225,0.5854891598645899,0.2805334180793226,0.0,0.7227530545994165,0.4084874861142739,0.25282848418202014,0.0,0.7316208285043683,0.44892614910547946,0.0,0.41843919743308483,0.269844655630873,1.0,0.47722444373358947,0.7419417395561868,0.0,0.20995251032499324,0.0,0.2681838051263866,0.48308781549778795,0.4719783210547154,0.047020883803394226,0.9609851175181263,0.0,0.5115143597200231,0.6552413357290228,0.4267214132657326,0.917402234727364,0.6503360225234086,0.0,0.48676537828895877,0.0,0.9417119595408668,0.9164106802723507,0.0,0.6130218405117946,0.0,0.7745429841223327,0.7514172010484549,0.7264299982266088,0.43422413814597255,0.8046750817471282,0.7342598734624236,0.4709447269073627,0.0,0.8172456530293438,0.8323066714942303,0.0,0.9002420054574323,0.8810624185004314,0.5530762423573535,0.9522854013817875,0.9372215946833852,0.0,0.5928962393893727,0.7662302366421758,0.7076506851285937,0.7234912485622234,0.8708814248705222,0.0,0.7776799622962042,0.9874578843535236,0.38939295634825855,0.0,0.5052865965530763,0.5643800997360329,0.6659916982125322,0.5617018836396491,0.0,0.5559957691806002,0.9136258191588976,0.7986074109873675,0.7857217883457116,0.7118062638272944,0.333664913732771,0.0,0.950168885658528,0.5386636916022319,0.9005723362450362,0.9245965394420504,0.5916709749851666,0.26692182213754323,0.719550652966947,0.0,0.8467288070176163,0.2606131310251658,0.0,0.9522185040764326,0.5383217428523285,0.40542284814218965,0.13733032280096885,0.8975836723958256,0.0,0.8482671589119878,0.0,0.0,0.35470722421896195,0.6999999999912634,0.45641737858887704,0.644126877851698,0.9369262679930468
2024,6,Relación entre el Capital Institucional y el Activo Total,0.07349560231413732,0.07948432609885325,0.07709430459128103,0.02949193936016124,0.046196217051334955,0.15246700055554496,0.0002615796317030983,0.0887681485056487,0.04055776243967685,0.060214293572359134,0.0,0.0,0.0,0.04879096387588739,0.08705674259254395,0.24688351216938567,0.0,0.06729251470600577,0.06131268447972506,0.057886212976768534,0.04460528432453407,0.08152412214821433,0.0,0.1022913781006293,0.06131227758573281,0.02274115491938509,0.10349825037587775,0.053494552109161375,0.042084153238635395,0.0983030517135512,0.1392425598907824,0.0,0.35582519469513224,0.06045775003810725,0.08324680904471563,0.0,0.17703096663062073,0.06572790209959015,0.07578616078197914,0.0407835804780149,0.07001576807914409,0.0339238103730402,0.1396005225839765,0.06550497053900915,0.0601356493761436,0.06750220212538498,0.17253585248915346,0.021450853898779057,0.14677167546602002,0.05143361967434352,0.06584384537931638,0.0777577369428965,0.14968743718313812,0.0,0.0,0.07189278524732295,0.060477179015615,0.11454504561699586,0.04194887355262193,0.1157581461550832,0.05068063838466357,0.10155902473578977,0.056499779456626736,0.11611481124015377,0.0,0.08205915059096229,0.04705268511204157,0.11468265601968428,0.10455764390024065,0.05469854584998201,0.13012376060766145,0.07060841845964146,0.17900973879711465,0.04106634125299151,0.020800108794721727,0.0,0.08330787267668378,0.08470187060077482,0.07217161790147163,0.0,0.0073287561488194,0.07607595904784376,0.0,0.03187057040680256,0.11123637702465178,0.14918483320032555,0.049553582133623576,0.09994420405135536,0.0,0.08029447036902795,0.0,0.07410422553899874,0.1055937899565744,0.05143643420739187,0.15959941001439043,0.14911470305803495,0.0,0.08274383140224485,0.05967757148762092,0.07853986570721964,0.09989061913631296,0.15894858066730097,0.0,0.06303723032716352,0.0,0.11768805421496568,0.06091205266662899,0.0,0.09717439669295794,0.0,0.15507529557248978,0.07707561293959508,0.2623854406850553,0.2496666944088951,0.07001195925993514,0.06913379037890705,0.0812799567424691,0.0,0.14491292204887413,0.11325305312168596,0.0,0.0,0.12264769159614795,0.09900336994551837,0.11720173792815886,0.10107663817975068,0.0,0.0781218412658058,0.07652785437795628,0.0439948012566041,0.06860943242372511,0.320302482204415,0.0,0.0302898297793763,0.12871764407085293,0.09380123489808176,0.0,0.08136567076172506,0.04096886144464457,0.14724708831967612,0.0836292935486505,0.0,0.10184084071992529,0.08318785526233378,0.02862504772732057,0.12999602253697495,0.022427319414056752,0.05201360662509791,0.0,0.029761612093928004,0.09675766056769133,0.20383141746170205,0.01795242744602913,0.22670086564447633,0.12371658438554937,0.124249175907346,0.0,0.12369465361768445,0.08862809788429991,0.0,0.0813748134139912,0.01827451905591124,0.029590230206570103,0.2135351395625025,0.09745892654874325,0.0,0.16712317815303485,0.0,0.0,0.18078370828508658,0.03482453041577763,0.22711835898644092,0.22381588743444092,0.1983540989929262
2024,7,Quebranto Patrimonial,1.2395681841751065,1.3135583839607734,1.323991689530611,1.1399727091253729,1.1756191175655442,1.5929887869929187,0.9871944299412938,1.373403831832248,1.3300225526481881,1.3903685089546847,,,,1.5072326340418953,1.3956680513144974,1.591063993848051,,1.8008806297822564,1.6033285474471695,1.6517206908818038,1.3373852215775883,1.334278953916698,,1.8124617140767487,1.6727594444835727,1.3115744841866301,1.7530452560750882,1.2854433648010253,1.1706822682793419,2.8515348596947176,1.387703643604319,,5.135655230512569,1.1636350892884353,1.404042330517234,,3.3093067887067846,1.3320240173615208,1.2527640443776131,1.434028537854502,1.5246636759343941,1.2294377143443131,1.2676331792557476,1.3136745787514592,1.1183767560615054,1.2381363544895136,2.1498956342388564,1.0725087992214877,2.5616114138262494,1.3843884464051592,1.7270961159857068,1.2356190088152743,2.072162150793448,,,1.7102716137185268,1.4354427943906727,2.4151577958835238,1.4412353001790075,1.5377079842735375,1.3129412270263976,1.8721466686129877,1.2141900129478798,1.1886000052189667,,1.5256381138514818,1.3035342779512662,1.7131017954369117,1.2751057800856156,1.1551712804075887,1.9343748570693198,1.788628479315878,1.8288491074510949,1.1911457471388416,1.0740209909264398,,1.383518470239868,1.2366668330787054,1.2976861440865557,,0.8534677441561991,1.33786832537519,,1.2178937424932068,1.3028750082931484,2.4794023996086425,1.268505125159632,1.637875874640468,,1.3197088460868596,,1.1916926537570252,1.3490742542778027,1.167696889171249,1.3437393501328887,1.3195183662839587,,1.3202239608345567,1.37821467162335,1.3580211551972017,1.2806527999376063,2.5413390812483505,,1.212132893868178,,1.5062883749209939,0.9128406611492919,,1.6007660804815003,,1.9257454810030028,1.3828503174233349,1.6803244841012894,4.767404685455005,1.5133625850175492,1.3810551139433718,1.553706195248601,,1.967164650448405,1.9592772128288871,,0.9737051178773484,1.674168276763442,1.7431240887024622,2.3340275110251607,2.0173720378507762,,1.4967759523091035,5.083085847154925,1.2320364555366972,1.404115468828019,2.0477156033476906,,1.231157249416461,1.3956316535743416,1.252838632797697,,1.206880565622869,1.1717365660647403,1.4279721571761397,1.5926441471433719,,1.3074620516652022,2.141191173835986,1.5990694644719157,2.5860547585890865,1.1080815720713217,1.2096774712774656,,1.5814875979431755,1.920627086766837,2.019092149394483,0.9242622698388995,1.6033689683055592,1.3050934223663844,1.3815944576969128,,1.4543354763539975,1.5020480317550158,,1.5495909039735434,1.1666067471992403,1.1456228633781824,1.7042869704568429,1.404457045269014,,1.8237913092286986,,,1.5571551445289256,1.1807756817295512,2.405836540010243,2.2876163648545567,1.0409617421837885
2024,7,Relación Solvencia,0.0,0.0,0.0,0.0,0.0,0.0,0.0,0.0,0.0,0.0,0.0,0.0,0.0,0.0,0.0,0.0,0.0,0.0,0.0,0.0,0.0,0.0,0.0,0.0,0.0,0.0,0.0,0.0,0.0,0.0,0.0,0.0,0.0,0.0,0.0,0.0,0.0,0.0,0.0,0.0,0.0,0.0,0.0,0.0,0.0,0.0,0.0,0.0,0.0,0.0,0.0,0.0,0.0,0.0,0.0,0.0,0.0,0.0,0.0,0.0,0.0,0.0,0.0,0.0,0.0,0.0,0.0,0.0,0.0,0.0,0.0,0.0,0.0,0.0,0.0,0.0,0.0,0.0,0.0,0.0,0.0,0.0,0.0,0.0,0.0,0.0,0.0,0.0,0.0,0.0,0.0,0.0,0.0,0.0,0.0,0.0,0.0,0.0,0.0,0.0,0.0,0.0,0.0,0.0,0.0,0.0,0.0,0.0,0.0,0.0,0.0,0.0,0.0,0.0,0.0,0.0,0.0,0.0,0.0,0.0,0.0,0.0,0.0,0.0,0.0,0.0,0.0,0.0,0.0,0.0,0.0,0.0,0.0,0.0,0.0,0.0,0.0,0.0,0.0,0.0,0.0,0.0,0.0,0.0,0.0,0.0,0.0,0.0,0.0,0.0,0.0,0.0,0.0,0.0,0.0,0.0,0.0,0.0,0.0,0.0,0.0,0.0,0.0,0.0,0.0,0.0,0.0,0.0,0.0,0.0,0.0,0.0,0.0,0.0
2024,7,Relación entre Aportes sociales mínimos no reducibles y Capital Social,0.48038206302060377,0.9317848841985701,0.764737768287203,0.6534658703916145,0.20573492187993708,0.9474281357309084,0.9221661805152501,0.22584528949320007,0.7282326444724715,0.5891857593066248,0.0,0.0,0.0,1.0,0.6659510341897243,0.8625323635744123,0.0,0.9240433787814394,0.6520227571105376,0.9561916555929865,0.916146821034863,0.37419607388676274,0.0,0.5675072260899946,0.7673059212303234,0.9260953056767576,0.13181096850997265,0.5359057173258168,0.1799761729112045,0.7718149986997039,0.7588126319632447,0.0,0.8300946990508563,0.5820216988316443,0.8255773134584369,0.0,0.8520636789166408,0.9218990354289871,0.7847712265509794,0.6252048398784603,0.4047100425837199,0.5617959457983909,0.18175744627582638,0.6655271844372577,0.9219600796318717,0.5377997911485917,0.7306922348143267,0.6988102299361477,0.4728336388881836,0.6573987225598072,0.7652702545372965,0.8573111682237688,0.7918755471405298,0.0,0.0,0.6637523602315909,0.3658496480867402,0.6977200262278376,0.6714185957562137,0.5622360880021267,0.49197403597705025,0.3921790889330174,0.5758519958635124,0.9877490691903791,0.0,0.6111176623464607,0.6490324308431612,0.6309700886612102,0.8431125891341826,0.7802349934804612,0.6706133100836803,0.8447666954929727,0.39967884799707326,0.5846631605505848,0.2785394304448752,0.0,0.7253332916096913,0.4065426456561858,0.25247736714499314,0.0,0.728620690755988,0.4476688370733565,0.0,0.41727540002651775,0.2686628760734335,1.0,0.4760547057709489,0.742159105338744,0.0,0.20908022470155382,0.0,0.269605818535469,0.4796073046887884,0.4715384630355195,0.046981190541273775,0.9610465951962609,0.0,0.5075109272838275,0.6518132569354126,0.4245895381795678,0.9154202439789847,0.6479857568727881,0.0,0.483699125380808,0.0,0.9405928229526181,0.9061653177267762,0.0,0.6091372312957254,0.0,0.7726101738926441,0.7482802676349417,0.72593356853799,0.42696291013284365,0.8078415392497194,0.7313588739575728,0.46808859060431,0.0,0.812558664062655,0.8294521677213109,0.0,0.9030990628168922,0.8730425447028489,0.5497501752861629,0.9457624504890928,0.9363626646915654,0.0,0.5907850751935992,0.7653864674500398,0.7093820567633208,0.7243186340644852,0.866025645399091,0.0,0.7750995671409842,0.9897271016162972,0.3861890444151059,0.0,0.5095406764128716,0.5624955121194154,0.6715247811224252,0.5588379725657391,0.0,0.5498566632252143,0.9114671848558233,0.7970970146672165,0.7835833365967805,0.711079223894673,0.33286691792559553,0.0,0.9501673855013807,0.5364614700821089,0.8957316760762883,0.9206798735624113,0.5883204970846829,0.265251946715396,0.7205543843768204,0.0,0.8449464822727379,0.2566741418588422,0.0,0.9521977141338279,0.5352200167381389,0.4022194419176707,0.13659625447193413,0.8884847379520528,0.0,0.8480727770611343,0.0,0.0,0.3529707407624396,0.7381946511036036,0.45693783473435856,0.6427106251140982,0.9334553376138445
2024,7,Relación entre el Capital Institucional y el Activo Total,0.07302438125868152,0.07920389052202416,0.07695102665693943,0.028955697906981295,0.04590896404628773,0.14676433448758958,0.0002593439006543985,0.0874417336728411,0.03996257145481284,0.059011745612631665,0.0,0.0,0.0,0.04915979190555102,0.08471547388006935,0.24537856685029025,0.0,0.06814081547997379,0.06145859062598695,0.058086703337951046,0.04495000659533464,0.08019556857279553,0.0,0.10177312595285608,0.061588794897758294,0.022406354118007454,0.10288159993096066,0.05294357862422207,0.041629688633571776,0.09953382469939388,0.13840026940487976,0.0,0.35000922264398604,0.059608672687163015,0.0824625476545289,0.0,0.17688919759987615,0.06674572559790076,0.07562946118989573,0.040521689005252964,0.06898083358843346,0.035624276772343505,0.13919729048352011,0.0652878487755817,0.05979883597695254,0.06863407046044279,0.17134706595933927,0.02156649453525672,0.14547323068085238,0.050993192649541066,0.06469273865300944,0.07617546432824132,0.1476499798351338,0.0,0.0,0.07251624211343462,0.06047052942407295,0.11330273885233173,0.04185769053197886,0.115046886993483,0.04928450608788016,0.10004977525802475,0.055223144941995594,0.11443566092664752,0.0,0.08094178292944458,0.04689312056877587,0.11587919506485991,0.1035886558112546,0.05317112378652685,0.12973906727291282,0.07070344757306962,0.17463847650421338,0.0413916555159391,0.020856196780121784,0.0,0.08060338144580997,0.08363085264767851,0.07192160180115241,0.0,0.007393050165843985,0.07666718251353652,0.0,0.03169626147688247,0.11037957005340349,0.14746246576657013,0.048801890686925524,0.10107886772677964,0.0,0.07973354826655167,0.0,0.07374449326909249,0.10420543536364348,0.051445135671036535,0.15808659394099892,0.14938214635096797,0.0,0.08155143400364617,0.0599229166667107,0.07832635445978109,0.10048171630288606,0.15631131361342482,0.0,0.06217789225845481,0.0,0.11854056499482518,0.058976332860986386,0.0,0.09682334171981562,0.0,0.1539122374776258,0.07859795168311917,0.2627261392331822,0.24627570540343674,0.07202541550897755,0.06745868780462388,0.07919180006919171,0.0,0.14342280353993409,0.10994572413834018,0.0,0.0,0.12122565440190998,0.09836455820231688,0.1156141770730989,0.10073128952584284,0.0,0.07696786924292727,0.07631287657307011,0.04312159121997278,0.06902074141002437,0.3135086098913878,0.0,0.030528476455459325,0.13093452406933995,0.09378285747270285,0.0,0.08240886807337479,0.041546916396773916,0.14772357197163635,0.08173078484917819,0.0,0.10107250319827757,0.08312144871870757,0.028432814320618654,0.12965101576327437,0.022344947496366875,0.051550756801977085,0.0,0.029478206314110505,0.09636520301878536,0.2071192544774773,0.018118083933519647,0.2286050338213398,0.1235436305172091,0.12422225730239124,0.0,0.12195059551913248,0.08732530359355092,0.0,0.0812701002220689,0.018081670424642822,0.029519795580243192,0.21217610376622187,0.09727419777833758,0.0,0.16644932148582683,0.0,0.0,0.1801478907035604,0.03446067775048536,0.227999516710362,0.22107205642909022,0.2019263959748178
2024,8,Quebranto Patrimonial,1.2446753871627618,1.3142835794944943,1.319509917460548,1.146768029564557,1.1800199988100502,1.5947348454439099,0.9909067592613018,1.3743886963655052,1.322735892107288,1.399888978921832,,,,1.5059654191525822,1.4005123271443374,1.5928324811938506,,1.8024731164418257,1.5855705503924473,1.6423049473288407,1.3392483964345645,1.332274109101905,,1.831771685952561,1.6669433567303196,1.3136443506841564,1.7671717229198622,1.2863005001341608,1.1780128431682988,2.892475619409019,1.3954751839063504,,5.224759747014104,1.1591537737817932,1.4104193891810406,,3.322095252741717,1.334993419500628,1.2494116406005153,1.4223337287994942,1.536944933528159,1.2351888896329521,1.2754030172001651,1.3234819260724915,1.1192846837555026,1.2425819295159355,2.1657384721513036,1.0755686194227587,2.582918444666946,1.3843998523003116,1.7077369773129976,1.2389467462796286,2.0841879705961572,,,1.7114534343786028,1.4406530539864635,2.4418850739953806,1.440343242264881,1.5306428343819602,1.3252230027953629,1.8848537090755093,1.2199175427578959,1.1804028969808762,,1.5306988105606116,1.3071268739062014,1.7133398567959712,1.2777947756546582,1.1465873181717876,1.9516050840025905,1.7968355398027696,1.839579002487706,1.1930374457642847,1.0785907226234905,,1.3860450619987634,1.238586031735831,1.3036499821269265,,0.8552660941684681,1.347548397675068,,1.2167844040323494,1.308710381165721,2.4583108599552332,1.2807350914101001,1.6274125798570864,,1.31894700792823,,1.2025867149027851,1.3515844429819124,1.1717122518260488,1.3475011983504228,1.3090701246592977,,1.3168859839289864,1.3641714930482607,1.3641973131735499,1.2796698155176127,2.5645935526584616,,1.2128245030939782,,1.5087918523234622,0.9100700610590133,,1.6151992347909268,,1.9227717853472048,1.3813753647837108,1.6740689693335182,4.743666513460177,1.5180407034491539,1.3905401932053834,1.5519541485613115,,2.009609187916514,1.9557916563713433,,0.9811981297839135,1.68948506072757,1.7504559596079332,2.3366683982663132,2.0267438322109967,,1.4969837093484868,5.110782519220039,1.2360925547761847,1.4189761509340475,2.0717579028879145,,1.2319382993475168,1.3954073602287307,1.2523720453175395,,1.2031884102862698,1.172687889831319,1.4280600585503884,1.5864226626363853,,1.3185176287368081,2.1597110755953794,1.6213944620038472,2.5961586354217565,1.0994472687435484,1.2169623461363777,,1.5847641174915799,1.9335669880953184,2.0188847126212277,0.9189671530726299,1.6092894066311425,1.3087074518206534,1.3928473184188797,,1.4428137661400076,1.516505215211143,,1.5609662146317727,1.1687741899700237,1.1481990906244957,1.7029086209776731,1.4042737338225106,,1.8341389886900783,,,1.558265366412127,1.1776219433049082,2.4085663322995448,2.280160196478371,0.9892979640644177
2024,8,Relación Solvencia,0.0,0.0,0.0,0.0,0.0,0.0,0.0,0.0,0.0,0.0,0.0,0.0,0.0,0.0,0.0,0.0,0.0,0.0,0.0,0.0,0.0,0.0,0.0,0.0,0.0,0.0,0.0,0.0,0.0,0.0,0.0,0.0,0.0,0.0,0.0,0.0,0.0,0.0,0.0,0.0,0.0,0.0,0.0,0.0,0.0,0.0,0.0,0.0,0.0,0.0,0.0,0.0,0.0,0.0,0.0,0.0,0.0,0.0,0.0,0.0,0.0,0.0,0.0,0.0,0.0,0.0,0.0,0.0,0.0,0.0,0.0,0.0,0.0,0.0,0.0,0.0,0.0,0.0,0.0,0.0,0.0,0.0,0.0,0.0,0.0,0.0,0.0,0.0,0.0,0.0,0.0,0.0,0.0,0.0,0.0,0.0,0.0,0.0,0.0,0.0,0.0,0.0,0.0,0.0,0.0,0.0,0.0,0.0,0.0,0.0,0.0,0.0,0.0,0.0,0.0,0.0,0.0,0.0,0.0,0.0,0.0,0.0,0.0,0.0,0.0,0.0,0.0,0.0,0.0,0.0,0.0,0.0,0.0,0.0,0.0,0.0,0.0,0.0,0.0,0.0,0.0,0.0,0.0,0.0,0.0,0.0,0.0,0.0,0.0,0.0,0.0,0.0,0.0,0.0,0.0,0.0,0.0,0.0,0.0,0.0,0.0,0.0,0.0,0.0,0.0,0.0,0.0,0.0,0.0,0.0,0.0,0.0,0.0,0.0
2024,8,Relación entre Aportes sociales mínimos no reducibles y Capital Social,0.4826058554445271,0.9323832238803627,0.7594697496454497,0.6499271016836802,0.20431119273581438,0.9396598275559968,0.9212505364142113,0.22432625492121924,0.7225440165796978,0.5853865328786177,0.0,0.0,0.0,1.0,0.6617694074237827,0.8585925956237476,0.0,0.9240554643728394,0.6487821361245534,0.9558221835517807,0.9123859795456671,0.3736024067270998,0.0,0.5648813040001631,0.760430505239629,0.9169544264365883,0.13132375361189985,0.5356389859133079,0.2462988324955003,0.7718149986997039,0.7551872751855777,0.0,0.8258762758858585,0.5769530742439826,0.8221148296033427,0.0,0.8494599141199831,0.9273358834187645,0.7845912263143853,0.6224866877625289,0.402421915748606,0.563040952189209,0.18032747929666929,0.6654059634970736,0.9119920995255083,0.5356365523622065,0.7284142477141919,0.6981224983002349,0.4691360586281115,0.654478215916283,0.7536000271987783,0.8597635703991624,0.7899519139442868,0.0,0.0,0.6634070145583165,0.3635217026909165,0.6929556583890862,0.6694917164999425,0.558383978008468,0.4898725321147725,0.38934553353832135,0.5757830355174539,0.9941047249411502,0.0,0.6093784372672435,0.6447236065038694,0.6241239019634128,0.8390665522372697,0.7786505114846191,0.6705904089351123,0.8428973215189709,0.3978771610030979,0.5818472642696455,0.27716072033883854,0.0,0.7263309189596046,0.4028416401598775,0.2521531909471203,0.0,0.7315702855686521,0.44705942758521017,0.0,0.41535653891086816,0.2668036026293035,1.0,0.4758679333890105,0.7412720123888787,0.0,0.207948134308687,0.0,0.2694838211038713,0.47688465321312373,0.47015372223911683,0.04682528072156654,0.9596346299589531,0.0,0.5021392303748369,0.6519805855112042,0.42231603816533414,0.9117791659099984,0.6456755389769469,0.0,0.4811243727105957,0.0,0.9397240636908394,0.9024975267786921,0.0,0.6058249043223004,0.0,0.7688045180653627,0.744861201444977,0.7217892802946618,0.4223130067099547,0.8081914527476267,0.7281327133102921,0.46554918274121554,0.0,0.8103063886556843,0.8210958998756249,0.0,0.8977716588430651,0.8643932942461995,0.5987446104553172,0.9408250537696808,0.9359002155304593,0.0,0.5840861927632918,0.7698359980469203,0.7151285360455606,0.7257942114372867,0.8688487687975129,0.0,0.7755863462722908,0.986484522912264,0.3837971707242574,0.0,0.5093197651103123,0.5602383899209428,0.6633097292829114,0.5584949094552162,0.0,0.5463791492079949,0.911712865732833,0.7975180624441706,0.7820438724583546,0.7115955711657781,0.33012742647417426,0.0,0.9501658770183802,0.5352155546075955,0.8947607220794526,0.9168564980936531,0.588754839948375,0.2639393882907611,0.7162303128244046,0.0,0.8522623179936931,0.2542214265287175,0.0,0.9521743772094658,0.5321452923068921,0.3990671221171681,0.13563707491305346,0.8824625412279531,0.0,0.8451419377261089,0.0,0.0,0.35126477026491304,0.6999999999858921,0.45506477997802136,0.6418021331015918,0.930062854190033
2024,8,Relación entre el Capital Institucional y el Activo Total,0.07368636176082977,0.07837235204760576,0.07721580539796424,0.028668262729458598,0.045702141789889,0.14561404652271226,0.0002568701295230889,0.0868507326435711,0.03929857558663906,0.0585523607740345,0.0,0.0,0.0,0.049151106707094765,0.0829449294782096,0.24295708966694748,0.0,0.06690649142451495,0.06173575507776952,0.058412792030328994,0.04463026874907442,0.07989326742053335,0.0,0.09976397269935706,0.060811104776612016,0.022164394826630778,0.10238185335330796,0.052372573144623576,0.041167928924017036,0.09707195690788989,0.1372623590318576,0.0,0.34677704451196695,0.05913303507902001,0.08184021744740433,0.0,0.17646640147196122,0.06719072526682303,0.07491315882826013,0.04060261754022767,0.06851403403819417,0.03555725632810341,0.1372465879236395,0.06554944349132906,0.059270214339027585,0.06746808580605455,0.17381712944496722,0.021899400506443997,0.14151269189495888,0.05057269317040942,0.06402816003976015,0.0767451590636513,0.14642982727780227,0.0,0.0,0.07181228870001724,0.060180683394463586,0.11398162237680144,0.0414659195456564,0.11452060029898761,0.04870329635165021,0.09765896019085667,0.056109680723322564,0.11345090115338619,0.0,0.08012720165418914,0.046430338560448516,0.11433352759900026,0.1023175721783582,0.05316659024382293,0.1310007014612391,0.07073022647851387,0.17416324587355236,0.04145098749446464,0.0209756035130607,0.0,0.08072631441717101,0.0814631412746459,0.07226886337433279,0.0,0.007200635034066945,0.07673133368349243,0.0,0.03154652532071805,0.10897623743661573,0.14324908596574906,0.04880679645688597,0.10055387433343205,0.0,0.07810935033714102,0.0,0.07327749441704003,0.1032706127322389,0.051194115635668905,0.15739131081300756,0.14763390633905524,0.0,0.08108078860725715,0.057127546050830466,0.07765448756696974,0.10163873087216607,0.1550638433937037,0.0,0.06156820946919385,0.0,0.1129318778076904,0.05607212941442443,0.0,0.09725825376873336,0.0,0.15479912276856356,0.07898845720935728,0.261655189445425,0.24201825708832567,0.07228902626922529,0.06648847783467789,0.08053179151777089,0.0,0.13639684081429015,0.10934443290644165,0.0,0.0,0.1210479266263993,0.09779762885041579,0.11525231362625446,0.10241244575608452,0.0,0.07476200295582427,0.07672217819816937,0.04265935725131342,0.06873790618507557,0.3113927041336371,0.0,0.030626450663714444,0.13164635343733694,0.09373488441063452,0.0,0.0828905941680578,0.039983143819730886,0.14537694207840254,0.07957033552320052,0.0,0.09861439889158288,0.0826490290288104,0.0293706763967617,0.13011370762577826,0.022596556821621164,0.05142948981136242,0.0,0.029265966434519963,0.09483942497993844,0.20653479727310559,0.017952702810306486,0.22709215397170554,0.12199889047516237,0.12438768696685591,0.0,0.11625851341868153,0.08555351722921778,0.0,0.08083517957377911,0.01803850532725913,0.029437040889532504,0.21287658959019182,0.09749796310890206,0.0,0.16601223731502696,0.0,0.0,0.1806503068785382,0.02972891362960126,0.2263494771022797,0.21672136359103042,0.2031067861822715
2024,9,Quebranto Patrimonial,1.249444906047906,1.314032173881266,1.3206449199305326,1.142967566806577,1.1854917440997579,1.6108012427295169,1.0021539026213335,1.3778577510853378,1.324828350002916,1.397567733473977,,,,1.5027533030497393,1.3991350101988378,1.5949209248542306,,1.804388149497402,1.571418891320752,1.632950681138918,1.3466162706456282,1.3312692264685844,,1.8416188351784022,1.6658869146360586,1.315018729298561,1.7813177999249727,1.315080396562948,1.1820596826267187,2.938244914445044,1.3900517668763879,,5.233658457590032,1.1640359877253852,1.4151552068374003,,3.3375003527597564,1.3374950388332885,1.2595692410154937,1.4375069904892515,1.5418629021041153,1.2258883923757529,1.2828449085243656,1.3222323166007799,1.125110777468099,1.2455164500228533,2.20818890619104,1.079505177882147,2.6369795262854288,1.46731470187286,1.7244067107255254,1.2359539918542015,2.0854332589706175,,,1.7247563261273793,1.4402580316918805,2.4547041139636905,1.4585171984238199,1.5410503468221481,1.3035908595334058,1.9040227019125222,1.219269754613243,1.1825376909779002,,1.5288484851487476,1.3090463402087786,1.7157988766598287,1.2838670085902597,1.1504902820188165,1.9696896063505809,1.8164498533604665,1.8404783953219381,1.1915153163743541,1.0627057180805737,,1.3946376703856946,1.2420087616581734,1.3188346562238014,,0.8588545136109861,1.3511938298378865,,1.2167962250077193,1.315633274176616,2.3715077168159806,1.2873785928927295,1.633040602246834,,1.3215989497016822,,1.2084914444805193,1.3517341601377622,1.1803906251979035,1.3524759438917546,1.2789985780267692,,1.3246888086138822,1.3664205084591303,1.355730718252287,1.28663566818737,2.5580757038772157,,1.2139397688636742,,1.5209432472958702,0.9062912011953939,,1.626650265495611,,1.919131315293007,1.3812231337645493,1.6815273803728634,4.7486851202351135,1.5381764951581307,1.3552369279434437,1.5596131851382378,,2.032742669700513,1.9800547181669836,,0.9764129040421362,1.6991812565178284,1.7563593877169696,2.362885734833363,2.0411844876549123,,1.5218128725875015,5.106344776753176,1.237233979231854,1.4170708659344795,2.078503185876664,,1.235999211044142,1.4020675432700318,1.2591256709532423,,1.210565996129325,1.180880731217871,1.4291886344997176,1.598701594388371,,1.3223803890123307,2.142663347650112,1.6312982545419066,2.604703129477649,1.091820747226259,1.2223209807758593,,1.580702701005785,1.937862100500317,2.0286373436107348,0.9066876865786889,1.6195330051297578,1.3128660560348746,1.39360441382387,,1.4404782288204088,1.526903776254112,,1.5691033031014145,1.1685375456711942,1.1479278971790225,1.701428105198738,1.4035346376250122,,1.8577946175927542,,,1.5613043546858196,1.1887585881046283,2.4232770712887355,2.3020414359221975,0.9434897859111114
2024,9,Relación Solvencia,0.0,0.0,0.0,0.0,0.0,0.0,0.0,0.0,0.0,0.0,0.0,0.0,0.0,0.0,0.0,0.0,0.0,0.0,0.0,0.0,0.0,0.0,0.0,0.0,0.0,0.0,0.0,0.0,0.0,0.0,0.0,0.0,0.0,0.0,0.0,0.0,0.0,0.0,0.0,0.0,0.0,0.0,0.0,0.0,0.0,0.0,0.0,0.0,0.0,0.0,0.0,0.0,0.0,0.0,0.0,0.0,0.0,0.0,0.0,0.0,0.0,0.0,0.0,0.0,0.0,0.0,0.0,0.0,0.0,0.0,0.0,0.0,0.0,0.0,0.0,0.0,0.0,0.0,0.0,0.0,0.0,0.0,0.0,0.0,0.0,0.0,0.0,0.0,0.0,0.0,0.0,0.0,0.0,0.0,0.0,0.0,0.0,0.0,0.0,0.0,0.0,0.0,0.0,0.0,0.0,0.0,0.0,0.0,0.0,0.0,0.0,0.0,0.0,0.0,0.0,0.0,0.0,0.0,0.0,0.0,0.0,0.0,0.0,0.0,0.0,0.0,0.0,0.0,0.0,0.0,0.0,0.0,0.0,0.0,0.0,0.0,0.0,0.0,0.0,0.0,0.0,0.0,0.0,0.0,0.0,0.0,0.0,0.0,0.0,0.0,0.0,0.0,0.0,0.0,0.0,0.0,0.0,0.0,0.0,0.0,0.0,0.0,0.0,0.0,0.0,0.0,0.0,0.0,0.0,0.0,0.0,0.0,0.0,0.0
2024,9,Relación entre Aportes sociales mínimos no reducibles y Capital Social,0.48267013938217757,0.9283844132602267,0.7573029480790799,0.6469459716805331,0.20309327423482712,0.9344301967824549,0.9177412745440282,0.22251407734591439,0.7175280707183916,0.5797130098192996,0.0,0.0,0.0,1.0,0.6587008601125439,0.8557230398107069,0.0,0.9240597748880429,0.6458368592149422,0.9510106218170775,0.9104750753518025,0.3729109331940631,0.0,0.5633125546790605,0.7551198133360499,0.9065891878476873,0.130990712756182,0.5378851779328854,0.24430883011328142,0.7718149986997039,0.751380487746606,0.0,0.8240044781278416,0.5715161013595028,0.8179096096647477,0.0,0.8450558253209939,0.9332426443215069,0.7909723862710846,0.6197250247791517,0.400012574423164,0.5621046492767652,0.17952139623092414,0.6646169937771541,0.9228531286940936,0.5338398339551114,0.7254981348882786,0.6960300315793394,0.4668326352226929,0.6527751246476654,0.7459640533450946,0.8573773472939022,0.7838166260510755,0.0,0.0,0.6667690815122854,0.36193923877808604,0.6834357064943206,0.6651315852783156,0.5545331285658859,0.48549134491876067,0.3864185224500303,0.5752202996847509,0.9918768105896117,0.0,0.6042591254704178,0.6393098242469232,0.6176264069562609,0.8381441320323951,0.7743613173569674,0.6706509304191877,0.8393591274785591,0.395829386201815,0.5785515692781632,0.275613673353061,0.0,0.7267910373479344,0.4005217088544883,0.2515195750218862,0.0,0.7323212799524962,0.4468906205778756,0.0,0.4142888811079848,0.2654256538133593,1.0,0.47691448748879306,0.7474554609414348,0.0,0.2078359496488902,0.0,0.2688295413753768,0.47289887334316916,0.508328346463064,0.046769402764573594,0.9562341120401368,0.0,0.4985861985441703,0.6475403726501643,0.4196561374974833,0.9110404323298014,0.6431719515385207,0.0,0.4783163296624658,0.0,0.9387298390447951,0.8976214822818576,0.0,0.603763210502294,0.0,0.7611290613957188,0.743226014646838,0.7204084773572629,0.42024096250798476,0.8220193484708569,0.726833018148416,0.4628487728927638,0.0,0.8098656216860164,0.814244352849873,0.0,0.8979085152363001,0.855941774741901,0.5958146460275144,0.9377333260489564,0.9350848409875132,0.0,0.5790568525963161,0.7679647998493684,0.7536781522299378,0.7284684102976777,0.8686583621002472,0.0,0.7792784456741073,0.9975305844837533,0.38149836688179106,0.0,0.5099846901419132,0.5548248056261241,0.6548135722533545,0.5574861787249831,0.0,0.5419239133467255,0.9134717444064188,0.7939490814907714,0.7813174123543235,0.7105346666662302,0.3274123387958504,0.0,0.9501644879534498,0.5338506848147611,0.901059975323755,0.9147144595907097,0.5898378007466935,0.26274159731066427,0.7151531995351356,0.0,0.8526453450970811,0.2509535141124185,0.0,0.9521515937617927,0.5296288501663609,0.3965127961267291,0.13491647179683902,0.875365631385914,0.0,0.8540375412022307,0.0,0.0,0.34983572413722985,0.7000000000056075,0.45463752875211666,0.6400068818574449,0.9269468312798095
2024,9,Relación entre el Capital Institucional y el Activo Total,0.07372692941424772,0.07755100705455585,0.0766501832150994,0.02793312249697849,0.04540181600427763,0.1423764446920283,0.00024783474375056146,0.08615888263840239,0.038695669591770364,0.058368334201203624,0.0,0.0,0.0,0.048810691432400584,0.0810058393160923,0.24233470748013836,0.0,0.06694667062401395,0.06150248254922079,0.05903507418956925,0.04496770390390766,0.07936069134926435,0.0,0.0978711795687798,0.06029688811028369,0.0215809591330703,0.10229742615335605,0.052034086679696036,0.04048403243722639,0.09650402330899685,0.13513479810128037,0.0,0.3456363009276095,0.05807224522198873,0.08195498023896358,0.0,0.17659556500629536,0.06826177654784599,0.07432589293381679,0.04041391346462732,0.06775687798589389,0.03479673563396787,0.13643365763430848,0.065961836819025,0.059314344032238064,0.06647280064149555,0.17341459307502352,0.02232158354321139,0.14036009824899923,0.05048484253914094,0.06319579495640648,0.07674661381836852,0.1459072546998758,0.0,0.0,0.07072183569487402,0.05963401568687694,0.11293035646698275,0.04106559734839278,0.1147847357380122,0.047558522470873964,0.09554914639767885,0.05574044230950782,0.11251911727893678,0.0,0.07981238726095953,0.04596282825909224,0.11274063191069565,0.10102205536320297,0.0525992472098637,0.1306375499614468,0.06969872136611083,0.17221638052175803,0.041471332748154184,0.021082276010906207,0.0,0.08010376573737231,0.08034688296256656,0.07230211520729027,0.0,0.0074150268347620675,0.07674736072420883,0.0,0.031362960651097206,0.10722185889148787,0.13746204545958857,0.047850635772460605,0.10023773348856055,0.0,0.07626950229741955,0.0,0.07309837351545381,0.10262725781822224,0.0513843951687468,0.1559761396515035,0.14831570320174894,0.0,0.0800643749455014,0.05680051707664454,0.07730926425321673,0.09987785140893489,0.15414270466543756,0.0,0.06128098304815041,0.0,0.1145326733400275,0.057442779679148126,0.0,0.09543819279360052,0.0,0.1550655327130298,0.07772112577345679,0.25873200761673404,0.23733566708991002,0.07065933613151147,0.06831287098513876,0.08051116540755829,0.0,0.13547220241393404,0.10837296060463199,0.0,0.0,0.12022801502569547,0.09911452732518343,0.1190703727877204,0.1036697663610011,0.0,0.07371155452400091,0.07678599097102351,0.042420888091971316,0.06827507970756332,0.33059020358325586,0.0,0.03092925872697084,0.12706740814000742,0.08622309274146861,0.0,0.08169765252466342,0.040779555326031294,0.14395608147435382,0.07915752973503659,0.0,0.09860847836880625,0.0834026958537315,0.02918873223538019,0.12935168128443655,0.022549045800551355,0.05109579915899994,0.0,0.029092265793345798,0.09344366327086868,0.20566241426091872,0.018197794514484056,0.22677233422553617,0.12176707199897983,0.1242087778604757,0.0,0.11383276200951267,0.08609796977726195,0.0,0.07976013341687332,0.017869031040454644,0.02939757449058058,0.21141419317649568,0.09640488579125762,0.0,0.16548333190340342,0.0,0.0,0.18106664999812713,0.028799318254483227,0.22465787782766392,0.21502313619888444,0.2042098676686895
2024,10,Quebranto Patrimonial,1.2533399265316727,1.31497136892815,1.3211587236466658,1.1490192522218456,1.192315972126285,1.6197784299050526,1.0073786338336947,1.3819604336353515,1.3283332078848666,1.4007915324541214,,,,1.4064657027045089,1.4016940225140075,1.5945887174698652,,1.806701485304991,1.5665607345956285,1.6235845684196726,1.347427252328462,1.3332570658948106,,1.8486833622741983,1.676457496033729,1.3069058227143215,1.793152174948408,1.3172545891169856,,2.996366875915845,1.3798788286493795,,5.249124366881719,1.1632260798628755,1.4184113630216428,,3.3450894072791293,1.3376691297837293,1.263966169792517,1.4325305501004268,1.5485425558042876,1.2046690353959126,1.2861298024977084,1.3314017956714435,1.1262044804936844,1.247757060367688,2.1283309390788743,1.0853012113758675,2.6839358449067814,1.46707036080921,1.7103715329006681,1.242285745838521,2.077136258236248,,,1.7252413332474281,,2.4600142231564113,1.4630342536139378,1.5369284403855235,1.3062280868173566,1.907216717147175,1.2157528474683972,1.1753488466801918,,1.5531366581511334,1.3102227707563756,1.7133271679248474,1.2863842628285391,1.15889124714364,1.9897974429051435,1.7937851386638417,1.838632270004699,1.1905584089761305,1.0669059487686414,,1.404945598765064,1.2411087279935715,1.330580737234609,,0.8742458992172707,1.3615844731763018,,1.2174697591280355,1.3190755722226495,2.333386870353425,1.2897865586415165,1.6365061112524162,,1.333373475128248,,1.2154963807041779,1.3539244060037716,1.1844965640998364,1.3582545907208565,1.2731005385176044,,1.3271903062103794,1.3714095184468114,1.354490002568952,1.2919714010482009,2.548152391657302,,1.2152616627451127,,1.5234066602330643,0.9075566745839845,,1.6446848622192358,,1.9285564654489986,1.3811153597970698,1.6885524191241568,4.772176442734759,1.5506904658603953,1.353060736460526,1.5554786898846937,,2.027005721293756,1.9491295704144322,,0.9782993451694431,1.7119982431008367,1.7708804770931441,2.364838710399517,2.0595248580665,,1.5393582411525906,5.0954588830781615,1.2384046927504975,1.4240758964368219,2.237048636321871,,1.2314584374759034,1.3994491104289193,1.2619269648256506,,1.2148502135396821,1.1778047667109242,1.4299550274623403,1.6001784820662357,,1.3348455034481994,2.1861034647494493,1.6415776335417283,2.6131154199623285,1.0852284192360167,1.228201727952627,,1.577593100012433,1.940880277137676,2.0197460949296775,0.994442325095648,1.6246990062282103,1.3129085214836254,1.39336066907109,,1.4308862580923987,1.5296686775762132,,1.5796408450934913,1.1666114776604422,1.1530906315763894,1.7014262734541543,1.4037906521992916,,1.8707810158431517,,,1.5681703059323562,1.2012929310827063,2.4445430252536404,2.358493236929647,0.897078522829274
2024,10,Relación Solvencia,0.0,0.0,0.0,0.0,0.0,0.0,0.0,0.0,0.0,0.0,0.0,0.0,0.0,0.0,0.0,0.0,0.0,0.0,0.0,0.0,0.0,0.0,0.0,0.0,0.0,0.0,0.0,0.0,0.0,0.0,0.0,0.0,0.0,0.0,0.0,0.0,0.0,0.0,0.0,0.0,0.0,0.0,0.0,0.0,0.0,0.0,0.0,0.0,0.0,0.0,0.0,0.0,0.0,0.0,0.0,0.0,0.0,0.0,0.0,0.0,0.0,0.0,0.0,0.0,0.0,0.0,0.0,0.0,0.0,0.0,0.0,0.0,0.0,0.0,0.0,0.0,0.0,0.0,0.0,0.0,0.0,0.0,0.0,0.0,0.0,0.0,0.0,0.0,0.0,0.0,0.0,0.0,0.0,0.0,0.0,0.0,0.0,0.0,0.0,0.0,0.0,0.0,0.0,0.0,0.0,0.0,0.0,0.0,0.0,0.0,0.0,0.0,0.0,0.0,0.0,0.0,0.0,0.0,0.0,0.0,0.0,0.0,0.0,0.0,0.0,0.0,0.0,0.0,0.0,0.0,0.0,0.0,0.0,0.0,0.0,0.0,0.0,0.0,0.0,0.0,0.0,0.0,0.0,0.0,0.0,0.0,0.0,0.0,0.0,0.0,0.0,0.0,0.0,0.0,0.0,0.0,0.0,0.0,0.0,0.0,0.0,0.0,0.0,0.0,0.0,0.0,0.0,0.0,0.0,0.0,0.0,0.0,0.0,0.0
2024,10,Relación entre Aportes sociales mínimos no reducibles y Capital Social,0.481798522595995,0.9240916586924364,0.7564012640101291,0.6430391710536704,0.20078687248159766,0.9271917602997956,0.9190808404940014,0.2204139869718364,0.7115013531583262,0.5753885311566276,0.0,0.0,0.0,1.0,0.6545873232812343,0.8512687861145659,0.0,0.9240637404824569,0.6426085757299461,0.947050323537987,0.9106181977468579,0.37152678493647984,0.0,0.5617420169902095,0.7496925877990245,0.8772568449031956,0.13045546274443093,0.5352929210718759,0.0,0.7718149986997039,0.7493081363934735,0.0,0.8200563272205186,0.5661780567256357,0.8128989245955364,0.0,0.8403311428542419,0.9301187655733855,0.7820571694380885,0.6180431007272601,0.3973871302736978,0.5584909171671166,0.17850794397634845,0.6616973015225539,0.9143504611279699,0.5325259262481457,0.7219616742757725,0.6885411669443384,0.4678903553409592,0.6496517512170906,0.7331357596279289,0.8558938251703484,0.7758148926493487,0.0,0.0,0.664514509857767,0.0,0.6725493190764008,0.6580970423215978,0.5510094491352193,0.48112099774695843,0.383839887056188,0.5741594902963598,0.988805003003225,0.0,0.5961039513616965,0.6338773574399494,0.6110102113889049,0.8344711295288558,0.7717284942317211,0.6690981899074367,0.8353490520501571,0.3943563998073657,0.5769512040316306,0.2778586127638585,0.0,0.7231352401726524,0.39848154589246465,0.25041307277391534,0.0,0.7363414459654791,0.44975015105419447,0.0,0.41217898961655136,0.2634872496550331,1.0,0.47407605029725264,0.7488884151372486,0.0,0.20576197955498474,0.0,0.26780986073361457,0.469340025656098,0.506696878312833,0.04677373453829079,0.9545697774359464,0.0,0.49236228806825877,0.644148426086776,0.4166608941902757,0.9138137170797708,0.640207501128653,0.0,0.4752345958360601,0.0,0.9363947854461363,0.8940444228967098,0.0,0.6013597327987723,0.0,0.7575749133592414,0.7400604686067738,0.7224998182353218,0.4176335118964092,0.8249275771357395,0.7171325659581321,0.45911323765020223,0.0,0.807048062211013,0.8080700753921541,0.0,0.9013464483915133,0.8484473026900017,0.5950057981738367,0.9307705245529775,0.9333979492012427,0.0,0.5738200221890416,0.7652680162674944,0.7626531950291899,0.7277484137570719,0.8744996153041066,0.0,0.7761495388807106,0.994445151150741,0.37874449134285515,0.0,0.5086930884428965,0.5514857153440701,0.652966431366624,0.5548368621733973,0.0,0.5357414642559375,0.9105995439333302,0.7902109009147177,0.7796861508129669,0.7096243189814915,0.32476595339339576,0.0,0.9501629307299202,0.5317939041291982,0.8932652787408394,0.9111208047657898,0.5872008568147603,0.26097253172969176,0.7120156614593814,0.0,0.8530479886466815,0.24863091344899552,0.0,0.952137429800626,0.5267031624086126,0.39339881079767053,0.13411293865289903,0.8687147331366466,0.0,0.8613252439049104,0.0,0.0,0.3474995422114278,0.6999999999888504,0.453655885189463,0.6426612249824171,0.9237093593719343
2024,10,Relación entre el Capital Institucional y el Activo Total,0.07296909003853706,0.07781527416451643,0.07646136046718911,0.027207741579833238,0.04469989201785574,0.14175463201653754,0.0002385967149547857,0.08605934071308571,0.03818377649141101,0.05777811497270066,0.0,0.0,0.0,0.049405710459878675,0.07990964447496711,0.24247254237648783,0.0,0.06828097682119245,0.06114797589240933,0.05727975976103246,0.045037401958978186,0.07888448852231818,0.0,0.09684703080458645,0.059958613339838485,0.020977030637919263,0.10190874627923285,0.0520667849526969,0.0,0.09816203426892448,0.13400298427643456,0.0,0.34147673995637967,0.05754902955465823,0.08138631458928992,0.0,0.17450005492621692,0.0679622747301009,0.07492445855446711,0.0404948137832498,0.0669829052709337,0.034625616402065386,0.13501760412094552,0.0656135380007034,0.058291621430081424,0.06654862609946395,0.1746805213123922,0.02266724611335174,0.13667935677717516,0.05078804414278485,0.062279174942738484,0.07634347560085668,0.14438546141815536,0.0,0.0,0.07064201503479865,0.0,0.11164217856884655,0.040394405017025674,0.11450552175255915,0.04498810195606035,0.09393824200587009,0.055029854734885225,0.11363468043660767,0.0,0.0778967199022993,0.04551735652467012,0.11101149373058956,0.09954164052632533,0.052106009313060385,0.12574022849342434,0.06868058383625414,0.1711511157140885,0.04160412465422754,0.021287293886579375,0.0,0.0800748530398586,0.07955701269971927,0.07137320793458549,0.0,0.007372256119707092,0.07698645032171487,0.0,0.03128541669206367,0.10635535488898938,0.1339119657625543,0.04736807732558667,0.10070957738700914,0.0,0.07443315335147092,0.0,0.07266268119378576,0.10194508921368568,0.05140998613205863,0.1547000774918777,0.14769327670096227,0.0,0.07961223586680931,0.055754725589965866,0.07694648483102608,0.1016525606445508,0.15225980744085543,0.0,0.06079828340140814,0.0,0.11817333620779162,0.05670453228578322,0.0,0.09715520317387183,0.0,0.14693478367969282,0.0769404310909869,0.259116724454031,0.23373417162939916,0.07059883186872534,0.0645664533401657,0.08067600681461734,0.0,0.13471375746645803,0.10766326003071443,0.0,0.0,0.11790254939511738,0.09827707360778744,0.11728276302222661,0.10262190355358132,0.0,0.07308544943461,0.07689493284733392,0.04198509211262428,0.06823417204841599,0.32566585093148437,0.0,0.029957459595095638,0.12813825216813768,0.08642534012908493,0.0,0.08030848289578041,0.03823394476020262,0.14385814253791288,0.0774968577773693,0.0,0.09632461254711297,0.08327771088829293,0.029010863632537527,0.12852129892447212,0.022364593873057777,0.05037494183800064,0.0,0.02885908495762561,0.09245281198839678,0.20773877537031582,0.017999789411778246,0.22561805618959038,0.12057470435207619,0.12188387388959797,0.0,0.11155601126102946,0.08524668887234195,0.0,0.07999990285757491,0.01769750393728545,0.029490532234725815,0.211383049633778,0.09556928773926728,0.0,0.1651161151738801,0.0,0.0,0.18008991049779105,0.027887985589113453,0.22252387396650444,0.21095120773329143,0.2088591439980774
2024,11,Quebranto Patrimonial,1.2570032459589398,1.3145159576629528,1.3257989688822371,1.148438902050598,1.183637747842386,1.622309620985996,1.0086996258395438,1.3858777380133414,1.3157818348938362,1.4049335557482499,,,,1.4051595493290006,1.3979423864683482,1.5934504467236925,,1.8097001675640263,1.5494653746680358,1.6217204216382772,1.3490597049653157,1.3321140660656712,,1.773240236593368,1.6888939267315266,1.2940946172798904,1.8004729686875656,1.3208481854165832,1.1864425672032664,3.0341716991553636,1.384400240173446,,5.256121060837638,1.1675752612162575,1.4212153829259104,,3.374331812837382,1.3373009083946148,1.2657329374295165,1.4345575434409772,1.5512379614975578,1.2045903733785728,1.286346311973423,1.3294389488048246,1.1290224698300122,1.250428661922689,2.206819672177799,1.0865379968658102,2.7024576313802626,1.4671614881634019,1.7441372188536077,1.2402926771852836,2.0512678962828184,,,1.7388156819861527,1.4365516901397093,2.4549467483135765,1.4576237911765875,1.5462665001919125,1.3119519677595777,1.9207658873045657,1.211834296300013,1.179527692807098,,1.5819452786225292,1.311231983267693,1.7175960303067235,1.2771806773038479,1.1572605609151956,2.021114395527309,1.8043767458062598,1.8525065077747223,1.199463983760205,1.0668470034404747,,1.3913783906524142,1.248657144555581,1.331704268675086,,0.8765419733481897,1.3686955425263039,,1.2219825847002577,1.3251047007470893,2.3582641569921337,1.2887166698074897,1.6416690552397766,,1.3347248781895316,,1.2218523845390235,1.3546661751651277,1.2113732846215854,1.3618972594399892,1.2672884012075638,,1.3271558140898008,1.3725497871002175,1.3428568228789377,1.2937732241811857,2.5515677003617214,,1.2163010419444207,,1.51233534347212,0.9085698514560351,,1.6343965250347228,,1.9389543042302695,1.3835791345420327,1.7397917617618166,4.740662317035252,1.5599233261661927,1.3675028382464844,1.5762488753065762,,2.0328682848669324,1.9449923872363517,,0.9954957288767682,1.724254844758027,1.7893430437196376,2.398863984136645,2.0747534089487254,,1.5573205268128487,5.077962909523873,1.239944265402788,1.4314826842123585,2.261133554485041,,1.229117707149627,1.4038060810329434,1.264866973957481,,1.2167755287353927,1.1822014347199432,1.4264940471235665,1.6082973746827622,,1.3457644562406796,2.190378579218524,1.6382097744197877,2.6456632546648833,1.0774010339573905,1.218437780737457,,1.5842286732587452,1.9480386142129982,2.018951891575929,0.9707538228894529,1.6173549535842437,1.301022422245846,1.390493056362869,,1.4113838356645152,1.5291367738968096,,1.5882117844575903,1.1579240055649307,1.1567333695678064,1.6967638627731736,1.3824657834127778,,1.8786366844128877,,,1.5790328611160653,1.1993708555814306,2.462349446069585,2.3418873063429877,0.842824520208504
2024,11,Relación Solvencia,0.0,0.0,0.0,0.0,0.0,0.0,0.0,0.0,0.0,0.0,0.0,0.0,0.0,0.0,0.0,0.0,0.0,0.0,0.0,0.0,0.0,0.0,0.0,0.0,0.0,0.0,0.0,0.0,0.0,0.0,0.0,0.0,0.0,0.0,0.0,0.0,0.0,0.0,0.0,0.0,0.0,0.0,0.0,0.0,0.0,0.0,0.0,0.0,0.0,0.0,0.0,0.0,0.0,0.0,0.0,0.0,0.0,0.0,0.0,0.0,0.0,0.0,0.0,0.0,0.0,0.0,0.0,0.0,0.0,0.0,0.0,0.0,0.0,0.0,0.0,0.0,0.0,0.0,0.0,0.0,0.0,0.0,0.0,0.0,0.0,0.0,0.0,0.0,0.0,0.0,0.0,0.0,0.0,0.0,0.0,0.0,0.0,0.0,0.0,0.0,0.0,0.0,0.0,0.0,0.0,0.0,0.0,0.0,0.0,0.0,0.0,0.0,0.0,0.0,0.0,0.0,0.0,0.0,0.0,0.0,0.0,0.0,0.0,0.0,0.0,0.0,0.0,0.0,0.0,0.0,0.0,0.0,0.0,0.0,0.0,0.0,0.0,0.0,0.0,0.0,0.0,0.0,0.0,0.0,0.0,0.0,0.0,0.0,0.0,0.0,0.0,0.0,0.0,0.0,0.0,0.0,0.0,0.0,0.0,0.0,0.0,0.0,0.0,0.0,0.0,0.0,0.0,0.0,0.0,0.0,0.0,0.0,0.0,0.0
2024,11,Relación entre Aportes sociales mínimos no reducibles y Capital Social,0.4813774473136347,0.9197261543478173,0.7585652074214151,0.6383530038353546,0.1987112081173631,0.9196294861579996,0.9115575324576284,0.2185459128850781,0.7046933622821289,0.5713584039453478,0.0,0.0,0.0,1.0,0.6519352829680561,0.846233453365587,0.0,0.9240942389191419,0.6394940175499021,0.9391561775141495,0.9087939034177768,0.3704676786552374,0.0,0.560115889674696,0.7471402985670619,0.836675414959488,0.13176902305179766,0.5380660220659432,0.24067732636187134,0.7718149986997039,0.7456863508547884,0.0,0.8153680501462595,0.5597708117332908,0.8094500565206418,0.0,0.8389793613737179,0.9270071658017255,0.7799339116839532,0.6178600247958587,0.39482134701767113,0.555097787734895,0.17708795611077796,0.6602011103864478,0.9133995745196437,0.5286721895846734,0.718061681882913,0.6866351254764904,0.4659699165338284,0.6469742512889259,0.7239793636183156,0.854967918534383,0.7719932312870303,0.0,0.0,0.6657178488833798,0.3602394928180036,0.6628381126213113,0.6490354978737649,0.5477036268404702,0.47813309492361883,0.38105179314991555,0.5714732278910418,0.9833788902652933,0.0,0.6008269049666138,0.6278093311121785,0.6047013278277719,0.8273308294651667,0.7699183478835141,0.6677124636967293,0.8247968311024229,0.3951597764964259,0.576642230511182,0.27716821948060794,0.0,0.7149515743821416,0.39603270661222856,0.24829022902849995,0.0,0.7330522870849097,0.44890863711145856,0.0,0.4101311489771539,0.26200370603996154,1.0,0.46608358392095084,0.7508323494594565,0.0,0.20500524034683837,0.0,0.26778783186898886,0.46679625755571885,0.5023904582782103,0.04677579273728518,0.9592716432412183,0.0,0.4858513723054817,0.6405177192407596,0.41412111901308357,0.9126339313915345,0.6376574676989434,0.0,0.47196211892097145,0.0,0.9230205576523132,0.8904251947054421,0.0,0.5968339089787509,0.0,0.7548743982145055,0.7383633917020218,0.7227101162504541,0.41149433185496376,0.8293575112776522,0.717756338535696,0.45685123529129,0.0,0.8062971349226941,0.8037781980286669,0.0,0.9114993924482588,0.8402096331215081,0.5935311921385349,0.9272193724765965,0.9315961941763939,0.0,0.5694328724284081,0.7597394588485757,0.7605521713413039,0.7271885133249318,0.8760225264336867,0.0,0.7709610433050506,0.9944258518394169,0.3758415593233789,0.0,0.5038866174612887,0.546135632776299,0.6443801129650865,0.5512283417668513,0.0,0.531696033722124,0.9056233614806105,0.7843609668369129,0.7788639556546257,0.7085275511127133,0.3214895864564768,0.0,0.9501627150153827,0.52914219688496,0.884098714476759,0.904168389702127,0.5861168266021399,0.25932268326585683,0.7090759970557747,0.0,0.851545256905724,0.24481942162433395,0.0,0.9521172242114515,0.5237914196323166,0.3894732062576635,0.1333187137398529,0.8624149608684469,0.0,0.8591347664523971,0.0,0.0,0.34670136859237044,0.700000000019062,0.45247561753882004,0.6438741862200981,0.9208740912885199
2024,11,Relación entre el Capital Institucional y el Activo Total,0.07230916638828425,0.07738619050385759,0.07659365198412821,0.02666120668290601,0.04441882618401948,0.16221225146585314,0.00024173382317575835,0.08476835724199246,0.038778363079773344,0.05702804933717086,0.0,0.0,0.0,0.04945252206811366,0.0792191779443518,0.24135928823453476,0.0,0.06612515375576403,0.06094085164592038,0.06256426290069572,0.04418016247993342,0.0789831879007515,0.0,0.09697212919047812,0.05892533286741276,0.020769738015518537,0.10162083191948926,0.05258894309161211,0.039844893748255956,0.0993124397020346,0.1330325260768888,0.0,0.33612417961405505,0.056648413135334336,0.08088873324458729,0.0,0.17280188811914257,0.06727026874004796,0.07552932277694288,0.041062965849174904,0.06638462345569318,0.03437775123168687,0.13414830718782805,0.06639061610010089,0.05771527676189782,0.06515706965630377,0.1442168966030674,0.022531016536633343,0.13552435577407476,0.0508823020535902,0.05949246635247433,0.0758336553021294,0.13796554833982413,0.0,0.0,0.07114670452309138,0.0586024890547127,0.10823378762993269,0.04002016107632256,0.11436152688123409,0.043804964445986576,0.09161167692443402,0.05453267720630095,0.11700159573255882,0.0,0.07739301963730749,0.04482200615381899,0.10807205099483057,0.0998134364882969,0.05272231872548795,0.10945631491724293,0.06783783986826092,0.1737188043329285,0.041238463138116764,0.021332155953861245,0.0,0.07815216777349948,0.07826372889755169,0.07132162921726504,0.0,0.007495126729098361,0.07692441879614556,0.0,0.03106620227367237,0.10562396976664508,0.13534655442489615,0.04651949988297991,0.09863885790187712,0.0,0.07488221338070582,0.0,0.07210679982778526,0.10187535910731303,0.050660659015851164,0.1540820169828471,0.14769408721654734,0.0,0.0796081420674727,0.05573611189872286,0.07714106607158867,0.10331166323679167,0.15057329139408815,0.0,0.060462990708939644,0.0,0.11461790762984735,0.05732750475645886,0.0,0.09720415122264127,0.0,0.1444475720877487,0.0750226035859142,0.2528483552528896,0.2317881422843962,0.07041424338705435,0.06432602596255388,0.07992581244265826,0.0,0.13366901628339276,0.10590700694513203,0.0,0.0,0.1163519001613132,0.09678902452845044,0.11610971003299801,0.10442631098779927,0.0,0.07246403091053628,0.07628223113412558,0.04129516289451801,0.06921116713384164,0.328147905791561,0.0,0.03016349943583164,0.1218217242548452,0.08662455399366621,0.0,0.07984154641583967,0.03756647703973137,0.14308842328825766,0.07742155118420266,0.0,0.09594923242212855,0.0835976462695666,0.028744170310181477,0.12958825580367156,0.02246087440697338,0.04987572451421521,0.0,0.028222499356101317,0.09147948477766228,0.20891362519952472,0.01809135181669169,0.2251682347530137,0.11979581239446037,0.12310105149741576,0.0,0.10955079932965979,0.08537519302024993,0.0,0.07805181482224055,0.017745876076838765,0.02915582011651614,0.21157297301604086,0.09607927048873871,0.0,0.17213781437380277,0.0,0.0,0.18017174226547528,0.02482119209030054,0.2191280124544231,0.20897859174531389,0.21072100291760168
2024,12,Quebranto Patrimonial,1.2669564514899074,1.3367637429319539,1.3284362175054956,1.1481362807341673,1.1700822452290955,1.629984256592286,1.0140075384253755,1.3858551990795485,1.312730917263454,1.4110578460169325,,,,1.4315890875059085,1.392271290336271,1.590179798349413,,1.8136801133169431,1.527621717201486,1.6507306781597406,1.3441807314419523,1.32832339180326,,1.753976746585703,1.6689931651637893,1.2678783188958043,1.798454013193185,1.302795729083725,1.1896762678566992,2.997424120175334,1.395941923006072,,5.2893605489708415,1.1568950714658346,1.4244744918216663,,3.3597265055214853,1.3355305686258274,1.2493051954509924,1.4473707980756934,1.5767811164920043,1.2105315379472263,1.2885647273461631,1.331210648985519,1.1357823972266539,1.2809335653068827,2.1543601052539763,1.0857799506535706,2.712391396662093,1.4667102726262027,1.7164635581050436,1.2396098050327051,2.016065633901588,,,1.724333398551695,1.417101835743063,2.450272582165994,1.5114207756752753,1.5425402879765164,1.3247501892708293,1.9197638038655414,1.204131644977825,1.1667020340786498,,1.6099463937190692,1.3222625293167138,1.6982283130255615,1.2809487521247407,1.1680521184115507,2.021735192967011,1.7954203448608659,1.8610762124420068,1.2042747667403721,1.0652483439633746,,1.3656949055810141,1.2416065843003499,1.2972832847411604,,0.8775938314399251,1.3635119968754097,,1.2123628355449851,1.3252308979341925,2.348677144189039,1.255839615340714,1.62664593450656,,1.3242749001719645,,1.2031296879975093,1.3676234529919935,1.1662871234130232,1.3642075534101767,1.2853311016751878,,1.3265856091992705,1.3736760229945333,1.3310027787239689,1.3005065152513426,2.5120907269563997,,1.2194309148282978,,1.5185376660818624,0.9076295789882518,,1.614128153860773,,1.8973956259162934,1.3860495695613513,1.7414625528464527,4.819639234797209,1.5738221776170205,1.4012518533277694,1.6394809023782921,,1.958972734155537,1.9157278127292274,,0.992474066682341,1.71942211248548,1.7744498890877334,2.395969616673819,2.078025703380033,,1.5617641082662608,5.031798211007812,1.239312147596528,1.421735830295724,2.3149112561068086,,1.2346070204027617,1.3833438431316516,1.2658901768851392,,1.2230441830262484,1.16960858974748,1.421917065311899,1.6136822259668904,,1.3398550642581213,2.176172096578097,1.623573516317744,2.6555193655192424,1.0662863904907518,1.2081178078954113,,1.565955028607101,1.945835768341522,2.0186444209658623,0.9672978274480609,1.62532462432828,1.3029988486119846,1.3630921582296565,,1.4006923541349021,1.51739727523202,,1.5946705715735918,1.1635271414969233,1.159258384723784,1.7008910102698356,1.3888146779845678,,1.8801730483775227,,,1.5867204881553731,1.1971143828196462,2.5075704043178044,2.325163354542482,1.1154878814476614
2024,12,Relación Solvencia,0.0,0.0,0.0,0.0,0.0,0.0,0.0,0.0,0.0,0.0,0.0,0.0,0.0,0.0,0.0,0.0,0.0,0.0,0.0,0.0,0.0,0.0,0.0,0.0,0.0,0.0,0.0,0.0,0.0,0.0,0.0,0.0,0.0,0.0,0.0,0.0,0.0,0.0,0.0,0.0,0.0,0.0,0.0,0.0,0.0,0.0,0.0,0.0,0.0,0.0,0.0,0.0,0.0,0.0,0.0,0.0,0.0,0.0,0.0,0.0,0.0,0.0,0.0,0.0,0.0,0.0,0.0,0.0,0.0,0.0,0.0,0.0,0.0,0.0,0.0,0.0,0.0,0.0,0.0,0.0,0.0,0.0,0.0,0.0,0.0,0.0,0.0,0.0,0.0,0.0,0.0,0.0,0.0,0.0,0.0,0.0,0.0,0.0,0.0,0.0,0.0,0.0,0.0,0.0,0.0,0.0,0.0,0.0,0.0,0.0,0.0,0.0,0.0,0.0,0.0,0.0,0.0,0.0,0.0,0.0,0.0,0.0,0.0,0.0,0.0,0.0,0.0,0.0,0.0,0.0,0.0,0.0,0.0,0.0,0.0,0.0,0.0,0.0,0.0,0.0,0.0,0.0,0.0,0.0,0.0,0.0,0.0,0.0,0.0,0.0,0.0,0.0,0.0,0.0,0.0,0.0,0.0,0.0,0.0,0.0,0.0,0.0,0.0,0.0,0.0,0.0,0.0,0.0,0.0,0.0,0.0,0.0,0.0,0.0
2024,12,Relación entre Aportes sociales mínimos no reducibles y Capital Social,0.48103831714896433,0.9135759137847655,0.757703108133306,0.6320177095358788,0.19608282190348725,0.9099175881225243,0.910736267028379,0.21675008805335608,0.6972136592307354,0.5641193617130081,0.0,0.0,0.0,1.0,0.6476185115518194,0.9171326489040131,0.0,0.924098953073931,0.662805786960485,0.9895424995924927,0.9082077546012175,0.36928165107042077,0.0,0.5578043028821161,0.7419503942124328,0.8172402574698086,0.13086717955213567,0.5330318363892701,0.23900211084056167,0.7718149986997039,0.7374899643495612,0.0,0.8088222044001739,0.5526666727254365,0.8024563903717699,0.0,0.835483674359274,0.9770470143066835,0.7711886877000459,0.6153703244565106,0.39147220966945256,0.5896433588014593,0.17534211022129373,0.7340677726315645,0.7801580529340606,0.5224561835508308,0.7022735478169981,0.6858935718834647,0.4638735416517025,0.6449767474904916,0.7155114058079327,0.8573568880641155,0.7692010593149146,0.0,0.0,0.6676244910364512,0.3576422964356129,0.6563137974979395,0.6411411233457465,0.5434527702602189,0.47416140908812926,0.37878931729328874,0.5697882323344369,0.975463285705589,0.0,0.5928329243812851,0.6254836407910038,0.5983040092734654,0.8189238719686387,0.767213436397437,0.6602226309715303,0.8252879591443779,0.39376579356625346,0.574433709275346,0.27653667196576576,0.0,0.7052425249596146,0.39402258412984625,0.24565093960397813,0.0,0.7262573265365521,0.4475716293608279,0.0,0.4073132305458661,0.26048319902046985,1.0,0.46043007532301616,0.7508911175160405,0.0,0.20303305552484138,0.0,0.2666133358809055,0.4612586245081448,0.49663363523412324,0.04658273894896418,0.95856800440402,0.0,0.4844439602448329,0.6374529083884256,0.41154867280869445,0.9178837519415937,0.6350601784720948,0.0,0.4689266567059635,0.0,0.9102420231137232,0.8864870116486278,0.0,0.5886528908888113,0.0,0.7543848062468382,0.73480464183978,0.7186712889436901,0.4089633916630132,0.8326410769155914,0.7152770394248904,0.4546232884442422,0.0,0.7922483237053469,0.7888006060291682,0.0,0.9081259297704455,0.8306698612976587,0.587448043988731,0.9196572395116062,0.9294601870735373,0.0,0.566617765423409,0.7500403625278306,0.7592896815738974,0.7309593829414639,0.8938506544530196,0.0,0.7651883615439699,0.9923249463049127,0.37314761135880165,0.0,0.5021600438566761,0.5421851014080677,0.6434040240070809,0.5448920572542273,0.0,0.5316347666074525,0.8939985513901816,0.7799858698326086,0.7779159125967109,0.7081490585720726,0.31762120491137025,0.0,0.9501612521906729,0.5272327822771377,0.8831162844494501,0.9140657196116658,0.5853163880317126,0.2573524038029446,0.6960194075926345,0.0,0.852616325260516,0.2402901782702623,0.0,0.95209635085136,0.5207501897253655,0.3854179849513669,0.13935274872664266,0.8586919271258491,0.0,0.8552405187349943,0.0,0.0,0.3435402761536175,0.7000000000851783,0.45309966221189396,0.6450477951861692,0.917796656476376
2024,12,Relación entre el Capital Institucional y el Activo Total,0.07388819553263733,0.07748258425960498,0.07697081480814263,0.02636666936641204,0.04442959246768257,0.161436919221363,0.0002467841506898649,0.08513349652320795,0.0395902651146964,0.055780904331858394,0.0,0.0,0.0,0.04993409618788292,0.07692698802833223,0.24342442815024204,0.0,0.06889141150438624,0.06257240562815791,0.06343132204227232,0.045482198901709604,0.07914849358079393,0.0,0.09627947780922347,0.05775225207856696,0.01993178731181151,0.10281738916132369,0.050182657341444836,0.039213744423024215,0.1002248461071603,0.13647605794687678,0.0,0.3287584805931286,0.055980096983233155,0.08118359840880528,0.0,0.17246109150881567,0.06702777708361779,0.07547769761197227,0.041736054811254315,0.06481027704593183,0.034476501208805764,0.1341956501514252,0.06633702988830116,0.05827282983724414,0.06335503798265375,0.12691155321778336,0.02296267056720125,0.12994399282782987,0.05094897633311392,0.05962851831755536,0.07620243094683259,0.1411586458234988,0.0,0.0,0.07225253655717596,0.059630818577303124,0.10628760454873883,0.03948849621498161,0.11470598409214357,0.04297580962405747,0.09105919985547202,0.054797021408769166,0.12437002494531267,0.0,0.0767265923161146,0.04437130531671283,0.1068583545220079,0.09748207963925491,0.053359809238997094,0.10018533040587467,0.06653779148965619,0.1728992917828717,0.040981151800517764,0.02142724451823739,0.0,0.07950401752737062,0.08606142759633353,0.07187065195531299,0.0,0.007282418988108635,0.07756919313360275,0.0,0.031043005149886886,0.10429031651313772,0.13421782987371367,0.045783430501967114,0.09866552594718277,0.0,0.07410944868058555,0.0,0.07181827209812276,0.09965699036060617,0.05021664707848385,0.15551384235377827,0.15406818457963808,0.0,0.08155741182166834,0.05489436992518779,0.07692773285956592,0.10398176890604552,0.15169114152718657,0.0,0.059494005770300305,0.0,0.11175595757513483,0.054377085589250154,0.0,0.09474863338067405,0.0,0.14615329879983394,0.07630838306344162,0.25075202872397084,0.22406350958223825,0.07119561194847694,0.06294930482578708,0.07949293971385195,0.0,0.130836005861914,0.10061562391757636,0.0,0.0,0.11498826316125704,0.09559348886070414,0.11739999331901389,0.10590970934094644,0.0,0.0710056042749035,0.07566269003467276,0.040792512728402744,0.06723857021948239,0.3274070428618232,0.0,0.029929486347945847,0.12326941550889467,0.08735951934314931,0.0,0.0807239881288308,0.03858309377588497,0.1429504864817917,0.077935273518878,0.0,0.09325563724711117,0.08292228709584558,0.028281790507809053,0.13008775477695897,0.02251285121243832,0.048580985049269776,0.0,0.028441711821879562,0.08895042361425921,0.20823958726431632,0.02013395737807033,0.22959955711420163,0.11972407757644371,0.1192303804128793,0.0,0.10874700616303352,0.08509655143646097,0.0,0.07868045318253138,0.017570729867823473,0.029145650000621134,0.21132609872927038,0.09424836499610419,0.0,0.17404519954405104,0.0,0.0,0.17766286777368193,0.022577012498192953,0.2191766504873839,0.20708772726514083,0.18742594100560936
2025,1,Quebranto Patrimonial,1.2669666231674404,1.2923214401395529,1.333181367387654,1.1499553074297009,1.1747172941583806,1.640744769253093,0.9996969070868447,1.3848653673567368,1.312499441061016,1.4231353639218474,,,,1.4568496142816432,1.3918457652677017,1.591698088492761,,1.8204253626374418,1.521069389166845,1.7289944762225118,1.3485812134803925,1.3327526542688803,,1.7659132162777036,1.6627185112976508,1.2707262550276783,1.811593451823203,1.3134399584249625,1.1920541889110163,3.06081887229493,1.408333708701269,,5.315458653080394,1.1589544306920219,1.4280356062225288,,3.379160485565006,1.3358533602430527,1.252732659296986,1.4461294493537646,1.5983888641124293,1.2174396366546012,1.2906242828449503,1.3365483634651025,1.1396001238362141,1.295007217727527,2.169693813210893,1.0794785272047527,2.7369109778429426,1.4643958524084437,1.7400702861740558,1.2383883612773263,2.022736407733573,,,1.7491938774164093,1.4170791293264193,2.458916168095477,1.5142318838451303,1.5482795911465184,1.3399139299776097,1.9273715105207347,1.2204673399811456,1.1656553446459637,,1.609668885483975,1.3262105742114536,1.7124430248758193,1.2815792025514565,1.302353730979208,2.0322853124041713,1.8030022190883686,1.8560020935201895,1.2086838023494166,1.0700316940431616,,1.3658874115690893,1.2470207452957198,1.3093054437103686,,0.8773108101247522,1.4301492857422995,,1.211613712702508,1.3293659756912963,2.302127930193629,1.2659429234488067,1.6356318674831294,,1.331625656539469,,1.2073524534188642,1.371376317237431,1.180649555643306,1.3712898976974157,1.2567308173951788,,1.3379191119477316,1.388659627540314,1.3348363798628093,1.300120116748436,2.5227940553118717,,1.2247588123909052,,1.5293271707282892,0.906890923148714,,1.619054984853473,,1.8956455208721341,1.3861526968848827,1.750685219129335,4.773066178668757,1.578253949752738,1.4507474032226568,1.6434997439682164,,1.9604118066757883,1.9323699306376647,,1.0111671788131047,1.731607673598787,1.787873495922825,2.4321971725380513,2.0889602362398567,,1.586964734377095,5.034976293495666,1.2383713290633727,1.4141145532593056,2.2645982890350367,,1.2361763837969477,1.381003981925715,1.268910954667369,,1.2133949537456208,1.1698510068150911,1.4215679316270453,1.6135483946978977,,1.3445700654573667,2.2032219956421124,1.6096957086015073,2.6763203803349866,1.0665239334318215,1.2184365912438109,,1.5653862031275987,1.9492714070144093,2.0260433561861015,0.9680061671092574,1.6260260747914792,1.3074476121648846,1.3583320761654891,,1.379727956763232,1.5331771721680678,,1.5994319561609485,1.1676449505627071,1.1636284086205824,1.7025936278075233,1.3889524153757289,,1.8881536874179194,,,1.5962716470579241,1.2085566520373467,2.541683274671707,2.3447511117523296,1.1158760732071604
2025,1,Relación Solvencia,0.0,0.0,0.0,0.0,0.0,0.0,0.0,0.0,0.0,0.0,0.0,0.0,0.0,0.0,0.0,0.0,0.0,0.0,0.0,0.0,0.0,0.0,0.0,0.0,0.0,0.0,0.0,0.0,0.0,0.0,0.0,0.0,0.0,0.0,0.0,0.0,0.0,0.0,0.0,0.0,0.0,0.0,0.0,0.0,0.0,0.0,0.0,0.0,0.0,0.0,0.0,0.0,0.0,0.0,0.0,0.0,0.0,0.0,0.0,0.0,0.0,0.0,0.0,0.0,0.0,0.0,0.0,0.0,0.0,0.0,0.0,0.0,0.0,0.0,0.0,0.0,0.0,0.0,0.0,0.0,0.0,0.0,0.0,0.0,0.0,0.0,0.0,0.0,0.0,0.0,0.0,0.0,0.0,0.0,0.0,0.0,0.0,0.0,0.0,0.0,0.0,0.0,0.0,0.0,0.0,0.0,0.0,0.0,0.0,0.0,0.0,0.0,0.0,0.0,0.0,0.0,0.0,0.0,0.0,0.0,0.0,0.0,0.0,0.0,0.0,0.0,0.0,0.0,0.0,0.0,0.0,0.0,0.0,0.0,0.0,0.0,0.0,0.0,0.0,0.0,0.0,0.0,0.0,0.0,0.0,0.0,0.0,0.0,0.0,0.0,0.0,0.0,0.0,0.0,0.0,0.0,0.0,0.0,0.0,0.0,0.0,0.0,0.0,0.0,0.0,0.0,0.0,0.0,0.0,0.0,0.0,0.0,0.0,0.0
2025,1,Relación entre Aportes sociales mínimos no reducibles y Capital Social,0.5246684738838013,0.9075719869724694,0.7560203392782749,0.6278360474142778,0.21149754054765857,0.9909579842007261,0.9086577499665404,0.2359315359646418,0.7574758387411363,0.6025427514339723,0.0,0.0,0.0,1.0,0.6782200150803249,0.9130916666659119,0.0,0.9241038818953202,0.6580706594953448,0.9823524822464694,0.9191407965049729,0.3677122636076158,0.0,0.6014886900033409,0.8008206547003972,0.895291667320114,0.1301827869700137,0.5815350299571258,0.2567253051552803,0.7718149986997039,0.8055057686008641,0.0,0.8076892907460107,0.5980042821623158,0.8747315112458471,0.0,0.8311988063998796,0.9777352044117995,0.7786409584859068,0.6110313644352563,0.3904114184305963,0.6199959789844753,0.1827522206899124,0.7324092038949954,0.772633751826271,0.5695899023938586,0.7568305341770031,0.6858035998998144,0.4840675779675731,0.6993560233890712,0.7741721906151218,0.8394314583327938,0.8362708259956809,0.0,0.0,0.6744998699259822,0.34895084376546737,0.709724429585634,0.68333907903924,0.5907172972317853,0.5151063053716869,0.39911753517623905,0.6229976136072741,0.9678786318163125,0.0,0.6453975078542212,0.6246285203240726,0.6035379158562101,0.816266957861976,0.7934376364737661,0.7124514927446678,0.8497880474711529,0.41348500761466306,0.6228571696724231,0.30089418392077794,0.0,0.7392971479979914,0.4290951933426442,0.24576782572959138,0.0,0.7287848232874959,0.44870525146069645,0.0,0.443838687866781,0.2587667493908287,1.0,0.5000655770742829,0.7525124956035556,0.0,0.20231525974911083,0.0,0.29104473487860133,0.5017346510585569,0.5013385136457279,0.048873682222813464,0.9646339826616818,0.0,0.4806742304978371,0.6340113177767567,0.4486899465783617,0.9158889327355623,0.6899964240576066,0.0,0.5111755084098144,0.0,0.9075852450030427,0.9955588735365344,0.0,0.6377829681758297,0.0,0.8239200686509474,0.7324965714275743,0.78784853750998,0.43992510143240426,0.8338056249961866,0.7784266576980193,0.490224299162239,0.0,0.7747215113131243,0.8598839206240337,0.0,0.9044377277977907,0.9027383900511654,0.6132959311265713,0.9151678642134407,0.937448042523084,0.0,0.5616647848070764,0.821928132594532,0.7536241494492828,0.7353422950361713,0.8884166123617356,0.0,0.8420226566512659,0.9916014181683366,0.40611116756976845,0.0,0.5054575543560097,0.5915235737558192,0.6696891501200778,0.542479850351353,0.0,0.6089531407613655,0.8937795633392038,0.8513925123502136,0.8502353933358855,0.7736952305670451,0.34532937875376,0.0,0.9501595268813253,0.5241056258778678,0.9348731503879177,0.9069904902082673,0.6144574460405654,0.28129228693936686,0.6919296292484437,0.0,0.8630369418422298,0.23659211837668254,0.0,0.9520768609411355,0.5171926666008568,0.41887036298124136,0.13874540678574174,0.8497924351494506,0.0,0.8589815251559331,0.0,0.0,0.3417906026182112,0.7000000000043278,0.45555519017622687,0.6467563016125898,0.9151547008478162
2025,1,Relación entre el Capital Institucional y el Activo Total,0.07351667507453445,0.07838624049121093,0.07565649103842219,0.026153020367912002,0.04432783846312633,0.159425277779654,0.00023614772464883833,0.08111084547559916,0.039391039042726755,0.05411146790636058,0.0,0.0,0.0,0.04932326087305014,0.07431355089721434,0.2410762000599782,0.0,0.06847908624702809,0.06195169286290741,0.05879285835056827,0.04595587155822449,0.07824927015084353,0.0,0.0944405893162335,0.058310938175195046,0.020553810680008142,0.10136054909336624,0.04918317795837731,0.038449683654030106,0.09879587291295441,0.13470406227829143,0.0,0.32246698203686475,0.05511297543863926,0.07959217901816078,0.0,0.1700582867040818,0.06670194032403537,0.0750189375792445,0.041429637441918736,0.06412996762148053,0.034329974043902714,0.1330922383362884,0.06539399055486397,0.0578500312515272,0.062064907564768575,0.1165676234441119,0.02306350829574209,0.12989741975087896,0.0504757824008158,0.054617057783442065,0.07198464048468982,0.1411832238197131,0.0,0.0,0.07149683556102014,0.05851919560783716,0.10354390767185208,0.03876065143386349,0.11302378180722869,0.04359533699463308,0.08884760298222229,0.05329278341975678,0.12119855776819681,0.0,0.0737020251406481,0.04323158564662275,0.10574487374140314,0.09571468487971434,0.05076848172353887,0.0959046364556632,0.06470459790748516,0.172841685023848,0.04086332953474165,0.01954193747556456,0.0,0.08014214245459705,0.08525818758792571,0.07139443947487088,0.0,0.007360297288537387,0.07565277935665617,0.0,0.031050241065764407,0.10317499474112835,0.13301280451590441,0.045010984697692824,0.09990684477631909,0.0,0.07460671396009824,0.0,0.07197656575316934,0.09868889416131084,0.05034459883579198,0.15550228120447912,0.1590852836018205,0.0,0.07982422738481024,0.05674686112341441,0.07593533694555794,0.10160301034347013,0.14992350355367784,0.0,0.05909102863648682,0.0,0.10381347193849544,0.05650751243500305,0.0,0.09204681394446143,0.0,0.14587718859760312,0.07573797623075539,0.24909285381749702,0.22205287981056834,0.06906597302889297,0.06047745595431312,0.07972133023361185,0.0,0.1227580221858255,0.09831990076791901,0.0,0.0,0.11535945108105591,0.09343831133404433,0.11571455928649309,0.10569483031007512,0.0,0.06900678549062947,0.07639247907763859,0.04031526542562177,0.06687526156117261,0.33442733098416805,0.0,0.03116331750215,0.12456393763302705,0.08714079434157473,0.0,0.08097477313792568,0.038853873159503616,0.1422831172707407,0.0762163899849237,0.0,0.09247230468442318,0.08268011061262288,0.028300005606047254,0.1306385319041942,0.022415183230782763,0.0487459182195698,0.0,0.028538274593735875,0.08618190584779487,0.20340783007635801,0.020382285471322422,0.2302624233474296,0.11858409802976573,0.12068371785385971,0.0,0.10324875290440166,0.08375019526862705,0.0,0.07898644824785513,0.017254999278326483,0.02879009960531734,0.21057622411207566,0.09536728699157411,0.0,0.1707575987866998,0.0,0.0,0.17520437437904987,0.023687321571788267,0.2156474695893506,0.20717348442579048,0.18918730872017644
2025,2,Quebranto Patrimonial,1.250050462167555,1.3051746507971205,1.3300752996591088,1.155316257865224,1.1745762242934432,1.6578530055764578,1.0029141149834584,1.3877886177162204,1.3122691738466565,1.4221814932810621,,,,1.4282451022529723,1.3918726993113573,1.5927921147891537,,1.8223398574089507,1.4998533932122413,1.691108258887534,1.3502276270569764,1.3339734069715499,,1.779643154282084,1.6502740219172922,1.2659565534640056,1.8262873256641239,1.3127285356688003,1.2003712260468082,3.124652304953761,1.4192922226323053,,5.308454961537807,1.162597669656894,1.4314746361520085,,3.396793659698237,1.3240750744529497,1.2573363370592716,1.4191357295732965,1.6092181123094913,1.2068128646804845,1.2949712125322483,1.341528400052469,1.1301225223202018,1.2990508209254588,2.166608736575393,1.0814743447729436,2.760557031844958,1.4592557436066904,1.7580809174404612,1.2276155449557973,2.0343408080434116,,,1.7458362121536997,1.4213605221299228,2.4719024445480393,1.5235720997636724,1.5431683979950652,1.3409049576625962,1.9213415437486248,1.2162120519550446,1.1487829867447736,,1.610664261517602,1.32920595285944,1.7074238696432813,1.2819783027781282,1.3015834125107406,2.04632131230247,1.8284796497759606,1.8621102093788129,1.206246899474131,1.0750599583608693,,1.364308569443568,1.2519098733373752,1.3251184144244086,,0.8792168813105827,1.4330737527744437,,1.211083323124979,1.3352100422020272,2.346733527486288,1.2689732995497625,1.647983066514853,,1.3331912058068802,,1.207213270997391,1.375506314757876,1.1744860735142424,1.3743410649905103,1.2365198782956062,,1.3389823224997772,1.3799086367498508,1.3395344050443023,1.3012798406078503,2.5403265941143727,,1.2292059789407481,,1.5303870269065325,0.9017461731154258,,1.5961944575552933,,1.8924773305162113,1.3858973263268684,1.7522585808398226,4.785785214591544,1.5891830189839766,1.4662687085409531,1.6417204694737209,,1.9729098156226608,1.9439120996372512,,1.0122215471017366,1.7371464884828873,1.8041627945992902,2.4560333043054436,2.089234063490409,,1.613308172637981,5.029945912144216,1.2361705319083238,1.424270065830943,2.2646447336419544,,1.2219238756286737,1.3754807934694644,1.268047061779859,,1.2092670670631094,1.1700651088140526,1.4315357936123256,1.6206127876540621,,1.3538157004162783,2.1740265256719487,1.5956710713265412,2.6882673099892713,1.039720420041555,1.2190653280242192,,1.5591733620932016,1.9606669230645986,2.0272021549012718,0.9606227099003485,1.6317664075273044,1.309744305264511,1.3722908740141047,,1.373018791338214,1.5442537187045353,,,1.165441218117851,1.1695069521947126,1.7004671399191338,1.3841825634604692,,1.8972094829976267,,,1.5962764053169243,1.22240040838375,2.55774345107017,2.3814077721645814,1.1011557711784068
2025,2,Relación Solvencia,0.0,0.0,0.0,0.0,0.0,0.0,0.0,0.0,0.0,0.0,0.0,0.0,0.0,0.0,0.0,0.0,0.0,0.0,0.0,0.0,0.0,0.0,0.0,0.0,0.0,0.0,0.0,0.0,0.0,0.0,0.0,0.0,0.0,0.0,0.0,0.0,0.0,0.0,0.0,0.0,0.0,0.0,0.0,0.0,0.0,0.0,0.0,0.0,0.0,0.0,0.0,0.0,0.0,0.0,0.0,0.0,0.0,0.0,0.0,0.0,0.0,0.0,0.0,0.0,0.0,0.0,0.0,0.0,0.0,0.0,0.0,0.0,0.0,0.0,0.0,0.0,0.0,0.0,0.0,0.0,0.0,0.0,0.0,0.0,0.0,0.0,0.0,0.0,0.0,0.0,0.0,0.0,0.0,0.0,0.0,0.0,0.0,0.0,0.0,0.0,0.0,0.0,0.0,0.0,0.0,0.0,0.0,0.0,0.0,0.0,0.0,0.0,0.0,0.0,0.0,0.0,0.0,0.0,0.0,0.0,0.0,0.0,0.0,0.0,0.0,0.0,0.0,0.0,0.0,0.0,0.0,0.0,0.0,0.0,0.0,0.0,0.0,0.0,0.0,0.0,0.0,0.0,0.0,0.0,0.0,0.0,0.0,0.0,0.0,0.0,0.0,0.0,0.0,0.0,0.0,0.0,0.0,0.0,0.0,0.0,0.0,0.0,0.0,0.0,0.0,0.0,0.0,0.0,0.0,0.0,0.0,0.0,0.0,0.0
2025,2,Relación entre Aportes sociales mínimos no reducibles y Capital Social,0.5249203855798907,0.9114716538315547,0.7540247665174599,0.6235380755930628,0.21134394531956083,0.985581524725584,0.9100428274635125,0.2343275517881342,0.754531526729608,0.596562113384244,0.0,0.0,0.0,1.0,0.6756952978462234,0.9101219262620128,0.0,0.9241065126253991,0.6535291617238509,0.9783770238568054,0.9189904462917893,0.3660118753060686,0.0,0.5981173424517416,0.7926796398269887,0.888965137935572,0.1294987262901449,0.582772373681464,0.253982937142927,0.7718149986997039,0.8084089281279311,0.0,0.7999665895686149,0.5922360564052666,0.8693722183934496,0.0,0.8263363872498772,0.9403591305001947,0.7790642560011367,0.605982943073929,0.38827372917734787,0.6200561401512588,0.18114558856649254,0.7302825856836618,0.7728066010694488,0.5668438367139966,0.7559982703141955,0.7205624151113446,0.4801363157052491,0.687293306599581,0.7664675273254445,0.8309392699275902,0.8312259786652508,0.0,0.0,0.6819179001216087,0.34596770657048637,0.7041607796332323,0.6762070451862984,0.5869991289419515,0.5111570193377654,0.3957331043517527,0.6202062252716882,0.9634641887151632,0.0,0.6402627658997204,0.6203136504251614,0.5964249757341874,0.8130860234049564,0.7941011546028707,0.7124979917944255,0.847776115970793,0.412078223862698,0.6208394291887415,0.30060214727937695,0.0,0.7357652635865158,0.42885008101310385,0.24704050024859894,0.0,0.7232802430362633,0.4476674065954967,0.0,0.4418086165179981,0.25755063912105447,1.0,0.49913067209758566,0.7506001220145593,0.0,0.21193752943373845,0.0,0.28998994643937304,0.49828027482012716,0.4990393013474569,0.04875806894443192,0.9662167996320422,0.0,0.4792133258604817,0.6306115098713456,0.44525637757215364,0.9158524733374228,0.6857942903426332,0.0,0.5082151507147581,0.0,0.9062711794049652,0.9899122279541686,0.0,0.6312394547583747,0.0,0.8206476857779145,0.7288076073834858,0.784141924807816,0.43628611563618436,0.8365943659748826,0.773955996416214,0.4868700711695419,0.0,0.7714654555087954,0.8581970694258473,0.0,0.8999131499224652,0.896451663559567,0.6100018974179319,0.9099888810800724,0.936661601263143,0.0,0.5572256655389695,0.8236379244977322,0.7529133919253048,0.7357324509541566,0.8919228948260058,0.0,0.8444009087316785,0.995218033253856,0.4035127041317405,0.0,0.5042407413793328,0.5876823936163257,0.681100290240518,0.5355632868696485,0.0,0.6057493615653992,0.8910674734851725,0.848199806103944,0.8475543987582793,0.7748941492596176,0.3428878426537525,0.0,0.9501581472564286,0.5220200319947665,0.9337119367638334,0.8997412306539155,0.6143763923671125,0.27955057969723135,0.7219102416376303,0.0,0.9469204641683513,0.24827782953111685,0.0,0.0,0.5137819631813815,0.41564561421174095,0.1380823799545768,0.8442384988416664,0.0,0.8601416004530464,0.0,0.0,0.3399207452121155,0.6999999999973642,0.45555343180299895,0.6493083130381668,0.9125247166440535
2025,2,Relación entre el Capital Institucional y el Activo Total,0.08443728835422636,0.07825012194024468,0.07458461797466369,0.02579303576799022,0.04417103690924569,0.1556073319961951,0.00023043732132081775,0.08084681662001557,0.039136671246476976,0.05321605661400395,0.0,0.0,0.0,0.04795490984864192,0.07313243980597618,0.23846020056805442,0.0,0.06914296713185616,0.06134889720703167,0.06002715193268411,0.04566174584785007,0.07765101109564655,0.0,0.09246556184173974,0.057719467998263864,0.020624718328316066,0.10041651554223348,0.048884603169963424,0.03805926423447979,0.09626826252987025,0.13324170061351184,0.0,0.3165989786010649,0.05457590153668693,0.07851409871319505,0.0,0.1676321441012735,0.0663314487915472,0.07503649895209262,0.040375102992478505,0.06349351145100318,0.0358186260242056,0.13104784289454424,0.06489655258207619,0.057711636805217695,0.06040546699513101,0.11484385384324929,0.02269986160610203,0.1267281903571864,0.05032637597049973,0.05231295909300612,0.07128062470616839,0.1406660257514609,0.0,0.0,0.07141944753111251,0.0588065615654371,0.10153458459229958,0.03807235716313804,0.11336472413657538,0.04430227585855779,0.08724728350749697,0.05335316452605911,0.12126800918473293,0.0,0.07187196552273149,0.04247000672385265,0.10477096232295262,0.09423255555906976,0.050369803136513014,0.09426873970567781,0.06397846241893489,0.17230531917101685,0.04044888807330654,0.019761480170045094,0.0,0.07944283417309145,0.08408996141390428,0.07038593838803058,0.0,0.007243730304452543,0.07559028670595372,0.0,0.03093701968416224,0.10203115940593559,0.12604466672006703,0.044827741593579565,0.09891105798277794,0.0,0.07420195682320606,0.0,0.07179903363730175,0.09739633889948618,0.050591605195283565,0.1542337280608808,0.16054934804278306,0.0,0.07941650435210924,0.05572849609880255,0.07544184681531176,0.10282109389710284,0.1476890810834259,0.0,0.05845307614703282,0.0,0.10207527140303448,0.057504051029532835,0.0,0.09062653149403262,0.0,0.14680750203145285,0.07440798967174907,0.24675629840083452,0.21881678278848715,0.06963955435499032,0.059848973307764564,0.07836138471996282,0.0,0.11957844593450148,0.09629328317707407,0.0,0.0,0.11515070087230261,0.0919954530474944,0.11363274668245114,0.10587509464538232,0.0,0.06837098711229193,0.07659783234854493,0.04068225325957823,0.06503880193717164,0.34014614979807,0.0,0.031722751359186944,0.12315889847072371,0.08784766090246765,0.0,0.08080728130998999,0.038844849283218554,0.14339551345662402,0.07529830314636345,0.0,0.09155107172028833,0.08270714733939616,0.028165191725087146,0.129914103855429,0.022634348915171514,0.04801237502776211,0.0,0.028538135191961682,0.08724513878345583,0.20485724299718763,0.02042395245505269,0.22874771902686675,0.11755198533774197,0.11956143997643355,0.0,0.09797827927475758,0.0828022735555381,0.0,0.0,0.017102842611551924,0.028868383478613834,0.20983203819333537,0.09616894251334986,0.0,0.17142019891355115,0.0,0.0,0.1753771983685816,0.023131224260785312,0.2128199107947083,0.20542460319911837,0.18988616070637374
2025,3,Quebranto Patrimonial,1.2509475792650282,1.2883099117541565,1.3324097876285,1.156223764396398,1.1541949423548492,1.557575663724772,0.9943528744758775,1.3369351142598829,1.2602981330563963,1.3835100920101764,,,,1.3539428450942261,1.3597399301846504,1.5718378827677117,,1.8132519365587696,1.4874468058104229,1.6873374827409728,1.3147819960108815,1.321079881436033,,1.6847482495966088,1.6185986655886304,1.2613350005476067,1.6877698270998072,1.3044520042152934,1.1820097165807706,2.756332960676826,1.3552014922661606,,5.0830354324308535,1.1474543630052523,1.386933439423613,,3.279692670944852,1.3087459201051097,1.2501270995888976,1.3960324473477073,1.5160005503867897,1.2046605711668237,1.2436047847460594,1.340073353958532,1.1287857243236215,1.3036666893691864,2.0361350543496415,1.0613354318859418,2.6382878287434854,1.4496564037033983,1.7101705924981858,1.208069734896298,2.0001614211373027,,,1.6891950401387406,1.412716636409125,2.3825408125847023,1.4686724537618878,1.4915744655487981,1.3326789299823127,1.7905135866181756,1.2142420631598734,1.1525661524969106,,1.5724150297141852,1.2903622037878963,1.6672368687675323,1.2728528253598517,1.3081925592904018,2.0674000288879957,1.7891583202179566,1.8168538752824297,1.2061014535143784,1.066246739490123,,1.3455351116417165,1.21446171678234,1.2942446020867806,,0.8803881633292238,1.429420230182467,,1.2095737656254213,1.2889546300991215,2.284198592240197,1.2378910882273362,1.6298089570020924,,1.3066498837681098,,1.188631041343172,1.3346981990389972,1.1656247999770863,1.3315913487716502,1.2144187604438632,,1.303245575381088,1.3619009294413906,1.313536741302045,1.281167317103961,2.463149296035895,,1.2203401532624552,,1.4916084869133066,0.9011690328706982,,1.5473747049651425,,1.8694218578320059,1.3843844641014098,1.7068885025353753,4.453672231790577,1.5715955394195842,1.3846901675511991,1.6347029919284222,,1.8577343029536837,1.9079094264775427,,1.0169766134410654,1.6497526425599751,1.806162632003216,2.2478159103977697,2.026125547908728,,1.516336860712279,4.985024279493662,1.2166161468859893,1.3976806592228763,2.2831261244796375,,1.2207998334129326,1.3773012523307324,1.2584263063274117,,1.2010247255529125,1.1654070878507197,1.4004218160991992,1.515313731716013,,1.2716802169366106,2.1833081093429567,1.5806242338285466,2.636999287729498,1.0152134567229594,1.1871568715118497,,1.5394182526294644,1.9093590196268726,2.0064690202151576,0.9647144734458505,1.5769342623452043,1.290411334774731,1.355084396506455,,1.3450505121904064,1.4164404733499834,,1.5088854257793674,1.1649363663747094,1.166341983999115,1.6532357877096124,1.3768452745590092,,1.7903851544316913,,,1.553064423700994,1.1762246799123277,2.3169448102535126,2.289603785020458,1.088488485261753
2025,3,Relación Solvencia,0.0,0.0,0.0,0.0,0.0,0.0,0.0,0.0,0.0,0.0,0.0,0.0,0.0,0.0,0.0,0.0,0.0,0.0,0.0,0.0,0.0,0.0,0.0,0.0,0.0,0.0,0.0,0.0,0.0,0.0,0.0,0.0,0.0,0.0,0.0,0.0,0.0,0.0,0.0,0.0,0.0,0.0,0.0,0.0,0.0,0.0,0.0,0.0,0.0,0.0,0.0,0.0,0.0,0.0,0.0,0.0,0.0,0.0,0.0,0.0,0.0,0.0,0.0,0.0,0.0,0.0,0.0,0.0,0.0,0.0,0.0,0.0,0.0,0.0,0.0,0.0,0.0,0.0,0.0,0.0,0.0,0.0,0.0,0.0,0.0,0.0,0.0,0.0,0.0,0.0,0.0,0.0,0.0,0.0,0.0,0.0,0.0,0.0,0.0,0.0,0.0,0.0,0.0,0.0,0.0,0.0,0.0,0.0,0.0,0.0,0.0,0.0,0.0,0.0,0.0,0.0,0.0,0.0,0.0,0.0,0.0,0.0,0.0,0.0,0.0,0.0,0.0,0.0,0.0,0.0,0.0,0.0,0.0,0.0,0.0,0.0,0.0,0.0,0.0,0.0,0.0,0.0,0.0,0.0,0.0,0.0,0.0,0.0,0.0,0.0,0.0,0.0,0.0,0.0,0.0,0.0,0.0,0.0,0.0,0.0,0.0,0.0,0.0,0.0,0.0,0.0,0.0,0.0,0.0,0.0,0.0,0.0,0.0,0.0
2025,3,Relación entre Aportes sociales mínimos no reducibles y Capital Social,0.5237961229040325,0.9141269153552756,0.7564733512219655,0.6188586088723103,0.21104058725965427,0.9785744899728308,0.9062718223104371,0.23385467447359756,0.7507323167943479,0.5906331432413632,0.0,0.0,0.0,1.0,0.6749415260937818,0.9059586317548447,0.0,0.9241117372917137,0.6494791562645273,0.9764218828824675,0.9152192787464499,0.36267438066507046,0.0,0.5834541764062318,0.7844453657125741,0.8767223747456927,0.12299032934542276,0.582081610999052,0.25104366253966504,0.7049397240513657,0.7897485728179638,0.0,0.796861645966178,0.5851242535017782,0.8465635132924201,0.0,0.8074322608755654,0.9654875178967698,0.7788856327095387,0.5996424775836218,0.38546453201573505,0.6170803110854516,0.17930962912079704,0.7237491541853758,0.7763043950983751,0.5619328506080175,0.7276687041109572,0.7119453798860371,0.47688410834732226,0.7802000086174422,0.7572392571307369,0.8283448472031293,0.8998058741869118,0.0,0.0,0.6847569563089789,0.3457205416059548,0.6976666184166852,0.6694384728099928,0.5777443041680739,0.5085197507239179,0.3928572855879962,0.6190637686337439,0.9586730983507533,0.0,0.6335667895719547,0.6642389469740396,0.5894710126044792,0.8129936445509385,0.7882547215305103,0.7123366968899738,0.8449357018021348,0.4094938054374586,0.6193550231225649,0.29671088354817615,0.0,0.7319205708049703,0.4269795875170495,0.24471892687148708,0.0,0.7202958408455574,0.44715511590289747,0.0,0.441189637808993,0.25354642090031115,0.9982118256642416,0.49715789587958203,0.7554355633733754,0.0,0.20933608357470446,0.0,0.2849626193037715,0.49431465230074134,0.49474771197807754,0.048254283936977886,0.9637538285531887,0.0,0.47439773305348415,0.6282545817906422,0.4411581604453692,0.9155500870861418,0.6818861502353138,0.0,0.5051441845085576,0.0,0.8968568920658964,0.9860767622865974,0.0,0.624380459174733,0.0,0.8122837383956223,0.7240213878834664,0.777810958307472,0.9180520502233719,0.8388713721946267,0.7466955379997233,0.4836340802623265,0.0,0.7380808284722189,0.8393621734310662,0.0,0.8939320629093572,0.8782416315424084,0.6068425916558969,0.9416354752214524,0.9345151958860259,0.0,0.5542645835561948,0.824529289491474,0.7410647526329105,0.7283368970480786,0.8915147397736011,0.0,0.8476256575079777,0.9868061529235015,0.4008173681306583,0.0,0.5061471657827579,0.5831224732262045,0.6887717142054598,0.5310351008904192,0.0,0.589227068918895,0.8913760308485627,0.8438177456597589,0.8443375013105223,0.7759784041600468,0.33761344240897206,0.0,0.9501563236265504,0.5199860798114573,0.9269493756840755,0.9007578394697102,0.6126833898896217,0.27483143797846826,0.7173758069970275,0.0,0.9472252553065618,0.242100945939389,0.0,0.9520151908172403,0.5105731569950658,0.4118139209220867,0.1344645189787267,0.8379762311458377,0.0,0.8218940471979375,0.0,0.0,0.33668258972470305,0.6999999999843298,0.45629641113674874,0.6318396256302333,0.9098521541160991
2025,3,Relación entre el Capital Institucional y el Activo Total,0.08226021610808622,0.07930018805451709,0.07456558660082106,0.02845244711673079,0.04812171352055819,0.16181229938953443,0.00022550695047686984,0.08655586179096898,0.03926929850228748,0.06548829036359625,0.0,0.0,0.0,0.048581751042793345,0.09303628449301916,0.24500268884175627,0.0,0.07110696405608771,0.027605880283729182,0.059646746473446643,0.05123828633992538,0.08233622860462328,0.0,0.09584777175092961,0.05925999826622832,0.021339974204948244,0.10592002376650758,0.05510415048502728,0.04351482661208052,0.10574725457882668,0.14402842390183765,0.0,0.3540880150641725,0.05641494458578835,0.07945532318586888,0.0,0.1779049047989227,0.06618679883452355,0.07615258478774319,0.03923354852433946,0.06918311565623339,0.03602554457552268,0.14577366083740353,0.06601148221507878,0.06259578388972768,0.05972933604830718,0.12873578088724283,0.025113759664022264,0.14754344921245915,0.05197907433659291,0.062285513771798084,0.07061803189102991,0.14260727104113255,0.0,0.0,0.07485842975577194,0.06427002157125007,0.11133187166599018,0.044312265344703186,0.1206594744712137,0.05006866301603859,0.0981954052781428,0.035354883837660514,0.09146940161122386,0.0,0.07500667768222137,0.04753715366683441,0.11377266532334647,0.10483052196537801,0.051495127223547425,0.09351442675903307,0.07059308133443876,0.19412498261816946,0.0411270227013207,0.020621233454779547,0.0,0.08394868003389008,0.10079738655212395,0.07565968626583505,0.0,0.007277596717617569,0.07911490058463835,0.0,0.031143117733522675,0.10968749176252204,0.1297757584236233,0.05271928270326467,0.10441666443408289,0.0,0.07807068381806925,0.0,0.07503714793037622,0.10120932418375603,0.051758077773505974,0.16051077227091815,0.11491501880735373,0.0,0.0823533752368021,0.06443022186773782,0.0792583893657129,0.1088943493100015,0.16301904059885916,0.0,0.06295108684407061,0.0,0.10949846783148487,0.05689259222145154,0.0,0.10194927058686103,0.0,0.14930649435720614,0.07361679926328336,0.25124596169438607,0.2311424392601236,0.07613614574386358,0.07955469382488983,0.08824281490522483,0.0,0.13094033865759136,0.09562439458831043,0.0,0.0,0.12094159562622968,0.09010747202263684,0.12473754819838406,0.1088871807935671,0.0,0.09282769057682232,0.08112807695010832,0.041039663469640365,0.06861041775864221,0.33978781103848854,0.0,0.032797803048976885,0.12390385811355671,0.10040977203066587,0.0,0.08186683960487666,0.040802757268359184,0.15172263572958228,0.08450620133884262,0.0,0.09965841414843446,0.08908274867766204,0.028475359139831884,0.13608434920172344,0.022742458100331597,0.053111906657607275,0.0,0.029212526065485692,0.09958745052201755,0.20551421044342474,0.02114064279583734,0.23386897620622885,0.11739978989255197,0.12659736810581482,0.0,0.09833179369768952,0.08900843972396226,0.0,0.08862514407558665,0.00821059933475521,0.03405239286547815,0.21331118374751218,0.09961331060303122,0.0,0.18047365479679361,0.0,0.0,0.19731726119598492,0.040394879328332155,0.23207536692390382,0.2058647305286505,0.18976076609351591
2025,4,Quebranto Patrimonial,1.2521699510627549,1.2878095749609761,1.3381965465554646,1.1630021177040817,1.1568040981125827,1.5566086723901635,0.9972753864771761,1.3438323230276958,1.2362613238483038,1.3874694961378162,,,,1.322348526548499,1.358975792760832,1.5636079501121873,,1.818982346125563,1.4633066020736523,1.6900776782110973,1.3066080312399329,1.3209609517088365,,1.6833686085265516,1.5993368004214044,1.2630641204735793,1.700081924568963,1.3122894238969502,1.1849642782816396,2.8320995913597367,1.3645762029630446,,5.0825537465614214,1.149928135260528,1.3924520025438076,,3.2924246727166926,1.3075536752289634,1.249232444208264,1.3718543121034,1.5206737702434976,1.1972098954034402,1.2403902474896733,1.3389184131917267,1.1310898200104877,1.2558731022795544,2.0034931860076757,1.0646714285985643,2.546759690974513,1.4479522064720187,1.6998598220013819,1.228496630100747,1.9993673272527996,,,1.6820517397588364,1.4135495779384106,2.400649037238012,1.4492069626675945,1.4964544294825584,1.3223266675420107,1.801390684515765,1.2128969353555608,1.1343285284927103,,1.552600233215308,1.295912965832414,1.6743979257282484,1.2598742509277914,1.3139109483007074,1.8831078149314753,1.7701193634636965,1.8109867659061012,1.2073529362741733,1.0707774227163602,,1.3338449447769516,1.2206795287609686,1.3026512019532057,,0.880691988844833,1.4242566662978566,,1.2098090806804942,1.2914269982919269,2.2710470285125406,1.227238170379714,1.653498179720356,,1.3055739035121723,,1.1915763380251074,1.3352076758750564,1.1660935174305238,1.3371777716186093,1.2267542931948974,,1.3131562299402768,1.3439692802884404,1.3153649538549723,1.2779607551311336,2.4814727571220265,,1.2222186957107186,,1.4871823156882398,0.9009626266857785,,1.5727280200283151,,1.8736362827466442,1.3835125547465346,1.719342046888168,4.461981739446613,1.5806970895047625,1.3977495380863179,1.6328450219445332,,1.8731357633880628,1.9207010449637394,,1.0199921516696926,1.6592001613604255,1.6770854243627602,2.274301092471958,2.0272464708086355,,1.5273747664900528,4.895063120619236,1.2191949646796663,1.3773135226657012,2.269786811260842,,1.216454709925187,1.3702639882529377,1.2420451239187136,,1.1961775567127588,1.1636885461110724,1.4054622386853055,1.5294439084921736,,1.2754592219839798,2.1698595510274825,1.5809823933041907,2.646936098734612,0.9883573107286975,1.1935123857037278,,1.5343837941960212,1.8917013527599476,2.001575676566034,0.9823454736545812,1.5896754141865552,1.2924058777168694,1.3397044575338901,,1.3384808248378506,1.4189829729897616,,1.5219133907151965,1.1572540341896882,1.175097209307655,1.6527335433392825,1.3826073613901684,,1.8009642370246395,,,1.509846314506336,1.1758287504847784,2.3406320124068882,2.3104555343369824,1.0787995556172616
2025,4,Relación Solvencia,0.0,0.0,0.0,0.0,0.0,0.0,0.0,0.0,0.0,0.0,0.0,0.0,0.0,0.0,0.0,0.0,0.0,0.0,0.0,0.0,0.0,0.0,0.0,0.0,0.0,0.0,0.0,0.0,0.0,0.0,0.0,0.0,0.0,0.0,0.0,0.0,0.0,0.0,0.0,0.0,0.0,0.0,0.0,0.0,0.0,0.0,0.0,0.0,0.0,0.0,0.0,0.0,0.0,0.0,0.0,0.0,0.0,0.0,0.0,0.0,0.0,0.0,0.0,0.0,0.0,0.0,0.0,0.0,0.0,0.0,0.0,0.0,0.0,0.0,0.0,0.0,0.0,0.0,0.0,0.0,0.0,0.0,0.0,0.0,0.0,0.0,0.0,0.0,0.0,0.0,0.0,0.0,0.0,0.0,0.0,0.0,0.0,0.0,0.0,0.0,0.0,0.0,0.0,0.0,0.0,0.0,0.0,0.0,0.0,0.0,0.0,0.0,0.0,0.0,0.0,0.0,0.0,0.0,0.0,0.0,0.0,0.0,0.0,0.0,0.0,0.0,0.0,0.0,0.0,0.0,0.0,0.0,0.0,0.0,0.0,0.0,0.0,0.0,0.0,0.0,0.0,0.0,0.0,0.0,0.0,0.0,0.0,0.0,0.0,0.0,0.0,0.0,0.0,0.0,0.0,0.0,0.0,0.0,0.0,0.0,0.0,0.0,0.0,0.0,0.0,0.0,0.0,0.0,0.0,0.0,0.0,0.0,0.0,0.0
2025,4,Relación entre Aportes sociales mínimos no reducibles y Capital Social,0.5225645225544525,0.9116804673049372,0.763030250120368,0.6155028114418476,0.20925564003442118,0.968617020115102,0.9011799811966758,0.23349313389306423,0.7463916127456165,0.5850902344080352,0.0,0.0,0.0,1.0,0.6725258504350173,0.8982335583640785,0.0,0.9241150239320043,0.6469104889647838,0.9800440092988807,0.9102560838663803,0.3610172378435162,0.0,0.5808315966853286,0.7757459897662778,0.8726738856330207,0.12258364359863812,0.5817098700213691,0.2492219886210573,0.7049397240513657,0.7875965534511934,0.0,0.7886744270740368,0.5783743824810169,0.8434402308118768,0.0,0.8041966564135224,0.9577508678728676,0.7733714006617539,0.5956613259137692,0.3809903632082465,0.6162045029331104,0.17650900819493195,0.7223070347228903,0.7701526650984342,0.5532339579194485,0.7088734234053504,0.7086131577182854,0.4534142064954195,0.7725436495665094,0.7386016953866815,0.8693761470781399,0.8989690730400514,0.0,0.0,0.6881499929524486,0.34544770001145314,0.6917807162111528,0.6528399374130615,0.5749497601534197,0.4990757067912377,0.3904223602463774,0.6152669205636069,0.9597544337766039,0.0,0.6311801413375493,0.6621778947136154,0.5830279526111773,0.8006998455703556,0.7879723346791687,0.6734798792259207,0.8335585377456252,0.40822436590979305,0.6144731633407764,0.2958836063727089,0.0,0.7242819233126557,0.42580077106231845,0.2436369636636051,0.0,0.7177254833628844,0.44528540261765726,0.0,0.4390990803229576,0.25194629196880125,0.992707795584283,0.4918163064429643,0.7371857128256473,0.0,0.2081488244851075,0.0,0.2844244959655308,0.49097751707909293,0.49524852701369954,0.04810001602871912,0.9679854526698655,0.0,0.47553279494952316,0.6319305067819492,0.4366392557004722,0.9152819946112052,0.6779447373052395,0.0,0.5017663602437807,0.0,0.8935054674480172,0.9805480225828311,0.0,0.6161658778864474,0.0,0.8105048620252048,0.7206327527483455,0.7768935633256403,0.953654801273137,0.8420598867750726,0.7414938864617995,0.4806028202702044,0.0,0.7357976010426787,0.834894657429713,0.0,0.8903654655186231,0.8705734222072656,0.5771047499398987,0.9364236851206227,0.9303019979296205,0.0,0.5473705848428777,0.8090409389482525,0.7406393243874668,0.7329468655135498,0.8891504025388296,0.0,0.8515864737204178,0.9834171457366945,0.3940885487471736,0.0,0.5058677089820212,0.5792013278717263,0.6849127951988627,0.527920510312346,0.0,0.5830989131082828,0.8842003393275241,0.8370174177973668,0.8413350713623321,0.7766940661831131,0.3345378130471128,0.0,0.9501547050727039,0.5156013177803735,0.9221090021131858,0.9055371994307871,0.611603635206663,0.27306010947253295,0.7085006725409458,0.0,0.9442697295992656,0.23924646686344073,0.0,0.9519974543016101,0.5078694558802536,0.4080606827603158,0.1338106301025586,0.8330398792308575,0.0,0.831333070997185,0.0,0.0,0.32376636958544075,0.7000000000204829,0.4568200032068134,0.6351754792148858,0.9074066596220692
2025,4,Relación entre el Capital Institucional y el Activo Total,0.08167415755293896,0.07865368254092452,0.07405032441387947,0.027874270452986242,0.04779339579932468,0.15626866284249527,0.00021916266940713399,0.08666501566222556,0.021553096127167097,0.06458955990834801,0.0,0.0,0.0,0.04897092368664176,0.09139496813780036,0.24138617465372122,0.0,0.07091895704342367,0.027726301966334452,0.028742691983497718,0.05051912319720263,0.0812406969705259,0.0,0.09470558401831719,0.058416877832927365,0.020819843160210648,0.10587822714404906,0.0541784885273028,0.04307578485778189,0.10396145319306926,0.14300213404697631,0.0,0.34909741732682825,0.05568278729174267,0.07859270319082907,0.0,0.17755057195400664,0.0658707624185938,0.07424995679015885,0.039242424724142966,0.06841018383918443,0.03597282291849811,0.14087626656354052,0.06644752202901612,0.06317742160215874,0.06318696509310293,0.12965114515215012,0.024708162995903143,0.13573279218330608,0.052136299635147786,0.05961322665028325,0.07092471397840493,0.13848042292236554,0.0,0.0,0.07488535622355642,0.06416272080844558,0.1101468062686193,0.040795839407054606,0.1198677135624254,0.047830701571901946,0.09579485924485771,0.0348981251257283,0.09935310946223315,0.0,0.07545195204500654,0.04681841977731869,0.11326928256406607,0.09729980219939748,0.05098030201901722,0.10235923952067917,0.06878511188581524,0.1914961732991366,0.04102830081740571,0.020747398448180986,0.0,0.08034706554305843,0.0991160524814866,0.0753317578742197,0.0,0.007372763479543326,0.07743015402025609,0.0,0.031100569395564916,0.10859696032635509,0.1288071695441716,0.052264837195685164,0.10448322756349045,0.0,0.07734536710371838,0.0,0.07444888685989756,0.09997194493947022,0.04979302700722348,0.1598127886159223,0.11236701089818217,0.0,0.08071155506012874,0.05770402234206617,0.07744745884342158,0.10601395806436203,0.16062902998192774,0.0,0.06258664827388892,0.0,0.10627408664445367,0.0561912784070986,0.0,0.10108631436450327,0.0,0.14764280046453235,0.07275520170897644,0.2540360628481447,0.2261387846402846,0.07704352944921455,0.0789784669051864,0.08632393108160039,0.0,0.13090311602826984,0.09428063764631493,0.0,0.0,0.12028865605178184,0.10175780307754569,0.1216975802167983,0.10879563017171469,0.0,0.08922765749164555,0.07793656359992217,0.040597686090689436,0.0686357965211893,0.34543587622650457,0.0,0.03439106691405387,0.12228349786835963,0.09316262317811455,0.0,0.08063371359066407,0.03832019366585464,0.15085750409415027,0.08293722411643036,0.0,0.09854497879606361,0.08775989135836476,0.028630703303636002,0.13602358680671572,0.0038831227319069835,0.05258891760276824,0.0,0.02871246788891351,0.09754140637473023,0.20407552730841855,0.003975794586596239,0.2314950646717373,0.11619994647071566,0.11994814255383886,0.0,0.09585724072546124,0.08719926479297788,0.0,0.08627954002109182,0.008107429202295267,0.0336371291781292,0.21291732906295874,0.099082088282292,0.0,0.17603772631805467,0.0,0.0,0.18304262131149984,0.03756251736538579,0.2300932571861476,0.20434769816621864,0.19019735825746079
2025,5,Quebranto Patrimonial,1.252236304970674,1.276595627636191,1.3413958201982792,1.16926029761871,1.176658503310419,1.5666812449973215,1.0075930797009551,1.3455878309513543,1.1878295643357004,1.3851281181793125,,,,1.3323663359205975,1.3576215569969354,1.5631236307502092,,1.8257050018671601,1.4462644712173898,1.6699525926353618,1.300436790149589,1.3242979358977136,1.5055714136011042,1.7040895265926623,1.6119151564409335,1.2604931422901815,1.7112785457273827,1.3225101985946013,1.192725431981852,2.87768326791146,1.3765288813076133,,4.959857659402194,1.1507146374251513,1.3986227754066203,,3.31553516948072,1.3008928739589,1.2443318254945164,1.3660126805918191,1.5480802234775606,1.1964353285807938,1.2462345577890757,1.3511417409460855,1.133071238381954,1.2613463593419747,2.009076714133739,1.0564498966012856,2.564859566823472,1.4392060284408184,1.7176765508219467,1.135610845114728,2.001991412953815,,,1.6903941754134597,1.4183090518664874,2.344607606909288,1.454809763012456,1.5013818204151188,1.3316670921761138,1.8214966562795047,1.2099389272388679,1.1258498983800376,,1.545884310940356,1.3007290979885748,1.6822038675602675,1.260968597510782,1.307188602955158,1.8929935809752365,1.7614366580080307,1.7615141096413394,1.2044038579492873,1.0761146680263882,,1.3383582896278126,1.2261893037522966,1.2990839192813657,,0.8830455702550569,1.4306517373141179,,1.2103875537943845,1.2940808123490963,2.318136571464183,1.2398173047998542,1.6411515997677935,,1.2969267308287855,,1.1980464572954401,1.340023715641326,1.1667020565041628,1.3433683870671198,1.2164323257441736,,1.321001070422083,1.3491449449184654,1.322621939968486,1.2818140263943554,2.494980362535407,,1.2254818308058733,,1.4891047762302076,0.9222526202658025,,1.5847080332386478,,1.8746113247854748,1.3835741066440956,1.7148223814575239,4.476228845399303,1.5862850456459334,1.4060642192343482,1.6360567264080654,,1.8874198074448096,1.9380629069754363,,1.0272211185421511,1.6680933934723772,1.6866812166013734,2.29086415852275,2.0244845704429935,,1.5706036982978173,4.9111338269443285,1.2241901493801426,1.3867698504167234,2.2945062144600676,,1.212780548416171,1.3655809798171454,1.2447057716252885,,1.1831619323184228,1.1606200586673834,1.4135863627678362,1.527518151902314,,1.2828577266501666,2.2002015221373963,1.5826036209610708,2.6627982513921618,0.9598808952343918,1.1954573320228168,,1.5274074196389504,1.901001073661512,1.9965119396859212,0.9735902764091567,1.5931554233882714,1.2944064467576042,1.3357600666669391,,1.3465725653883782,1.4321612744082912,,1.527503475249635,1.1551918513590433,1.1795521904569193,1.6535683048747984,1.3953448436812037,,1.8135832374645098,,,1.507524503339394,1.1807227995198364,2.383609717667181,2.3249676336229395,1.0603192097780212
2025,5,Relación Solvencia,0.0,0.0,0.0,0.0,0.0,0.0,0.0,0.0,0.0,0.0,0.0,0.0,0.0,0.0,0.0,0.0,0.0,0.0,0.0,0.0,0.0,0.0,0.0,0.0,0.0,0.0,0.0,0.0,0.0,0.0,0.0,0.0,0.0,0.0,0.0,0.0,0.0,0.0,0.0,0.0,0.0,0.0,0.0,0.0,0.0,0.0,0.0,0.0,0.0,0.0,0.0,0.0,0.0,0.0,0.0,0.0,0.0,0.0,0.0,0.0,0.0,0.0,0.0,0.0,0.0,0.0,0.0,0.0,0.0,0.0,0.0,0.0,0.0,0.0,0.0,0.0,0.0,0.0,0.0,0.0,0.0,0.0,0.0,0.0,0.0,0.0,0.0,0.0,0.0,0.0,0.0,0.0,0.0,0.0,0.0,0.0,0.0,0.0,0.0,0.0,0.0,0.0,0.0,0.0,0.0,0.0,0.0,0.0,0.0,0.0,0.0,0.0,0.0,0.0,0.0,0.0,0.0,0.0,0.0,0.0,0.0,0.0,0.0,0.0,0.0,0.0,0.0,0.0,0.0,0.0,0.0,0.0,0.0,0.0,0.0,0.0,0.0,0.0,0.0,0.0,0.0,0.0,0.0,0.0,0.0,0.0,0.0,0.0,0.0,0.0,0.0,0.0,0.0,0.0,0.0,0.0,0.0,0.0,0.0,0.0,0.0,0.0,0.0,0.0,0.0,0.0,0.0,0.0,0.0,0.0,0.0,0.0,0.0,0.0
2025,5,Relación entre Aportes sociales mínimos no reducibles y Capital Social,0.5198132546560135,0.9143010821840077,0.7654581470003857,0.6118732239993387,0.2072259943744407,0.9637689542042714,0.8988108081778347,0.23165869693397045,0.7412333788532175,0.5808431208786171,0.0,0.0,0.0,1.0,0.6702241180819453,0.8916386726252628,0.0,0.9241182314467409,0.6448658459113498,0.9845955106839939,0.9092837834421377,0.36096400985359955,0.5800588067742083,0.5786248832391989,0.7740607259064105,0.8599554242926911,0.12204362886514347,0.5799486571622301,0.24735412376150256,0.7049397240513657,0.7868900192215252,0.0,0.7610966419976481,0.572167358481675,0.8383849686045765,0.0,0.801775052725703,0.9362870958241567,0.7652457720634641,0.5926520256790839,0.38000105984049176,0.6135982316611741,0.17530180116062008,0.7220464839254039,0.7686572784813144,0.5506534445680412,0.7016514766320044,0.715367686927802,0.4493592669236604,0.7527891488193814,0.7303550075897217,0.8676194168884347,0.8883352030787852,0.0,0.0,0.6882405779348563,0.3447661839865354,0.665879725383161,0.6470223505530042,0.5714245321707184,0.4947609329875979,0.3878450381188481,0.6131928799579173,0.9617900653364501,0.0,0.6269826163901251,0.6569417357687285,0.5765789731457109,0.8003274612966034,0.7838533513829009,0.6734518334434536,0.8299307776710798,0.39461392677907725,0.6147228002996449,0.2940755344127062,0.0,0.7221023619630955,0.4222659215238279,0.24232997546505342,0.0,0.7170752007921969,0.444832927982079,0.0,0.43661473267152645,0.25047287591695466,0.9864828997913306,0.48661317468478943,0.7378681340828352,0.0,0.2060563176538399,0.0,0.2843112246510898,0.487285202905637,0.49425087519284044,0.04820704521329037,0.96798581005038,0.0,0.47063086457837905,0.6292037752003035,0.4353638578603066,0.9154702614907013,0.674307485437251,0.0,0.4985961219768831,0.0,0.8906404398862856,0.9764807213030169,0.0,0.7129359530900479,0.0,0.806659078186563,0.7191937403599094,0.7718525307145158,0.9534972740404121,0.843725557688854,0.7361724601635959,0.480871755591486,0.0,0.7327154596011561,0.8322858143298464,0.0,0.8884696664384084,0.8618029004215788,0.5739329289818517,0.9298561933763417,0.9258224896995567,0.0,0.5429847701409357,0.8111158366319202,0.7389722234046548,0.7327674916893637,0.8891902609605598,0.0,0.8488223780126489,0.9832762840379188,0.3915032115997175,0.0,0.5083241375485898,0.5721436551876332,0.6955511042157676,0.5238455510251309,0.0,0.5809076551518285,0.8872565119553714,0.829705742012753,0.8382781683342482,0.7769797569254352,0.3314335518292205,0.0,0.9501526046161801,0.5141598357814119,0.9157518239866825,0.905254016805978,0.6094699946628864,0.2715177175168611,0.7043968697377024,0.0,0.9404016209779101,0.23642202492667,0.0,0.9519806693228212,0.5056072323758324,0.40421400601692825,0.1329966749253855,0.8297062687079877,0.0,0.8371274329836139,0.0,0.0,0.32053905450435377,0.700000000013345,0.45863413993261537,0.6370178788242707,0.904929657589047
2025,5,Relación entre el Capital Institucional y el Activo Total,0.08092404902945194,0.07795990875242087,0.07379136910808387,0.027243502101761696,0.046998123704462574,0.15396195076413938,0.00021210504814072616,0.08702600934809326,0.021516408436868056,0.06410578337615958,0.0,0.0,0.0,0.048787719432979965,0.08993316599104466,0.24013956711357715,0.0,0.06972458485557405,0.02795474805798741,0.028382958125511785,0.04880737097071679,0.08134543853042354,0.14143154228290136,0.09363271958828659,0.05727256164787134,0.020048666769933707,0.10632742447472035,0.053577312198571383,0.04290036676828913,0.10337173907918312,0.141532324345363,0.0,0.346144478019029,0.05496279480185257,0.0781531536666122,0.0,0.17535135264504872,0.06563337855358653,0.07216084964008496,0.039098680357395936,0.06754682159870604,0.03579796891508871,0.14102961506682446,0.06603830831270036,0.0632333806500158,0.06155523683721551,0.1341061358229374,0.02559641501254871,0.13581092315254856,0.05208245947205967,0.05837698502174461,0.07377127624525212,0.13298562825908927,0.0,0.0,0.07492094598893669,0.06402886487889038,0.10663138510995493,0.03957242577917987,0.11935519625852452,0.04686352955410646,0.09302351009699214,0.03490850738106334,0.0982752291848868,0.0,0.07484179692884622,0.04650417874208418,0.11184545857481669,0.09732288849692225,0.05087481026271149,0.10389803446487965,0.06783720832339465,0.18298522087507918,0.041286929151528075,0.020822703252848317,0.0,0.08097639202673296,0.09790286081789838,0.07419843126845553,0.0,0.007358547387740994,0.07722498351974062,0.0,0.030966590064046156,0.10764997052356205,0.12399455895861859,0.0516584174147557,0.10358501152073382,0.0,0.07692418790324414,0.0,0.07400821514507128,0.09938475086417695,0.048736572541428866,0.15964428593091678,0.11239169682335641,0.0,0.07927086005094679,0.05737750812446565,0.07750998736822347,0.10336765933826023,0.1586099299433559,0.0,0.06211785476986667,0.0,0.10232874035440911,0.0557981836034344,0.0,0.1008361562709744,0.0,0.14489463756092738,0.07190791195728743,0.2520956344484923,0.22232357768532793,0.07735201550259402,0.0777859140316248,0.08529130031624005,0.0,0.13084892353792138,0.09067832215773075,0.0,0.0,0.11926588817897282,0.10056238489742216,0.11943047558417534,0.10905183510488635,0.0,0.08894967935614798,0.07779462451517893,0.04071513625705053,0.06841018076398116,0.35102964673239767,0.0,0.032786573750976114,0.12289776645790075,0.09434577949563838,0.0,0.0804441312722206,0.03806682456633076,0.15184132577401216,0.0825439608490164,0.0,0.1000952643163302,0.08724764659656113,0.02806447303610881,0.1353003718414271,0.003837242772280149,0.051560789915753566,0.0,0.028270909901794563,0.0976390956969261,0.2029252773832146,0.003940523103812176,0.2309767952830247,0.11707908070204669,0.12032218827047324,0.0,0.09477348885271292,0.08695075176573883,0.0,0.08671227834921122,0.008049258093551429,0.0333490293953197,0.21477669509633993,0.09882523942079131,0.0,0.17838042409350086,0.0,0.0,0.18036314875915252,0.034254799346401535,0.22930797700202646,0.20204930015182151,0.19220652906703503
2025,6,Quebranto Patrimonial,1.2265611330941026,1.2700830530548957,1.341839060333974,1.1686564790483203,1.1817284798028083,1.585983065939529,1.0223968527077998,1.3483968404213615,1.1972149921070185,1.397669219861262,,,,1.332287397884929,1.3568752506468753,1.564251085593497,,1.832643095392367,1.4388802741317233,1.669558594459126,1.3176974266023682,1.3299936245600303,1.5122844675260112,1.7045059537373153,1.6169981218758234,1.2606831895414294,1.7237579614635856,1.3080288294779119,1.191349433685763,2.9086493800945115,1.3881801957746247,,4.966737712283936,1.1509058459880548,1.4034998802620007,,3.3234265075186347,1.3011492684140624,1.2447470956994242,1.3601186034684358,1.5577270767468328,1.1739283960446258,1.249509186952229,1.352094421118652,1.1343577590113814,1.2645626407142834,2.0057859645673592,1.0580830810855297,2.5673691007960504,1.4306382916469644,1.7325795325333386,1.1373613299584668,1.9855072717837863,,,1.6755684013378258,1.4356583932137974,2.353795680493566,1.4591878983477038,1.5072055668781665,1.3372066464938115,1.8320937066839669,1.2115358587990857,1.125021424658405,,1.5415037402941036,1.3090875708608505,1.690995101559953,1.2621799804057028,1.309183459235566,1.8982065924401645,1.766341778009923,1.7816795881311984,1.2058321211434693,1.0745733363586332,,1.3395832601214215,1.2293997139991777,1.3017675066630636,,0.8872208734780382,1.4359083813421436,,1.2103575922721503,1.298841187507544,2.3116498566961385,1.2405421510856751,1.655346627582545,,1.2975017288770456,,1.2015133278635093,1.3486503530657934,1.1808753616274843,1.3460545951379717,1.2182211975373494,,1.3242570895596044,1.349100311759021,1.3264889081615658,1.2863025896909068,2.493019517688933,,1.2281127154057736,,1.4841838438601165,0.9215349707942709,,1.568235217030541,,1.8641313310732146,1.3829520719729076,1.7110814515521284,4.488164615364687,1.5798372478555731,1.4014975791048387,1.6457210531975717,,1.9067332287001912,1.9399923067008527,,1.0202922238918213,1.6796323229482772,1.7031843797145143,2.299665319079458,2.023307651249,,1.5800400640182801,4.908476429177988,1.2272695919227263,1.3921179489058475,2.2505582539551496,,1.221934267555619,1.3547976502171228,1.2461785751387224,,1.1962143774008738,1.1605964118142515,1.4081388697874977,1.5300727922418578,,1.293480678409187,2.1994118930229885,1.5850125065823077,2.6660480693305293,0.9369295323804476,1.2002422252824414,,1.5212007271058776,1.9073708420266826,1.9903474289815544,0.977978898715544,1.6039630271643994,1.2958180627108404,1.3386319403699165,,1.3350392510293476,1.4395322051999953,,1.5401015846801949,1.1574558862538376,1.1855680521786263,1.6536425240008783,1.4030279607731,,1.8314012286528492,,,1.5150086967322236,1.1809898248508985,2.4130331826941127,2.3411026598251743,1.0522444927058914
2025,6,Relación Solvencia,0.0,0.0,0.0,0.0,0.0,0.0,0.0,0.0,0.0,0.0,0.0,0.0,0.0,0.0,0.0,0.0,0.0,0.0,0.0,0.0,0.0,0.0,0.0,0.0,0.0,0.0,0.0,0.0,0.0,0.0,0.0,0.0,0.0,0.0,0.0,0.0,0.0,0.0,0.0,0.0,0.0,0.0,0.0,0.0,0.0,0.0,0.0,0.0,0.0,0.0,0.0,0.0,0.0,0.0,0.0,0.0,0.0,0.0,0.0,0.0,0.0,0.0,0.0,0.0,0.0,0.0,0.0,0.0,0.0,0.0,0.0,0.0,0.0,0.0,0.0,0.0,0.0,0.0,0.0,0.0,0.0,0.0,0.0,0.0,0.0,0.0,0.0,0.0,0.0,0.0,0.0,0.0,0.0,0.0,0.0,0.0,0.0,0.0,0.0,0.0,0.0,0.0,0.0,0.0,0.0,0.0,0.0,0.0,0.0,0.0,0.0,0.0,0.0,0.0,0.0,0.0,0.0,0.0,0.0,0.0,0.0,0.0,0.0,0.0,0.0,0.0,0.0,0.0,0.0,0.0,0.0,0.0,0.0,0.0,0.0,0.0,0.0,0.0,0.0,0.0,0.0,0.0,0.0,0.0,0.0,0.0,0.0,0.0,0.0,0.0,0.0,0.0,0.0,0.0,0.0,0.0,0.0,0.0,0.0,0.0,0.0,0.0,0.0,0.0,0.0,0.0,0.0,0.0,0.0,0.0,0.0,0.0,0.0,0.0
2025,6,Relación entre Aportes sociales mínimos no reducibles y Capital Social,0.5070844645934165,0.9140467717449788,0.7646652367346566,0.6077187600067354,0.20567265155819783,0.9583251506035241,0.8906033563655034,0.2305838238656488,0.7365751799664344,0.5794143362579472,0.0,0.0,0.0,1.0,0.6684134345783316,0.8883177221372406,0.0,0.9241212455262845,0.6418836964001793,0.9854508260662143,0.9071181127600301,0.3590146221426628,0.5806189498969199,0.5764519623270299,0.7666810480408064,0.854479449925052,0.1215700930851744,0.5781568516145233,0.24831322401829536,0.7049397240513657,0.7871917827090286,0.0,0.7548143107098714,0.5660682829899726,0.8337172985422215,0.0,0.7985300549513918,0.9319997067070107,0.7596190990889319,0.5897627198828197,0.3763596577707222,0.6087146542236487,0.17401765458558496,0.7200763043201818,0.767851880786486,0.5440767705167208,0.6980523775907993,0.7129059275218612,0.44615496471096266,0.735256042121705,0.7231834249406317,0.8703282972576302,0.8812277724487831,0.0,0.0,0.6862602513734211,0.3436966357156602,0.6588407107028726,0.6405411457651254,0.5675736195093964,0.4910794529019019,0.38558385864094474,0.6112662905636211,0.9561676833911474,0.0,0.6235589915577637,0.6536947367051203,0.5703179809851681,0.7969313925460524,0.7831660568152974,0.670327066373084,0.8266783685690401,0.393647901247858,0.6131503904396118,0.2945662364671505,0.0,0.7215428233158184,0.41901859607925884,0.2410248486940532,0.0,0.7114060095118432,0.44444344784064993,0.0,0.4348854716756561,0.24881603807314828,0.9796302164686861,0.4807584007314803,0.7369110530120917,0.0,0.20428326509485897,0.0,0.2833994528804176,0.4846024905270077,0.4978850907469549,0.04815421807290525,0.9680107863575008,0.0,0.4664707832905327,0.6242785622810264,0.4325535612977552,0.9149959528061543,0.6709591713045338,0.0,0.49549225798787966,0.0,0.8900848548274811,0.9720213224112473,0.0,0.7031734059417668,0.0,0.8027204423548774,0.7136543110955075,0.7664351987293392,0.9553094514149799,0.845713184810386,0.7325880851515145,0.47889833791481873,0.0,0.7311138071017377,0.8275889745144087,0.0,0.8825693855600345,0.8545240830297629,0.5776927425664229,0.9233718293883387,0.921859481540246,0.0,0.5403960455619607,0.8083662086279176,0.7376793350836442,0.7328709040488832,0.8949997819142068,0.0,0.8531978913672164,0.9779015800888612,0.38956128497495446,0.0,0.5056582016421979,0.5685741624374782,0.6937647037115451,0.5204489030193445,0.0,0.5776459527555468,0.8849945894480935,0.8230716392941355,0.8355106359810489,0.7774078972626215,0.32907789370781165,0.0,0.95015073829754,0.511508182971795,0.9122453248030908,0.9008775219781284,0.6130545598389603,0.26987606183930896,0.6983687543747118,0.0,0.9476917562243338,0.23334233566174464,0.0,0.951959684055346,0.5034802064048045,0.4004345936220445,0.13258140884103167,0.8251309185430734,0.0,0.848235761163298,0.0,0.0,0.32072271025574284,0.6999999999950709,0.4602625032359518,0.6380466892788114,0.9025530720606297
2025,6,Relación entre el Capital Institucional y el Activo Total,0.07345474007803966,0.07875220454867338,0.07268508868414252,0.027013906469141792,0.046436979028349396,0.14820133911178127,0.0001999561996196175,0.08632858795569047,0.02121915487138763,0.06317677101130995,0.0,0.0,0.0,0.04890260049796852,0.08756969321475282,0.23990216291368543,0.0,0.06885774414733398,0.027988209280247384,0.028337156031317572,0.04677914490418171,0.08030302397815814,0.14011239445223403,0.09157566771790879,0.056285104910557486,0.019875248192737206,0.10659831353375529,0.05326532940815118,0.04103174619335068,0.10281942849560693,0.1401347321805098,0.0,0.34020533667170355,0.05400074990156251,0.07752104150314323,0.0,0.1738886593829298,0.06558563539403599,0.07155062986418333,0.038899491208467696,0.06665482407279114,0.03410438860889128,0.13980851114898246,0.06509322121642876,0.06263672059603385,0.05953408943473288,0.13709264087968015,0.025379634014153572,0.13290121567541271,0.05178678470264882,0.05716788945530218,0.07459651341276594,0.1297548953369124,0.0,0.0,0.0741473633548146,0.06353918600994697,0.1056252313903482,0.039072766256628144,0.11906307979825963,0.04443619501791969,0.09107520328854186,0.03368490241557974,0.09765247286566499,0.0,0.07438898341384148,0.046626184246457265,0.10875523494388924,0.09688220471159889,0.04908371283368976,0.10419904854080939,0.06704137537670102,0.18389753459408884,0.04113515993882378,0.02082557621936773,0.0,0.0804740047900598,0.09676370914089981,0.07399003464555812,0.0,0.007230550538312593,0.07687288236796255,0.0,0.030669803217789723,0.10641337348432522,0.1247010672527081,0.05092717024397786,0.10110534655171902,0.0,0.0759234221647128,0.0,0.07353374067421957,0.09829911016694137,0.04886125351825392,0.15812360397346245,0.11202918810962706,0.0,0.07823860901224572,0.05679058460460923,0.07600616357790291,0.10420986002457444,0.15663535268427145,0.0,0.061592302155690844,0.0,0.10092505916238996,0.0559062274379123,0.0,0.09969921018208983,0.0,0.14578024027970707,0.07014331011560389,0.24779183920278774,0.21959465913295195,0.07473203206821194,0.0741099562778528,0.08581567071359913,0.0,0.12727157949315981,0.08962279381309148,0.0,0.0,0.11657543824391729,0.09983090837120207,0.11599049746463812,0.10095531191221184,0.0,0.08779359634310306,0.07774269943591337,0.0408348670933104,0.06775349008997623,0.3630911636912318,0.0,0.03310917430718205,0.12304026653747012,0.09365775404982904,0.0,0.07907150719417595,0.03804949525486799,0.1528272089341394,0.08063324944155484,0.0,0.09929882972520107,0.08673244481605016,0.027561214523500546,0.1348209832957722,0.003798293199513962,0.050373272007599904,0.0,0.028057847569183794,0.09633294421090881,0.20006726618131868,0.003956285173383037,0.22737356085752503,0.11524488442204399,0.12310985315142559,0.0,0.08836156783556799,0.08540600821723508,0.0,0.08506435801758626,0.00794130632246138,0.033435795475015934,0.21192906118949942,0.09773673753623738,0.0,0.1776900328189391,0.0,0.0,0.17914434848491786,0.03228076667303119,0.2265996542098062,0.20032832560973474,0.19283058141873133
2025,7,Quebranto Patrimonial,1.2197690349674393,1.283510026061259,1.3427836138367084,1.1614507755680754,1.1805369384879503,1.5918885375432326,1.0323827642661874,1.349578926393887,1.2166770503226285,1.3987792428507952,,,,1.339902821369696,1.356163337437228,1.5657943789571656,,1.8395726981102833,1.4234550523249236,1.6569470540651017,1.3153439274429872,1.3308038288246777,1.514595782000766,1.7114619863109568,1.6151935035790592,1.2583467791190925,1.7313070659894418,1.3069299682274544,1.1927550070467936,2.963290066263671,1.3982258445766544,,5.047934179345978,1.1547136433276395,1.407940326288664,,3.3336131634111337,1.276030276791503,1.2466673587093249,1.350636554588459,1.5726202118228192,1.1923489339990414,1.2530785881505946,1.3683756524594568,1.134854564655871,1.2643633726692622,2.0228094171249698,1.0710461696088134,2.5680598062025486,1.42516677798378,1.75200908533198,1.1390733347067068,1.9860307035317513,,,1.6944424474280115,1.4346251239085244,2.3659418888793526,1.4691789962851185,1.5096496002171813,1.3447584478839871,1.8391234692662028,1.2049421701663134,1.1183791153009797,,1.571844704441132,1.3181734456685466,1.697385730244489,1.2627781871771815,1.3125791780119311,1.9105928123412554,1.76249156150722,1.7824165929108196,1.2069470528512838,1.0727011689022645,,1.3307813985075507,1.2374519063920952,1.3089771036660147,,0.8875799097845439,1.4429832323657474,,1.2096691905362207,1.3065599877803542,2.3116426136338317,1.244600345420154,1.6579315708892781,,1.2958204664512942,,1.2078769856318703,1.3499772051393977,1.1824464480210304,1.3498959222395277,1.191003960161665,,1.327301828930436,1.3500699008469412,1.3278125093158177,1.289837143598933,2.5070251889131834,,1.2323106544613411,,1.4812820502988049,0.9411580581062088,,1.575271400714445,,1.8599891921304332,1.3817301418914196,1.7212435458477962,4.428205296245501,1.583692433097159,1.4347282524326288,1.642258270307072,,1.9180598630205816,1.9598350357081926,,1.0296543283390558,1.691163807342446,1.7145859784175317,2.305121386127119,2.0335930619247247,,1.5611245986224134,4.905812408361227,1.229617515693363,1.3955172301559338,2.1317602312552215,,1.2178665014537122,1.3493819645568714,1.245548898166449,,1.1914056307498246,1.1588678194086222,1.4208647413659503,1.5347203577238664,,1.2991963037525842,2.2023642948618707,1.5793050401931015,2.68233408862336,0.9270861727099002,1.2026225401723818,,1.5145363451407252,1.912515569719871,1.9784082000395582,0.9811894733461998,1.6071038075963804,1.2963625358459683,1.338444817376993,,1.324001244310673,1.4553592344287345,,1.542300363847016,1.1580654609479564,1.1886855836388943,1.65349973235141,1.4060442666864712,,1.8363889468442343,,,1.5173587621320963,1.178436592095383,2.453895967323532,2.34962163326639,1.0452018828178256
2025,7,Relación Solvencia,0.0,0.0,0.0,0.0,0.0,0.0,0.0,0.0,0.0,0.0,0.0,0.0,0.0,0.0,0.0,0.0,0.0,0.0,0.0,0.0,0.0,0.0,0.0,0.0,0.0,0.0,0.0,0.0,0.0,0.0,0.0,0.0,0.0,0.0,0.0,0.0,0.0,0.0,0.0,0.0,0.0,0.0,0.0,0.0,0.0,0.0,0.0,0.0,0.0,0.0,0.0,0.0,0.0,0.0,0.0,0.0,0.0,0.0,0.0,0.0,0.0,0.0,0.0,0.0,0.0,0.0,0.0,0.0,0.0,0.0,0.0,0.0,0.0,0.0,0.0,0.0,0.0,0.0,0.0,0.0,0.0,0.0,0.0,0.0,0.0,0.0,0.0,0.0,0.0,0.0,0.0,0.0,0.0,0.0,0.0,0.0,0.0,0.0,0.0,0.0,0.0,0.0,0.0,0.0,0.0,0.0,0.0,0.0,0.0,0.0,0.0,0.0,0.0,0.0,0.0,0.0,0.0,0.0,0.0,0.0,0.0,0.0,0.0,0.0,0.0,0.0,0.0,0.0,0.0,0.0,0.0,0.0,0.0,0.0,0.0,0.0,0.0,0.0,0.0,0.0,0.0,0.0,0.0,0.0,0.0,0.0,0.0,0.0,0.0,0.0,0.0,0.0,0.0,0.0,0.0,0.0,0.0,0.0,0.0,0.0,0.0,0.0,0.0,0.0,0.0,0.0,0.0,0.0,0.0,0.0,0.0,0.0,0.0,0.0
2025,7,Relación entre Aportes sociales mínimos no reducibles y Capital Social,0.5049289984875835,0.9134220482427753,0.7611154480420506,0.6035538722835226,0.20352373524705847,0.9550427612460444,0.8851527397321309,0.23000764764263307,0.7309333266455452,0.5729306949204324,0.0,0.0,0.0,1.0,0.6652284311904685,0.8827743506490017,0.0,0.9241247869217845,0.6371061273444764,0.9958910044003634,0.9059136401091429,0.35735353135767445,0.5806146507913779,0.5727244311572295,0.7591463036027155,0.8438990289023136,0.12104459617627239,0.570768660639445,0.2168184592034665,0.7049397240513657,0.7905767665913059,0.0,0.7460133766458051,0.5594726977907434,0.828951576050544,0.0,0.7941150000853099,0.8497308851559738,0.7539373437722631,0.5865516287024859,0.37263532971052143,0.6078844222000623,0.17227453650861518,0.7179776234597524,0.7748807044575278,0.5414464497008759,0.6981200085540009,0.7254757176738117,0.4405662535630636,0.7212328164061504,0.7155156471575667,0.8610766712426194,0.8648316243656154,0.0,0.0,0.6831135070600829,0.3430241462095367,0.6504801165338808,0.634426550818956,0.563228228080443,0.48634035223085614,0.3828668001885271,0.6100600007919732,0.9805345515908143,0.0,0.618350338888645,0.6498937201006283,0.5641098215449418,0.7975700336831978,0.7764235717915178,0.6670694225049011,0.823435539633403,0.39170305100982533,0.6098072002172343,0.29318245426560796,0.0,0.7120185944945234,0.4162219225718816,0.24085854429075268,0.0,0.7089906655078468,0.4439019454484034,0.0,0.4326162730491125,0.24739007498051044,0.9915538509423286,0.47575527143873864,0.7366352230291783,0.0,0.20295632944211942,0.0,0.28240485270283194,0.48067324375175213,0.4976503709900132,0.047945712290061795,0.9709890462058179,0.0,0.46146510617403624,0.6197485905387617,0.4294866906442017,0.9146275563345575,0.6672793821871142,0.0,0.4920345719749244,0.0,0.8888004410904644,0.9810520910108133,0.0,0.6943059911235537,0.0,0.7959265181678298,0.7112238052385854,0.7678846770572458,0.9326730685007294,0.8572484158844211,0.7311820775439388,0.4768205600297591,0.0,0.7269180156811201,0.8230014319852329,0.0,0.8824126924154404,0.84462719147631,0.576304214352181,0.9140621911349848,0.9200114142330014,0.0,0.5691811578267884,0.8072521260101564,0.7328937596021161,0.7333369014326797,0.893880667901296,0.0,0.854685531014473,0.9771086046189994,0.38727632002651785,0.0,0.5035031520070276,0.5637484025166639,0.6928807682398108,0.5145902638749412,0.0,0.5738809624081883,0.8824411864046511,0.8147887763198078,0.8327276754121152,0.7777380230322063,0.32589656034689585,0.0,0.9501487150299408,0.5102329458907259,0.8994951765364565,0.8968056126227918,0.6073278809496875,0.2684059233869985,0.6946719191636423,0.0,0.9499530511404781,0.2299189111584672,0.0,0.9519344708395524,0.5013532158308974,0.3972793062168854,0.1321689747517148,0.8185002097911664,0.0,0.8474952509919964,0.0,0.0,0.31963800228528366,0.6999999999896666,0.46201546778120617,0.6389194737866214,0.9000323998641219
2025,7,Relación entre el Capital Institucional y el Activo Total,0.07249351066487757,0.07779476862658835,0.07299041332097889,0.026616640805727357,0.04589622801861046,0.1520339922136437,0.00019538478756079533,0.08493183639194246,0.020896391341461183,0.06302827120764115,0.0,0.0,0.0,0.04888258245689602,0.08467970603291672,0.23755227330777265,0.0,0.07029642944050668,0.027866333190522428,0.028620257634017432,0.04580036330027,0.07879190181508756,0.13829161255641112,0.08890488103400881,0.055579168708890965,0.019489341096441286,0.10671749749411298,0.04895479013051288,0.04058704308349358,0.10241996490105655,0.13966467683506725,0.0,0.33306090142639994,0.05327380520857791,0.07690319936429157,0.0,0.17274805894838147,0.06589318211020496,0.07127129091049403,0.03904648594506339,0.06549026510341399,0.03456955971085524,0.1388307402436248,0.06472972578679836,0.0625689229514031,0.05936338427726846,0.13863099470538748,0.025657640477645686,0.1301546379376839,0.05095257495116992,0.05641617322141915,0.07266832265762697,0.12839878530466123,0.0,0.0,0.07244289479750066,0.06317426687164408,0.10406686303673922,0.03830495945286892,0.11571079161562908,0.04191674330027365,0.09047900455154548,0.033491191836784215,0.09804751092351904,0.0,0.07375260412541687,0.046798106890456874,0.10691361142577856,0.09622176933075956,0.048253744402626586,0.10443173058065122,0.06668834054855671,0.183101370550306,0.04124279114129447,0.021285156633208728,0.0,0.07892101847388264,0.09520046441664887,0.07422744189162567,0.0,0.007283340594310056,0.07646918859382096,0.0,0.03050506976271746,0.1047426260888184,0.12047667955576996,0.04999757911091634,0.09604991505309757,0.0,0.07492474486632489,0.0,0.0731373869726684,0.09765771123993461,0.049615263506235234,0.15716316716271064,0.11078752065358065,0.0,0.07664677420888176,0.0563056034372408,0.07545902527483857,0.10168692705161254,0.15457882403582154,0.0,0.060856941778350285,0.0,0.09710562362850057,0.05709555948843852,0.0,0.09636096117286776,0.0,0.1446885539368769,0.07024632707036013,0.24311229919122757,0.2155149250000417,0.0739399587167206,0.07444905312597054,0.08522286887038544,0.0,0.12613300123592858,0.0864342593322177,0.0,0.0,0.11412641040754935,0.09839569861518083,0.11347250313941218,0.10186906394318523,0.0,0.0806542114853034,0.07768646226058233,0.04028063147707465,0.06722224864433439,0.3695498382509038,0.0,0.032694877689314776,0.12356012318598528,0.09351659407342454,0.0,0.07865064190964055,0.037786565831614494,0.15194893745351878,0.07908125999797881,0.0,0.09737888485656102,0.08669284205121691,0.027739104641877878,0.13439408269794892,0.0037019437470257556,0.04942775191703595,0.0,0.02783642299342719,0.09546947721928772,0.20271955897028532,0.003952143537731256,0.2298267839606509,0.11485089575173549,0.12149586748079035,0.0,0.08451189364743877,0.08420439657640395,0.0,0.08434093867133827,0.007869471227184855,0.03264008823270056,0.21188104667191063,0.09655196987483443,0.0,0.17993168131008774,0.0,0.0,0.17931393471231377,0.0301193796182761,0.22543130742340656,0.1964061884248799,0.193138673643319
2025,8,Quebranto Patrimonial,1.220343737721887,1.2872146629014491,1.3435707638490324,1.1541233156521213,1.1812995630503549,1.5948171416558001,1.0451886334765832,1.3509816807765789,1.1977685772975781,1.3999011410347013,,,,1.3394150462818206,1.3615710066666082,1.5684712169399595,,1.8488000250970973,1.4011174185801776,1.6365097526458392,1.3158208014155295,1.3340452066063517,1.513446399444578,1.7291886459288537,1.6198089696044948,1.2607567882909247,1.7383328827109454,1.3038047722930048,1.1950048954868873,3.02903951156569,1.4069861673196258,,5.08099004721399,1.153492644469115,1.4122479064099864,,3.3686483264742986,1.2764070902765106,1.2496347591444013,1.3437572432618785,1.584103686770353,1.1850530295038142,1.2562038121570769,1.3711447616755292,1.1222721853516406,1.2599358443766986,2.0277883319207164,1.0775311425166376,2.5741691151247146,1.419708156480338,1.7601592403113713,1.1536584884934662,1.9815152341599906,,,1.716534565629215,1.4351874511261242,2.374410715159215,1.4737402008172351,1.5113299207854982,1.3455396366664119,1.8599368885829042,1.204390489036195,1.1184173667638042,,1.5639069361151403,1.3276811276121303,1.698218136461006,1.2620041255758168,1.310513859148647,1.9243188390969657,1.7872698505262876,1.7732569567859202,1.2126618752999272,1.0788598738179371,,1.329607830321946,1.2394364150992205,1.3115989484593684,,0.8907747020728138,1.4481646928409766,,1.2092755166018445,1.31157172814166,2.3234618701364664,1.256759040960537,1.6621619775770786,,1.2936111356682185,,1.2131325888824074,1.353686260588945,1.2415809725164069,1.352433726636632,1.199893006664392,,1.3280451049191366,1.3608016735364834,1.3357140966669965,1.2915450253819958,2.4949107305313323,,1.2243209521332497,,1.4859762967210661,0.9340918788127964,,1.5925084344479434,,1.8571238984544962,1.3818848172658986,1.725384156946194,4.414772912073435,1.5968373717310635,1.4014224005224283,1.6483673603326423,,1.9365202630180036,1.9531278206652358,,1.0322330598590481,1.6891398142218912,1.7221208656088651,2.325488110763766,2.054424490586175,,1.5700667380352278,4.907534175733503,1.2331969326257628,1.4008413251966196,2.1854000146591206,,1.2223078420924371,1.344656691414872,1.2456664312111867,,1.1975368830777073,1.1569220759706373,1.4409184834833664,1.5429029798345522,,1.3101631998631054,2.187432562331862,1.5796298444381804,2.6958912228942524,0.9105139382203687,1.2061125448457044,,1.5083471068478667,1.9203354979130471,1.9797556167306705,0.960983141339778,1.6059887681573994,1.2984316356658434,1.3424048775562656,,1.3204789166320623,1.4671671090923226,,1.556723101815738,1.1606577340528497,1.1925342129399803,1.655509497991643,1.4113593032396552,,1.8412743830579814,,,1.5227504444992952,1.1673755798433028,2.4831608670940217,2.3485514235121454,0.9106655588658196
2025,8,Relación Solvencia,0.0,0.0,0.0,0.0,0.0,0.0,0.0,0.0,0.0,0.0,0.0,0.0,0.0,0.0,0.0,0.0,0.0,0.0,0.0,0.0,0.0,0.0,0.0,0.0,0.0,0.0,0.0,0.0,0.0,0.0,0.0,0.0,0.0,0.0,0.0,0.0,0.0,0.0,0.0,0.0,0.0,0.0,0.0,0.0,0.0,0.0,0.0,0.0,0.0,0.0,0.0,0.0,0.0,0.0,0.0,0.0,0.0,0.0,0.0,0.0,0.0,0.0,0.0,0.0,0.0,0.0,0.0,0.0,0.0,0.0,0.0,0.0,0.0,0.0,0.0,0.0,0.0,0.0,0.0,0.0,0.0,0.0,0.0,0.0,0.0,0.0,0.0,0.0,0.0,0.0,0.0,0.0,0.0,0.0,0.0,0.0,0.0,0.0,0.0,0.0,0.0,0.0,0.0,0.0,0.0,0.0,0.0,0.0,0.0,0.0,0.0,0.0,0.0,0.0,0.0,0.0,0.0,0.0,0.0,0.0,0.0,0.0,0.0,0.0,0.0,0.0,0.0,0.0,0.0,0.0,0.0,0.0,0.0,0.0,0.0,0.0,0.0,0.0,0.0,0.0,0.0,0.0,0.0,0.0,0.0,0.0,0.0,0.0,0.0,0.0,0.0,0.0,0.0,0.0,0.0,0.0,0.0,0.0,0.0,0.0,0.0,0.0,0.0,0.0,0.0,0.0,0.0,0.0,0.0,0.0,0.0,0.0,0.0,0.0
2025,8,Relación entre Aportes sociales mínimos no reducibles y Capital Social,0.5045585196401775,0.9138805838234219,0.7617575771146227,0.5992597884790845,0.20215811729186964,0.9497058355816814,0.8812483123625758,0.22866158871716313,0.725917507115273,0.5668589011387511,0.0,0.0,0.0,1.0,0.6615526531253919,0.8795046255747264,0.0,0.9241277120638208,0.6333272882191051,1.0,0.907013642428808,0.3558616795386756,0.5785652874906474,0.5711433911013704,0.7532529439548288,0.8411354878309422,0.12066235081192783,0.567511652152562,0.2153589684657524,0.7049397240513657,0.7915758473707337,0.0,0.7391189426393594,0.5530765141075898,0.8241042106681328,0.0,0.7931669842253228,0.8473971725989919,0.7472055577757376,0.5833772974643855,0.36933948920317583,0.6059806984338233,0.17051704762860284,0.7788433388531321,0.942657816696336,0.5374668262918931,0.6955609330764151,0.7269460483529702,0.4350452291743232,0.7080600433674156,0.7077827834331099,0.8600119490383207,0.8617138777107152,0.0,0.0,0.6815256995342558,0.3428018427434917,0.6435987794778528,0.630032875207749,0.5597135254770735,0.48384858413713394,0.38065492361966474,0.6081347307326476,0.981957385632506,0.0,0.6152218458606654,0.6503270048619839,0.5580032984362185,0.7901495968941776,0.7762039324563836,0.6655893790485535,0.8194108294413864,0.3901597236554806,0.607702922197751,0.2927081359027736,0.0,0.7067385498042228,0.4127934093144503,0.2398287265228491,0.0,0.716012705800079,0.4431688671988878,0.0,0.4300695903382232,0.24574759549976588,0.9874503696884394,0.4694379125031799,0.7363788877622964,0.0,0.20158691540296594,0.0,0.008806105589963425,0.4763298149487092,0.4985099704190355,0.047826824423027575,0.9873682728622547,0.0,0.45671757745712294,0.6164747103716215,0.42690321874578496,0.9148242160819011,0.6571050527724578,0.0,0.4850777298448173,0.0,0.8860678948416838,0.9787138850317565,0.0,0.6892721469226073,0.0,0.7934006428915433,0.7094148527029949,0.7698198235918733,0.9461805229160862,0.8606699691833005,0.7066076531760633,0.47561422120141933,0.0,0.7232422886444596,0.8140944420156518,0.0,0.8781263412109024,0.8359608703309956,0.5728558906953718,0.9065385247983956,0.9198868992140178,0.0,0.5643558889889481,0.8064542517823223,0.7342700597421862,0.7355660040566588,0.9098451428385671,0.0,0.8522615498173941,0.9706499712937453,0.3863034006876444,0.0,0.5023911757955736,0.5587066762020133,0.6876541616392433,0.5125113619108262,0.0,0.5723947122965976,0.879793320407996,0.8089575254799976,0.8303526846014359,0.7790805475707316,0.3230857212133496,0.0,0.9501467470478654,0.5082155991448695,0.9012446453697931,0.8931161042863774,0.6033400529657544,0.266771893896002,0.6894228340653928,0.0,0.9516357495133224,0.22657978274147944,0.0,0.9519172686841648,0.49930883137639487,0.3942467868623566,0.13189225503610455,0.8160980656041843,0.0,0.845186391175553,0.0,0.0,0.3189522385534323,0.7000000000119774,0.4599536937029147,0.6391984879768752,0.8975964263404561
2025,8,Relación entre el Capital Institucional y el Activo Total,0.07245688195971409,0.07617196952797183,0.07305934374182958,0.026435931674672408,0.0451506172716623,0.14708400556344617,0.00019036244273375213,0.08372706924684829,0.020849529953276335,0.06185037810792989,0.0,0.0,0.0,0.04907234274037424,0.08298468055217335,0.23591174109593324,0.0,0.06861129188428275,0.02784863560877607,0.02927355721132422,0.04670238895635471,0.07812457538934917,0.13751183747515175,0.08747684926556142,0.054657755358842375,0.019005990374354655,0.10670101018311262,0.04832009704072474,0.03995167653334682,0.10050182463864125,0.13873280290098033,0.0,0.32818468252728716,0.05252801191264776,0.07596642830195856,0.0,0.1716987869014632,0.06549296177950838,0.0676891947641513,0.03879871423039986,0.06439475273704542,0.03490118093551043,0.13835702849279746,0.062252450896256466,0.0629949767603893,0.05807300782167965,0.14093619583980616,0.025994587112878154,0.12977564513639242,0.05144009742243662,0.05543942007340628,0.07276337274796713,0.12617598931417548,0.0,0.0,0.06974080133921833,0.06321625630019466,0.10322795477332365,0.03797847069374828,0.11517896577449853,0.03981269036311264,0.0887316286247037,0.03317377373954732,0.09729571487973396,0.0,0.07408518951660012,0.04702663400787307,0.10551170301447416,0.09779767670394639,0.04775829954961574,0.10426664006039785,0.06496755936400657,0.18161623024107496,0.041099442762099,0.021281544157116493,0.0,0.08008388395941246,0.09354412509966448,0.07366076016246109,0.0,0.0072833219545665965,0.076138109876402,0.0,0.030347979379378137,0.10325682380074,0.11812953505423328,0.049366675897310995,0.09651014784964317,0.0,0.07469647381108353,0.0,0.07280328501335169,0.09648588374457882,0.06519310050796562,0.15608531784854973,0.11295061915607045,0.0,0.07503176793121569,0.05609969584144444,0.07489024405722668,0.10069375114396609,0.15161574731406763,0.0,0.05737609177335885,0.0,0.09495920151523322,0.05728309387443279,0.0,0.09389183275804672,0.0,0.14570350050656689,0.06988702970074888,0.2405899667889113,0.2097262864120519,0.07385049356741537,0.0639857660354761,0.08405649446390184,0.0,0.12268765960436381,0.08443484434600429,0.0,0.0,0.11144640712687903,0.09786552042797741,0.11294889991335105,0.10136100587085471,0.0,0.07863058248652573,0.0772809933295965,0.03966638312398307,0.06676848039220139,0.3657170361578006,0.0,0.033229352472087206,0.12456449233938677,0.09332714473600777,0.0,0.07880970168370015,0.03645479153977003,0.1475251102718879,0.07846640427277507,0.0,0.09635488852773122,0.08649609492878882,0.027897334393853165,0.13357499502064646,0.0036975557673602456,0.048732437172996634,0.0,0.02737149787006864,0.09258761386565953,0.20248730308708893,0.003967401677701325,0.22851824879435723,0.11404346694766021,0.12102235576436253,0.0,0.08101876042912629,0.08266490861555309,0.0,0.08360879281659804,0.007823803373926299,0.032263483568102304,0.20955460953803828,0.09596303885296942,0.0,0.17878164691992093,0.0,0.0,0.17897426780063114,0.0282480902918739,0.2246505230704142,0.19557025710562898,0.19846883842200796
2025,9,Quebranto Patrimonial,1.2206385469174148,1.2899675914252222,1.3446241176556062,1.161240034549711,1.1839386103347052,1.6075236504246997,1.0510365884557649,1.3565018196204968,1.1917608612461512,1.398523891538031,,,,1.3413133250821192,1.3590573298253084,1.5696727845661973,,1.8581241206895458,1.3885303222676715,1.6141088776794117,1.3209531768504266,1.3365015235438193,1.5177940600547508,1.7370991213527682,1.6215340097166118,1.2594602319318937,1.748038682140174,1.3160331937671874,1.2014991030506952,3.0813088490049534,1.39855950379709,,5.088883724774415,1.152701740194639,1.4152119177366005,,3.3830968681096825,1.2780766765066984,1.2505977751542907,1.3553287319102076,1.5933069478254465,1.2052626131690891,1.2621432482964183,1.378724385141853,1.1344239981461852,1.262004144764752,2.050523226854959,1.0793570163549653,2.5648907708701185,1.4180769102441473,1.770284240477192,1.16777221009902,1.9719523340481757,,,1.7201249150151283,1.43643547178208,2.3848497685127366,1.487001194739458,1.5092749843887852,1.3447984332877885,1.8670961555010521,1.198536813576115,1.106227852181388,,1.553204708455073,1.3370188049584042,1.701836008590693,1.2635675323595699,1.3097777918026907,1.9480658056935065,1.8167619373695354,1.7515276926447434,1.2160785445645135,1.0793930963992175,,1.3376851854839837,1.242968809086545,1.320971247763267,,0.8926654256142531,1.4518560072905273,,1.2066383580117594,1.3193482732172461,2.317619465341254,1.253282145166215,1.6746588566180496,,1.2954684921465573,,1.2192803681718472,1.3593888063913595,1.19417961575457,1.3568356642098236,1.2062689047168151,,1.3329033593056954,1.370196941004255,1.3504927217822251,1.2922714823725545,2.4876715883998384,,1.2273533895524185,,1.4828943566214834,0.9303295872129133,,1.5951604910718007,,1.860075848093933,1.379144005854853,1.7325667220448868,4.415874167127628,1.6094865270293637,1.415573159158574,1.671302069201601,,1.953695878616878,1.9314644001166612,,1.0377680644382654,1.689535124941275,1.7311296580146291,2.3331269267664543,2.067851008169479,,1.5614448196375368,4.922929479095521,1.2371493317141202,1.4268026858044591,2.2338203930499385,,1.214207532810007,1.3434993200752838,1.24928198904693,,1.198195236028095,1.1555955556942377,1.4399420090595536,1.5561846536328954,,1.316847410752552,2.2463546824220617,1.5823314212422608,2.700371817019225,0.898063703374449,1.2091230268200224,,1.5016022886640996,1.9280812688840727,1.9941194232386525,0.9647062777276385,1.6100647911080979,1.3019119359507607,1.3454764104809769,,1.3198143300490608,1.4790060019546938,,1.5656439210257262,1.1623595077577187,1.1955212613375765,1.663520354475912,1.4065244810247532,,1.8470646673724198,,,1.530214235590501,1.139784139822438,2.5278984413935817,2.356274808716915,0.8995822443911138
2025,9,Relación Solvencia,0.0,0.0,0.0,0.0,0.0,0.0,0.0,0.0,0.0,0.0,0.0,0.0,0.0,0.0,0.0,0.0,0.0,0.0,0.0,0.0,0.0,0.0,0.0,0.0,0.0,0.0,0.0,0.0,0.0,0.0,0.0,0.0,0.0,0.0,0.0,0.0,0.0,0.0,0.0,0.0,0.0,0.0,0.0,0.0,0.0,0.0,0.0,0.0,0.0,0.0,0.0,0.0,0.0,0.0,0.0,0.0,0.0,0.0,0.0,0.0,0.0,0.0,0.0,0.0,0.0,0.0,0.0,0.0,0.0,0.0,0.0,0.0,0.0,0.0,0.0,0.0,0.0,0.0,0.0,0.0,0.0,0.0,0.0,0.0,0.0,0.0,0.0,0.0,0.0,0.0,0.0,0.0,0.0,0.0,0.0,0.0,0.0,0.0,0.0,0.0,0.0,0.0,0.0,0.0,0.0,0.0,0.0,0.0,0.0,0.0,0.0,0.0,0.0,0.0,0.0,0.0,0.0,0.0,0.0,0.0,0.0,0.0,0.0,0.0,0.0,0.0,0.0,0.0,0.0,0.0,0.0,0.0,0.0,0.0,0.0,0.0,0.0,0.0,0.0,0.0,0.0,0.0,0.0,0.0,0.0,0.0,0.0,0.0,0.0,0.0,0.0,0.0,0.0,0.0,0.0,0.0,0.0,0.0,0.0,0.0,0.0,0.0,0.0,0.0,0.0,0.0,0.0,0.0,0.0,0.0,0.0,0.0,0.0,0.0
2025,9,Relación entre Aportes sociales mínimos no reducibles y Capital Social,0.5032194630909416,0.9097385291438562,0.7588234292756456,0.5948769688382706,0.20046582335548915,0.9479152445206402,0.8752897365375347,0.22823597586617944,0.7212109526832392,0.562002734317325,0.0,0.0,0.0,1.0,0.6606549855639974,0.8752106818346376,0.0,0.9241308309991797,0.6284074420914573,0.9967041870710643,0.9053561216188464,0.3542189617952506,0.5776361389894361,0.5680775483047013,0.7468499990299686,0.8184264815086064,0.12036225954030891,0.5663947882552696,0.21474360655553484,0.7049397240513657,0.7845358543489166,0.0,0.7323342643089146,0.5464797387822219,0.8191773860931902,0.0,0.7898018472190358,0.8484528649088328,0.7411389028559936,0.582414969735282,0.36562136770759945,0.6104061078458457,0.1700333794318794,0.778582079075552,0.9355825742590432,0.5352790172435957,0.694085547254192,0.7253108989370965,0.42712080501483907,0.6981516860412319,0.7001466909755916,0.8602607291679345,0.8502899497584423,0.0,0.0,0.6830946066110899,0.34021662204095454,0.6378276521718904,0.6255230303944983,0.5560067792937654,0.48031559868835916,0.3783708075929918,0.6067926453120366,0.9802727747759297,0.0,0.6102424911285501,0.648124213214962,0.5520447317604193,0.7845553099380327,0.7751741445843622,0.663855237871197,0.8159669158909492,0.38825801130351834,0.6048842539948902,0.2929078349762582,0.0,0.7107998065986237,0.410316954091343,0.2390208377786478,0.0,0.7155700135203565,0.44186912819124735,0.0,0.4275622586601312,0.24435640374496387,0.9793811883589432,0.4614749181390676,0.7427088231365537,0.0,0.20010415869080814,0.0,0.280714094284882,0.47271443508859085,0.49535438262428083,0.04775700316532513,0.9911987992332801,0.0,0.4516702073182904,0.6127323061693989,0.4241577874439866,0.9146851815858646,0.6467127155678882,0.0,0.48173617820407727,0.0,0.8871967915285563,0.9685076383084456,0.0,0.6856870949110182,0.0,0.7900081796040693,0.7042507939629474,0.7656928044074147,0.9550732930735207,0.8624929818011269,0.7022615265146446,0.4734987914693528,0.0,0.7213836171421886,0.7952597727919458,0.0,0.8760476471241279,0.8276396915755799,0.5677924962853781,0.9010366603298658,0.9194635317590989,0.0,0.563195298781531,0.8089058456426724,0.735395169914856,0.7356007197727195,0.9182080514682726,0.0,0.8549638492375052,0.974719683733155,0.3838660518433859,0.0,0.5005422461610044,0.5519883991770479,0.6865814560193444,0.5092762906171853,0.0,0.5677981313730798,0.8762431115183398,0.8018636183366837,0.8280023969987098,0.779567363881663,0.3200771036864887,0.0,0.950144516324985,0.5066757875844676,0.9063104638159942,0.8857818127178743,0.6021248818744418,0.2656810572718306,0.6853599511067946,0.0,0.9514065535847558,0.22355964041949866,0.0,0.9518993417961887,0.4969488975665452,0.3905521132017192,0.13115279047314185,0.815026881299665,0.0,0.8418716552443999,0.0,0.0,0.3183628774159379,0.6999999999974099,0.4606094566074679,0.6399768697134565,0.8952210348051532
2025,9,Relación entre el Capital Institucional y el Activo Total,0.07167329167814729,0.07657240583765504,0.07291496428867396,0.02617599779732066,0.044692079972400406,0.14296269927835248,0.00018408636011890895,0.08383497202028933,0.02077849740835373,0.06065325965197481,0.0,0.0,0.0,0.03410769497233389,0.08026080972783439,0.2348212660459848,0.0,0.06949449965442993,0.027673285493748003,0.029510921694799255,0.04674554343916934,0.07798635844180771,0.1361609909264333,0.08651423167265214,0.05400628956125422,0.018807094001953198,0.1059697801459192,0.04740634617014727,0.03950997275946115,0.10092251162978869,0.13743052531314606,0.0,0.3261238381722987,0.05197311019514541,0.07496415583248814,0.0,0.17086537368399682,0.06570780305372227,0.06742581489727358,0.03827250436904786,0.0636407132825801,0.0353744786685946,0.1372369310358724,0.06236427920999718,0.06334229625031058,0.05751863159086852,0.1422035573813508,0.026190742949737528,0.12728471736781002,0.05140187961259323,0.05502033740992787,0.0736663652021775,0.12367017137202424,0.0,0.0,0.06764365566058518,0.06276158399550259,0.10223722671517597,0.03747545838323971,0.11474058495417475,0.038341288881296454,0.08734831804510436,0.032857236496168146,0.09741541062969651,0.0,0.07387713895702466,0.047484670647863735,0.10410988608690726,0.09529342476297734,0.047633149704765405,0.10428978999664289,0.06353792837468601,0.18172902811447714,0.04101262244405558,0.021385559508474362,0.0,0.08108653844994329,0.09265089314493466,0.07238002749212573,0.0,0.006921177034399703,0.07556921711232704,0.0,0.030130398707358647,0.10168350101672236,0.11552613127195807,0.04856926088121152,0.09659221832570385,0.0,0.0743840828082225,0.0,0.07208071282695981,0.09615782173015865,0.04859920385810499,0.15552640009562224,0.11264802393190143,0.0,0.07367408619859184,0.05536955647769899,0.0745552844748018,0.10247951418674223,0.14942481455226464,0.0,0.056977693539903514,0.0,0.09701070333796266,0.0545449050936848,0.0,0.09254952647243089,0.0,0.14344506508315022,0.06894648016151146,0.23978599873001993,0.2047749456174174,0.07357846643451701,0.06204212079973686,0.08156081202783586,0.0,0.12214156292127855,0.07913147021609983,0.0,0.0,0.11014609037201403,0.09713862711748093,0.11171270091369212,0.1011558903661657,0.0,0.07854730628690339,0.07756001692750134,0.03973208651105922,0.0660278265978332,0.3600868785880245,0.0,0.034090324230798524,0.12377548232260677,0.08815702552713137,0.0,0.07939874511137056,0.03484900023690159,0.14456637535000835,0.07645735306520653,0.0,0.09541146604395268,0.08473934858984461,0.027130344987590798,0.13250362315281541,0.003719640605464014,0.048047954260376426,0.0,0.027024839751811684,0.09128032793474969,0.20072010137654514,0.003937642136361506,0.22707244340119825,0.11468874942481998,0.12147921183112688,0.0,0.07831437818990562,0.08123364084484869,0.0,0.08276474820205121,0.007840004146979922,0.03197708249762744,0.20780369545064817,0.09707956274860591,0.0,0.17801159246554446,0.0,0.0,0.17839352908341452,0.02751188561287565,0.22287777395073194,0.19479168448648612,0.19991670265139402
2025,10,Quebranto Patrimonial,1.2209209626905535,1.2989828947640434,1.3429423446198883,1.1651854008725662,1.1876717146643023,1.6216065245955709,1.0603876662921508,1.359574728871937,1.1905188341417132,1.4011031187003868,,,,1.3471204226707274,1.3620427009487301,1.6792850954512517,,1.8763078824350556,1.3777767481181695,1.5799563943850996,1.330237172950101,1.3386845667514857,1.5179011494486299,1.7578099696642926,1.6266259591168453,1.257232077907687,1.755443794947817,1.3207336095993099,1.20690866840012,3.124795958259014,1.3928844845397572,,5.094802638883121,1.1543259055436417,1.418058321715814,,3.397631197052124,1.278631508299908,1.2465883411487015,1.3538007626204778,1.5972757140484561,1.142641799092175,1.266296459332769,1.3725355689681473,1.1334915179726177,1.2580554658109038,2.0688220851253707,1.0794312905792707,2.5795036461651715,1.4173147895873093,1.7480536555032116,1.1395011323479465,1.9730868768418675,,,1.7154745878037891,1.4430059307522451,2.4014741855517365,1.4982896481543564,1.5157239546377663,1.3454431071056459,1.8870019002389338,1.1960385197974686,1.110597257193173,,1.5448579561680655,1.3404133849030657,1.7137578517863326,1.2759804347291188,1.3105424219490687,1.9768595216590006,1.845435359406301,1.7480913112468588,1.2207588487199865,1.0811339827894255,,1.3379888058731102,1.245881902096,1.327280560373142,,0.8954198723862784,1.454436185809453,,1.2073734211270157,1.3244653871085743,2.3184805795430705,1.2511926808282035,1.6872167426053015,,1.2944330722819364,,1.2232246314792148,1.3633596352509976,1.2009616216721815,1.3634739743373372,1.1820523594988859,,1.3377127587620674,1.3715940463734344,1.3492914996213425,1.3009472658685166,2.505185238998895,,1.231360436936111,,1.4834806599284835,0.929436728002058,,1.591882394761112,,1.857145682304144,1.377373516253343,1.7271566787608532,4.419751291502522,1.6210987099777028,1.4265526531754034,1.6832970233285305,,1.9358952064863435,1.9097213332460818,,1.0345629215584102,1.6958245844520314,1.7580347393119045,2.341689041688199,2.0579773631475633,,1.5865556949284918,4.932685072681467,1.241029242404428,1.4318565004357675,2.2322136116542204,,1.219758019669132,1.3400293059927968,1.250420484237447,,1.1999674372869116,1.1541578597006334,1.4385828431571832,1.564852672832562,,1.3269339680693297,2.2374553530135546,1.5841325834127786,2.7030660118705563,0.8815032493056039,1.2106896546349069,,1.495419249391825,1.929851295345874,1.9991859318267318,0.9678130170924435,1.6148298415785394,1.2991940355772993,1.3517096652748732,,1.3203300850179043,1.4961146349739365,,1.581739315603927,1.1647756271243583,1.1959008881758304,1.666065857356053,1.4048720738719631,,1.8601606299909357,,,1.5433020373707653,1.140148986754255,2.5637536750169736,2.358519775655315,0.8832177111725409
2025,10,Relación Solvencia,0.0,0.0,0.0,0.0,0.0,0.0,0.0,0.0,0.0,0.0,0.0,0.0,0.0,0.0,0.0,0.0,0.0,0.0,0.0,0.0,0.0,0.0,0.0,0.0,0.0,0.0,0.0,0.0,0.0,0.0,0.0,0.0,0.0,0.0,0.0,0.0,0.0,0.0,0.0,0.0,0.0,0.0,0.0,0.0,0.0,0.0,0.0,0.0,0.0,0.0,0.0,0.0,0.0,0.0,0.0,0.0,0.0,0.0,0.0,0.0,0.0,0.0,0.0,0.0,0.0,0.0,0.0,0.0,0.0,0.0,0.0,0.0,0.0,0.0,0.0,0.0,0.0,0.0,0.0,0.0,0.0,0.0,0.0,0.0,0.0,0.0,0.0,0.0,0.0,0.0,0.0,0.0,0.0,0.0,0.0,0.0,0.0,0.0,0.0,0.0,0.0,0.0,0.0,0.0,0.0,0.0,0.0,0.0,0.0,0.0,0.0,0.0,0.0,0.0,0.0,0.0,0.0,0.0,0.0,0.0,0.0,0.0,0.0,0.0,0.0,0.0,0.0,0.0,0.0,0.0,0.0,0.0,0.0,0.0,0.0,0.0,0.0,0.0,0.0,0.0,0.0,0.0,0.0,0.0,0.0,0.0,0.0,0.0,0.0,0.0,0.0,0.0,0.0,0.0,0.0,0.0,0.0,0.0,0.0,0.0,0.0,0.0,0.0,0.0,0.0,0.0,0.0,0.0,0.0,0.0,0.0,0.0,0.0,0.0
2025,10,Relación entre Aportes sociales mínimos no reducibles y Capital Social,0.5019190347049534,0.9123581807881799,0.7548093348273179,0.5916102834222827,0.19809136257922222,0.9426033156109557,0.8691433516115227,0.22597362831288786,0.7187477665398505,0.5568565662870878,0.0,0.0,0.0,1.0,0.6579096365407038,0.9139323875442343,0.0,0.9241350065083813,0.6267516624242309,0.9892361808131194,0.9020746439597919,0.35342258872388205,0.5761610187863248,0.5663411862338578,0.7407583938883402,0.8082705494666368,0.11973123842882986,0.5673213096669584,0.2139529780327418,0.7049397240513657,0.7874389946502846,0.0,0.7256063300439156,0.5394441843268959,0.8135887990977705,0.0,0.7863740689738796,0.8474115116669696,0.7329046447117221,0.5798379996154732,0.3618994998722549,0.6092206869855162,0.16882926880193816,0.7755629138002086,0.9399128615256619,0.5307483636788475,0.6933534220002775,0.7281108257212927,0.4228824007588564,0.6886942037323689,0.6857359550269503,0.8552212722831898,0.8392435927163323,0.0,0.0,0.6819500101909155,0.33798238161845334,0.631317341190358,0.6206483014698585,0.5529500349582204,0.4757716439134046,0.37611465396067545,0.6062403580115641,0.9818902178054016,0.0,0.5943915623426482,0.6447495606547332,0.5462524221893736,0.7792750507211613,0.768140048338022,0.6607908790479112,0.8054015894849044,0.38753670805871243,0.6045259763477128,0.29146740987885544,0.0,0.7043243887027619,0.40793816531163496,0.23787255396266618,0.0,0.7136241552685113,0.44100351488424916,0.0,0.4253357819482452,0.24282930676204864,0.9730827017969037,0.4554589594688382,0.7467256209953808,0.0,0.19808941227542626,0.0,0.28065321240397834,0.4705938047841944,0.48861247328785506,0.047831511967725,0.9920788839528835,0.0,0.4441000030113204,0.6100869104503314,0.42201821417187846,0.9252924259719193,0.6434314830291297,0.0,0.4783730150933069,0.0,0.8846567484690956,0.9700147770174244,0.0,0.6769296655615528,0.0,0.7847939501717355,0.7002149547889915,0.760023460780519,0.9471748810569055,0.863249475493528,0.6968984858204992,0.47123785421545566,0.0,0.719319030842983,0.7866884278876485,0.0,0.8749753518719645,0.819280045122696,0.5649183034041598,0.8954622545112776,0.9177240909035341,0.0,0.559756395299928,0.809527589446933,0.735722057091367,0.7353770979905944,0.9104934830918365,0.0,0.8594902726979067,0.9791306649168726,0.38304964238417566,0.0,0.4991900396033364,0.5445859843244778,0.6812507511054301,0.5048399534153691,0.0,0.5671388932729041,0.874222808722728,0.7930211123816425,0.8241502861163854,0.7803201646368194,0.31724491576348723,0.0,0.9501424206805207,0.5039609698225255,0.9012105486640353,0.881943852131648,0.6022074391884317,0.26534587146390476,0.6794589536817397,0.0,0.9501281135883746,0.22135194482487103,0.0,0.9518810529405315,0.49476458000995505,0.3864959424458669,0.13068133539637825,0.8111046656536678,0.0,0.8513256550056566,0.0,0.0,0.3182034521488325,0.699999999996144,0.4613735902884914,0.6403657595264161,0.8928278746488763
2025,10,Relación entre el Capital Institucional y el Activo Total,0.07023548363828995,0.07656186372887233,0.0727444314987186,0.02598292368606769,0.04441333968677538,0.14363326962420295,0.00017954714123421457,0.08192379470887325,0.020708515287108348,0.05991665606658149,0.0,0.0,0.0,0.03411490336084921,0.08007805003588857,0.22269318557899026,0.0,0.06774290953376993,0.02766650606115325,0.029901670253900964,0.04574791000174273,0.0773026190514062,0.13497961389359628,0.085474187133654,0.053459687947388694,0.0185161678788056,0.10579034532799894,0.04714529362741408,0.03898058422964384,0.10012441569408034,0.13629457926683222,0.0,0.3216492744996854,0.05062130274611758,0.07392590463842641,0.0,0.1687453617787222,0.06577984948385746,0.06609901618346269,0.038243775020958326,0.06286015585127137,0.03513769503806865,0.13595886293124826,0.06178474950229464,0.06065305974622674,0.0574273742116597,0.13969057086190628,0.02755933202366947,0.12439478202959851,0.05114503679930848,0.054375520273808056,0.07357818885170618,0.12008681046403166,0.0,0.0,0.06684191135746734,0.06203157940063887,0.10118968253521957,0.036976346373927924,0.11440798621026133,0.03742415828796316,0.0865383883685181,0.033093008120704225,0.09621957835153679,0.0,0.07319970062670175,0.04491796667803851,0.10337702616612486,0.09338598491215368,0.04805359735762623,0.10260052471463676,0.06303538664681692,0.18282205166919469,0.04228285504750253,0.02156461087324101,0.0,0.08053858626383963,0.09152299905695377,0.07192349764976867,0.0,0.007266432079541715,0.07505414563678138,0.0,0.02996644806913844,0.1010277159853631,0.11459754473658228,0.04810821219496188,0.09656301459008344,0.0,0.07372011428706823,0.0,0.0717150596795195,0.09494002185963601,0.048674086648533066,0.15418008333777272,0.11235177955832322,0.0,0.07230712055154219,0.05325808095617312,0.07447312216723685,0.10013587953284155,0.1464989943973162,0.0,0.05659035427470358,0.0,0.09381247785757382,0.05511649374117325,0.0,0.08922933751543517,0.0,0.141543405037851,0.06936618802365034,0.24006628550981024,0.2004559280794515,0.07460638772922572,0.06178433021720005,0.0801459868884624,0.0,0.1188142714018439,0.07914377809821271,0.0,0.0,0.1082011723205888,0.09575206793653748,0.11119847095895505,0.10196672229904363,0.0,0.0781651199612924,0.07726568234765224,0.04055272333135647,0.06563612369039051,0.3589641455869117,0.0,0.03420335439808487,0.12570687376170495,0.08806417733928258,0.0,0.07902046354563573,0.03549557831477068,0.14498096283610382,0.07455912598547734,0.0,0.09454135910231037,0.0846808741175817,0.02721060049349087,0.13049719647481545,0.0037220417951609364,0.0475234360675711,0.0,0.026367646272205184,0.08992245375398614,0.18979533930995063,0.003954336371671339,0.22350602981047057,0.11394245344751919,0.12063993984204639,0.0,0.07718084136647062,0.07976454964891937,0.0,0.08258527306959502,0.007788055580184915,0.031552067145033946,0.20891358453368622,0.09643580125424109,0.0,0.1767757024932096,0.0,0.0,0.17646425463656787,0.02701785410317095,0.2191714913694693,0.19433522025861585,0.20137157013094228
2025,11,Quebranto Patrimonial,1.2211923063632872,1.312304831367106,1.3384075676612166,1.1688325670868287,1.184344661057321,1.6347049129304827,1.0625911580594443,1.3604088826592984,1.1676670439171233,1.407396797707769,,,,1.3370569770584906,1.3651332304682873,1.6782473003356606,,1.882148359265692,1.36128149131027,1.573875998896781,1.3302746397448055,1.339546605007982,1.5164265200970513,1.7110627791372781,1.6376621302782335,1.2539991826617054,1.7609976031513686,1.3125778277451303,1.2086352926998443,3.1505235285418474,1.387477823269379,,5.116284989682919,1.1533595873804252,1.4182554790907347,,3.4011493514094946,1.2786128766481617,1.2335809540241556,1.3525670659609828,1.5967854678199669,1.1518933537228635,1.2671187396718888,1.3792840959406243,1.1332047799135383,1.2608108600591479,2.0767088017180613,1.0740395837775663,2.597722082730888,1.4202115465815737,1.7211435350759579,1.2335130298186536,1.949851068241468,,,1.705161193843592,1.4388860441911901,2.4125729609148308,1.4936655811125918,1.5155929983927259,1.3483669498306148,1.890715860449223,1.1943047523947965,1.1079311928864697,,1.5431464277193123,1.3436237972056153,1.714258443138012,1.26991840674587,1.3049166342493264,1.937662311116441,1.8459409914443714,1.749592539467998,1.2228546355733136,1.0806547271937177,,1.3399881981791364,1.2525788899998824,1.326425631162629,,0.8953519567489479,1.444147852801014,,1.2064543033118373,1.3305686206007705,2.3240281508219014,1.247762567704531,1.6904922359022714,,1.2919727294007928,,1.2295083161271525,1.3680563311098226,1.200102547568115,1.3709990051460057,1.1497393953322526,,1.3403739072512808,1.3724105656619996,1.326151081336961,1.3138215722872066,2.505230571092517,,1.234648127393642,,1.485040517934439,0.9208246972904675,,1.6041568009425966,,1.8545570304489691,1.3741330163024246,1.7227590413581135,4.417612780752393,1.6257189832184433,1.4205900135497407,1.6970621864423705,,1.9462302063928116,1.8451958805306026,,1.0265525726510496,1.6859567595523486,1.761861714165683,2.3556815773017012,2.056506671524883,,1.600843096838523,4.920292826888867,1.24443083869296,1.395886613671388,2.2169451891058136,,1.2201735165534142,1.3307224399450948,1.2515223330719258,,1.1999049094704537,1.1517306948504134,1.445541492039363,1.5730765156945619,,1.3338269749302745,2.2461996305999996,1.5831080779819746,2.7098937584958787,0.8673798294514388,1.2134399618035434,,1.4896330690418729,1.9363880266613376,2.001800654243565,0.9714083164913162,1.60991465718722,1.2775095157233365,1.3528760319190323,,1.3171523139350991,1.5021541906946343,,1.59707051597875,1.1635579091318018,1.1960780593522349,1.6643243267487953,1.3969269108188278,,1.8741147692598357,,,1.555472609626258,1.1319551659748164,2.56200108836724,2.3373743229583424,0.8672354958779419
2025,11,Relación Solvencia,0.0,0.0,0.0,0.0,0.0,0.0,0.0,0.0,0.0,0.0,0.0,0.0,0.0,0.0,0.0,0.0,0.0,0.0,0.0,0.0,0.0,0.0,0.0,0.0,0.0,0.0,0.0,0.0,0.0,0.0,0.0,0.0,0.0,0.0,0.0,0.0,0.0,0.0,0.0,0.0,0.0,0.0,0.0,0.0,0.0,0.0,0.0,0.0,0.0,0.0,0.0,0.0,0.0,0.0,0.0,0.0,0.0,0.0,0.0,0.0,0.0,0.0,0.0,0.0,0.0,0.0,0.0,0.0,0.0,0.0,0.0,0.0,0.0,0.0,0.0,0.0,0.0,0.0,0.0,0.0,0.0,0.0,0.0,0.0,0.0,0.0,0.0,0.0,0.0,0.0,0.0,0.0,0.0,0.0,0.0,0.0,0.0,0.0,0.0,0.0,0.0,0.0,0.0,0.0,0.0,0.0,0.0,0.0,0.0,0.0,0.0,0.0,0.0,0.0,0.0,0.0,0.0,0.0,0.0,0.0,0.0,0.0,0.0,0.0,0.0,0.0,0.0,0.0,0.0,0.0,0.0,0.0,0.0,0.0,0.0,0.0,0.0,0.0,0.0,0.0,0.0,0.0,0.0,0.0,0.0,0.0,0.0,0.0,0.0,0.0,0.0,0.0,0.0,0.0,0.0,0.0,0.0,0.0,0.0,0.0,0.0,0.0,0.0,0.0,0.0,0.0,0.0,0.0,0.0,0.0,0.0,0.0,0.0,0.0
2025,11,Relación entre Aportes sociales mínimos no reducibles y Capital Social,0.5014864017908178,0.9062581838989833,0.7517130095723749,0.5880281315076155,0.19608297140419745,0.935795965508203,0.8627323220455939,0.22413747747989204,0.711278348917496,0.5510448564191446,0.0,0.0,0.0,1.0,0.6529963416720018,0.9060197844806744,0.0,0.9241473697402787,0.6253293411315437,0.996187642379319,0.9019344876979247,0.35105537225243993,0.5737332689474469,0.5640699476468681,0.7384744380094921,0.7868197397181163,0.11927581158963595,0.5646760331002426,0.21318656726403207,0.7049397240513657,0.7811977802237454,0.0,0.7192775434499131,0.5327373165842839,0.8084652472885829,0.0,0.7827101542065132,0.8498243867927027,0.7207664391844983,0.5773857425475826,0.3582413559803903,0.6031670685741988,0.16770684128746322,0.7707383555416535,0.9374386287547936,0.5268423344729067,0.6881080198839576,0.7233264864473782,0.4188519751317907,0.6806785478115885,0.6735757487497435,0.8519554908573957,0.8382896327685588,0.0,0.0,0.6811091549621943,0.3362391630641154,0.6246897358744635,0.6162407749814605,0.5505171227939036,0.47266406113204673,0.37360283944939787,0.6042238248816424,0.9858365791910185,0.0,0.5927184837206048,0.6421155581606285,0.5404962039261842,0.7750715643642775,0.7632681696750744,0.6584018371348017,0.7961393317236249,0.38620623742184224,0.6015352233983442,0.2918975289982176,0.0,0.7020975587027187,0.4056904312521612,0.2361131742505663,0.0,0.8195517984858429,0.4401344054960374,0.0,0.4232966750209009,0.2408380949031433,0.9699548808758567,0.44831253431561846,0.7473605118779517,0.0,0.1961202215124843,0.0,0.2787702192672923,0.4661814117675792,0.4829275498352967,0.047684647067607666,0.9929752156679911,0.0,0.4405147601722085,0.605839776543576,0.41879176272188706,0.9263354757103237,0.641194561624678,0.0,0.4750536788844397,0.0,0.8696714525584246,0.9930722211198467,0.0,0.6715084327720408,0.0,0.7803388262660329,0.6938304695139363,0.7568743672116893,0.9518266099333833,0.8618805992285619,0.6894786377693296,0.4691566893807369,0.0,0.7106497952420857,0.7801488395742263,0.0,0.8697808659661558,0.8114215022154532,0.5606389835672441,0.89091794109197,0.9148326556399745,0.0,0.556379538144733,0.8054856347220022,0.7329267870842431,0.7346954738477114,0.9065836800702483,0.0,0.8612383527900539,0.981426332460784,0.3812923038104267,0.0,0.4963898045677074,0.540652043554299,0.6850886504501691,0.5015618914605069,0.0,0.5647015997362516,0.8695935606667236,0.7834463167552695,0.8207014697315156,0.7777326923358739,0.31455025933797626,0.0,0.9501400883199802,0.5022451893035841,0.9019541198632222,0.8788082878718344,0.5998150947002624,0.2642799708051863,0.6743011671055967,0.0,0.9467079720261982,0.2177391550325208,0.0,0.9518682395644279,0.4936328362642814,0.38292903275203594,0.12959050566010244,0.8043685581413025,0.0,0.8534458004739508,0.0,0.0,0.318212727750227,0.7000000000018927,0.462905355165204,0.6413738443046278,0.8906142454091832
2025,11,Relación entre el Capital Institucional y el Activo Total,0.06911345817694922,0.07541601904927862,0.07250221882698252,0.025913814442597088,0.04399167080048798,0.15988030352757093,0.00017894647309096308,0.0816831316524328,0.02138117023383998,0.06014988645901456,0.0,0.0,0.0,0.03413863193672691,0.079700729667539,0.2205362376929621,0.0,0.06602085006946548,0.02775267553144725,0.029336655661857506,0.045188837124774915,0.07693685891745407,0.13408478402434026,0.08416731438689341,0.05350988292675128,0.01869334439597589,0.10587234830344391,0.048110135271222605,0.038430630839415954,0.09956563887914431,0.13621371460248924,0.0,0.31965007729573564,0.05013636025571942,0.07320240586333772,0.0,0.16734331345113465,0.06576366667250179,0.0652624175388068,0.038376738923560624,0.062330704400932274,0.03489112866307509,0.1354452753362814,0.06158811362309549,0.05864026246506199,0.05664211608298328,0.12464793546447592,0.02798360622153577,0.12408484106197497,0.050759266830713495,0.053953981069729894,0.07091064036447206,0.11946551054499971,0.0,0.0,0.06699678322502756,0.06118048532548962,0.0996752752090524,0.036867559088619814,0.11342850061672544,0.03737777442600425,0.08589276319404698,0.0327962488162152,0.09894784698988561,0.0,0.07208114759168228,0.04329378066343892,0.10219282958210893,0.09314657150641663,0.048152659887436014,0.09818232561710113,0.06211367874691351,0.18631515715029406,0.042006152632698954,0.022058147603155328,0.0,0.08046116849056642,0.09035283932270104,0.07194559314436118,0.0,0.0072314188389818795,0.07491291202220413,0.0,0.02985266598395433,0.10017533116897612,0.11378307439634817,0.0478399399755515,0.094317625376761,0.0,0.07363633889746192,0.0,0.07108221435970553,0.09356477068895841,0.048707634065299904,0.15249232071097135,0.11290757729775162,0.0,0.07245772012498214,0.052742220912566196,0.07527916477094639,0.10090428916183415,0.1453674572145831,0.0,0.05617139521217577,0.0,0.09270658385968532,0.05493354549490012,0.0,0.08763008965437341,0.0,0.14007431495549985,0.06775981573984964,0.23795523478657316,0.19828127036605514,0.07366013786781886,0.061289436425465575,0.07872152396111844,0.0,0.11509713404879249,0.07931537546498862,0.0,0.0,0.10703720180356398,0.09549822824110336,0.11026859522801057,0.10295119444224476,0.0,0.0772702410919965,0.0771411115533606,0.04097280249285187,0.06488065442855989,0.36898337952720295,0.0,0.034010722562265894,0.12525823585578771,0.08803388466895089,0.0,0.0792974008498267,0.03564099049643945,0.14675260630383666,0.0740148594072417,0.0,0.09506238651966699,0.08523669674100086,0.026453224173025678,0.1291341252959876,0.0037756819269124404,0.04664265813488117,0.0,0.02636771344225366,0.08949032243966107,0.18683119683411764,0.003930091456542855,0.22180095493647126,0.11290766701563985,0.1216490078257362,0.0,0.07576530333308798,0.07968504627456391,0.0,0.08191134338761517,0.007736721300797297,0.030963544486630124,0.21114376395915727,0.0958446215212899,0.0,0.17722543779151392,0.0,0.0,0.17395418829977058,0.026291419207290053,0.21842057588246194,0.19268976735386364,0.20295503285729696
2025,12,Quebranto Patrimonial,1.220793171071224,1.3314970008477518,1.3348146813651487,1.144051365718139,1.1657550053900243,1.6498161875669215,1.0647140878049395,1.3584481925328529,1.1717055634020488,1.4078749354237987,,,,1.3300378770954395,1.3684561428831103,1.6727719316737046,,1.89033243846515,1.3623622174487326,,1.3400923696426617,1.3338531785732488,1.51513102305898,1.7217658323840699,1.6325476981317406,1.248700687633353,1.7766298955199158,1.290473594950373,1.2105042669300874,3.0411084596272273,1.4086554322687987,,5.071439026139297,1.1489498916896,1.4174709775258367,,3.4008572014398313,1.2805443762252733,1.2305735077894222,1.365065586695719,1.5724992411889305,1.1958788033970789,1.268499779837227,1.347454057022661,1.125494139795749,1.2584478003847959,2.049417255637909,1.0708305600494996,2.607379442349267,1.416074901594185,1.7158528951446197,1.2398254693059294,1.9343779665433318,,,1.7319215394548886,1.4156182841862268,2.3964494398931584,1.4885313530809385,1.5172648208248944,1.3366881397238912,1.9337510896282974,1.1971794096077095,1.102082069222695,,1.5445500095171778,1.3448245261120877,1.6701101779806486,1.268434678457113,1.30547154806681,1.9385221544555573,1.8022729003969586,1.7400357205385537,1.23196376148121,1.0727361424595527,,1.336636800987537,1.258157279185909,1.3038876308430716,,0.8933831288768879,1.4312509375988074,,1.2091666297683192,1.3210343073371973,2.290689315894978,1.2259375575311842,1.6903045055386727,,1.2870684242768418,,1.2058192255159763,1.3684769269139103,1.168558726543463,1.3664741970994265,1.1498661713112657,,1.3376780161483146,1.3781097816542172,1.3879348394047824,1.3153936250270064,2.503314216019418,1.7647095022253039,1.2389665201013378,1.6469427120617246,1.4639552530944024,0.936339044056669,,1.5660877604567107,,1.8336067575395374,1.3922755099306232,1.7205092520440972,4.489178961771368,1.648890799821959,1.4293861914357977,1.7227992158658074,,1.9520029526569285,1.826109666218208,,1.0269792815970742,1.6662191263994488,1.750858763092958,2.3590774393693863,2.0648948373162965,,1.5999969577176087,4.876113868830702,1.2389527315696025,1.3985879344738326,2.1933838766245284,,1.2200914023014076,1.3193134328014153,1.2552140911468208,,1.2160630789640794,1.153055413679666,1.4381455601374469,1.5761863157915925,,1.3422431195661197,2.225621727838397,1.2926275752670275,2.7170874197292827,0.8558716402561076,1.2134167441993187,,1.4869351322540463,1.9314477666335534,1.9860905111130225,0.977234794996556,1.6206125929050565,1.2757321961392085,1.343826446032861,,1.317953054532064,1.4843921744610058,,1.6028764249966396,1.1617882990911041,1.1969606554884413,1.6576688244899784,1.3946127185776807,,1.8732782525921072,,,1.5634092747522101,1.0715263736579632,2.554969038886826,2.3150056210145484,
2025,12,Relación Solvencia,0.0,0.0,0.0,0.0,0.0,0.0,0.0,0.0,0.0,0.0,0.0,0.0,0.0,0.0,0.0,0.0,0.0,0.0,0.0,0.0,0.0,0.0,0.0,0.0,0.0,0.0,0.0,0.0,0.0,0.0,0.0,0.0,0.0,0.0,0.0,0.0,0.0,0.0,0.0,0.0,0.0,0.0,0.0,0.0,0.0,0.0,0.0,0.0,0.0,0.0,0.0,0.0,0.0,0.0,0.0,0.0,0.0,0.0,0.0,0.0,0.0,0.0,0.0,0.0,0.0,0.0,0.0,0.0,0.0,0.0,0.0,0.0,0.0,0.0,0.0,0.0,0.0,0.0,0.0,0.0,0.0,0.0,0.0,0.0,0.0,0.0,0.0,0.0,0.0,0.0,0.0,0.0,0.0,0.0,0.0,0.0,0.0,0.0,0.0,0.0,0.0,0.0,0.0,0.0,0.0,0.0,0.0,0.0,0.0,0.0,0.0,0.0,0.0,0.0,0.0,0.0,0.0,0.0,0.0,0.0,0.0,0.0,0.0,0.0,0.0,0.0,0.0,0.0,0.0,0.0,0.0,0.0,0.0,0.0,0.0,0.0,0.0,0.0,0.0,0.0,0.0,0.0,0.0,0.0,0.0,0.0,0.0,0.0,0.0,0.0,0.0,0.0,0.0,0.0,0.0,0.0,0.0,0.0,0.0,0.0,0.0,0.0,0.0,0.0,0.0,0.0,0.0,0.0,0.0,0.0,0.0,0.0,0.0,0.0
2025,12,Relación entre Aportes sociales mínimos no reducibles y Capital Social,0.5016732319445999,0.8991303610198136,0.7495351613859549,0.5804615305188683,0.19296068995794183,0.9282136505159473,0.859311475453757,0.22223763613826245,0.7043148891553072,0.5441452234543926,0.0,0.0,0.0,0.9999999999774283,0.6495327191035638,0.8966885603341929,0.0,0.9241498798779264,0.6227288466971692,0.0,0.9027931545112111,0.3483119882588044,0.5699076747977412,0.5598811561524211,0.7321490807115058,0.7685083827815368,0.11854864461891648,0.5573332705052939,0.2123908978234617,0.704939724095759,0.7759172864170879,0.0,0.7130398846676477,0.5255293097318793,0.802945778430623,0.0,0.7790742274212611,0.8458157577760058,0.7428247163396517,0.5789226403464608,0.3537462042570837,0.5943245195404367,0.16663858122802816,0.7697412939434678,0.9291434168645399,0.5195518001713264,0.6736108341112316,0.7197310541087812,0.41708322953787674,0.6698781402596804,0.664750487621727,0.9000290673476757,0.8284473829890158,0.0,0.0,0.6810447574329815,0.3322402196878452,0.6189968813145554,0.6116506792901641,0.5469371844477489,0.4649101020601178,0.37155311870002905,0.6021784066725898,0.9965823903258075,0.0,0.5900758560466933,0.6377946955873226,0.5350220482304728,0.7651111343808515,0.7596440582529744,0.6502449904148687,0.7939708455906898,0.3869380725311964,0.6032098488410532,0.29036706458162637,0.0,0.6977595995276511,0.40235927973522,0.23354349140869682,0.0,0.8162132106784673,0.43848487271927616,0.0,0.42245466401246085,0.37398148151001814,0.9576508654281678,0.4424314855356748,0.7428568290035891,0.0,0.19348510473937489,0.0,0.2780960988862647,0.46194846865385225,0.48346300254929986,0.047516619575898984,0.9969296833228307,0.0,0.43471083149132805,0.6017078508946841,0.41557037239542144,0.9241394904968431,0.6385772210357549,0.4843261512809527,0.4717054960971619,0.8381432752435083,0.8587022001820523,0.9862633307497185,0.0,0.6590596202694842,0.0,0.7710511533622247,0.6870670047166917,0.7574382990465144,0.9469890884806751,0.8687848097290874,0.6826155588377805,0.45241822972856344,0.0,0.7061195547610546,0.7669279183788084,0.0,0.8721085657886098,0.8005827286685563,0.5556218221736174,0.8856250771914196,0.9138000434903051,0.0,0.5488210368571714,0.7945228675304882,0.7157290971514205,0.7358736371909357,0.9147113245087403,0.0,0.8577433255505075,0.9753760377871956,0.38089678715067393,0.0,0.4932323553829043,0.5331476972396989,0.6751530238348237,0.4929538522715763,0.0,0.5603202003403441,0.8656587443603192,0.7712502078965264,0.8186993630898485,0.7762687566730203,0.31026391705047573,0.0,0.9501382764522927,0.5007802272491512,0.8908685245663264,0.8736229055523227,0.5970069790451574,0.2619552191755466,0.6678281375301235,0.0,0.9462200791299732,0.21282324555729673,0.0,0.9518484919839265,0.4913047750873354,0.3787457796558695,0.13523711557108073,0.7948378431781279,0.0,0.849820500788104,0.0,0.0,0.3166721030415877,0.7000121164035596,0.46368771945515685,0.6394737074401228,0.0
2025,12,Relación entre el Capital Institucional y el Activo Total,0.07177384422796888,0.07467666861798991,0.07302139417405822,0.024437422491433394,0.044649207602374924,0.1600320718471294,0.00018377772703078986,0.08334112406987396,0.022064526386378076,0.059916859279896185,0.0,0.0,0.0,0.03517313052344511,0.07889750211606814,0.22091651074527688,0.0,0.06930717728520895,0.027687594147460193,0.0,0.04612802652722041,0.07693149302420346,0.1340210865254349,0.08383361678629875,0.053735789178669,0.018911795147865975,0.10698954547999985,0.04666015902422498,0.037848702293786285,0.1002389883661587,0.14018565162728377,0.0,0.3182483042266406,0.04934269222631479,0.07345076799612078,0.0,0.16741198376914748,0.06584101937251545,0.06697880977065153,0.039569639089687074,0.06213610068093799,0.03445806448399059,0.13596818176372732,0.0623133858645439,0.05844078183485157,0.055962122249193204,0.11469390003448664,0.02939868278712632,0.12031883660323282,0.05046071932630475,0.055320968077131855,0.07103510276755416,0.11918611243076979,0.0,0.0,0.06746247739896816,0.061762168254783305,0.09948533282667425,0.03699753621874959,0.11362680823983022,0.03755103807168249,0.08482487322627046,0.03392316888195497,0.10567282285253013,0.0,0.07228437474854353,0.044955512243478886,0.10192438470971625,0.09111782799806738,0.04824525086304312,0.09386065776308887,0.06113091078487222,0.18973512367386247,0.0420929614559915,0.022440067518286328,0.0,0.07936756015922974,0.09893938415122072,0.07329938666945357,0.0,0.007239644648521486,0.0764123114194582,0.0,0.029692151347524627,0.0967963445962993,0.11165552727331929,0.047182255534289626,0.0958279495640298,0.0,0.0708402858486883,0.0,0.07110694252905937,0.09260628868902944,0.04882523161293178,0.15430182978850146,0.12227206582245188,0.0,0.07492917193937271,0.05208210942434722,0.0732788128310842,0.09981834292173172,0.14549123118704496,0.19217312325666142,0.05632327018471629,0.23112058057429255,0.09288127834922251,0.054678508226350765,0.0,0.08594271007441577,0.0,0.13976254049236703,0.06776797643948441,0.24102594672232927,0.1930648542426325,0.07435847759434662,0.06013756754952909,0.0774450253407682,0.0,0.1136620314413065,0.07734123252532504,0.0,0.0,0.10644760807542199,0.09319171674263133,0.11177773831809441,0.10450991265549088,0.0,0.07624221747487435,0.07622041532519218,0.04080896791476471,0.06444268385637932,0.3721767864291984,0.0,0.034200815259627676,0.11707151696105919,0.0886119663285409,0.0,0.07756114527479835,0.033785958979887065,0.14566782069740003,0.07497983707275536,0.0,0.09778927090587908,0.08538211451006619,0.02731142451106828,0.12936463291426595,0.003876047128941284,0.04622562158501363,0.0,0.026395902717924725,0.09024611610021578,0.18571043729743378,0.004193330602748006,0.2308411132906401,0.11470252976665536,0.12151175151423046,0.0,0.07787269997577269,0.08035878821056353,0.0,0.08204999557202013,0.0077977303925681205,0.03084027338191669,0.21082105076629695,0.09479039528436846,0.0,0.17759756864515244,0.0,0.0,0.17292321815013698,0.024519452686285526,0.21947739567465682,0.18956578155806658,0.0
