Año,Mes,índice CAMEL,AVANCOP COOPERATIVA DE AHORRO Y CREDITO,CAJA COOPERATIVA CREDICOOP,CAJA COOPERATIVA PETROLERA,CASA NACIONAL DEL PROFESOR,CESCA COOPERATIVA DE AHORRO Y CREDITO,COMFAMIGOS COOPERATIVA DE AHORRO Y CREDITO,COOCERVUNION COOPERATIVA DE AHORRO Y CREDITO,COOINDEGABO,COOPANTEX COOPERATIVA DE AHORRO Y CREDITO,COOPERATIVA AHORRO Y CREDITO GOMEZ PLATA LTDA.,COOPERATIVA ALIANZA LTDA,COOPERATIVA ANTIOQUEÑA DE TRABAJADORES GRUPO CAFETERO,COOPERATIVA AVP LTDA.,COOPERATIVA BELEN AHORRO Y CREDITO,COOPERATIVA CALDENSE DEL PROFESOR,COOPERATIVA DE AHORRO Y CREDITO BERLIN,COOPERATIVA DE AHORRO Y CREDITO CAJA UNION,COOPERATIVA DE AHORRO Y CREDITO COLANTA,COOPERATIVA DE AHORRO Y CREDITO CONGENTE,COOPERATIVA DE AHORRO Y CREDITO COOMPARTIR,COOPERATIVA DE AHORRO Y CREDITO COOSERVUNAL,COOPERATIVA DE AHORRO Y CREDITO COOTRAIPI,COOPERATIVA DE AHORRO Y CREDITO COOTRAMED,COOPERATIVA DE AHORRO Y CREDITO COOYAMOR,COOPERATIVA DE AHORRO Y CREDITO CREAFAM,COOPERATIVA DE AHORRO Y CREDITO CREAR LTDA CREARCOP,COOPERATIVA DE AHORRO Y CREDITO CREDIFLORES,COOPERATIVA DE AHORRO Y CREDITO DE AIPE,COOPERATIVA DE AHORRO Y CREDITO DE CHIPAQUE,COOPERATIVA DE AHORRO Y CREDITO DE DROGUISTAS DETALLISTAS,COOPERATIVA DE AHORRO Y CREDITO DE EMPLEADOS DEL SECTOR FINANCIERO,COOPERATIVA DE AHORRO Y CREDITO DE ENTRERRIOS LTDA,COOPERATIVA DE AHORRO Y CREDITO DE LA PROVINCIA DE VELEZ COOPSERVIVELEZ LTDA,COOPERATIVA DE AHORRO Y CREDITO DE LOS TRABAJADORES DEL SECTOR EDUCATIVO,COOPERATIVA DE AHORRO Y CREDITO DE PROFESORES,COOPERATIVA DE AHORRO Y CREDITO DE PUENTE NACIONAL,COOPERATIVA DE AHORRO Y CREDITO DE SANTANDER LIMITADA,COOPERATIVA DE AHORRO Y CREDITO DE SURAMERICA,COOPERATIVA DE AHORRO Y CREDITO DE TELECOMUNICACIONES DE CUCUTA LTDA.,COOPERATIVA DE AHORRO Y CREDITO DE TENJO,COOPERATIVA DE AHORRO Y CREDITO DE TRABAJADORES DE PELDAR Y OTROS DE COLOMBIA,COOPERATIVA DE AHORRO Y CREDITO DE TRABAJADORES DEL SENA,COOPERATIVA DE AHORRO Y CREDITO DE TRABAJADORES UNIDOS POR EL PROGRESO,COOPERATIVA DE AHORRO Y CREDITO DEL FUTURO,COOPERATIVA DE AHORRO Y CREDITO DEL INEM DE PEREIRA,COOPERATIVA DE AHORRO Y CREDITO DEL NUCLEO FAMILIAR DE LOS TRAB.DE ECP.LTDA,COOPERATIVA DE AHORRO Y CREDITO DEL PARAMO LTDA,COOPERATIVA DE AHORRO Y CREDITO FINANCIAFONDOS,COOPERATIVA DE AHORRO Y CREDITO FINANCIERA COAGROSUR,COOPERATIVA DE AHORRO Y CREDITO FINCOMERCIO LTDA,COOPERATIVA DE AHORRO Y CREDITO JUAN DE DIOS GOMEZ,COOPERATIVA DE AHORRO Y CREDITO LA GRANJA LTDA.,COOPERATIVA DE AHORRO Y CREDITO LA PLAYA DE BELEN LTDA,COOPERATIVA DE AHORRO Y CREDITO LIMITADA,COOPERATIVA DE AHORRO Y CREDITO MANUELITA LTDA,COOPERATIVA DE AHORRO Y CREDITO NACIONAL LIMITADA,COOPERATIVA DE AHORRO Y CREDITO PARA EL BIENESTAR SOCIAL,COOPERATIVA DE AHORRO Y CREDITO PARA EL DESARROLLO SOLIDARIO DE COLOMBIA,COOPERATIVA DE AHORRO Y CREDITO RIACHON LTDA.,COOPERATIVA DE AHORRO Y CREDITO SAN LUIS,COOPERATIVA DE AHORRO Y CREDITO SAN MIGUEL,COOPERATIVA DE AHORRO Y CREDITO SANTA ROSA DE OSOS LIMITADA,COOPERATIVA DE AHORRO Y CREDITO SOCIAL LTDA PROSPERANDO,COOPERATIVA DE AHORRO Y CREDITO SOYCOOP,COOPERATIVA DE AHORRO Y CREDITO SUYA LTDA,COOPERATIVA DE AHORRO Y CREDITO TABACALERA Y AGROPECUARIA LTDA,COOPERATIVA DE AHORRO Y CREDITO UNIMOS,COOPERATIVA DE AHORRO Y CREDITO UNION COLOMBIANA,COOPERATIVA DE AHORRO Y CREDITO UNIVERSIDAD SANTO TOMAS,COOPERATIVA DE AHORRO Y CREDITO UNIVERSITARIA BOLIVARIANA,COOPERATIVA DE AHORRO Y CREDITO VALLE DE SAN JOSE LTDA,COOPERATIVA DE AHORRO Y CREDITO VILLANUEVA,COOPERATIVA DE COMERCIANTES COMERCIACOOP,COOPERATIVA DE EMPLEADOS DE CAFAM,COOPERATIVA DE EMPLEADOS DE DOW COLOMBIA,COOPERATIVA DE EMPLEADOS DE LA UNIVERSIDAD TECNOLOGICA DE PEREIRA,COOPERATIVA DE EMPLEADOS DEL SECTOR COOPERATIVO LTDA.,COOPERATIVA DE EMPLEADOS SURAMERICANA,COOPERATIVA DE FOMENTO E INVERSION SOCIAL POPULAR,COOPERATIVA DE LA GUAJIRA LTDA,COOPERATIVA DE LA UNIVERSIDAD NACIONAL DE COLOMBIA,COOPERATIVA DE LOS PROFESIONALES DE LA SALUD COASMEDAS,COOPERATIVA DE LOS TRABAJADORES DE LA EDUCACION Y EMPRESARIOS DEL PUTU,COOPERATIVA DE LOS TRABAJADORES DEL INSTITUTO DE LOS SEGUROS SOCIALES,COOPERATIVA DE MAESTROS Y EMPLEADOS DE LA EDUCACION DEL TOLIMA,COOPERATIVA DE MUJERES PARA LA PROMOCION INTEGRAL,COOPERATIVA DE PROFESIONALES DE CALDAS,COOPERATIVA DE PROFESORES DE LA U NACIONAL DE COLOMBIA,COOPERATIVA DE PROFESORES U DE A,COOPERATIVA DE PROMOCION SOCIAL,COOPERATIVA DE SERVICIOS MULTIPLES MOGOTES LTDA.,COOPERATIVA DE TRABAJADORES DE BAVARIA DIRECCION Y VENTAS LTDA,COOPERATIVA DE TRABAJADORES DE LA EDUCACION DEL RISARALDA,COOPERATIVA DE TRABAJADORES DE LA INDUSTRIA MILITAR,COOPERATIVA DE TRABAJADORES DE LAS EMPRESAS DE LA ORGANIZACION CARVAJAL,COOPERATIVA DE TRABAJADORES DE LAS EMPRESAS DEPARTAMENTALES DE ANTIOQU,COOPERATIVA DE TRABAJADORES DE PINTUCO LTDA. A Y C.,COOPERATIVA DE TRABAJADORES DEL SENA,COOPERATIVA DE TRABAJADORES DEPARTAMENTALES DE ANTIOQUIA,COOPERATIVA DE TRABAJADORES Y PENSIONADOS DE LA E.A.A.B.,COOPERATIVA DE TT DE EL COLOMBIANO LTDA.,COOPERATIVA DE YARUMAL,COOPERATIVA DEL DEPARTAMENTO DEL CAUCA,COOPERATIVA DEL MAGISTERIO,COOPERATIVA DEL SISTEMA NACIONAL DE JUSTICIA,COOPERATIVA DIOCESANA DEL CLERO LTDA,COOPERATIVA ESPECIALIZADA DE AHORRO Y CREDITO AFROAMERICANA,COOPERATIVA ESPECIALIZADA DE AHORRO Y CREDITO CANAPRO,COOPERATIVA ESPECIALIZADA DE AHORRO Y CREDITO COINPROGUA LTDA,COOPERATIVA ESPECIALIZADA DE AHORRO Y CREDITO COOPERENKA,COOPERATIVA ESPECIALIZADA DE AHORRO Y CREDITO COOPIGON,COOPERATIVA ESPECIALIZADA DE AHORRO Y CREDITO COOTRACERREJON,COOPERATIVA ESPECIALIZADA DE AHORRO Y CREDITO DE LA ORINOQUIA,COOPERATIVA ESPECIALIZADA DE AHRRO Y CREDITO CREDISERVIR,COOPERATIVA FINANCIERA CAFETERA,COOPERATIVA FINANCIERA SAN FRANCISCO,COOPERATIVA FRATERNIDAD SACERDOTAL LTDA,COOPERATIVA FUTURISTA DE AHORRO Y CREDITO DE NEIVA LTDA.,COOPERATIVA INTEGRAL AGROPECUARIA LA PAZ LTDA,COOPERATIVA INTEGRAL PARA EL DESARROLLO SOCIAL Y ECONOMICO DE TEORAMA,COOPERATIVA JUDICIAL DEL TOLIMA LTDA,COOPERATIVA LA ROSA,COOPERATIVA LATINOAMERICANA DE AHORRO Y CREDITO,COOPERATIVA LEON XIII DE MACEO LTDA,COOPERATIVA LEON XIII LTDA DE GUATAPE,COOPERATIVA MEDICA DE ANTIOQUIA LTDA,COOPERATIVA MULTIACTIVA AGROPECUARIA GUADALUPE LTDA,COOPERATIVA MULTIACTIVA ANTONIO JOSE JARAMILLO TOBON,COOPERATIVA MULTIACTIVA CON SECCION DE AHORRO Y CREDITO DEL CENTRO COMERCIAL SANANDRESITO LA ISLA LTDA,COOPERATIVA MULTIACTIVA COOMONOMEROS,COOPERATIVA MULTIACTIVA DE EDUCADORES DE CASANARE  LTDA,COOPERATIVA MULTIACTIVA DE EL PAUJIL CAQUETA LIMITADA,COOPERATIVA MULTIACTIVA DE EMPLEADOS COLGATE PALMOLIVE,COOPERATIVA MULTIACTIVA DE LA AVIACION CIVIL COLOMBIANA,COOPERATIVA MULTIACTIVA DE LOS TRABAJADORES DEL ISS,COOPERATIVA MULTIACTIVA DE PROFESIONALES DE SANTANDER LTDA,COOPERATIVA MULTIACTIVA DE TRABAJADORES DE GOOD YEAR,COOPERATIVA MULTIACTIVA DE TRABAJADORES DE LA CHEC LTDA.,COOPERATIVA MULTIACTIVA DEL GUAINIA,COOPERATIVA MULTIACTIVA DEL INEM DE IBAGUE,COOPERATIVA MULTIACTIVA EL BAGRE LTDA,COOPERATIVA MULTIACTIVA EMPRESARIAL COOVITEL,COOPERATIVA MULTIEMPRESAS,COOPERATIVA MULTISERVICIOS BARICHARA LTDA,COOPERATIVA NACIONAL DE AHORRO Y CREDITO AVANZA,COOPERATIVA NACIONAL DE TRABAJADORES,COOPERATIVA NACIONAL EDUCATIVA DE AHORRO Y CREDITO,COOPERATIVA PARA EL BIENESTAR SOCIAL,COOPERATIVA PIO XLL DE COCORNA,COOPERATIVA SAN PIO X DE GRANADA LTDA,COOPERATIVA SAN ROQUE,COOPERATIVA SAN SIMON,COOPERATIVA SAN VICENTE DE PAUL LTDA.,COOPERATIVA TELEPOSTAL LTDA,COOPERATIVA TEXAS LTDA,COOPERATIVA TOLIMENSE DE AHORRO Y CREDITO COOFINANCIAR,COOPERATIVA TRABAJADORES INGENIO MAYAGUEZ,"COOPEREN, COOPERATIVA DE AHORRO Y CREDITO",COOPERTAIVA ESPECIALIZADA DE AHORRO Y CREDITO TAX LA FERIA,COPERATIVA DE AHORRO Y CREDITO LA BELLEZA LTDA.,COPERATIVA INDEPENDIENTE DE EMPLEADOS DE ANTIOQUIA,COPERATIVA MULTIACTIVA DE EDUCADORES DE BOYACA,COPROCENVA COOPERATIVA DE AHORRO Y CREDITO,EL ROBLE ENTIDAD COOPERATIVA,EMPRESA COOPERATIVA DE AHORRO Y CREDITO SIGLO XX LTDA.,FEBOR ENTIDAD COOPERATIVA COOPFEBOR,FINANCIERA COOPERATIVA COLOMBIANA DE INGENIEROS,FINANCIERA ENERGETICA COOPERATIVA LTDA,FORJAR CAJA COOPERATIVA,GRAN COOPERATIVA DE ENERGIA ELECTRICA Y RECURSOS NATURALES,LA COOPERATIVA DE AHORRO Y CREDITO SUCREDITO,MICROEMPRESAS DE COLOMBIA COOPERATIVA DE AHORRO Y CREDITO,ORGANIZACION COOPERATIVA DE AHORRO Y CREDITO NORTE DE BOYACA,PROGRESSA ENTIDAD COOPERATIVA DE AHORRO Y CREDITO
2022,1,Indicador de margen neto,0.19095154976246834,0.04664025914757642,-0.15862919910218537,0.013962725261655866,0.34773392993854574,0.0,-0.38407527226885396,0.0,0.19843993608882166,0.09640412092161035,0.0,-0.24167480652677029,0.0,0.006244165682128574,0.3472938474772917,0.16290604992388927,0.0,0.1276418538024841,0.013383105781534501,-0.4123929808903065,0.0,0.14995646882234748,0.0,0.4063845828626435,0.03793130345707123,-0.2895851618236614,0.42691514579084827,0.28441492214466235,0.30969564720301557,0.30556245984985186,0.5300222487221943,0.2574027524978033,0.0,-0.03194010876100361,0.018745844404480398,0.24207688670361213,0.23073707291055043,0.06912635590030244,-0.00789792272298813,0.06898112108125232,0.4835493908434462,0.0,0.4422026386888046,0.2340592393664852,0.18410080212858165,0.43417612942364053,0.0,0.10780932496067548,0.293167674962635,0.13923117233864077,0.35946339153047974,0.052420012886132586,0.08632468246150429,0.29513997579504364,0.15764270694814317,0.21696530276781575,0.058713615226105284,0.25645716725120965,0.2585857111983774,0.2699646414440815,0.2409702185159686,0.0,-0.06383678513225582,0.0,0.0,0.19579136110829895,0.06706466572166099,0.5140049734377444,0.27766317548437486,0.1983754904631531,0.2085539273899818,0.0,0.3241917192806607,0.16244813487316173,0.36115354937315824,0.0,0.06705497777715992,0.564049069391181,0.24024480008715268,0.0,0.0624393700464839,0.240420333172289,0.0,0.06773451054908149,0.192925557605665,0.0672876118753855,0.34206513418731876,0.08314027631784388,0.0,0.29128345347769063,0.0,0.4059068079950671,0.3482199867234654,0.01812142038492496,0.0,-0.17076636183974567,0.0,0.038201746084701775,0.24964242896171773,0.102476939019009,0.06740232435959234,0.43692651759647705,0.0,0.5576654008605613,0.0,0.19884759115833012,0.13302214654051972,0.0,0.4749643235783844,0.040513486792628305,0.07098258014132022,-0.09803055910184762,0.2981196272240887,0.0,0.02863137253095949,0.26162063984192463,0.1775047599236799,0.0,0.5671266134944247,0.18170818697081517,0.0,-0.13530056436863286,0.0896420034461218,0.38722633744972657,0.3468687807433356,0.12747171304920296,0.0,0.23666641454818982,0.03563034894296294,0.1526330663371652,-0.07579652546919427,0.003525334899163787,0.0,0.21681189747812848,-0.014053431025015948,0.32649586657760593,0.0,-0.03856077620674066,0.02557779283514027,0.3807469101929886,0.3053382004815921,0.010358673711956217,0.21595494832723572,-0.42765038474917055,0.011140798899462616,0.31918027381962777,0.09896854190366978,0.24788404787232354,0.0,0.09013296649329229,0.1680708252268819,0.45089909828846014,0.0010063443642828326,0.4995867308987544,0.29855439438753656,0.20915207848115647,0.1348945867841209,0.0,0.3751059899544122,0.0,0.24308691854665077,0.23788480075075105,0.07060936880788093,0.1702314412664206,-0.11973891322292526,0.0,0.35090129061708547,0.0,0.0,0.12838443582394665,0.23099765151149612,-0.12889949174614496,0.3224456880027299,-0.2235962045514741
2022,2,Indicador de margen neto,0.1832310897135452,0.008059165555270415,-0.08537838516608919,0.12384579269104483,0.32770667841452006,0.0,-0.2669643374183475,0.0,0.17977541505320604,0.13916353391718686,0.0,0.2557885019070828,0.0,0.07912974140377638,0.14270674144523443,0.16186100618289534,0.0,0.15803140877112906,0.009617037947262267,-0.0851504183329277,0.0,0.07649564913565822,0.0,0.2360043852339637,0.15773140126428442,0.013337426687178649,0.30957359282274555,0.010558829327767525,0.2225791718199118,0.318562775276558,0.49939691448607393,0.23850811080464,0.0,0.05649572173453325,0.07351636139543273,0.1578542501858596,0.2520905704908541,0.057394914759317524,-0.11032856756576657,0.040953443575874666,0.40578424259112433,0.0,0.45347047150353237,0.1392323575622339,0.04548563802658191,0.36613370582859195,0.0,0.10667159215672443,0.29817096307133895,0.13801517727770504,0.3258453521812174,0.075401834119254,0.14380457103821528,0.3171096978308785,0.12132654891856891,0.15460182786979246,0.05860605488767213,0.23897192542482035,0.15631914276061737,0.3416969137083803,0.19310313952885605,0.0,0.05673408657801125,0.0,0.0,0.19794071997999305,0.04572154308552672,0.408928258335578,0.29000067157127135,0.03514161098234449,0.28043141828877505,0.0,0.2564543992133487,0.12383274635753116,0.35856873232284675,0.0,-0.04660118841202843,0.5102961682125843,0.2379325945932693,0.0,0.097652702937731,0.17037796154515505,0.0,0.039503660270581636,0.28622735058859644,0.11670110415979686,0.34518625479785725,0.014975516812561452,0.0,0.1404780360471328,0.0,0.43782866645840707,0.33064968018918706,0.17304226880371326,0.0,-0.3502754290521186,0.0,-0.10472536049115047,0.24788283012688572,0.10326410996802804,0.08218606174355754,0.40523739270523645,0.0,0.4699630545179815,0.0,0.1291693034417906,-0.11444577585809872,0.0,0.3000383463929948,0.015482953633343517,0.05759731120906497,0.006194908568787491,0.2401224228271388,0.0,0.05194078526471871,0.025237089528280195,0.1279492437239507,0.0,0.3045930392641877,0.16406550642411022,0.0,-0.23734074038678077,0.12463987507477871,0.31648316733597437,0.26779881768428926,0.11748987758751725,0.0,0.085928546179829,-0.06802639947760279,0.14666387509649847,-0.10567394941822134,0.06049167946061006,0.0,0.2800581223969284,-0.5465154966271307,0.22669021163816516,0.0,0.020464951422663934,-0.00529672527601814,0.2169844337303309,0.25760655341534283,0.012236640272547512,0.22897597022538996,-0.13283360473088426,-0.00417287082377932,0.2715278266896853,0.09695429749840949,0.16342217926182653,0.0,0.09388304907380454,0.12532971648227384,0.3507013135647078,0.013225794925047427,0.26498952618216276,0.2855333332645133,0.08861190687308218,0.06803478385312506,0.0,0.314506689797402,0.0,0.1518864836793517,0.16119225314224456,0.07923372059964555,0.11392735229045027,-0.09489362860315485,0.0,0.33075682913781734,0.0,0.0,6.319586214805647e-05,0.19725667679919542,0.06975584932934725,0.0799284087073567,-0.15249983715140242
2022,2,Indicador de rentabilidad sobre el capital invertido - ROIC,0.05476306854283974,0.0028340663802255417,-0.024001076534728605,0.02530681441742466,0.07782573849721142,,-0.05078696125385551,,0.043731312409529544,0.03847531732277565,,0.04813394240611557,,0.026038972202927946,0.022881662231582833,0.04755788325799393,,0.029051616601237562,0.0048542878258390765,-0.20667447712266984,,0.022724236186752123,,0.07596272282702343,0.055714232419551646,0.005653702354411871,0.06925369874400844,0.003178691759605501,0.05355007584777227,0.0708978727125007,0.07632958442937099,0.06939644166425718,,0.01205361203871691,0.015387712614492344,0.04352480894356914,0.08081856304621149,0.01537126776230524,-0.030913266501686687,0.015629811310317487,0.08864122621719317,,0.09558663172773652,0.03657802583873049,0.009027412613401564,0.06879635111530358,,0.02494672947905663,0.08764077240755164,0.04933983979737455,0.07446889493728204,0.038360000241884906,0.0373825960015417,0.10145089099499138,0.02841791942803673,0.055253920467541295,0.01176521153026222,0.059194636162565706,0.047020071578776745,0.14731248257716212,0.05292508155292186,,0.020062122101833335,,,0.06911396525447255,0.013766943462263592,0.08593450898154664,0.04433634857722146,0.007076291447138283,0.06764141056106587,,0.09032383165629021,0.02697745106161209,0.06894371874166905,,-0.013632486472576866,0.11221191922755347,0.06103065317330891,,0.02212346426956624,0.055425199997703345,,0.010545345528702343,0.05552053474032248,0.04151535770112358,0.1297521588624555,0.0031609388372588754,,0.023912231455833988,,0.10465629500364093,0.053903402014641166,0.05663981892300929,,-0.10500666199074227,,-0.03357058569340543,0.07610332156454835,0.021176593580531256,0.020808089212360104,0.10709525193011626,,0.0853949087775363,,0.02441585044067951,-0.05648092382606118,,0.14878007026914175,0.004209576514081048,0.015472184761318841,0.0022247258189145303,0.06167910680931943,,0.01664138011041283,0.005490733094613898,0.033535251120407894,,0.09356658463379075,0.0646841262214004,,-0.05850642366571923,0.03403387780926126,0.08161112081006983,0.10861392333027586,0.028896811609411932,,0.016436607978432383,-0.008917241974252255,0.03239494835528589,-0.027649188247384493,0.026282769459865074,,0.09296395805167967,-0.13499266796264053,0.03982880569473379,,0.005233596920061423,-0.0022299059378709796,0.05203787331108356,0.08876782922006488,0.003595206037569909,0.05867542649817814,-0.03531520000435717,-0.0012175237159079977,0.058258215778187905,0.02898901966548073,0.026805062191925577,,0.0280525504965341,0.02961205649838261,0.14917718386338952,0.004210110153250124,0.1148770409435198,0.04833390835599216,0.03326112737924003,0.01442329163538214,,0.07411052000430085,,0.045925530544901116,0.029920677950153518,0.019523160312823862,0.022699479399023836,-0.028507066270675785,,0.04261240544642386,,,1.008222358978017e-05,0.08052838468155055,0.03905579714520324,0.012746463429742505,-0.08479573358792725
2022,2,Indicador de rentabilidad sobre recursos propios - ROE,0.1150272882418728,0.005755819964775144,-0.058949211552872804,0.08284037117999232,0.13535996289090946,,-0.12226331356153775,,0.13541289725206695,0.142767977618812,,0.06400472993932782,,0.1564793497182746,0.04105180043153611,0.05890053685686314,,0.1446527099062085,0.014983316870163854,-0.25515681698574555,,0.05254237870558032,,0.26980353842387084,0.332141158216422,0.042252849757173694,0.27946613167358847,0.006604922480684561,0.12868434061490386,0.4296372808014921,0.11559043057519891,0.21985032038036012,,0.023403250014561117,0.04806548992548332,0.17581923042145609,0.2603745555233741,0.04035611037162945,-0.038899323101791006,0.05829816173794655,0.2971057879660268,,0.11430647402729943,0.09995933314335614,0.013707988500434753,0.13646378913926505,,0.05710729632604239,0.3077652875479593,0.22877247023742364,0.431452950910159,0.09164059404092018,0.10783783181524198,0.24158127249334793,0.05780862310535406,0.24928103874423835,0.0607736937655301,0.2464554183350498,0.21790954190159884,0.3879786313202336,0.2055243266213833,,0.060469316502082204,,,0.3626386517854643,0.06275538420614724,0.3380775338293791,0.051869741041453254,0.019783775454312202,0.28106233048872675,,0.26548226551976994,0.06046177612993486,0.17998560968546418,,-0.03706737641882363,0.15766111874507627,0.20896852703890434,,0.04627099428793291,0.09228348059476854,,0.02011356681494103,0.07166052740717754,0.11610248491704578,0.3321841224916926,0.013191251624591338,,0.03838535977585633,,0.1300276789929471,0.09896806887655307,0.13707414334897772,,-0.1774146383519858,,-0.06245168062765594,0.21977208495029288,0.04461656131918246,0.03175830137995672,0.3288898510531999,,0.21641908768608054,,0.07599599792064993,-0.12197538257884633,,0.5364592309892817,0.009546439113781169,0.0377938178855417,0.005987500444236904,0.08055500498995172,,0.07909663911736331,0.010546729158429136,0.1466673087147714,,0.272067618026572,0.24685744453363023,,-0.2280209210370443,0.09676076647615894,0.19404327131394927,0.42879072369457827,0.10442928124522033,,0.04787232095251048,-0.00956174670989085,0.0850506673582172,-0.07829039118090941,0.04001721564052341,,0.19992170954535005,-0.1911112885695745,0.04846019549878,,0.007614402161396638,-0.00588263453480764,0.060544901400821693,0.1908667490724143,0.00708508161953314,0.10038618591992288,-0.11595688092963974,-0.006600157601606371,0.26632086246980546,0.11360893768458924,0.05237392401062824,,0.17050990829201873,0.06610715894244867,0.2515415758578736,0.015848413377597126,0.1695033549203957,0.08437418282844122,0.07021464991419313,0.04093946621764122,,0.2471394608062627,,0.16534984712040113,0.10632790152059224,0.07242010277575339,0.04186558190968004,-0.05402159494571468,,0.08351306125832192,,,1.621926087280734e-05,0.14822260626054673,0.07579144544977723,0.026872944865937942,-0.13697825613684123
2022,3,Indicador de margen neto,0.20476980957464405,0.013851719127481305,-0.009985442085046235,0.0939980664781134,0.27457033749800785,0.0,-0.25962986029003954,0.0,0.19541047974195017,0.1050848994933195,0.0,-0.16527393653434527,0.0,0.031389389510891055,0.2422567535689097,0.15478322776486958,0.0,0.15253379613795973,0.007238718372154846,-0.31966864594327093,0.0,0.06036341653189217,0.0,0.30164083168714034,0.15600005009059834,0.026054368955522184,0.2839786052572182,0.09971655623641676,0.16852443358910774,0.34890091586858263,0.5195401724220801,0.23908413236602985,0.0,0.057050525856416345,0.06026321605680537,0.2610085667144903,0.22893184003732175,0.051626761294459554,-0.040413683708613354,0.08714116872249271,0.3628560506556367,0.0,0.413036783001949,0.12259814591019502,0.0991111259097217,0.3448522285674205,0.0,0.042915056209488066,0.312348478170959,0.14676110415199187,0.24219692906397652,0.015038862324425842,0.11637716268087876,0.25413926755581945,0.1423201781570861,0.13664869449331138,0.06493361472037078,0.24655376735543885,0.1784762628505724,0.2756565395096917,0.1862030434983477,0.0,0.09704617287924658,0.0,0.0,0.1489579485388559,0.0420265119767564,0.35463945688528914,0.4112549004299021,0.05068765154626862,0.3682429965740651,0.0,0.26031124274227846,0.011228225797020434,0.2212977404819284,0.0,0.06785793499044361,0.436647023138366,0.2220797840467587,0.0,0.1012253565483193,0.184375283346035,0.0,-0.028033132430345754,0.3457797306539469,0.12976685029669824,0.28140113835286135,0.07079078072825912,0.0,0.1338589211445323,0.0,0.44736643909938584,0.26372792232387,0.11683702576594442,0.0,-0.26707915598364057,0.0,-0.037779458686410326,0.236116490592379,0.11923699801714552,0.1666129260311237,0.39083653486251146,0.0,0.34261410195827713,0.0,0.042307421787530476,0.050353034816129134,0.0,0.16077273770068395,0.0805415244066135,0.06918337686392007,0.025535176218980705,0.22059720465946367,0.0,0.06884952817058469,0.3085474074886364,0.14467732828409532,0.0,0.3881148970163627,0.14360827128354106,0.0,-0.237635652990449,0.1574552355046675,0.2812545335087024,0.25063011743191704,0.11207542475611583,0.0,0.11318818854108197,-0.10584492050921741,0.14037295689885584,0.16613080415833245,-0.17124078627235623,0.0,0.25502268767017205,-0.6620840154609684,0.2903413983948509,0.0,0.026441995986201738,-0.018911270314949557,0.020186652529163223,0.11909197624734713,0.027702971250000177,0.23448725959907613,-0.11236573766372569,0.06089875985546074,0.22479346289593866,0.06149740347946696,0.17510630088494336,0.0,0.07108707469573286,0.14006900778265732,0.26161474428017817,0.024135179916514343,0.4057445792860799,0.27912531182440997,0.0,0.062477205639062755,0.0,0.33089657969848874,0.0,0.14756861134452415,0.1298933477788426,0.06266199650871435,0.01194431527920399,-0.023205891957258903,0.0,0.32052841155254497,0.0,0.0,0.23541809778469797,0.21007347055367961,0.14254808016415066,0.13006020787337272,-0.15927726526101907
2022,3,Indicador de rentabilidad sobre el capital invertido - ROIC,0.09230340413131688,0.007437474474213834,-0.004236931057516102,0.027915482703027017,0.097400186886339,,-0.07833530511230558,,0.07201474965334609,0.043280242564264215,,-0.044656441051111995,,0.015449846583794447,0.057729551337553975,0.06952727750000465,,0.042239196284878044,0.004883515345932121,-0.17399585679495255,,0.02663033736941256,,0.14697264113502806,0.08446698551079601,0.015492290291805544,0.09439755188775356,0.04641261555825893,0.0596997133554813,0.11963099003459154,0.13057195235677588,0.1053477222513226,,0.018438753740321223,0.019080912208244483,0.1142920276690298,0.11053706780063743,0.020188412083445684,-0.017007644724800097,0.05078955482020775,0.11997760748626862,,0.13343158773388586,0.049786158428783533,0.030806249207532277,0.10258918011405727,,0.015031503395359858,0.14420263272797396,0.08041665523104946,0.08057935210900524,0.011347545368575851,0.04597697328299044,0.11497724094357853,0.05371529318954704,0.07375545759651292,0.019738846685337208,0.09336815277323018,0.07704571016707074,0.17347159585801242,0.07854495933538375,,0.05364498404265827,,,0.0734455313377873,0.01906539506578442,0.10680626377524849,0.1114149858279656,0.01537804279501942,0.13663457540805757,,0.1357765560218862,0.0033322439691885197,0.06200413155643747,,0.03057676954131905,0.14474170985792645,0.08831766349618686,,0.034122470920294745,0.09306111193674904,,-0.010886970345771574,0.10520019337057884,0.07194409708967298,0.15978288466994295,0.02116273511993616,,0.03515152391221088,,0.16365561809968687,0.06626430631655733,0.05271112637293607,,-0.12218766075583543,,-0.022036522521993063,0.11141795928057596,0.037198269449892685,0.06355658265617325,0.14557101763676616,,0.09252673116578647,,0.012014083413959042,0.0414540194872175,,0.1073809023498864,0.03265646359001617,0.028433540678556524,0.014799269840452878,0.08395957145100552,,0.033363798400285694,0.1328933815334985,0.06116492292315834,,0.1755291247462547,0.07633222440815457,,-0.08475817746023517,0.06265573695928484,0.10907706344359513,0.146051001847181,0.04117594243605005,,0.03282703481305149,-0.02067061184856167,0.046079038204111855,0.0795279693365969,-0.09629471602898065,,0.12429043383969307,-0.22163630693592495,0.07663535426058554,,0.010419905200576896,-0.011652499850932085,0.007257761403987262,0.05769588902839362,0.012184015602471954,0.09187767496818156,-0.04384512041000199,0.025822754293679973,0.07348687328903014,0.02785501903070653,0.04427027780619808,,0.03197451602279022,0.05083041764721985,0.15894286704668503,0.011455302178299043,0.29596452599960976,0.07137684949822276,,0.020186924139025342,,0.12535664406302693,,0.0676373890427,0.03656218699035252,0.0231615781313812,0.0035116444659375468,-0.01072118503787245,,0.06300297814419298,,,0.06421131144641445,0.13162920185858185,0.12305761086720124,0.03194891402545719,-0.11310387172323644
2022,3,Indicador de rentabilidad sobre recursos propios - ROE,0.1966539417498121,0.0151461305569347,-0.01052960157728322,0.09176660351601829,0.17005277960391996,,-0.18505186831541753,,0.2276701153512639,0.16122259632663893,,-0.058789320920073496,,0.09016127076152913,0.1048178841565468,0.08627314178133827,,0.2174478250477152,0.015063596405636925,-0.21611137334630948,,0.06184400892753894,,0.5772155524398164,0.527343429636794,0.11776470556170593,0.39441532251435896,0.10075884658977219,0.14394307538409223,0.790786315936373,0.20024450857970377,0.3437950916318715,,0.03596407558103576,0.05984416652949798,0.5077894202472908,0.3657790156745897,0.05319873646511808,-0.02146000494669842,0.19893609245294797,0.41341928897191127,,0.1594307943304316,0.13649244953827178,0.046704649632843376,0.20412064326054624,,0.034114056729526165,0.5326306667539411,0.3902346148143958,0.4771781044812322,0.02671543381075936,0.13336987257843536,0.27408214417329213,0.11039218041599841,0.340810433267805,0.10267825082869342,0.40649783423283403,0.37215731035289257,0.46487570335410866,0.3113345126384346,,0.1645853768900798,,,0.3901350043019498,0.08845188800325898,0.4291155885446585,0.13087907335560622,0.04291257337729659,0.6163310779606781,,0.4127515383331901,0.007372328073242285,0.15997269665931202,,0.08659100673061348,0.2055354613299316,0.30678989824914726,,0.07149896549396018,0.156283560094036,,-0.020704006984797907,0.1366161024922865,0.20726528291063473,0.41509313912508183,0.09122672472011373,,0.05695850323730145,,0.20466841394030255,0.12214250931143789,0.12781067494421938,,-0.2054373885333881,,-0.04150586618945318,0.32870075764617157,0.07918862575689589,0.10023056182657464,0.45906420688860194,,0.23536417557357536,,0.03757081649060301,0.09365706048099431,,0.3803072456394585,0.07512160100980236,0.06975455799633079,0.040221236440142416,0.10977194054438377,,0.16267346706345087,0.2689716627634524,0.27697942677732046,,0.5476265025182516,0.2942805782315836,,-0.3206525844699317,0.1819507784342178,0.26243138916348085,0.6009891952069637,0.15337649436467982,,0.09720963310399355,-0.02215296923039245,0.12251852826334919,0.24629601251663158,-0.14157100037710957,,0.2706426644936768,-0.3088460671557819,0.0933147566350947,,0.01509607330962659,-0.031092898782073775,0.008367432616328996,0.12299379387162412,0.024058029914620915,0.161448828638578,-0.14262792212932895,0.14750859067797428,0.3429289953525392,0.10837935240636654,0.08675015602128555,,0.19454208253781613,0.11448754885687706,0.26898228693000936,0.043442107865528046,0.44891623071995834,0.12477893070496093,,0.05712478366147122,,0.43492429629512586,,0.24911211691211488,0.13086803845781803,0.08628727905022804,0.006470653728627207,-0.020403700268238012,,0.12399571617772986,,,0.10513426232627898,0.2508469907902158,0.24565161105679123,0.06773631510809208,-0.18076707110631274
2022,4,Indicador de margen neto,0.1937091608703666,-0.03940428597549034,-0.000789746871494093,0.11245406400077218,0.27664518681002703,0.0,-0.3738296422151998,0.0,0.18313239762619077,0.15307463854061293,0.0,-0.22470170055806313,0.0,-0.03395251474986031,0.20888759919098493,0.15971202958696445,0.0,0.15572933554747384,0.00586350971678873,-0.2278054563895355,0.0,0.13824787188628498,0.0,0.220555144086688,0.14994574231164412,0.03476824569563499,0.2724534471093181,0.19344441940344337,0.17209534114034378,0.3390382395023446,0.5558580783116146,0.2573120571354381,0.0,0.09325370768097746,0.07259216712766092,0.2668994423326191,0.2340894732645653,0.04930133145461995,-0.008224247249769867,0.0800253330641759,0.36066810060305227,0.0,0.4151606826680811,0.16330570258010013,0.10791870111176771,0.35803196185835007,0.0,0.07435804759660004,0.3249469730542322,0.14344166674591377,0.2168940358712384,0.017612243613948916,0.13083911843729348,0.19777073776379128,0.11596343679642969,0.16171759596640925,0.0796934850747912,0.2288601223584379,0.17813779353389797,0.26761896167622945,0.16437879758163074,0.0,0.07683172199581595,0.0,0.0,0.15606040924890333,0.051257970690627486,0.36813513091670885,0.26530119731947216,0.004606924856527835,0.35055964237725656,0.0,0.29102363026660377,0.010609319805438291,0.2285955965906275,0.0,0.07545738386676669,0.4078586797895258,0.21152648741666463,0.0,0.1251179843419418,0.17741062502650748,0.0,-0.052080462441557375,0.32818991064606995,0.1323063780731988,0.23017060820324028,0.08725081142487966,0.0,0.15022360241487173,0.0,0.4558084603744854,0.19530164204277925,0.14063714503056418,0.0,-0.22658253507036108,0.0,0.024676982456027164,0.2344665579020987,0.03828482200920044,0.1806804423712226,0.35730707830802494,0.0,0.37561003258782727,0.0,0.02381876068686799,0.08791751666990295,0.0,0.12407552444635515,0.06062574024267947,0.05692205824132034,0.030594581587879397,0.20653724646827945,0.0,0.0674066077015825,0.3074968478207294,0.1459547184944921,0.0,0.4121191972397725,0.13739527810120644,0.0,-0.16947889177326317,0.14653587674155455,0.2900791510710705,0.25771706591046545,0.12560336570339067,0.0,0.17476114374767315,-0.031414325782100364,0.1630927234799746,0.25677009234685494,-0.217094929277184,0.0,0.21347128458336118,-0.4385956339435535,0.23993380867638417,0.0,0.021227939375008515,-0.01710545262798434,0.08620067059903198,0.19854732564247254,0.025790941661861973,0.21947681966896232,-0.02823677629727156,0.0723776148233731,0.2127341046154109,0.06047862398186205,0.20563183184218845,0.0,0.06286541032514835,0.1170949771524646,0.20365371526388273,0.044415741340087654,0.3762107963304537,0.31727729313323766,0.04004122615455881,0.08186562897617253,0.0,0.3490660390322249,0.0,0.15581545668895044,0.11302757072857429,0.09759698329272648,0.07349838635509462,0.35654454335835295,0.0,0.2669075562380976,0.0,0.0,0.2848587516287728,0.21276464347608068,0.15023749367800254,0.15673024884772424,-0.2622409574060921
2022,4,Indicador de rentabilidad sobre el capital invertido - ROIC,0.11632211691916483,-0.026918033943818087,-0.00044815383835961065,0.044551498472081175,0.13256624198093836,,-0.14188864563020065,,0.08974564371467175,0.0852344255834816,,-0.08385709255239071,,-0.021880580864479304,0.06589848713615054,0.09528497522270829,,0.05831674150711774,0.004889570051290537,-0.16883928267784143,,0.08207520924409506,,0.14199907830802982,0.10625142737399407,0.02678062225801403,0.11929784550323252,0.12910412209971378,0.07981858337131653,0.1573828772193233,0.1900396571705889,0.15626477934377103,,0.04118934778056116,0.03084266957916415,0.15592473233837145,0.15130835828709976,0.025341212360646237,-0.004631001066940921,0.06009304770667501,0.16095287824547055,,0.1834357676764531,0.09302629067097956,0.0447524596672777,0.14655765783614627,,0.03535999460502248,0.2055533407186818,0.1077059047101172,0.09584676176137319,0.017464024856195026,0.07014488565009547,0.11428081489940389,0.058688094321901474,0.12035620878350195,0.03257027887724395,0.11526938164211953,0.09846672435171744,0.2197579693199092,0.0943155893190133,,0.056064572823196324,,,0.10158206023077354,0.031539571088145646,0.14707224153462106,0.09116184382641568,0.0018768117620753255,0.16724571232508056,,0.20226256173301982,0.004098230398614566,0.0843209246750809,,0.04521580859448249,0.18414685424628874,0.11150917969658192,,0.05795376577954925,0.11815369913390805,,-0.02645120863298367,0.13662528054363876,0.09896536475346407,0.17666349577694795,0.032389586975707374,,0.052941136900000574,,0.22319655206285627,0.06645038957123584,0.08100045373031306,,-0.13505375376114337,,0.018878929414221535,0.1484044714788959,0.015958945930150348,0.09382664331741553,0.1742082693010807,,0.1374715924162031,,0.009069993987343095,0.09186755514870715,,0.10377269308182457,0.03227320622394436,0.030775697500033727,0.022740986563099863,0.10402200474503442,,0.04365148878580216,0.1673191971618777,0.0819318753445184,,0.25135899073575274,0.0932724660422859,,-0.08067666095941384,0.0759956054626485,0.1496398082714978,0.19586244128376729,0.06146338027907183,,0.06744934169544026,-0.00823460173964885,0.0723042645545453,0.1752200305090179,-0.1528205064863596,,0.13820095628389795,-0.19706728245266747,0.0832590979549439,,0.0111329362946464,-0.01401082036879131,0.04311187244584058,0.13875807358633496,0.015161550736521479,0.11514639738477284,-0.014768562795950069,0.041588217135551275,0.09290522045449867,0.036697387434258655,0.07101885068420155,,0.03778927146903821,0.05649110212218078,0.164068560906381,0.027938203266423933,0.35928323132611273,0.11129942972782758,0.04292532362085333,0.03582432694304183,,0.18083397737988927,,0.0961081921637994,0.042162589300572595,0.04927279578696009,0.029764025489608992,0.24861804621485262,,0.06977677069130062,,,0.10482802182047712,0.18144992185352105,0.17527353650494026,0.05164776861208242,-0.20652942382931416
2022,4,Indicador de rentabilidad sobre recursos propios - ROE,0.25035597237647034,-0.05379021186510513,-0.001123486025806919,0.1488663917227011,0.23301056277807763,,-0.32107828269553806,,0.28850737661088255,0.3332125642844883,,-0.10955703855904375,,-0.11799439116423815,0.11932140895504206,0.11854441429909635,,0.3111186217291335,0.01512278388971744,-0.21046803664856895,,0.19713059611432882,,0.5583404621412373,0.7003983915526886,0.2099499994450149,0.5177272792877743,0.2919245738589391,0.19731421280610562,1.1243866855716993,0.29567243425267775,0.5380238096078029,,0.0814257525405142,0.0980322151681503,0.7319770584773218,0.5233059933627024,0.06685115975402045,-0.005852897014581027,0.24008440869815706,0.5869355998971522,,0.22021805647740944,0.2621460462384828,0.06828065490561297,0.29390793329401954,,0.08112404157402264,0.8240721153786421,0.5411804030809637,0.5881656654560923,0.04150174537781948,0.20978053447122536,0.2712506484804902,0.12209256518792366,0.602554526317006,0.17450153407903835,0.5194655696819146,0.49679011710490584,0.6127761351861316,0.37588158434894536,,0.17105822289330108,,,0.5676121275171326,0.15080066744586018,0.6210908568733591,0.10709452457728319,0.005140865369087866,0.7771893908337377,,0.6476465380193777,0.009080994610656257,0.21900814740870067,,0.12947618868497557,0.2658589552179642,0.3961066595094058,,0.12121511922589323,0.20023858644134163,,-0.050249274375403385,0.1784147381214083,0.2934437538932666,0.46273637275835666,0.12961857059913928,,0.08745448570743486,,0.28107546705488984,0.12323087519279152,0.2003856970412885,,-0.2258760999746321,,0.036701839017446725,0.4564211875992772,0.03359848797532172,0.15049090636709983,0.5630522478441466,,0.3599125356167121,,0.028321024634358594,0.2184872646326388,,0.3690528843954657,0.07451279393164412,0.07567484208424635,0.06259867873861125,0.13619091755667667,,0.2162282738007002,0.34289994160100346,0.3812148885794522,,0.8294121108622465,0.36565204766148574,,-0.3080599061920525,0.22464489311192892,0.3720287391249719,0.8585801493270164,0.23682462339297317,,0.20745574890648122,-0.008824596538279827,0.1966368496021491,0.584489578799533,-0.22029960928067316,,0.30269218402414655,-0.27652532826202536,0.10166336965548717,,0.016272630737849125,-0.037689603805649785,0.0493932576380649,0.3079375253180603,0.030065816553099367,0.20694595012075712,-0.05018137275715673,0.23232695069385034,0.45354318471040767,0.14431944954043097,0.14030477510454986,,0.2341054920276484,0.12806205925107106,0.27767944497254904,0.10838720821465353,0.5500381232203788,0.19503385942038354,0.09090747661266407,0.10264105395781553,,0.6665861109514386,,0.3698374285950623,0.15237072997309475,0.18976920774915618,0.05535598066589853,0.5203148412458096,,0.13812588727948238,,,0.17396388987007705,0.3576334760253048,0.3604608147489037,0.11053177251246393,-0.3208826838047609
2022,5,Indicador de margen neto,0.19315281929352973,-0.03603781577877425,0.11766744265588608,0.09529426601888444,0.2955622236095794,0.0,-0.47229729060519227,0.0,0.18828722502215672,0.18675795243246587,0.0,-0.2895763046456011,0.0,-0.04134464570480037,0.24041224312053816,0.15819712233376096,0.0,0.13851982729554957,0.006024094801521639,-0.18481881297828326,0.0,0.12933439970680774,0.0,0.2679726229875885,0.15434259300135242,0.031646981143057015,0.27049328374424597,0.2534281318849357,0.18391186277382707,0.35252121652134005,0.5699946266827707,0.2736329461300863,0.0,0.1090729044501112,0.08344695160629705,0.27545585027198627,0.22153390537894918,0.04982393835448051,0.009817076521170946,0.07689890419053519,0.3866623226321193,0.0,0.4265097253678196,0.16530918604382108,0.11717430129080372,0.3798986724159067,0.0,0.07093295648725206,0.32467909855046806,0.1449840280469656,0.215297191899272,0.08785085775968743,0.13492804154544955,0.17568841783903277,0.11026041692427702,0.1358723265766586,0.08656682190529248,0.22031026554717037,0.20843512942464706,0.2662249994113187,0.1443870750064245,0.0,0.07261385137281348,0.0,0.0,0.13970196986709613,0.05267627521334991,0.3606836685503168,0.23815983332496363,-0.016209286777036935,0.3152641646642814,0.0,0.26955660974556983,-0.019439653394690472,0.22137159956480187,0.0,0.0616124633933463,0.4040228290460791,0.1891794968871651,0.0,0.16166297500044668,0.17313642231818982,0.0,-0.04781504360759896,0.3899098779630148,0.10500890069065841,0.23644009768788923,0.07678594646341486,0.0,0.19247727985386567,0.0,0.41323793129041664,0.21618153195189482,0.13959972832143694,0.0,-0.1966029888603654,0.0,0.03986633640060388,0.2172822676067512,0.05251585580147123,0.1867017694483958,0.3754679773923594,0.0,0.35835650746019787,0.0,0.007647115997438458,0.0060335425266143,0.0,0.1412111802283777,0.09439022308413,0.049756231348478126,0.06568763072911601,0.27145087552767194,0.0,0.08521213925307312,0.30311703652400906,0.09557819827823759,0.0,0.3647280976276355,0.0913654911781089,0.0,-0.15477879666924685,0.14064242719075248,0.2560389121812,0.2704913283393584,0.13747635979071487,0.0,0.15893264294141773,0.002917676327892425,0.1564323040736337,0.2240980211434808,-0.32687986328701113,0.0,0.1377713574864266,-0.34234529230052646,0.21731744228536212,0.0,0.054366489067105124,0.003519752870768098,0.16116310926148147,0.21690986378836416,0.022698541379015485,0.24680703829009917,0.009529807805955868,0.08931053076202072,0.20950250831424386,0.06372090658232914,0.22323048339587473,0.0,0.06007788400584861,0.10704221047495081,0.1426668220614837,0.044512355783277405,0.36325396619416805,0.343609620117356,0.04763612639998856,0.09406599585583605,0.0,0.4011812129134444,0.0,0.13826264765658858,0.14309141923949278,0.0974606303982527,0.10498510955840741,0.3291896249170437,0.0,0.2806065117012978,0.0,0.0,0.3230538699601535,0.21003717962272547,0.21582415450635137,0.07540646822201388,-0.290223431816324
2022,5,Indicador de rentabilidad sobre el capital invertido - ROIC,0.14558050793537736,-0.030251705688737696,0.08656965241885639,0.04682266293065651,0.18131531153395697,,-0.21087991460795863,,0.11714286704185506,0.13211497012972573,,-0.13007673130266817,,-0.03277249845664254,0.09690772260652714,0.12204315766151863,,0.06513470224077467,0.006082221630253848,-0.16634295389571563,,0.09709781468411482,,0.2238729447915857,0.13627116743028278,0.029587868953893537,0.14859377535789342,0.21474914820030877,0.106567370009093,0.20827704080465148,0.24848321302171983,0.2140784207353732,,0.06077527407304695,0.044915418590649514,0.2064391304889588,0.18468678151577933,0.03178712368889758,0.007107910391197958,0.07104659393408452,0.22023598925885124,,0.24263475486838537,0.11985386480693383,0.06142877303092642,0.20220750827990663,,0.042233689736520086,0.2661897693338331,0.14065113206030144,0.12076773639939242,0.1097272795248403,0.0900907053733273,0.12434739826818886,0.07195268205582495,0.12581970462685121,0.04506490229022564,0.13911407226325867,0.1421167115856412,0.2734177429574287,0.10662145432987935,,0.06588378219674107,,,0.11494979558871865,0.04073608369713044,0.17883401182191894,0.10188253584481144,-0.008207255913702305,0.17519484723707968,,0.22782251555128497,-0.009234735841116004,0.10265719900486237,,0.04599500578192717,0.23581513476086702,0.12426026853529692,,0.10149119775799864,0.1461276230839641,,-0.030296499970956292,0.21209763959808647,0.09733869773890436,0.2314394229861012,0.038643781274752875,,0.0873944003262268,,0.25186595408130885,0.09300580585265661,0.0981688332305033,,-0.142957304746684,,0.038819292748033085,0.17312591574819836,0.027700436509692894,0.12395500756456723,0.23110236348900104,,0.16549709726062178,,0.003657951809025839,0.0072202235148370875,,0.14515632827679492,0.06340955760550537,0.033401815374516364,0.0677022349066212,0.17571441285553457,,0.0712766350455154,0.20082951819268535,0.06570202830404903,,0.2686261520581703,0.07323958029401667,,-0.09211303495990697,0.09060901815832789,0.16281969214807157,0.2579451837599356,0.08423770772387318,,0.07577287351544792,0.0009630307732346743,0.08797215314362283,0.1886407769623455,-0.2628332186602219,,0.10778257518343604,-0.1910377570164422,0.0954390196826953,,0.03604419039175233,0.0036388556558122342,0.10397156087190984,0.1915164739364803,0.016546683322642197,0.16467607063232959,0.006325416152797025,0.0650372083827857,0.11593321111338173,0.04848412500506094,0.09830672716541211,,0.045289787473726584,0.06441771513156991,0.13348141973672312,0.03518670564196791,0.4213226613880463,0.15484624530267865,0.056238489761772925,0.051455903452600094,,0.2803956979142599,,0.10803012511349874,0.0676697382184126,0.06211550363127749,0.05400863575790282,0.2930641091307358,,0.09347273895648245,,,0.15033803365064013,0.22754008653206848,0.33154227722544327,0.030565142353624175,-0.2531074538390573
2022,5,Indicador de rentabilidad sobre recursos propios - ROE,0.317980013485629,-0.06032068774356014,0.22982783630835768,0.15639973022313858,0.3224203302206845,,-0.4544999116131907,,0.3876004180087016,0.5439176235211185,,-0.16892791664657347,,-0.17421380025192545,0.17638981080040983,0.1521347058329503,,0.3540846181973627,0.018789858341056842,-0.2078434812301898,,0.23522858430501437,,0.958718225886908,0.9559173859814256,0.234154296794584,0.6682006871775037,0.5063895983446589,0.27047114260482275,1.6322504612747135,0.39140814353451137,0.7764239527215417,,0.12126211353384053,0.14476800126245037,1.0283265119588947,0.6591922169486124,0.08403304495284103,0.00897998595911087,0.28856840817494667,0.8561731740775276,,0.2923601549111772,0.3422173679191207,0.09400168089984828,0.4132470376203101,,0.0973048554451299,1.1382882106890468,0.7386191802598097,0.7767028601277044,0.2754144822924167,0.27704871137406006,0.29591893948878334,0.15007355109314702,0.6377309022225164,0.2477032893691422,0.646450437211455,0.7700889153599673,0.7855697623795739,0.4255619844713503,,0.2026585766679736,,,0.651773616580521,0.19795305425303344,0.7795606315478976,0.12003088043392673,-0.02227613605819667,0.809023180628782,,0.7456721399768091,-0.020331312192654605,0.2683478767263219,,0.13177470213547404,0.34605335855179,0.4476930373011554,,0.2135414114600096,0.2500057924701009,,-0.05767067847089613,0.27959732935717474,0.28968255416444966,0.6210337273243411,0.14953292936940699,,0.14647385096331766,,0.31836030723897535,0.17472576802239392,0.24501137399252326,,-0.2374970076952565,,0.0765006312115375,0.5451638009417019,0.05864311971845737,0.2013776166274357,0.7796769292884069,,0.4401235724712589,,0.01142259241734278,0.01659186733540996,,0.5403996192300511,0.14908695865081145,0.08257785960190134,0.1944259281649614,0.2317402137240825,,0.367584184696387,0.4174826891672667,0.29519746152170656,,0.894465929602154,0.28394380307341294,,-0.3458222102462346,0.2719084947204553,0.40951618447759386,1.2087782896453056,0.33519157475084294,,0.2349289926420246,0.0010321192731381768,0.24340391943682316,0.6289048757857847,-0.3664030018279576,,0.2322759639900982,-0.26837988474928764,0.11687948022947658,,0.05335510688622791,0.009943548571571315,0.11912718526973798,0.4352396212688452,0.032887887152512896,0.3031968992102081,0.02215656459908777,0.36761560295954343,0.5893797737871864,0.19439439910068979,0.1956340154930205,,0.28575303676332386,0.14668958197026183,0.22458908225292618,0.13727620128200302,0.650324326772117,0.2718656764445526,0.12061430222330194,0.149235284623898,,1.1309328465693858,,0.42310241494408785,0.25207919562879577,0.2428252065409071,0.10115072612569564,0.6168060411148761,,0.18655884742748507,,,0.25271745587852856,0.46556414860843653,0.7232046694538772,0.06494993413598071,-0.38786852141106687
2022,6,Indicador de margen neto,0.18589340073895064,0.0019581748595179174,0.1148222780462635,0.1132725227732389,0.27893764953520667,0.0,-0.4118502847874221,0.0,0.18326627621378458,0.1648268466405694,0.0,-0.23457024963658898,0.0,-0.04131253946380134,0.2386675316670544,0.15965067244354103,0.0,0.15652741220513366,0.0009955422206521256,-0.1403912973468634,0.0,0.11244133675462055,0.0,0.22996093893069872,0.12798278539352193,0.02983209019972493,0.23518718618453027,0.147850812154173,0.19449473445353152,0.35638771228732896,0.5949525445155117,0.27197329486589533,0.0,0.12241178428637031,0.07201558842602511,0.2677723429207592,0.19590127777368818,0.04867821652842263,-0.024286148173319137,0.026340496613991154,0.36764426769993536,0.0,0.43183546451534716,0.17510787454155724,0.11155624522650029,0.3802794108756392,0.0,0.08503282435186309,0.3142662037176537,0.14943610125618942,0.21881173116758645,0.007751633930588204,0.07392854416344205,0.12844958935774534,0.1245310436915732,0.09340414569976105,0.019593611129811766,0.20905371908159628,0.193590267335692,0.21012578242819774,0.12820029752478634,0.0,0.0662147462112574,0.0,0.0,0.09574914378980615,0.05497761534372669,0.37192292287473505,0.25547692541002787,-0.07065559276415556,0.2506659575234129,0.0,0.2573788104372611,-0.04594314426599227,0.1466655664721322,0.0,0.07848015836445275,0.39936152396304264,0.20064344646904483,0.0,0.1818901611464153,0.12922753105352933,0.0,-0.055828067773074606,0.4218329372226831,0.07875205040546157,0.17634530241418298,0.05384052592458903,0.0,0.17443228389061066,0.0,0.4298846063168959,0.24536783161103012,0.11846411063660914,0.0,-0.18156829858527007,0.0,0.08684636956932905,0.23175932203595642,0.0648973197984391,0.20795303400878187,0.3555064716967942,0.0,0.32456605910460157,0.0,0.05541754619042592,-0.06362709019489442,0.0,0.06405475748168861,0.09970001969452012,0.05214884772269201,0.07073626855515525,0.2555685810509324,0.0,0.0873993040977101,0.2974856658543234,0.0588671867642715,0.0,0.24662598162491087,0.08983136579521639,0.0,-0.14552777341022732,0.15925394855868302,0.25787178370294456,0.24886395398323521,0.1350387959677746,0.0,0.11162764080348404,0.0396416765356398,0.15218581303068288,0.25326155501232606,-0.22860117898084495,0.0,0.1643157412417629,-0.3854371808485241,0.2052096444989067,0.0,0.11672746841901621,0.027486119130647493,0.15630251257412192,0.21828139080094439,0.020054753075561513,0.24161541707730508,0.026603249002816645,0.053094182069289765,0.1994670772369164,0.061931896312350306,0.24806238329075692,0.0,0.06362023107921976,0.11366205551657602,0.13633909226500415,0.06344040117584847,0.34113112866134593,0.3236796305659475,0.06422822907455351,0.09857174713285757,0.0,0.37269085210902875,0.0,0.14998291529122626,0.11997705301044474,0.09398869118465358,0.1290642891286472,0.2844334580260024,0.0,0.2933560604822463,0.0,0.0,0.35250710348360836,0.18065797407571102,0.2460178285810122,0.1439759925870235,-0.2635751786769839
2022,6,Indicador de rentabilidad sobre el capital invertido - ROIC,0.17112663539311446,0.002053700569760508,0.10156833899428963,0.06749072967597702,0.20845049277911798,,-0.21941654806853395,,0.13748347891707557,0.14158570719945596,,-0.12849580632212954,,-0.03903815724628468,0.11732898531377622,0.1507279850496479,,0.09044582929294642,0.0012051647951265565,-0.1523019475597811,,0.10150219363430257,,0.234457891615647,0.13383599221443165,0.03324909666956022,0.15617671078824147,0.1434708811495855,0.13601719604220053,0.25475293600632876,0.31704640887945645,0.26065355010562863,,0.08272015508425268,0.04690984572801771,0.2442542528952869,0.19728743978032637,0.03879646618780197,-0.020822674729931823,0.02832315930648277,0.2566162701157728,,0.30248668025369185,0.1572956197268751,0.07054450821117642,0.25891779114966806,,0.062220217662359856,0.3207083655447449,0.1790914999423554,0.14910369347124153,0.011745338140042527,0.05828248095767008,0.10672604261529495,0.09960935463077147,0.1033872886808358,0.012138764988198103,0.15956459720475236,0.1559295648604957,0.25140210968441923,0.1177947573045075,,0.07232729419475636,,,0.09174571400969911,0.05176897815214687,0.22247045169259638,0.13204470374969168,-0.04316030990811526,0.19835341181532162,,0.26248685577071185,-0.025920947553573992,0.0799303606909818,,0.07717532584945452,0.2866966459833813,0.16246117096506607,,0.139573050253345,0.13015742980518086,,-0.04195184982852873,0.28708643049915383,0.08667974175404036,0.2070027464342794,0.03091717510681491,,0.09790025840929473,,0.32899450799574326,0.12929635188463973,0.09862219616558332,,-0.15573285932989345,,0.10251147487769807,0.2328154534206146,0.04187708383748934,0.17019578576622263,0.2661983071926757,,0.1838766484627694,,0.03259734260704228,-0.0844273209608628,,0.07424904823165757,0.08076257630034811,0.043433972730794856,0.08604911633876089,0.19798444386982306,,0.09005086062290535,0.2400693455319689,0.047966539940269115,,0.2117938632894376,0.08586745566720344,,-0.1039924392199949,0.12559644971150186,0.19577426781627216,0.2835826006885678,0.09934130743379632,,0.06275854231964773,0.015866831566355488,0.10295204755255272,0.26431243398972804,-0.24119705432563388,,0.15625369203331907,-0.24719513179256902,0.10955614021303983,,0.09639429100085106,0.03455645573830646,0.12219768082025317,0.22994482372882707,0.018208654331412166,0.2105811324861555,0.02264553890298293,0.04578460192343181,0.1343770441284633,0.05884311045307644,0.13448885256596066,,0.05780498112928423,0.08261903105962487,0.15508121795012975,0.06267969158368447,0.4631710950256289,0.17757957057591756,0.08878776467783167,0.06518657461144461,,0.3163738249157626,,0.14387950840678965,0.06902741217789221,0.0729352127784404,0.08125199930861049,0.30663246657058973,,0.12181403687534709,,,0.20564874431059943,0.23759371361489467,0.47566727086237703,0.07178156935951341,-0.268306265441832
2022,6,Indicador de rentabilidad sobre recursos propios - ROE,0.37802667625825603,0.00414998371825126,0.271531922336153,0.2298784411351078,0.3724939771480895,,-0.4690195254005288,,0.46387936246444816,0.5863028427636408,,-0.16761868039122685,,-0.2062606815276965,0.21303613295429935,0.18824788860874508,,0.5130098077616267,0.0037064597762710427,-0.19104729587003622,,0.24671163170783417,,1.0147807255069545,0.9356302664474967,0.2674437924204127,0.7086115731645597,0.3267071105975625,0.35267417318158234,2.189394994600355,0.5065326946688196,0.9821961569678854,,0.16676867914424864,0.1511810651013028,1.2690417464417196,0.7125140696034149,0.10284110073699604,-0.026256403639499215,0.10935260217770337,1.037650431074384,,0.365760252852668,0.45862991974926426,0.11001020685985519,0.5357421601923154,,0.14404078057504255,1.443119489549423,0.9875331321824836,1.0077124892165905,0.027774361924463697,0.17504284329436026,0.2516242743059989,0.2102758192339924,0.5088302578381749,0.06285045212995644,0.7606447110591017,0.8645128832053848,0.7142082484074501,0.4722193383076523,,0.22243396764703038,,,0.4959546587141521,0.2561986567365737,1.0128882272442494,0.15614659964250577,-0.11375661843477936,0.9261541942338156,,0.8818572616838365,-0.056567377548540576,0.20571894241250832,,0.2276090259894057,0.42702955027212974,0.6049252806295002,,0.29708179145605507,0.22175202772485902,,-0.07975468487590631,0.38152278625468283,0.25650804466545174,0.5441518098855149,0.11562363843008217,,0.16484088598406732,,0.41674269040741585,0.24579600268396118,0.24525350995059414,,-0.2569080391977634,,0.20688254776332582,0.7678315293146056,0.08901427685194063,0.2799018177927026,0.9209909374752145,,0.49265874931400533,,0.10522930680498566,-0.1844704912942795,,0.2602929487883163,0.1915997884043228,0.1078970466186524,0.2521671808880268,0.2613099816472564,,0.4770038061729658,0.5066668558297867,0.20877534283929466,,0.6758450442377404,0.3414092028746065,,-0.3840333799693362,0.38857227311160414,0.5037189651306591,1.3634437352926132,0.4043959395828258,,0.19232941317429764,0.017024024883065092,0.29011344377122517,0.9385957114536683,-0.33929948492027384,,0.3436778281106079,-0.34219952006570287,0.1345762282464531,,0.14480598562946034,0.09717942415384662,0.13943642198742734,0.535848592302685,0.03614519809060068,0.3955190884333939,0.08088884756575054,0.2449728791332153,0.705363111548061,0.23921689366029453,0.2702288793933074,,0.37520266152919546,0.18992219109293473,0.26313065011674275,0.2541960891077193,0.7182421889083555,0.31114099838176923,0.19411488036375912,0.19116376038647886,,1.3061510895424524,,0.5880183144310951,0.25716633953778656,0.28905258399314837,0.15314549364359653,0.6415950667065708,,0.24467578376695598,,,0.3508514769629689,0.49716775878237573,1.0864928520000006,0.15561527677563292,-0.41080534350290565
2022,7,Indicador de margen neto,0.1644324539377874,5.9787249424054776e-05,0.10670899344951294,0.11705821217169572,0.2959736707634662,0.0,-0.44176772286954913,0.0,0.16230310568878917,0.1796102185334163,0.0,-0.37012093282134517,0.0,0.005229491953773163,0.22412044139421683,0.16023497839953285,0.0,0.16183207119276768,0.0008889497812272176,-0.14834666543818728,0.0,0.11483838056260043,0.0,0.24549232494841072,0.1292854074524215,0.03387000040442198,0.2278500153643675,0.12746704542842818,0.20390703724993936,0.3467659008318199,0.6192366914688624,0.2608684511872409,0.0,0.12371555698953998,0.07296576576556212,0.2717622341013322,0.19944105586816,0.04841798102440856,-0.017883518754307437,0.037829182380731526,0.37087253533772274,0.0,0.45451202473797064,0.20139839043425486,0.10421547380826274,0.39201303448534147,0.0,0.07863635857001117,0.3058144976557576,0.15271101467635395,0.22736758878252153,0.00417414558086527,0.08074460729667231,0.10666560783881916,0.11433944869967497,0.09145232404323171,0.0006012187239624041,0.17284204228175468,0.2498366637480153,0.22147392495377696,0.18402074800722515,0.0,0.05977801115158742,0.0,0.0,0.11180377462121906,0.05623723836840855,0.3790829810522569,0.32199587097231175,-0.05331789324997585,0.22575455157898508,0.0,0.24337524869294708,-0.03678722836414643,0.1518258780513616,0.0,0.07352242800146153,0.40206048714465237,0.19670493987343957,0.0,0.19184833731784395,0.1390993092874248,0.0,-0.027973233032184745,0.3858402856043457,0.08885585717582761,0.2528217654749643,0.07840640209842523,0.0,0.17173969978436202,0.0,0.4050982239852005,0.2698646993307971,0.12461826807198648,0.0,-0.1415220703112424,0.0,0.08922865855433494,0.2096076638408508,0.08265792564552285,0.17540666404992972,0.34011956533504745,0.0,0.32779872712786245,0.0,0.06759520101263278,-0.04385474651464156,0.0,0.09309883599963806,0.12375269754283089,0.06681779879220355,0.07210304081210468,0.26027015925009,0.0,0.08646478857099428,0.31639391342434287,0.09459500734524598,0.0,0.2528928857230028,0.11380954290847886,0.0,-0.09930548847404409,0.16475626196240312,0.2796021554050002,0.2264245728291131,0.13968913273878772,0.0,0.12795347242498883,0.06241368147771809,0.14870824663237608,0.22886679712966837,-0.20947244258239262,0.0,0.18775794477739527,-0.16399935352028797,0.18266482112215857,0.0,0.05275522407144209,0.02281146969755621,0.17019142453734287,0.22649913604467026,0.01977108264367136,0.23123956030459347,0.0484410958960451,0.06331399756125551,0.19244402729000415,0.06776531152918197,0.28825655567665426,0.0,0.078225395246456,0.12127597267417001,0.10918896508421401,0.0580685920904922,0.31959330784186973,0.30874230738300185,0.06901477351815495,0.10378286514652903,0.0,0.39974187796270183,0.0,0.15744210272867531,0.11779900431842036,0.08167215268968932,0.1613540717514733,0.2698828051903093,0.0,0.29425373411422917,0.0,0.0,0.3562856856122901,0.19442029070547462,0.19591046445212054,0.1742302792813624,-0.2623173724006756
2022,7,Indicador de rentabilidad sobre el capital invertido - ROIC,0.1769463226231216,7.21549100033414e-05,0.11016634818844562,0.08235990440419583,0.26488752536915117,,-0.26400222335135104,,0.1418966222202389,0.1832459099032273,,-0.22202234265617016,,0.006123812201786372,0.13270740950952442,0.1794687684095546,,0.11045332655373397,0.0012027947994741606,-0.18249333490977637,,0.12076359351233834,,0.2952437378908854,0.15877908504676608,0.043868749397744766,0.19467185799076914,0.14650613567664772,0.1698755188090657,0.2905250567653044,0.392669980812125,0.2952920071747813,,0.09810465414256964,0.05711148650136311,0.29204936583431707,0.23881496316414763,0.04563317173196402,-0.01808284351875189,0.04752950870396777,0.3055426650121018,,0.3824799938292396,0.21909914020468002,0.0768448700104245,0.3271031797348585,,0.07004565487949144,0.37228569181710625,0.21850470736401784,0.18493580439903057,0.007236403667986613,0.07552918898116578,0.10043467703650566,0.10565686443192002,0.11902079707399738,0.00043392179836709843,0.18293874710202984,0.24176616932692996,0.3156211895675527,0.2317528346156026,,0.0758809335267594,,,0.1283388819288247,0.061678593514627345,0.26558460675442586,0.21179350779576267,-0.038559407857592154,0.199816781277266,,0.28916584934714296,-0.02418307011393306,0.09605273470809728,,0.08413364291392522,0.34523134924860943,0.18821607353284153,,0.1735215944417594,0.16742637424185114,,-0.024866103430382536,0.3076880831442679,0.11503446878365331,0.3708097833787025,0.051286855567585166,,0.11338479667797552,,0.36587196071389294,0.17134809268684004,0.1271052586185033,,-0.1490961628931342,,0.11948219050153241,0.2451602439309024,0.06319937233293049,0.197156224618376,0.31966638951221493,,0.21974921783003198,,0.04643747800678888,-0.0676411656609901,,0.1270286484594365,0.12932739115729985,0.06546885022225624,0.10148626387015991,0.2382799680080987,,0.1032188289744087,0.295341209102278,0.09093607097935119,,0.25379327112719285,0.11565984091237169,,-0.09066295900479315,0.15809269168838447,0.2519366532186502,0.30845818564729055,0.12181390835218986,,0.0837307748536571,0.029961715962925073,0.11811833529935711,0.27045505630822286,-0.2486049015731946,,0.21492753178944457,-0.13112956378750362,0.11511860026803178,,0.05008294409985092,0.0332734806517041,0.15672172273201923,0.2818332222478177,0.02077468781717684,0.2345153589186355,0.04842631926529872,0.06422905779084265,0.15265356969269517,0.07509932621229831,0.19002645302897547,,0.08468204648166977,0.10641144083614029,0.1452155960531254,0.06723495176473704,0.5043095620613711,0.20101248846895903,0.1084645049855113,0.08015185060983665,,0.4275060494697649,,0.177278783852036,0.08258538466600407,0.07503942760052906,0.12263400542907599,0.3495393590781015,,0.14550175956336986,,,0.24672844804883254,0.30565678076440794,0.4343054118656142,0.10323093090211799,-0.2950632668497766
2022,7,Indicador de rentabilidad sobre recursos propios - ROE,0.3909869357089337,0.0001452659142830992,0.2952760413003406,0.28399614016886177,0.47896454348725115,,-0.5447263340157273,,0.4821887770620752,0.7901671169490174,,-0.2864816490698461,,0.03597686154905455,0.24046460328193908,0.22463582018629058,,0.6485789312766621,0.0037075568304212325,-0.22774964733624492,,0.29730561949554923,,1.356002015076616,1.166000770672884,0.3641306863519018,0.9212138663545126,0.33373454515328405,0.448978554646122,2.6773060561933484,0.6369687513571936,1.1407278316035354,,0.2000817380537372,0.1855699060086866,1.5970807139909406,0.8933123604035473,0.12085833399352608,-0.023057293181190208,0.18856512580932905,1.2940002810603501,,0.4646751959432083,0.6640099604470748,0.12182020650692982,0.6875248627957438,,0.1610550783301412,1.7620790534195185,1.2653704711163507,1.3224369837309728,0.017066380818409277,0.23039922274114932,0.23572660081031138,0.223963987208188,0.6016848265297972,0.0022037520558035872,0.8970432312498775,1.5203131251616129,0.9296856717176116,1.0434034564278454,,0.23354951420599113,,,0.7269784132580586,0.3106235827311008,1.259612813015143,0.25191987858306764,-0.10237883311547036,0.915965602265725,,0.9878938764032366,-0.0528741535467695,0.24959484051470415,,0.2503519832739147,0.5217032519624452,0.7134622206416334,,0.3743175235155889,0.2885630798560854,,-0.047761245610472125,0.4098142968843783,0.348015708338578,1.054612839602457,0.19418607362389406,,0.19249874544970869,,0.4627631262038232,0.32933376761909083,0.318377646726016,,-0.24687496367306094,,0.24244961783924301,0.8243124392718613,0.1356068526175569,0.32564333333812456,1.1470384089397179,,0.5979193992309269,,0.1526917675270587,-0.14981799657575445,,0.47188264354263776,0.31484920923011317,0.16506480382429345,0.3031881635088127,0.3159615075203066,,0.5601381061841948,0.638995244800024,0.41765619987206826,,0.8329693505169078,0.4778643645041638,,-0.3418287675328694,0.502537896753741,0.6682845756764528,1.5162611812277844,0.512057043421249,,0.26108093711158853,0.03217992757699517,0.3402109169223251,0.9622607702941375,-0.3494158792218297,,0.486352809742004,-0.1865930706603166,0.14207782699619953,,0.07469673143066902,0.09335648515386397,0.17864021829591392,0.6762188219321812,0.04123270550905378,0.44600204581232905,0.1776217417625765,0.3512065006292451,0.8260342035833526,0.311822163424891,0.38744012633930747,,0.5816137720417276,0.24741190064306506,0.2476027360754618,0.2767210096128301,0.786869948163214,0.3507201162135003,0.24061813151714184,0.23775790831493349,,1.9082889304866155,,0.7492025301767751,0.31147727488434374,0.2985077000723355,0.23320453436186872,0.7363361524653804,,0.29323851037962845,,,0.42520427557803875,0.6647963474206422,0.9721992052171657,0.2270374733794147,-0.44824698399754326
2022,8,Indicador de margen neto,0.1793647515141949,0.00260190178622833,0.09732336833898211,0.11098502437941003,0.2569308382894247,0.0,-0.4561588398067916,0.0,0.16232409753767918,0.19405363021531719,0.0,-0.3586784491810722,0.0,0.0032035396743702303,0.25218642492136084,0.15840859062341128,0.0,0.14408885381373174,0.0,-0.09981969922278615,0.0,0.09651854268854712,0.0,0.2568316569388371,0.12872247487954394,0.03317904013306425,0.24443520108272687,0.18820981015726695,0.16220194870632326,0.3329008766105371,0.6317141888735107,0.2434414939425578,0.0,0.13861146665429588,0.07131360771348393,0.1955729637347164,0.19102721795968355,0.04924874569591398,0.021947824074385794,0.040640975270412244,0.37847996163900993,0.0,0.4631586681584004,0.18276505128305942,0.09892057646047357,0.39854864398134454,0.0,0.08254459357812662,0.31254060525964505,0.1518454474146624,0.21861926214705354,0.01955947184878104,0.11522346262778017,0.12615004055290943,0.10468036789659861,0.10917674158480382,0.0156561351886048,0.17887854054810837,0.18855255427078604,0.22490752837987796,0.12099190825088273,0.0,0.053984418820330414,0.0,0.0,0.1255006058635291,0.058631263369869305,0.383963451066669,0.3485826436095105,-0.03685406699571456,0.21128628520483003,0.0,0.23832040372485733,-0.031687827594187354,0.12481181345376481,0.0,0.0826807326817373,0.4349119559635387,0.17679255469641894,0.0,0.1737162359069185,0.13096923376781275,0.0,-0.004671564615378701,0.4014940616217478,0.10044430862819458,0.2538443533372276,0.07173888705188136,0.0,0.19281562218969925,0.0,0.2765128074629098,0.2731443688817188,0.15268413457430566,0.0,-0.13311596932250488,0.0,0.09160417870894907,0.19764021867750278,0.0944901845539156,0.1753270935328222,0.32688577230157784,0.0,0.3327218073121013,0.0,0.08846836099888106,-0.045561069483608725,0.0,0.1100462085024901,0.1187153098147468,0.11109600474583599,0.06590010326663472,0.19825129675865152,0.0,0.08842179083723303,0.26044879172085494,0.07885249063735912,0.0,0.2070110139859611,0.11884063922741603,0.0,-0.1336018121014706,0.17163513341988013,0.28179299828915483,0.1968228074404519,0.14590226540721998,0.0,0.12331052099282679,0.07007307064545439,0.14979795940707089,0.24043547035808804,-0.23953610291323793,0.0,0.19716731606984586,-0.38559565079732216,0.16972271647336315,0.0,0.04693003586474559,0.025534146367685306,0.15360406815054267,0.2227301171090705,0.019809885043085333,0.2519530954104148,0.06806825361360164,0.06241085708536444,0.1803051211022933,0.08721490295638404,0.2902278273746226,0.0,0.06846838727895364,0.11726085636639691,0.10681335106444968,0.057012364884366125,0.316272242362276,0.2947220472409186,0.09375776187474,0.12021096703263756,0.0,0.3976344723349808,0.0,0.15747071850865169,0.13658891033785986,0.08280855885231526,0.17853364235129046,0.2609595263938815,0.0,0.2969367254316976,0.0,0.0,0.42800662781184634,0.21037533228997204,0.23114299631770063,0.20169883155423657,-0.288199844622807
2022,8,Indicador de rentabilidad sobre el capital invertido - ROIC,0.22497925048713618,0.0035588064642912975,0.1146623823370232,0.08992647490880556,0.2629668431135517,,-0.30169837532502675,,0.16395250068976353,0.23768347331627449,,-0.24289661213933855,,0.00425822476583293,0.1734462844460687,0.20594426589666925,,0.1131046024507012,,-0.1440204143399264,,0.11439016059437868,,0.35643831823406447,0.1821859958680474,0.04873140376736318,0.24330371930356054,0.25468885817570275,0.15255400490949578,0.32181328261049913,0.4671249783867857,0.31850599506734234,,0.1278826624093674,0.06385342936102867,0.23483226851186867,0.26624222589918256,0.053476815178730375,0.02601727515125507,0.058491151853921064,0.36178694899559916,,0.45725519756171207,0.23001735587932193,0.08367338456784124,0.39224022525786895,,0.08555685433054583,0.4519419434741354,0.24970331866740736,0.2073085310656062,0.037912261734631025,0.12853232995105168,0.1366358871828801,0.11208534676436677,0.16535542075430198,0.013160619294235287,0.21573050114695325,0.20316770945256346,0.3790021087301869,0.16719519595915489,,0.07884038459655485,,,0.16974486352447493,0.07363689009280416,0.3103362981322133,0.26453553693651544,-0.03062458325023898,0.20919788412777063,,0.32724532659848493,-0.02375233412425093,0.0890231301210842,,0.1091420405174397,0.45122264158989434,0.19398826197265406,,0.1795876729664252,0.1815300027206801,,-0.00477173784737539,0.37503097094812543,0.15177219163285605,0.4323331129067036,0.05250408798709971,,0.14921399289778048,,0.27451125256985875,0.20210442989095645,0.17940927601027545,,-0.15872832141515114,,0.13768554372059283,0.26462907403780145,0.08399534121489927,0.22432256969216868,0.3503155075747171,,0.2592327371937959,,0.07061015922857594,-0.07819669175008026,,0.17369683657712676,0.13976760239309116,0.1288941653388862,0.10396738588481802,0.20364926210736312,,0.12139173999430852,0.27208757150345475,0.08636125779328019,,0.2369366328749749,0.1388504750411974,,-0.1363241590238613,0.18964724333694716,0.28998702698871126,0.31038395188369283,0.14845228937079047,,0.09196550957024385,0.03861246028000198,0.13566839969511335,0.3319012915758519,-0.3153220867255482,,0.26227650678385084,-0.3162680199033221,0.1233227071921108,,0.051179087340285534,0.04310892769602637,0.16307533965933496,0.31747052620217353,0.023230596747036758,0.2976577608528932,0.07830336854734954,0.07270139663860364,0.16415454111375016,0.11253992157890225,0.22451612556951717,,0.08493941640933333,0.1180143412613075,0.16113911936514103,0.07534158015302972,0.5724708949095887,0.22319916965776376,0.1666085125047314,0.1070221291972564,,0.4981439942141135,,0.20429872431113716,0.11052732559287559,0.08699507766887882,0.15891018328083395,0.39379567827620887,,0.1716690405532475,,,0.3809354547517083,0.39675138674200117,0.6257487555685011,0.139234882335471,-0.34322729437749033
2022,8,Indicador de rentabilidad sobre recursos propios - ROE,0.5065390075609755,0.007164504069337108,0.3069056435021231,0.31151049615369497,0.4737862457821962,,-0.60255628350564,,0.568884940004978,1.0802777746025076,,-0.31341890378976167,,0.025003072350104016,0.31637505406582345,0.2584907109320187,,0.6643925508867246,,-0.18032671839203607,,0.2811270444969911,,1.7324494453769068,1.397765113032011,0.41372173081826347,1.2120775105019646,0.6131160287646391,0.39857050665957594,3.141238873882581,0.768724810306666,1.2482200484082937,,0.2647789394023421,0.20901743140525264,1.1979453596935423,1.0178233277933746,0.1414408620200207,0.03368388584140902,0.23549308374984124,1.6102318084925575,,0.5579075077912055,0.6991191795036946,0.13415629390558292,0.830729405409899,,0.1972119904669536,2.281637802839797,1.5122201191465248,1.5267203470521205,0.09097095615360362,0.4136728061048558,0.32638182757871714,0.2377243860338243,0.8983449537309522,0.06863001126014545,1.0989444884848951,1.2066872885591802,1.1543031144067344,0.7015775705344542,,0.24308980997724428,,,1.010462217640395,0.37767188370723503,1.5297832041787776,0.3153965372085201,-0.08217703542743049,0.9478016602682506,,1.150502561992432,-0.052019803335552006,0.23077858371252358,,0.3315764681336968,0.6964450812516871,0.7359714741300853,,0.38750092933192715,0.3146731687264228,,-0.009263245274911625,0.5030663310913697,0.47222892734583266,1.2445945208472673,0.19737111180056655,,0.25580453760447774,,0.3436441021815899,0.3907500108315094,0.4572040366132244,,-0.262062537790107,,0.28130896599171296,0.9148913563581185,0.18161918897014284,0.37275538406795783,1.2806622746253655,,0.7172064283858426,,0.2376050300742869,-0.17323291573144484,,0.6761871745703003,0.3418369975788902,0.33757038324959265,0.31226981768665474,0.26922558751585646,,0.6765381153487102,0.5835671545819507,0.39254670337011865,,0.7676388786580053,0.5908599555330638,,-0.4776558526554998,0.6189095119947898,0.7861159359616212,1.5272904470999569,0.6429554341418373,,0.28823015736200785,0.04150737223054013,0.39849102029467276,1.2304083548061873,-0.43545823452147303,,0.6060862889683367,-0.4289645300534264,0.1526907155640358,,0.07639794520807186,0.12168062276082847,0.18552136398052177,0.7774256965150832,0.04628628720820993,0.5785360464157281,0.29508789053488416,0.3997660856348553,0.9064937867898519,0.48847749991137235,0.4604806104611776,,0.581990134868595,0.2755924956689981,0.27761799292092304,0.31444061060130335,0.9013725712187712,0.38686534321700394,0.38118398535205134,0.3238570445847615,,2.3192441806769257,,0.8843522015974232,0.4272495767459765,0.3509582776888569,0.3042307266195139,0.8372157818364618,,0.34778958750221034,,,0.6769271232814367,0.9011643377770215,1.4750618399306523,0.31086300546781764,-0.5139556122421479
2022,9,Indicador de margen neto,0.1765661581931493,0.015345513925112297,0.08344742810405599,0.10387784432324687,0.24991454979328417,0.0,-0.5006105742834118,0.0,0.15493521295624027,0.17392153776785202,0.0,-0.3632240181708313,0.0,0.00785567136662111,0.28698048435384704,0.15219763523251803,0.0,0.1472656959943991,0.00025727508387645066,-0.1089681132492689,0.0,0.09242500260930625,0.0,0.2611400839835962,0.13718865906142066,0.034555031319631745,0.25735179355855065,0.1870466673559365,0.155727577141495,0.32063292828593726,0.5907198114651592,0.22985461868567358,0.0,0.1459152906583716,0.07822877536095071,0.20198414413188437,0.19253172290498888,0.0493188372194362,0.05742058635882846,0.03447700777810299,0.36563976638027074,0.0,0.4871510664813624,0.14804749029851083,0.09040584167020091,0.388586706375576,0.0,0.09919993858845354,0.31815573773167816,0.15135469784225045,0.20601806224200767,0.02351354634040463,0.1116261678678959,0.19081202788382126,0.10319399732328667,0.10475120160514545,0.021848398102171256,0.18937681023937858,0.16996311253947252,0.20964447194750735,0.13637478435876957,0.0,0.04262251052263804,0.0,0.0,0.12922295060434108,0.06049977330158203,0.37886255383392536,0.44744672965509086,-0.048045401767251944,0.21521851577398401,0.0,0.22351435518529691,-0.001639366132341092,0.03989646588845819,0.0,0.0763785041254827,0.4339935975194967,0.15956436838118782,0.0,0.16544817932717626,0.12264402646431755,0.0,0.001679102200966927,0.4180179966973843,0.10002654817560545,0.16135284828954138,0.12986235163816076,0.0,0.19367817430069928,0.0,0.274595869683609,0.2714134386161942,0.14554731226883288,0.0,-0.08503380133111264,0.0,0.10761424787201211,0.1897293850512691,0.09637760742215025,0.15994909207279906,0.32535035445996113,0.0,0.2934364309732567,0.0,0.09478005125793766,-0.0054889794970447115,0.0,0.12360112455975243,0.12149572031741131,0.11672800657367743,0.06234703873857409,0.19209402167852752,0.0,0.08471197272769519,0.315010905305271,0.08228175011459386,0.0,0.2719800773522875,0.1129262213277008,0.0,-0.13814481581789875,0.18662547677332708,0.2681665968770615,0.17193792229673388,0.14373520032720066,0.0,0.1463269575064588,0.09056336854947125,0.1496226726325699,0.23612439365936178,-0.255901973493487,0.0,0.19271094583429954,-0.36615556404974126,0.18296672660314564,0.0,0.0541824177406768,0.03986594882517752,0.16972831505684235,0.22365174396719043,0.018894325371242138,0.2552635934858791,0.08362310424228638,0.06742577474702456,0.17065125880353102,0.05953450696165311,0.2947569919452538,0.0,0.0608732800134922,0.12503492146336473,0.10425294079441155,0.06427540460277974,0.3387280527756135,0.29444502058972555,0.09740219630391062,0.14063260789030485,0.0,0.3862054881094387,0.0,0.14528716133496986,0.14813405436394425,0.06420112906490517,0.16274390541097228,0.2453907796109475,0.0,0.3234014831616972,0.0,0.0,0.4409970025897205,0.2217073783104331,0.2501205484280361,0.233898604291026,-0.29836383125577853
2022,9,Indicador de rentabilidad sobre el capital invertido - ROIC,0.2527170999075856,0.023661989405377115,0.11036071350816012,0.09581243432175501,0.2930887917115643,,-0.38068224093517,,0.17763701713930713,0.23970641302326445,,-0.2739553180995874,,0.011801505775205001,0.22688635465567053,0.23314103375928252,,0.13280072017490263,0.0004248055926683314,-0.17129139513589442,,0.12303933454150107,,0.4145063524458099,0.2225822578899317,0.05699762852335333,0.2942595316258261,0.28531082902641414,0.16563689383247726,0.354800033479612,0.4948298513860563,0.3412651008256786,,0.15296173996188522,0.07953105634839575,0.2779495913432768,0.3094544169550155,0.06036967810696381,0.07873400798306873,0.05577118532659853,0.3977792269154481,,0.5677909309010061,0.20947303279505425,0.08739712165949265,0.4376753320178157,,0.12054701200366158,0.5365362783362508,0.28317621694400463,0.22373890905788096,0.05014932417100981,0.14180498500286864,0.25019033149888914,0.12534977232590316,0.17860373785223094,0.020870697013592565,0.26089911049212033,0.20457547804581555,0.3998519190767833,0.21542047379895157,,0.06958951180685347,,,0.19787728605797672,0.08599760625285491,0.349364615424659,0.40001307527550667,-0.044612371289960095,0.23971597880113338,,0.35438243597371355,-0.0014042499377837636,0.031086323073544975,,0.11337467983618055,0.5180508066727596,0.19760834400567284,,0.19239216740822185,0.1911370446301388,,0.0019271659036863564,0.4293798200797121,0.1715419852440545,0.29286410321054945,0.10947721601980387,,0.17319645600414701,,0.3106131777178722,0.22833558605567217,0.1925625586803723,,-0.11646488527417065,,0.1830194731636665,0.28687029538986497,0.09794621563843342,0.22886744880284393,0.3998580837707766,,0.25848539955191985,,0.08641448774385552,-0.011221535235764413,,0.22426020725269424,0.16085635588298275,0.15374636370290773,0.1090510526826205,0.2212758006578539,,0.13059384862711143,0.37748601465472387,0.10110201158091137,,0.3603369287769149,0.15033154381487046,,-0.15853224082552786,0.23692269791047216,0.3095017941628777,0.30510351267585967,0.16791897528324484,,0.12385452798102636,0.05664461870376969,0.15308887818916705,0.37405820682580626,-0.35855454557483224,,0.2894565875582893,-0.3323754233943059,0.1536639218413529,,0.0670258622369233,0.0774966939097308,0.20737861703938876,0.3648596161457076,0.025150890207957355,0.34524875277760714,0.11073114909713788,0.08900425642137244,0.17506160089035605,0.08508089516030237,0.2637841960103471,,0.08531751912651342,0.14328209259627278,0.17656549642348685,0.09582256129742328,0.7030828578921082,0.25694790725085603,0.19148303038505854,0.14337422266849242,,0.5571360095395366,,0.21366156784597212,0.13602563888183594,0.07484386353684602,0.1647144190259482,0.4175956645550658,,0.21468015144593555,,,0.4489015944475552,0.4870342527007001,0.8051306680363559,0.18567474548760488,-0.37744370864317767
2022,9,Indicador de rentabilidad sobre recursos propios - ROE,0.5753665143429569,0.0479977370853224,0.2934938700634151,0.3332863703452593,0.5297692379850978,,-0.7105778882178035,,0.6230644807116652,1.0845268108856394,,-0.35219057243381435,,0.07049525811162427,0.4186503936060324,0.2932672438729449,,0.8031007814212503,0.0013155312481893944,-0.2132406991910103,,0.30387550048063927,,2.108901587397543,1.832054523424325,0.49826670825055897,1.5405191468546233,0.6982571383679457,0.43443892625164904,3.65826491574009,0.8187991049598984,1.3564658806419563,,0.32019568802955134,0.2644472157991602,1.4839082400123482,1.2220800086815609,0.16000026964724667,0.10336016922680069,0.2234679189587223,1.8237074020327455,,0.6970746247154131,0.6278663214324458,0.14083014408275552,0.9282339065732266,,0.2817141739808515,2.908426083719012,1.8031307601906832,1.6737384615295658,0.12112518910464298,0.46500350352532904,0.6314597136830538,0.26810898573752207,0.9924582010474794,0.1105550903286332,1.3996717834825914,1.2218570769794446,1.2286558005928128,0.951671922902253,,0.21278947841730078,,,1.2084562452439394,0.4482698017664364,1.7675300683084734,0.4800746972424581,-0.11857181463159627,1.099541404614623,,1.2635504526995605,-0.0031170544427668867,0.07786540860523261,,0.34554162906661245,0.8114667589297577,0.7502344631437736,,0.4196766874906266,0.3327078671272119,,0.003755567486561473,0.5791401483845027,0.5428815264165343,0.7747121260905576,0.43592850962757357,,0.29857832468156276,,0.3893735396895508,0.4433790987252859,0.48858035524933263,,-0.19557725079666077,,0.3807721321785551,1.0184372393724805,0.21255257824552132,0.3791122352556082,1.5085475537107418,,0.7103579300273579,,0.29426404445624366,-0.025930349751977833,,0.9106487686748646,0.397136454549178,0.4079312615310069,0.33060803161316854,0.2934558605571391,,0.7340818841151149,0.840166233481777,0.46692957894060494,,1.2679619887041969,0.648856049522297,,-0.5357559218890252,0.8019426935894003,0.8500368414593631,1.4911726393825608,0.7402250188511443,,0.3988886013744617,0.06094224874833043,0.4595973065672969,1.4192685281165485,-0.48925237053848536,,0.6813945099794609,-0.448697561166297,0.19102825152872294,,0.10033174197319394,0.22494597706780906,0.2360256418349873,0.9166943027920074,0.050102857844434245,0.6815231738144385,0.42898970191189867,0.4990232817441187,0.9834149823966936,0.35646421386773564,0.5447604614623371,,0.5849565128914105,0.3385192646061217,0.3066741146191396,0.41004859266134375,1.1263268577928658,0.4429695188183129,0.4430436451799611,0.4454506766808295,,2.6725714578188593,,0.9321422705734219,0.5367258335335345,0.2976240759701485,0.3143372794344854,0.8933042844407577,,0.43812692677793597,,,0.8091241222720136,1.1545176438367721,1.973859301781931,0.4219589901072325,-0.560953312480748
2022,10,Indicador de margen neto,0.1768757836449537,0.014320382241485016,0.07717294474824904,0.07871955874428166,0.21573634931059055,0.0,-0.6635757307731155,0.0,0.1521374022267133,0.1630892094345543,0.0,-0.214948254500363,0.0,0.008053879530080727,0.3349954462720061,0.14911687307927712,0.0,0.13524463646373724,-0.017765790889060308,-0.19740537883762715,0.0,0.08107468518189709,0.0,0.27941815010242643,0.1285100922857517,0.03448893966016257,0.2642097117754645,0.14813798275339085,0.13913164126733035,0.3057065740867509,0.4397808076595726,0.2135199645541876,0.0,0.15442309948158384,0.0726170266775427,0.16324254166417487,0.17368236697277017,0.04845486034393921,0.055018172983541065,0.05517382274229426,0.33839622950551346,0.0,0.505921338483312,0.14324087731452148,0.10918663766115583,0.3879513860322779,0.0,0.12583505484691723,0.3220386276767609,0.14803888405689875,0.19443252685151236,0.030170801003443184,0.12572972498151555,0.2057444198596008,0.1033773551740457,0.09074572314765121,0.030995878531359232,0.18558224516530888,0.1927660115085705,0.21271165443961215,0.14984500525088726,0.0,0.028725501636436307,0.0,0.0,0.12691429503232485,0.06501439079691941,0.385011614414888,0.4075142263240409,-0.11570505055681328,0.18147490437354893,0.0,0.2210306340214688,0.011024027967538184,0.0351761241588927,0.0,0.08089155491957037,0.4447527536275353,0.13977510268754487,0.0,0.1559288739353591,0.10156950048448234,0.0,0.0076399483823201605,0.41004713036281665,0.0908001583420026,0.14773139480154174,0.12126369287001572,0.0,0.21468172992512122,0.0,0.27150524072922333,0.2741204572028633,0.1332092354968324,0.0,-0.11616257534362828,0.0,0.10295425036641723,0.17763534674433976,0.10781996963410274,0.17663570452477795,0.34351255376612294,0.0,0.22899151553991665,0.0,0.12935240607151322,0.01326358652630055,0.0,0.13467146739788557,0.12426990837725088,0.12026155385010542,0.08078453996687875,0.1759291675265457,0.0,0.0849634663661412,0.26384604597347067,0.08697120123828969,0.0,0.2454761843199925,0.08130414504957427,0.0,-0.13555322638299186,0.2051211504011378,0.26639128972503995,0.17048002953097785,0.14090412603673982,0.0,0.16671090341453443,0.1094799555443465,0.09068905228653255,0.19984246670373165,0.0,0.0,0.16112209878572192,-0.3300254866277025,0.18816655778587216,0.0,0.06117831662051009,0.03155315809464087,0.18467700899054462,0.2358082006514594,0.019601481262261505,0.25705118239726626,0.09349722968215157,0.05907833129503088,0.16375011667639647,0.04528438502517745,0.307488466068968,0.0,0.054997714180060116,0.1286128747825887,0.09488621332734974,0.05902274125138784,0.33937833388246513,0.20494337689817418,0.138759843088646,0.14139846950663087,0.0,0.38239112501462613,0.0,0.14114606819088843,0.14650393020972083,0.05274491802773658,0.19052500472384568,0.22976952283321006,0.0,0.37027611933142657,0.0,0.0,0.437026966005001,0.2297349844940395,0.2678718750799504,0.24861123369510885,-0.29018004213702864
2022,10,Indicador de rentabilidad sobre el capital invertido - ROIC,0.2860519623198339,0.024431550049893502,0.1136655315025672,0.08067790980317802,0.2812567757552922,,-0.5086631088053253,,0.19635054550252384,0.25364011613896853,,-0.1972335929867015,,0.013530698631707416,0.3061925657033586,0.2593634254272783,,0.13659233286239392,-0.03155885650055157,-0.31300944114324847,,0.11913740851022281,,0.5109595044293258,0.23334968128072853,0.06298609453638981,0.34043839600404757,0.24720959578343837,0.16612629996222394,0.3867952466807192,0.40242586657484014,0.353349381640103,,0.18328280680120712,0.0821590789815223,0.24794711551450566,0.3123620702345353,0.06681168907813695,0.08399585766983653,0.10275403325630061,0.41362247660390294,,0.677047274239017,0.2272602778662005,0.1204509918413299,0.49969313563612316,,0.180933245490148,0.6235660004857879,0.31058622302896444,0.2411565844492336,0.07023487864951261,0.18079385319213293,0.30989541779175633,0.14001057419711604,0.17186581521613742,0.03331852468761598,0.28351607815873936,0.2745861120320008,0.45871776220695004,0.2679022183960329,,0.051781301257777246,,,0.21707620155721097,0.10341957908156418,0.4033014449414094,0.4031927287080763,-0.11531570300252791,0.22086327439813225,,0.391910325807193,0.01063608635244595,0.03031459969871908,,0.13513931829020365,0.6059195169390514,0.192955808220737,,0.20185535046580472,0.17562199781044963,,0.009749320696056829,0.4783887420505082,0.17335123354998339,0.2989974732676901,0.11197263658994228,,0.2200119519270176,,0.3435546119929638,0.26355395901402123,0.19501395834444768,,-0.17053559481242042,,0.19303813603407094,0.3003339432366241,0.12427845647242597,0.2855230131195263,0.4873601383818882,,0.22287546750428944,,0.1351661048808439,0.0316686293797388,,0.27675527476771533,0.18351552834208995,0.17783049839514975,0.16385560444134284,0.2280855500044512,,0.14730485251045278,0.3420521576905904,0.11903052442263884,,0.36129922778941115,0.11858086351002628,,-0.17188116738959847,0.30195796654165785,0.34708231600381745,0.342615676815365,0.1865968020665778,,0.1589999843926735,0.07714199526581123,0.10323203195639974,0.34274121900058674,,,0.2656613284154803,-0.33343168521986055,0.1782735863035405,,0.08432373668773252,0.06803485971908674,0.2556993472478639,0.4399745610879793,0.029598194411382783,0.3902240272820534,0.13837823292284268,0.08684172386480382,0.18805685387420557,0.0714505881997054,0.31746551334568096,,0.08613608942185147,0.16560225935039452,0.17705077317583506,0.09715908032112242,0.7913864895512464,0.19632309453434704,0.31522472360088516,0.16377347452301128,,0.6271577568082085,,0.231907404391416,0.15028875372194683,0.06785602897728737,0.22318320409411685,0.4336279494307158,,0.2827048326868875,,,0.4960517032210665,0.5843450219533461,1.021710407138972,0.22015701414488253,-0.3962969880734003
2022,10,Indicador de rentabilidad sobre recursos propios - ROE,0.6605157437598286,0.049422860037037664,0.3021470011853209,0.27584504981247093,0.5050423305139573,,-0.845962654012953,,0.6987040522874033,1.1591356548493938,,-0.2578904333279406,,0.08108544414325158,0.5742326286702772,0.32670678758895844,,0.8306646814199881,-0.09515111277254984,-0.37994660083838794,,0.2935957265696545,,2.808766527120806,1.9467090173605714,0.5612235390815885,1.8594315399640275,0.594598832699845,0.4335589323271647,4.192354011847303,0.6555538789270183,1.415972720895247,,0.38813447444996485,0.2739183124544966,1.273081254528877,1.2353259207352307,0.1772018598282854,0.11087345181555475,0.4351042763426398,1.9190740406779465,,0.8362521362322966,0.6972769230417986,0.1971282522850446,1.0658636349215835,,0.43733065098036916,3.6144948402112735,2.0631067460124908,1.8293941101658793,0.1715955598729193,0.6155806812687636,0.8004430770438691,0.3018630656261456,0.9489938996200129,0.1807764933754592,1.558090480276526,1.8188835196365045,1.452545018852673,1.2511605181347618,,0.1559027662376864,,,1.3386708531370015,0.5513166404269887,2.1196247312241345,0.483180000920306,-0.289285006329286,0.9698054342039872,,1.4252434761185317,0.023780114539617703,0.07614087619077026,,0.4188828762324439,0.9660127720589315,0.7281952482959806,,0.4428564769524703,0.30494988841671766,,0.01907231774636786,0.6483903729244749,0.5489926617849943,0.7838122216301531,0.44353458374068144,,0.3848700405954022,,0.431694327506291,0.5151802369775109,0.4907114862697721,,-0.2827842186411199,,0.40318431885364414,1.0821316183066956,0.27184200426646155,0.4768960493431307,1.9371586472496034,,0.5967985418973385,,0.4786370857953244,0.0745104775849692,,1.1679397869484052,0.45680530517355034,0.4777662034433312,0.520584201578105,0.3028556083413112,,0.8433542076110798,0.7503616318003083,0.5603265488235434,,1.2690823815347132,0.4954676453843758,,-0.5692822411669405,1.0722982875116038,0.9715509013888952,1.7348830832179094,0.8335240192888156,,0.526565704824608,0.08306791422312387,0.301403699015381,1.2640265222457416,,,0.6219993861000701,-0.45005054886938023,0.22215652155338028,,0.12674797630257606,0.19589109779776082,0.2915934901403021,1.1459033498263516,0.05939305975004916,0.7856196054107778,0.5516531106483729,0.48126837964131686,1.076904861659202,0.29399487456478246,0.6636912468505864,,0.592743500381498,0.39481366288828124,0.3083908234290127,0.4133849800666858,1.2800213528555355,0.3293930023669962,0.7693666234592333,0.5154268550574155,,3.1408730553634125,,1.031326682123777,0.598090946148,0.2674054727986639,0.4318926913522545,0.9339093270846299,,0.5862023606725317,,,0.9018421627417992,1.4530110587577911,2.6128634615035984,0.5056705394355501,-0.587737630706411
2022,11,Indicador de margen neto,0.15850309442252872,0.016976917981820484,0.06429821668341555,0.07265133354501786,0.18014322990748705,0.0,-0.6938881536028986,0.0,0.1371932693400465,0.18423671585366894,0.0,-0.22506580676429958,0.0,0.008908759269392101,0.38781565886704605,0.15095492079514541,0.0,0.1272888797808949,-0.04709372455116102,-0.15313091282875937,0.0,0.06787008096214807,0.0,0.2923657384431748,0.1159179113661994,0.03375535143165173,0.26338132149587296,0.15303318836360552,0.14617260354025846,0.2510388804274067,0.4972278983148796,0.20294079271437118,0.0,0.1319376494590267,0.06941691270571276,0.1731454278247046,0.15719258734910949,0.045437028373670564,0.08398055592953589,0.047825416287784674,0.35991899207619227,0.0,0.517339995555784,0.13551094726749177,0.10232217251804959,0.38517002960735053,0.0,0.11918361357274801,0.31123379575978766,0.1417292806966291,0.11779198623492625,0.004851533674256606,0.13080648142391055,0.15304495336674667,0.09889774052171198,0.08711241037277666,0.03558106738861606,0.18323380560074068,0.12138044747546349,0.2150243910198624,0.1480259465158746,0.0,0.04250784570153948,0.0,0.0,0.14784043165793245,0.0708257102550871,0.3805777522469818,0.38393725942994317,-0.09400505816576445,0.19689916389159418,0.0,0.22074115760831484,0.008877891258575132,0.03944025763158037,0.0,0.08104409198621576,0.45173581666373136,0.1243887482031065,0.0,0.14223350440420457,0.07291404355867147,0.0,0.017879471435367784,0.4155717948726973,0.08102766095975382,0.1311311600604755,0.11558401479753865,0.0,0.1656509167933891,0.0,0.27393087505791924,0.26095903002984644,0.052884833496140406,0.0,-0.10976929557044525,0.0,0.09150845048925976,0.15985488909243528,0.10430515412714779,0.18069473081876064,0.3150438963573198,0.0,0.23403061482430546,0.0,0.14633993727167327,0.01241365186891916,0.0,0.1476083300373334,0.09592339194209615,0.07097811386291383,0.08069252920797261,0.18657695429410454,0.0,0.080713510937368,0.29860873515733005,0.0752862641459108,0.0,0.23285645498843785,0.08271763127662607,0.0,-0.1448488828045174,0.21595812933840833,0.2565646971168177,0.15797798546782515,0.13983507809950674,0.0,0.13533548640573237,0.11684129870617267,0.07321861300947823,0.17485541287485012,-0.3632264575938793,0.0,0.06499380918281605,-0.25954814006802845,0.17856982165968724,0.0,0.048182786182628154,0.030231362770708533,0.23516524859124965,0.23535873775034477,0.018792693431578182,0.2690779345657751,0.07301334758243239,0.05545398169867085,0.15929969987351877,0.021144909941357988,0.29755590061297926,0.0,0.05238185519125308,0.14289072939918449,0.07460832861340631,0.048225354649194495,0.3298655233033142,0.1997202604810284,0.09833335951152108,0.1366483951566047,0.0,0.377535970123398,0.0,0.12823425661642962,0.12921733359165527,0.03833446447999205,0.20975442585650111,0.18034042005323528,0.0,0.3667748401592028,0.0,0.0,0.4445967098099516,0.21621010092532572,0.2911503222603491,0.23396417500113348,-0.28444778764979106
2022,11,Indicador de rentabilidad sobre el capital invertido - ROIC,0.2859991820319838,0.03221216367525881,0.10336459075422022,0.08332424773706215,0.25754688768903833,,-0.557749687432703,,0.19445657666105576,0.3487148812458263,,-0.22432843818055592,,0.01651647757785435,0.41548113532248143,0.28956040496433344,,0.14302262984141323,-0.08744329626112413,-0.2752643950355891,,0.10887877392593914,,0.6090838349237306,0.2320198412671013,0.06815632168890207,0.38168540238371196,0.284793344001979,0.1946295982447359,0.34840118673373666,0.5228985970852233,0.3748909066732935,,0.1718333084067274,0.08684768448339986,0.2958881366310584,0.31210419407425705,0.06946646350000485,0.14558766606604334,0.1015001716420636,0.4987931945691859,,0.7926516106714068,0.23919805676502115,0.12607100578687347,0.5583610875039233,,0.1919309622723866,0.6787186307013646,0.3272364254774969,0.15770848757271616,0.011818444549422491,0.20920142609922898,0.25290538110820004,0.14896140079533882,0.182270740351127,0.042442859987866566,0.30851977133495523,0.18304079662882433,0.5174289791878321,0.29287029385502805,,0.08699723507756874,,,0.29066011231617916,0.12526610575225905,0.4472306153244847,0.4196743416183675,-0.1037561237950857,0.2706284237518526,,0.43700381282770917,0.009479373522565337,0.037412306705913334,,0.14968750503692196,0.6956507931453917,0.18947569957412536,,0.2024580557778668,0.13723316195354207,,0.025282057303688044,0.5474848556114416,0.1697618516854622,0.28970735011740767,0.1162264560771662,,0.18764566645853575,,0.4085764323469163,0.2770240441581877,0.08128182616978763,,-0.17567986174222316,,0.18553513728289772,0.29719312781368235,0.1343871272307957,0.3226242793348375,0.4911216792262749,,0.25513655960989357,,0.17375470315937158,0.0325220843565055,,0.3428522611626008,0.1537966914546105,0.11254848060146783,0.1791104277840292,0.27568206644909776,,0.15428443975321504,0.44008152970671843,0.11424769577790106,,0.37354899967834365,0.13304188089751667,,-0.19986944057316247,0.3598319335280922,0.3696712195008742,0.3493754012605945,0.20756721945864975,,0.14182889708615765,0.09171222965383663,0.0941170157705904,0.32843361442163754,-0.5640145478089582,,0.11241187148924237,-0.2956465428669064,0.1880070763268955,,0.0729315891796054,0.07237088290366733,0.37358982818874376,0.49517432207220824,0.031091306148621767,0.4570882113174286,0.11739492645529825,0.08999998702707135,0.20264321932652973,0.036061734184973604,0.34683570646178485,,0.09086783215649996,0.20741949414457683,0.15053986871472858,0.08638100863556364,0.8553344052134422,0.21374859703367655,0.23759683876554183,0.17380998380284107,,0.6958353903947458,,0.25479721055976756,0.14544014607843914,0.05375538493485865,0.27944574642141573,0.36296445034033264,,0.3058927414548396,,,0.5633544448985892,0.614768031964219,1.314593736617875,0.2297886486251084,-0.42269806532568155
2022,11,Indicador de rentabilidad sobre recursos propios - ROE,0.6608121686777269,0.06528115092635756,0.27273228535152416,0.28500483783444075,0.45826438394914115,,-0.8860124751633298,,0.6910185604565702,1.7423742325226304,,-0.29247372818015005,,0.0996281472889855,0.7961881855232251,0.3653054191166569,,0.8788290961814464,-0.2503238305473431,-0.3348799292666488,,0.2668192731522723,,3.5958811123003827,1.918116744436193,0.617692512796342,2.1579510358392233,0.7003094832637273,0.5128310522664941,3.5338724960612113,0.8712225212457685,1.528441582994298,,0.3617440992983896,0.2906766974070245,1.598125922449149,1.2328628896188598,0.18401198831538235,0.19427211596391047,0.42801453704739356,2.4726777165942573,,0.9857318036449094,0.745495246464273,0.20774065424246224,1.205135298124015,,0.46578320877685675,4.10193423942842,2.2396270277293286,1.0222108832104086,0.027912142915389015,0.7301841720564659,0.6303087974757848,0.3220832431692693,1.0227928185721615,0.23435145691819925,1.7424931496671054,1.068654680753335,1.6837068104831854,1.4084571475697936,,0.26898289656252117,,,1.9476404924954478,0.6868701791340981,2.4150528281761656,0.5027307068488318,-0.26354848372573525,1.225871352391851,,1.6210631229357912,0.021192633309752518,0.09450571282111153,,0.46897943751335447,1.1282383432646443,0.7107086771648874,,0.44326640891897795,0.2363875791738561,,0.04980021505193055,0.7471282862692035,0.5371303840897286,0.7496413443037053,0.45981477740841914,,0.3257817559868692,,0.5157228299240151,0.5414154881728803,0.1924144923164668,,-0.2925489198481286,,0.38602865033509515,1.0780637696381765,0.2939757878771496,0.5466906902822886,1.9401915810212582,,0.6910719307661313,,0.6312776403548641,0.07610711154339156,,1.5195233137573338,0.3766386334357028,0.29030607127584407,0.5786703516420222,0.3680789995583442,,0.8859236136543207,0.9937823688047804,0.5322231446837578,,1.321210783028893,0.5672677832420847,,-0.6330487558139593,1.3298476247648359,1.0458524533153297,1.7790150233809383,0.9377843428125587,,0.4615141915626759,0.09877689845081239,0.2750221105003259,1.198380188737303,-0.7189638372191881,,0.2475401917498461,-0.4051471297644932,0.23433041785014264,,0.10938362008795433,0.20855755133479148,0.4312692743321751,1.3205391588540603,0.06260757183884857,0.9438810111002764,0.45683106158371345,0.49897798752887423,1.1827247666078051,0.14192780764785717,0.7282742575841479,,0.6338064761544298,0.5033174820519664,0.26183318673263845,0.3604107179291425,1.3913067606115819,0.35659026308081043,0.5583261614857811,0.5503751002691895,,3.6289218709527287,,1.1578296998751507,0.5724142347924017,0.20822763620481544,0.5468547253034604,0.7665551290074015,,0.6341153846923047,,,1.0371627498188705,1.5663410777621896,3.5471271600910645,0.5273418421106209,-0.6226739171822523
2022,12,Indicador de margen neto,0.11612126818047101,0.02065110498197861,0.05392359278972154,0.0293213640591827,0.08641653219567551,0.0,-0.7369327945265177,0.0,0.10910232397932422,0.10573519006901591,0.0,-0.23574191595360905,0.0,-0.019037866540173348,0.3663739971864021,0.14773294142383986,0.0,0.10298695414453884,-0.044237176299533026,-0.15205364172928926,0.0,0.0468112317342477,0.0,0.22995944681573455,0.07753121691738446,0.01780050227391858,0.2569229002174718,0.12008084048809163,0.13690370676912644,0.22310647081302906,0.5128913897586351,0.17800715046423077,0.0,0.08633879094622487,0.06412634672077136,0.1762011798208807,0.14739170077557273,0.047470179529717556,0.019723802912000706,0.03254575685098677,0.3813283238324559,0.0,0.5028717833462727,0.0686658732493086,0.09512781992058196,0.37040211808307116,0.0,0.10734882987980991,0.29082449202778554,0.1104483095682554,0.09595432988215823,0.003029981041909238,0.036476354717356003,0.12339945173361715,0.0966325618648891,0.05355499849677291,0.035249236912002116,0.14056791561903562,0.11484350121325784,0.23198796492369045,0.10934621663381693,0.0,0.04273261671993442,0.0,0.0,0.04311846971078378,0.07477861215088187,0.233714847256326,0.3532744229525349,-0.08367955793606062,0.17877002481939686,0.0,0.23536606891668257,0.03161724078197338,0.009541956258107739,0.0,0.05921871773119595,0.40269555333005336,0.07056677673515137,0.0,0.12831535933840232,0.05470344702032159,0.0,0.02517409031940342,0.34675835814005707,0.08445443426756168,0.10338695320916466,0.0957992316776948,0.0,0.15015157323018855,0.0,0.17734024608573823,0.26115403562937783,0.028164229162255434,0.0,-0.11912299442112301,0.0,0.10393860843874464,0.1492947091317789,0.12275998085041664,0.18542600781836108,0.30253192272668367,0.0,0.22687573934788613,0.0,0.1477923907594328,0.0874770720474923,0.0,0.05596084309848899,0.10994754243248553,0.032350485013394034,0.07362857514603247,0.1631449162169558,0.0,0.07660977872771031,0.2881642945333846,0.0684522691954572,0.0,0.12155971649810776,0.053089948551805606,0.0,-0.13627349980485032,0.2243329280319739,0.24158271603322984,0.14352217915815277,0.13762211830927926,0.0,0.11509418133698232,0.10308848986119637,0.06833945097343556,0.1502215728390699,-0.43097671238186175,0.0,0.05742404790844362,-0.3819976330373183,0.0688708486423317,0.0,0.0665101314919309,0.03394333325534608,0.22445623687150298,0.2323672637405048,0.02880370687143437,0.26641944695448316,0.03611334641723538,0.05172380565786462,0.11216007385604375,0.005188530842040702,0.2733810254567183,0.0,0.031677243146853225,0.14223796998784818,0.06227435841789736,0.04219388706908599,0.32372146008642233,0.10280731997846196,0.11510278611660452,0.13790701402129893,0.0,0.3442821390190695,0.0,0.13294877459241536,0.087870350059477,0.023227671324611246,0.16237044421365657,0.16048610463589014,0.0,0.3889921095249099,0.0,0.0,0.4237989402982078,0.19767703300679357,0.2916103465301743,0.16847834032550987,-0.06197742751713704
2022,12,Indicador de rentabilidad sobre el capital invertido - ROIC,0.22654743737478644,0.04285065269217969,0.09447617267492059,0.03621751485376734,0.1312946346529964,,-0.618537883409405,,0.17111716032095003,0.21174569250181596,,-0.26056594136901656,,-0.03769784441982649,0.4322377634428707,0.31622513438011635,,0.1260185621813097,-0.08801370816597665,-0.2927824754764833,,0.08093656306275698,,0.5262594529483329,0.16851731514101487,0.03873957860710364,0.4101870944966721,0.23982146660789883,0.20202486836913902,0.3406902661595985,0.6057710730755788,0.356609840936676,,0.12258584849860754,0.08835432386456676,0.33404965258967145,0.32531801069173616,0.08005586007023102,0.035664034074231354,0.07262873130793501,0.6380983025683831,,0.8553767228560978,0.12752585138671346,0.12964740354617166,0.606713766882,,0.19090473009743536,0.7026011484038179,0.27387905111237854,0.1406631837209804,0.007717764499008961,0.06051494334414764,0.21736202403302696,0.16060229403341353,0.11936272114453361,0.04623722188612844,0.2521309707376469,0.18999721612165388,0.6677465985758484,0.22726906049054918,,0.09721517697060178,,,0.08489659126761895,0.14588219421975457,0.2846441884492461,0.41995331226241817,-0.10250808906923448,0.27857699759956045,,0.5309767758367081,0.0380834649819759,0.00981283419608081,,0.11776143312058207,0.6709183188538985,0.11403998541338178,,0.20389869605110955,0.11362906924437399,,0.03900405750534719,0.4914687777067248,0.19746624220928322,0.2455026420071742,0.1039980179612261,,0.19043814632115263,,0.275109815866158,0.3095138970453435,0.04623388034567388,,-0.2068685362421283,,0.23309410805949882,0.30613396873598075,0.1776209167241185,0.3643773062461457,0.5324056061009064,,0.27408225986171986,,0.19399533114458523,0.28385768284576063,,0.13076853280370582,0.19712891204710226,0.05494504561560354,0.17619305708246102,0.266276723828329,,0.16295214978861772,0.4818037591968751,0.11456298937564213,,0.19621972872633653,0.09172980862298674,,-0.20642318433094664,0.4222627174868945,0.382296194676625,0.35207873537435597,0.22655496936737274,,0.13208180075452836,0.09393401889159247,0.0983065725495722,0.30171108281280645,-0.6602767513350724,,0.10747331726378784,-0.4374477474264151,0.07613761567291255,,0.11279885625458363,0.08941072857741994,0.39491076903704125,0.5377975804380255,0.054103529790429095,0.5050343287246837,0.062107395602985394,0.0921197085972818,0.15327064250694278,0.009525798245777262,0.35366199766558903,,0.059551454586993735,0.2353742316363785,0.14216054984278692,0.08686757108293452,0.9499715899552701,0.11631599511165835,0.3100122247053254,0.1933555475433919,,0.697857572552347,,0.28925371360106955,0.10624043386504978,0.0351073774806645,0.23316630835471708,0.34997903635603844,,0.3617605543121636,,,0.5956530087691063,0.6135877875286624,1.5027454640419977,0.17962181789901543,-0.12009673987457259
2022,12,Indicador de rentabilidad sobre recursos propios - ROE,0.5108882372754704,0.08718381892629101,0.24740808198231345,0.11815079183603783,0.22530431716084398,,-0.9257716295147725,,0.5967697502310925,0.9186876088172529,,-0.33507450553988305,,-0.20155347523745237,0.8252469176636505,0.39945593406323265,,0.7534245579007959,-0.2529144767453563,-0.35374719246258035,,0.195134526654541,,2.8802008271635455,1.2331927862809948,0.32312628669002263,2.3658601355160758,0.5796570902692086,0.5311496831817877,3.414948044070578,1.024504231928674,1.434700467985702,,0.252843375074711,0.2959591430084785,1.8772625176946516,1.2980388436721895,0.21306603149750858,0.04696432825282426,0.2959616556621756,3.496506493081081,,1.0677020001304722,0.3698095257331624,0.2154075615194586,1.319293580839612,,0.46325307161451934,4.345506310411539,1.7592920137808643,0.8762800037597005,0.018208378685321103,0.1867416356175884,0.5288734525659224,0.3488681856507543,0.6132597327884017,0.25718072270792036,1.3350447095028035,1.1257262782566202,2.3194962091391056,1.0239434573876163,,0.3019665016273818,,,0.4168927872334134,0.8196168094341354,1.3074408963500983,0.5024170902329557,-0.2612140846159149,1.2662380762678516,,2.0627707802092012,0.08657963314858019,0.02426844638529957,,0.3592381104606077,1.0894104965890525,0.39833661356126915,,0.4459473432500689,0.19503610683216777,,0.07726938540167261,0.6669655385835742,0.6375460257565693,0.6172376331644811,0.4046584143126113,,0.33079973677318897,,0.3437035363522418,0.6081565020260171,0.10810938909836576,,-0.34154425677031475,,0.49285731272960165,1.1263718074326539,0.39424718023760064,0.6256881165636627,2.1421535230622815,,0.7440907251781128,,0.7141514246594576,0.754488592396809,,0.474558380984448,0.4940215564321595,0.13695431731823748,0.5711106762071037,0.35532468685839436,,0.9398852773702646,1.0981035204488894,0.5322663960986771,,0.6133529209964137,0.3733506529324433,,-0.6475897488761859,1.6251107539427685,1.086538795812372,1.7959880308931155,1.0334426990609233,,0.4248193334170822,0.10119012513577252,0.29056043754633065,1.0785082298549429,-0.8082940482970045,,0.23862737978418846,-0.5772215779294754,0.09387462718579553,,0.17052159681803825,0.260708161154525,0.4583220229159597,1.46668782998943,0.11020448670323879,1.0593478921602468,0.22734810020248908,0.5103476232416426,0.8331181467387005,0.03625033741027517,0.7405768574196838,,0.38939926338438746,0.576946681576713,0.24760283426040575,0.3605051871419842,1.5596447934570823,0.18821166953627544,0.7489960839488956,0.6197974534494808,,3.62324199111434,,1.3542313412428526,0.39946079531685164,0.13286036472628293,0.447142885369312,0.737956811489412,,0.7525376532557659,,,1.101503035300416,1.593551894884476,4.155938696010573,0.40155313448770436,-0.20193830964173742
2023,1,Indicador de margen neto,0.03252845973806358,-0.2348568476032947,-0.16272045449205055,-0.15567669628551592,0.10625549738686585,0.0,-0.9111035250659996,0.0,0.12242299867812849,-0.19977619628855167,0.0,-0.2720906090540865,0.0,-0.24938634464114742,0.5649798254288254,0.1742089001076336,0.0,0.008586674145445644,-0.22652787266147612,-0.12629503835120182,0.0,-0.051490119825207376,0.0,0.23212316201025113,-0.01340287231742319,-0.38185576308032,0.4270785821449722,0.13449549469633168,0.12982046467267835,0.15979033759332897,0.7648074921772957,0.2252325271844093,0.0,0.16878226152725767,0.023744411987300262,-0.008128032185315237,0.09912759396690313,0.02730685574735061,0.11312885846284505,-0.08274484231985361,0.31241829886110306,0.0,0.703247718326896,0.1149632744186557,0.12597130169716345,0.18328981711997494,0.0,-0.006493690213355536,0.2381624636560212,0.02473461902130434,0.3352394751284152,0.003991577109914704,0.09687194491100759,0.28847530008599864,0.06602551656500387,-0.13739198087820564,0.05235185092988014,0.08998537310469669,0.08533020365716884,0.2503728346177635,0.23861011869834825,0.0,-0.025818184071992045,0.0,0.0,-0.27636581785109304,0.0951396643829318,0.4490019209360148,0.5638873994803154,-0.14669923967030277,0.06272467399139381,0.0,-0.0563461866825303,0.09338050265327064,-0.13631397314543425,0.0,0.13298699883920076,0.6526185310866028,0.0057878779315603986,0.0,0.04853803532122334,0.17276096531732552,0.0,0.0997793251525903,0.08369211439147108,0.05591319022902025,0.2339757477938882,0.1517100638353617,0.0,0.061163728055924266,0.0,0.3432317837318609,0.46964043833660035,0.03902952697315035,0.0,-0.24127151474955785,0.0,0.19700766775122783,0.1610901153249638,0.2339752245626641,0.10508655730957855,0.6431687477465027,0.0,0.002448927002948713,0.0,0.34240632794965375,0.13275203734973295,0.0,0.22080984161268383,0.09136163048491812,0.1289170926915203,0.026514329649576188,0.22977923260848462,0.0,-0.045908524560297856,0.3639232675186604,0.2630519884535124,0.0,0.4412204915366413,-0.06373249721456797,0.0,0.0,0.1846765814720278,0.43746236346693373,0.2844583723509586,0.10167582352309343,0.0,0.3823239513368879,-0.3438925725917222,0.05376647998384139,0.1406275036588792,-0.9110824540972171,0.0,0.10618873220294414,-0.20931247941740866,0.10505287070457259,0.0,-0.5738105639837449,-0.09086690374315179,0.28503315419290476,-0.08283134278683531,0.022248927981291255,0.04250838049422446,-0.4339055651612805,-0.20037790873013156,0.04690128151148692,-0.24943607687459485,0.41338096972089666,0.0,0.026090991088725913,0.23516678502376784,-0.17704135422027006,-0.3926125565156962,0.29195665448597674,0.3364461484993508,-0.4125102635468027,0.01988783882196481,0.0,0.4580850409691237,0.0,0.12499627449182209,0.10929313727232727,-0.22991064625343022,0.3782161347411975,0.027554858194934344,0.0,0.5228424285163669,0.0,0.0,0.5526478772410425,0.15846414770434655,-0.07218191199980968,0.4703627119147565,-1.0083242681379667
2023,1,Indicador de rentabilidad sobre el capital invertido - ROIC,0.005585954663243298,-0.0411217560443613,-0.024003723243795627,-0.014674696485678873,0.014069224401077829,,-0.11281737992852303,,0.0157496003517561,-0.05460136246566827,,-0.034261772415893677,,-0.054156061747613116,0.05075585007703043,0.025598656646165896,,0.0011199053666970382,-0.040191076477057,-0.027481416151197036,,-0.007654965004509351,,0.037721164177281,-0.002615736270130453,-0.079230949287041,0.0557928504559384,0.02090428731916294,0.21391828095845855,0.021999686371888982,0.0664750243771326,0.039426892842736816,,0.020788707198339917,0.0030596280875783144,-0.0012300487833155627,0.018677336077844053,0.0042170932188536625,0.019429424896747483,-0.015759230315075867,0.0454043247183149,,0.07739063487537079,0.021210498741272232,0.017027892809014178,0.02179253928675995,,-0.0011245223054597853,0.045509794809347026,0.005985466990984234,0.04558529918786158,0.0009651398901182606,0.014181917554865864,0.04489107963016825,0.009495764177846144,-0.02741346247252041,0.006473913993922276,0.014125716511028452,0.013646127790643892,0.0505377005220613,0.044944816545704036,,-0.005205892163380632,,,-0.04545725676096135,0.017014960453652916,0.04841749315375332,0.05322004960007831,-0.017092972648499516,0.005630926317385265,,-0.010447917206087731,0.011264400830190091,-0.011680520250698656,,0.022626975089724333,0.08143524940639879,0.0008057987007787926,,0.0059969230630125825,0.02992402821791229,,0.013580708585959389,0.009091950568586027,0.010706688113006901,0.046516000187692974,0.01262291155809847,,0.008240567856840242,,0.054153414073767836,0.04552086499107744,0.006194244047697639,,-0.0396887785888651,,0.031084813841762537,0.02708235412991833,0.032700270757665795,0.014694037295823303,0.08356891059420102,,0.00029136334629620286,,0.039821744628635525,0.03294922058371519,,0.040935356064521145,0.0142676560219277,0.02139454660422646,0.0052870554725246155,0.03361981083582655,,-0.009585532352210158,0.05395810318978311,0.05504998955151574,,0.054367253303848395,-0.008522579775526284,,,0.033937746030796134,0.054479650484318576,0.06335192885582375,0.014915144399305635,,0.044091525858303005,-0.023630291846689855,0.006899084738954286,0.30877481257864314,-0.17544507641240692,,0.015012513344710765,-0.02646639023388586,0.011024892463735947,,-0.07398027739653457,-0.02043182220304207,0.039260770484033314,-0.0136014389159953,0.0032674161404870894,0.00606942939816868,-0.06254481141242219,-0.0324228594164353,0.0052914212211145895,-0.03577316958126153,0.049063908618308893,,0.004458093856373635,0.03270092178181527,-0.03509962960775548,-0.06080824936364748,0.0510774877803295,0.03409332645898777,-0.07555234701255875,0.002253274616768941,,0.0697168482201489,,0.02153695170236558,0.010678662066128108,-0.03022698806537072,0.047046299888252596,0.005272590523704546,,0.03767139394994601,,,0.056743896668328686,0.045480825474656594,-0.022944729848874523,0.0464556564601073,-0.11836210460369112
2023,1,Indicador de rentabilidad sobre recursos propios - ROE,0.011430574469336596,-0.08057757562992329,-0.05801502286954574,-0.04543933859981286,0.023287889601246947,,-0.26267601804419394,,0.04780077296877416,-0.17722868144951032,,-0.04557772579784569,,-0.27933345585340974,0.0866757987248894,0.03145079999259326,,0.005399322661046035,-0.12148645234505284,-0.034248200224214376,,-0.017511209713316545,,0.13039426591041825,-0.01377907350977381,-0.4671054523613828,0.21697342378623974,0.04560076818444081,0.5622730144430479,0.12235074242684418,0.10128326791708919,0.12204665077145127,,0.041100016516347315,0.009465992221060926,-0.004641330898316198,0.05733991577110076,0.010646071819176983,0.025539649007026988,-0.05753949630149524,0.15042366821928055,,0.0919683790460073,0.05723466948416722,0.027580575884944336,0.03943981369019789,,-0.002482130404139582,0.15853922583299318,0.02628722146183793,0.2386774898730224,0.0022683467815065583,0.042110028395801136,0.09971039678762539,0.019287142517967926,-0.11338888406480185,0.03347923650548856,0.055751561598516686,0.06209653450506902,0.12552566373169527,0.166243956398491,,-0.01482533083088955,,,-0.1817811972682779,0.0781920109883667,0.1740049363391729,0.062063503820004584,-0.04675168769150062,0.019384169161478226,,-0.02779153998736783,0.025248173763028126,-0.028416060769054008,,0.06394687772837715,0.11914762675159785,0.0025205475730638582,,0.012017102746855635,0.0502738955033919,,0.0265961716613361,0.011690657900824242,0.02995295753412619,0.10512951215546917,0.04425271443396417,,0.013592455266552061,,0.0664885179186876,0.08185441833116047,0.014237576436625377,,-0.06986030135958232,,0.06046720987830989,0.08008968865088262,0.06772855415867118,0.02324183204854835,0.24544676628542117,,0.0006741093826814204,,0.1268637758583353,0.07575950113258201,,0.13556210907322797,0.032330394227280346,0.05230079430569612,0.015009244035989022,0.043638941846463775,,-0.042143074265776015,0.1050699941936093,0.23563948751123776,,0.15305929530895845,-0.030813112186193092,,,0.09781689542286265,0.12979213004229906,0.23841981252043665,0.053446305155040896,,0.13164822083349148,-0.02536679468370362,0.019130705138304727,1.1091250369149241,-0.2504011268201096,,0.03207889188316382,-0.039166096794853056,0.013502887541047004,,-0.10741843971635023,-0.05462252358953057,0.04483600553758027,-0.028963942877218152,0.006501618041767188,0.01092930402263903,-0.19969561422549686,-0.14531708244972563,0.02310322269879128,-0.12862426767388002,0.09217044891522508,,0.025945984144757572,0.07220104936632277,-0.05819537369269179,-0.20907890373916183,0.07321642821610785,0.05365096215809073,-0.15173898858015977,0.006191988459995912,,0.22312436874368125,,0.0758498370720524,0.03620507320754229,-0.10562974339676157,0.08448937184992711,0.009812928333014614,,0.0694962148018099,,,0.092507835431346,0.09565948817899361,-0.04159756559368588,0.0974832466790454,-0.19972915307279515
2023,2,Indicador de margen neto,0.16602695974082846,-0.11484978144666583,-0.18966793401319057,0.01165087746186014,0.15863188717942375,0.0,-0.8153556737409726,0.0,0.06730549033068542,0.057941747152015846,0.0,-0.3241561563553356,0.0,0.0026792603004984093,0.4926648932482034,0.1691058037510643,0.0,0.01699526385476988,-0.2558305345788237,0.03904073635280632,0.0,-0.014474520804470344,0.0,0.13782515382705995,-0.011446283624736212,-0.2256610225685419,0.40911903362214425,0.19005028430575927,0.12210686198565357,0.20283161632556726,0.6646350724271706,0.20683368796196208,0.0,0.12839791217396695,0.010283978889938438,-0.0524578486573568,0.11122853388915123,0.033708715630250324,0.1299732279342102,-0.11646249809404595,0.2359931675727398,0.0,0.726545504306412,0.09621962308346296,0.07795762655482644,0.2402564282215454,0.0,0.0504576889302658,0.269950490674714,0.02022086384123326,0.2457436064261428,0.019735566582750608,0.11014860126860743,-0.17093687303710814,0.04064754705101923,-0.13303382156702934,0.04507652218242807,0.0721653556189987,0.06557348678316745,0.1532740634792905,0.18955203028744078,0.0,-0.020136166481131944,0.0,0.0,-0.28198143763601874,0.09767253909923436,0.4362817726741314,0.4473320043620682,0.06425426062181754,0.1466235510215792,0.0,-0.020253266249851663,0.042252495071194614,-0.06986111723336419,0.0,0.0731848385303891,0.6124288442489074,-0.024598739414618716,0.0,-0.10158811041472394,0.106041978737405,0.0,0.03909422370688613,0.19520875038145544,0.08814637195312615,0.15821761649106167,0.08414090695228757,0.0,0.10455946337185376,0.0,0.11519697748496403,0.21041589892843549,0.05493885702317764,0.0,-0.3657415321430499,0.0,0.12929087714455206,0.10292333665113296,0.21299951083049665,0.09067899596335965,0.535076310504298,0.0,0.06836144488924381,0.0,0.2945035762386902,0.05909436944181289,0.0,0.04804913845605194,0.12003425049734008,0.05517145921158219,0.019097855323563,0.19313180533268653,0.0,0.023402503972010408,0.4482518668215706,0.02778642552135543,0.0,0.41047958195564477,-0.05761171464745214,0.0,-0.23187640917004682,0.16018120890990659,0.3933806730121713,0.2754904026513465,0.10574713066605998,0.0,0.3154227773943917,-0.07043461371310726,0.05557622093088852,0.03700486668291617,-0.020884069890863652,0.0,0.07215822996286894,-0.03892141910704447,0.057224991008464184,0.0,-0.4437346371115264,-0.08419015342693842,0.22541348929759902,-0.07905258409697614,0.015016792647187758,0.09823228017956875,-0.18556996743307974,-0.17413014063730384,0.06759987676578445,-0.24644970123817628,0.3227119328091419,0.0,-0.011506527896942544,0.21770058136319612,-0.07921316577760647,-0.19311401160414157,0.21095011366038008,0.3548958491612619,-0.08304161065760471,0.1507862780430442,0.0,0.3604228220314897,0.0,0.08290242713977078,0.033018574640807874,-0.16219822288486938,0.31711651844548544,-0.005568458281694983,0.0,0.47871168957444993,0.0,0.0,0.3729913904975361,0.12416878492720596,0.06743908767001568,0.3182439891837906,-0.9276493802375924
2023,2,Indicador de rentabilidad sobre el capital invertido - ROIC,0.06121525295024388,-0.04062198472258216,-0.05380004596381038,0.002340703901498875,0.04412111333904267,,-0.18352169627814297,,0.017107557559768338,0.028500424481382902,,-0.08288202910314779,,0.0011635338028863629,0.09108010572010383,0.04944302220025398,,0.004360082871161186,-0.08296266141416175,0.021425134041948457,,-0.004241620360374565,,0.043150508910783314,-0.004375322341550469,-0.08867569072247383,0.1070433066987444,0.06320156456740844,0.2179183961854252,0.0567567491262686,0.12266868037041956,0.06939118549675927,,0.030973055025258933,0.002623568347952965,-0.015593597562940764,0.04217857490447985,0.010827281166263747,0.046041057079644565,-0.046889515232858,0.06373425149477252,,0.16641937123082728,0.034288913123120546,0.020871762626268442,0.05838639100239851,,0.018524311175390107,0.10499162072981805,0.009740635590944846,0.06946445296904669,0.007456675581999139,0.036857180050919425,-0.046098327009683526,0.010885424262955246,-0.0507454873349753,0.011196825302751456,0.022472657620342007,0.0199336509179453,0.06062579361326548,0.0734773461981153,,-0.007843677865184584,,,-0.08450093427055894,0.034296475996514086,0.095216580934945,0.09440553620452885,0.01688866490913865,0.028962054001804516,,-0.007255324391632012,0.010429228938265922,-0.012015111485345842,,0.024330741871469108,0.15995453581988994,-0.006720065792073182,,-0.02474380493777384,0.03684749724438596,,0.010358701827606787,0.042208374424927086,0.034287226536092064,0.06129034629554675,0.013767368712904737,,0.026443287607127663,,0.032055522966788486,0.03981910897027219,0.0173590536107584,,-0.11885381131174888,,0.04052959542894907,0.03454567443691592,0.05885332438122437,0.02564151691896921,0.1438899211000706,,0.015373549745476778,,0.06301624957576601,0.02792761876443972,,0.017565024786624583,0.038311910360665724,0.017470001548792302,0.007248903237482063,0.05748952093685955,,0.01047531837149318,0.15137639757057864,0.010061348715307838,,0.11802860869684895,-0.015714769834597186,,-0.08756773024999265,0.05354706710587487,0.09454775926909686,0.11615845481498299,0.031221596538985485,,0.07821687201173422,-0.009800099740805313,0.015008848295833266,0.011608335226304778,-0.010335902117018403,,0.02280096473341109,-0.009934995503403377,0.012369486735264168,,-0.11073740003811328,-0.03699808969715712,0.062111137889792056,-0.026577935266982156,0.004605779548426225,0.028505108710485727,-0.05431660656102255,-0.05728591431493968,0.01511462348873005,-0.07063146534158016,0.07845286718362487,,-0.0038533035797692072,0.06379863527673613,-0.03063579406614092,-0.05917573142519106,0.07483467908449093,0.07434965686072847,-0.032364743934776286,0.03403785422772687,,0.11040205569052475,,0.027075782723168906,0.006420454714014312,-0.04241648168770529,0.07873110622258661,-0.0019953868376098027,,0.07945601591759988,,,0.0739672191341354,0.06906013489351559,0.04299049616752737,0.06309263532792331,-0.21361308752326846
2023,2,Indicador de rentabilidad sobre recursos propios - ROE,0.12860527761519935,-0.07953874388611792,-0.12705570495596963,0.007344474655322175,0.07329588109297913,,-0.40547766765548277,,0.05187744734368005,0.10135519805859139,,-0.10916036073225488,,0.006824525874830734,0.15567291981094633,0.06079643174485372,,0.021131131027497307,-0.24117686339036026,0.026731393498863554,,-0.009712613301080864,,0.14920003327011733,-0.022928324099058428,-0.5097809096087718,0.43758753895387437,0.1419865139264933,0.57031671227161,0.3377403586892509,0.18934419243106504,0.22004898367861303,,0.06158336459183089,0.008120990757251034,-0.05766236198370345,0.13222355577179257,0.0273504950896839,0.061021223130775404,-0.16476456312685273,0.21446943334262647,,0.19899902602394315,0.09358531686632454,0.034162211702645884,0.10597025530625115,,0.04143275241166111,0.39010908227773466,0.04333076305723038,0.37344565580524947,0.017603351346337837,0.11234392679308214,-0.09679603712772988,0.022134142046392746,-0.20346763589312944,0.05833634810886501,0.08995684611114396,0.09205164106485508,0.151022210624995,0.2793630729986738,,-0.022200933692753555,,,-0.3138171770502487,0.1616457579936339,0.355592274965431,0.11020013633286463,0.04739257266176322,0.1018110480929133,,-0.01916406012781313,0.023406463205744688,-0.029143544560821244,,0.06876736132318562,0.23717268705233208,-0.020768194665923057,,-0.04870519624857583,0.06240086983713233,,0.020262176854868974,0.05453790076663467,0.09797201790395271,0.13778045595715716,0.04757570843633796,,0.04386283962530535,,0.039330924559897174,0.07108505269067855,0.04026300349294054,,-0.20289329785190469,,0.07887449423564541,0.10305825486694875,0.12266653670131578,0.04074398291126902,0.4389493588488991,,0.03558630664941975,,0.20455038375666956,0.06338738271140554,,0.05677627687629294,0.08790920934917135,0.04270256067966516,0.020738008596385304,0.07487915269181267,,0.04720406666439381,0.30527877310149765,0.04031435300097197,,0.34808469989525825,-0.05652180799092388,,-0.33396907320328784,0.15623634955269305,0.23003698531633732,0.46217279850279036,0.11306945530698509,,0.2393811360254845,-0.010529843566235542,0.04240500521283952,0.03308276157904855,-0.01525811345727579,,0.049439786765640203,-0.0148696614709809,0.015136786494379217,,-0.15958077187466968,-0.09758054290964069,0.07107017670597826,-0.056526495135060695,0.009168608268083744,0.052178776232882695,-0.17542702987033676,-0.24402048165880963,0.06710393183474306,-0.2428098012985589,0.1479390171154349,,-0.022080013848820967,0.1424761308110376,-0.05126519698588505,-0.20258309793652052,0.10725555857093005,0.11630438016261535,-0.06615915367018144,0.0949762350625849,,0.3622970709286941,,0.09546278795472007,0.021561895622350002,-0.1460172821701219,0.14173381978694954,-0.003692366642377931,,0.14662808754557588,,,0.12091160186988303,0.1500688655061837,0.07900376016065702,0.1327367828993833,-0.34976035530848215
2023,3,Indicador de margen neto,0.12295016250825373,-0.129314139003814,-0.1898537148880802,-0.14970988976036936,0.11752096653132553,0.0,-0.6234147887824373,0.0,0.04865351731371688,0.030270373975742688,0.0,-0.38614640898358604,0.0,0.00196976250704411,0.5226516919037595,0.16383944844185985,0.0,0.026711481779860633,-0.27453694475168516,0.026262340324681787,0.0,0.0426230688619431,0.0,0.2254018070779889,0.009784941731008558,-0.1328430717393659,0.3984579780306358,0.17751376797291948,0.022086798981596486,0.23103717040278357,0.6765105103496316,0.20541556951253026,0.0,0.05771875551513601,0.008402195789341592,0.02431568995872913,0.09817793910856189,0.03415411742872768,0.1452841319869092,-0.07893455576647332,0.17344623629029865,0.0,0.7237688814661167,0.11766385075333961,0.06069638689116558,0.2197315585415861,0.0,0.012740240892451559,0.2854607001900271,0.023638638732255298,0.16970687979137195,0.09514120284018651,0.12788005039873485,0.05894614909673113,0.039742611754823215,-0.13419022454336832,0.032663908789818674,0.06031673576075562,0.09198940965478332,0.189861780503833,0.1462942299403926,0.0,-0.07903561319187126,0.0,0.0,-0.12506613644505987,0.1004029849055447,0.38566775301027173,0.45064753721782835,0.16887403959803132,0.21939022458168073,0.0,0.010203861730738575,0.027836949761067424,-0.07877924058704062,0.0,0.03653822087621538,0.6015118862966143,0.004741324952599696,0.0,-0.1358579186793533,0.017044542500657647,0.0,0.01793548955342949,0.23186498805027178,0.07527271873496938,0.07520052975358894,0.024503950660023123,0.0,0.21301615816565808,0.0,0.14967053400134914,0.28089339480188374,0.04523827531860334,0.0,-0.2763016430665583,0.0,0.09384583109129534,0.07079122299059401,0.2952430160231855,0.11308790506110798,0.44109148272122684,0.0,0.11182844017959931,0.0,0.20694433327708653,0.036177107329199105,0.0,0.05504001594240574,0.016731901896109767,0.08444948544860671,0.005123162248781145,0.20083721893069284,0.0,0.01877850499183515,0.5276050988366326,0.0616179280183656,0.0,0.36125627750370404,0.022638907504012106,0.0,-0.15053385715610418,0.1454778036050297,0.4055709655121447,0.25099096481811184,0.09945394863639236,0.0,0.251584061263523,-0.1864155386754027,0.06767053819598547,0.03975163022856414,-0.026669546204111157,0.0,0.050073725592503594,-0.09702632918763382,0.0656375500885112,0.0,-0.03932675732100626,-0.04086435719433711,0.024358883923428113,-0.05236828055460177,0.013725680274834826,0.14473798501356822,-0.059425880924655027,-0.036639913340368147,0.0018302558543230316,-0.22173485147525382,0.32001335498061134,0.0,0.003134195599326985,0.20948078680042923,-0.08108445994251053,-0.2258543811697051,0.2865030050950721,0.3078824463166127,-0.02236285045426168,0.1401251678036202,0.0,0.28315936354048477,0.0,0.07657139680303558,-0.05127642621257561,-0.1725347389427815,0.27092808033011745,0.16055470462780103,0.0,0.5281965871596914,0.0,0.0,0.3726060546042312,0.12410947516985704,0.12801009203869224,0.1800663906387236,-0.8992959863504133
2023,3,Indicador de rentabilidad sobre el capital invertido - ROIC,0.0676601629085738,-0.06687731001376562,-0.07986997924721717,-0.04398865304614363,0.048722042136317034,,-0.22279133177209798,,0.018463291590948172,0.019729338051776457,,-0.15019337073386707,,0.001273693417307431,0.15239624108137373,0.07570916090409563,,0.01013851379419406,-0.13048894909352615,0.021472742360334474,,0.01905334114944557,,0.11359832976700623,0.005712179664567385,-0.07742675592153725,0.15881727081456432,0.08974267613440845,0.009340484854937436,0.09918158443825931,0.1951418935648046,0.10563594416126221,,0.02074372364696786,0.003291024126201192,0.010963129013851214,0.05672015524527407,0.016639721958434217,0.08112547067208986,-0.04655266176009465,0.06827447053587243,,0.25987235940971143,0.06313960055910517,0.02421660481457888,0.08129292354702744,,0.007069780564196604,0.1728752423091937,0.017044496052509128,0.07332173853314727,0.05122318417823091,0.06235898077799673,0.025828610902588256,0.016040336379589126,-0.07572081247528428,0.012261764677728104,0.028316774330113814,0.041783765345627444,0.11717165391239948,0.0850659829394278,,-0.044269163812343804,,,-0.05935970643317112,0.053770027366459416,0.13002313174225,0.1478260925455963,0.07652342680200896,0.07112961475172952,,0.005909824533547159,0.010111858416390618,-0.020394498807035477,,0.018112421694640668,0.24281113552657607,0.0019852086358012055,,-0.04867217347192132,0.008935511575067334,,0.0070830824991203745,0.07654356349799274,0.04424390298909597,0.04250988563399205,0.005908126565555394,,0.08334580901093935,,0.06041816406944345,0.09345181004358127,0.021239258848336773,,-0.14019244299517297,,0.045334726679368886,0.0352163230784488,0.12575979261933812,0.049235455325320476,0.18551095171495202,,0.03674889116236457,,0.06621483926812344,0.025448382980506112,,0.030392993967953252,0.007800839971651374,0.040718837271522146,0.002919919211890054,0.09313808053063521,,0.012119798342710597,0.2697779258857911,0.033677417382034225,,0.15596090658146733,0.009853821869941326,,-0.07890491086579388,0.07228650757717991,0.15014394078847482,0.15643687135568252,0.04356502813478169,,0.09488154054560627,-0.038728787843210766,0.027329788638013275,0.01916040749429304,-0.019068957296377698,,0.02252113036270975,-0.038069204395761,0.02162537156192723,,-0.016371617382726966,-0.027768860583736954,0.009998877943594664,-0.026080979401799764,0.006331367819906619,0.06476347627647838,-0.02758544940064056,-0.018986660330934657,0.0006155155328848583,-0.0952859574773417,0.1189766036822062,,0.00158433797043811,0.09935731841480133,-0.044706124278894754,-0.10039217045295779,0.1751769633090079,0.0971389170343604,-0.013380805614592206,0.048268066948184085,,0.13100519094295193,,0.03764429124076041,-0.014902536328119886,-0.06660606403625569,0.10214023466120414,0.08765888747485096,,0.13352795489723057,,,0.11291778839527367,0.10295357684870221,0.12601436403422261,0.055597920740695805,-0.2970734305369527
2023,3,Indicador de rentabilidad sobre recursos propios - ROE,0.1425596666547817,-0.12920242168224128,-0.1849875915056557,-0.131369501986226,0.08062751325974249,,-0.47826706992583057,,0.05606979530785394,0.069182817186078,,-0.19514341678974112,,0.0075140323671383236,0.26161230824256365,0.09318662485720175,,0.04963231119488154,-0.36285011014589785,0.02665044068493483,,0.04414935263593334,,0.41930975580635255,0.03051974003343272,-0.462406322059552,0.6800908397628147,0.204939322978148,0.021608358017990215,0.6388304014111024,0.30542885704993283,0.34468427161865556,,0.041101312711621985,0.0102065054423639,0.041907688371565666,0.18016668454522367,0.04204776745526417,0.10845050427534098,-0.16388599382105862,0.2302515799024003,,0.3127171830657227,0.17641697210924012,0.04008623399579059,0.14805109163671704,,0.015835333282211872,0.6877163697159132,0.07717649236566748,0.3904049517545083,0.12401732574775304,0.19539347824193487,0.056037014738542945,0.03275619908395333,-0.29354447720825827,0.06388572960964822,0.11475952749587659,0.20043050480806057,0.3007451124250353,0.3254707335040201,,-0.1212443267185016,,,-0.2256807114107684,0.2601443472103193,0.4969655535431552,0.17282341097465936,0.2247776331817275,0.2598543700986622,,0.015629741742614556,0.022729906700767133,-0.04911657516798906,,0.050846426660196675,0.36464747485733406,0.006177329412469845,,-0.09644020436635281,0.015114485983977133,,0.013822721468059518,0.09942465391214395,0.12749782539430665,0.09328524496892365,0.019874904986763253,,0.14081033435264545,,0.07448791205201766,0.16871821417706334,0.049422454634011626,,-0.2370180271926079,,0.08793364914987123,0.1057368627527846,0.26808074691779016,0.07841809433419011,0.5785549643136454,,0.08535580749624949,,0.21363637619687825,0.05704443145340776,,0.098908050164916,0.01758343112868266,0.10116903843332636,0.008378855523065276,0.12172464734798183,,0.054491059462979496,0.5636985612094609,0.13885281182663545,,0.47215162831270363,0.03665034619397489,,-0.30544960304320423,0.2130545853294752,0.37629324321232005,0.6478928571240898,0.15817887045750534,,0.2927633707202595,-0.04155591477471998,0.07893778560459408,0.05477747768837027,-0.02791518189213915,,0.049394891646757255,-0.056939153324768066,0.026479110606280276,,-0.02414588611430557,-0.07370227603637924,0.011409367950799387,-0.05575231778328982,0.012620547676321703,0.1210830710161237,-0.09192881788304896,-0.08583100534077115,0.0026768459087964658,-0.317603546466417,0.2260610688672604,,0.00923699187259075,0.22486128232120817,-0.07503172353895171,-0.323756892075702,0.2544867476709054,0.1503691370059379,-0.027497999074031054,0.13504409901495884,,0.43298977049217857,,0.1334822301284111,-0.04866457773394761,-0.22279341421675458,0.18341942191553473,0.1672655955111435,,0.2466826662365682,,,0.18614436591945815,0.23244346348636213,0.23574522700332556,0.11608469262726473,-0.47289396258106076
2023,4,Indicador de margen neto,0.1312317825746179,-0.08850085663565548,0.18098018881614503,-0.181918841508993,0.1550110633423184,0.0,-0.6911915879484453,0.0,0.04451678043724885,0.06346845241937339,0.0,-0.4109669160557266,0.0,0.004862781651749154,0.5597160987807599,0.16613642551486943,0.0,0.024041175189430282,-0.2749177207733423,-0.05251487391725672,0.0,0.064955780475818,0.0,0.16091727557050814,0.030730152164116235,-0.03818224499569085,0.3766408828302462,0.1462237332439427,0.06390357279291661,0.22596547167587408,0.6863703427591364,0.19264768104186045,0.0,0.09359891429922011,0.0073331818332948925,0.0018313113195907262,0.06750841960771764,0.007475719247221962,0.10702480959484922,0.0029891196473695748,0.22654330731653094,0.0,0.7071840070723575,0.120707965741759,0.054964284038641086,0.22784063643014835,0.0,0.02041976900963665,0.29665163287785745,0.02480540887258847,0.16681358159958956,0.06357996845156948,0.1298941566895732,0.22132090052661407,0.03865030220064848,-0.07437717925135058,0.03469131704062663,0.05000272715750799,0.0876769420415918,0.13988790510223906,0.12332627751656666,0.0,-0.09289155492798512,0.0,0.0,-0.040795922154325585,0.09558245227645784,0.3872485526518925,0.48049287224468534,0.060599964393632626,0.23970287189987316,0.0,0.09290373152462332,0.008417046837882457,-0.06887083028291842,0.0,0.03893822109407112,0.5203129869520817,-0.0009236123507947972,0.0,-0.07330844176923473,-0.029311263645679084,0.0,0.0014130476643927645,0.16914297507241396,0.049911458372799415,0.07758455107790818,0.037048111011442175,0.0,0.19879122405080402,0.0,0.21088638666453685,0.24344286446721208,0.07669357242931094,0.0,-0.2420388584183152,0.0,0.11807707058477575,0.09969692783280856,0.2888137057811518,0.12270798069881833,0.4069813017876619,0.0,0.06682504957308656,0.0,0.21762072604322769,-0.017090091841125386,0.0,0.07151923411623563,0.023656409795082847,0.09182244220232809,0.010021426051774395,0.2665079234232108,0.0,0.016424266608261625,0.4752954254722996,0.031832752976195255,0.0,0.333481663607213,0.06379004479355176,0.0,-0.14668070225593408,0.17547843699308532,0.39173830440741536,0.2326142256909206,0.09267500075605735,0.0,0.2880188693705026,-0.14783755448443647,0.050348344781266756,-0.04297971391022659,-0.06412850663702682,0.0,0.010303203629935054,0.007671428763649945,0.06330939227619227,0.0,-0.028816887661873247,0.016348555510195983,0.15513275506710408,-0.07334263421290632,0.012579477029634871,0.15862154060193123,-0.02363584136965906,-0.02690267971079738,-0.004607360722600692,0.02642672136153886,0.3283344712597483,0.0,0.00247345236300637,0.20723963632464412,0.10879480164822639,-0.23691464277684052,0.28399737220409216,0.3106005481420177,0.02842087691096182,0.19923350845110963,0.0,0.2953553057624124,0.0,0.11076924525409677,-0.09850635890251376,-0.12885354045347006,0.26952995672483504,0.1534475765333415,0.0,0.49286560465662327,0.0,0.0,0.4137891058982142,0.14622379704918506,0.1599944153835559,0.28859093819006804,-0.8402910846442743
2023,4,Indicador de rentabilidad sobre el capital invertido - ROIC,0.09680256803076936,-0.061978469644430545,0.13753338461058728,-0.070797984198956,0.08645823771002603,,-0.3020526951249721,,0.022781320591598098,0.05238496734137543,,-0.21335423837753087,,0.0045837892503137745,0.22085431978638925,0.10435141940476389,,0.012028644817594136,-0.16757814794929882,-0.05302910621000467,,0.03955033645129591,,0.10705379933351455,0.024193380856034175,-0.031312600657849354,0.20417538470196583,0.09758443910528425,0.035583995925705825,0.1286075436469749,0.2773288537883263,0.13327684153746922,,0.04540526294129421,0.0038640526177595724,0.0011052989838842286,0.05152443360148751,0.0047059882412412435,0.07745256025412028,0.002583217759716261,0.11869289870713473,,0.3524092910177352,0.08673653836179596,0.029589899055951108,0.12264969953664462,,0.014995336065489973,0.24141338960886283,0.02317726840555001,0.09759937026200816,0.0625632131649394,0.08312679237435994,0.1793331344359268,0.021393688955657852,-0.058114618714191546,0.017602845525535926,0.030959909733977664,0.05299174681260688,0.11420284565823402,0.09565984630950819,,-0.06788571943859778,,,-0.026854439004877162,0.06830612793996771,0.18196145670866093,0.22650274163834339,0.03459061758637927,0.10465665671342461,,0.07220549110922803,0.003989641466586091,-0.023926646150771336,,0.02576853450124994,0.28164293719221445,-0.0005103761298731468,,-0.03595605334226326,-0.020091322248217414,,0.000734107972035325,0.07385516419291593,0.03892611787418132,0.05842249788961018,0.013002526900013134,,0.10349291464813248,,0.11553335450357194,0.10493549100478616,0.0480769921798585,,-0.16093156101411454,,0.07709994043417745,0.06682199332932948,0.16672251796110915,0.07450177163587446,0.22857464366191915,,0.02854860735764131,,0.09455921219089825,-0.01528164227822204,,0.053313839354109493,0.014729180197626146,0.05859942862060108,0.007634908305113708,0.1720910659101853,,0.013829835159798742,0.3369575249606218,0.02174147519369196,,0.18867698638812325,0.038950030547139525,,-0.09574991681114653,0.11887392800041807,0.19531439710530552,0.19398640225044828,0.05457895952231806,,0.15430425280831028,-0.04073165664611311,0.027441636639755407,-0.0261491901065104,-0.059518171258927,,0.006102538805714985,0.0042644521756090015,0.028452874137949502,,-0.015846585067127106,0.015121184896960793,0.08985958660262816,-0.04896390480410617,0.007665421616247503,0.09487791746256691,-0.014570515074939672,-0.01852987243991422,-0.0020590530192016177,0.017371019473554128,0.16825619408785508,,0.0016535875769827513,0.13268494088148852,0.09669999150550379,-0.13602600329103576,0.23542226178010806,0.13442140859528706,0.021536365627904175,0.09403907213231832,,0.1850582375865788,,0.07415233344725447,-0.03765365765669482,-0.0662040168144975,0.1367062880571548,0.11155447675180707,,0.16765256901507186,,,0.16908900367465307,0.16434192205536435,0.2194413686056964,0.1223962055917549,-0.3565597928578851
2023,4,Indicador de rentabilidad sobre recursos propios - ROE,0.20748096399652338,-0.12011426424473992,0.3657246167147983,-0.20532668366666118,0.14388753116149755,,-0.6087225705258905,,0.06946570290682219,0.1896787023089046,,-0.2739629135756253,,0.027394950923396166,0.38145361788000676,0.12856369715586258,,0.05934772757469409,-0.45014323779056054,-0.06497809287784906,,0.09253231035968312,,0.3899886575105611,0.13399380237899816,-0.21676513027920707,0.908680665381929,0.22514834087761426,0.08285133807511169,0.8782386375295017,0.44064556359401674,0.4433723549913775,,0.09098088753444444,0.012014043510940153,0.004178301054307498,0.16296730205637022,0.011802170958369995,0.10396580199023964,0.00969206129385336,0.4189569067327725,,0.42667210045780934,0.24725266422621295,0.04961264889438266,0.22637400423208787,,0.0340706021189614,1.0324297158915572,0.10695118901396983,0.5330939177642993,0.15214675240966136,0.2653176627606171,0.4174694750432486,0.043729073748100644,-0.23276158856846063,0.09200530761303893,0.12667567589303674,0.2595022972899752,0.29100415824111425,0.36950912290560023,,-0.18202965108452462,,,-0.10542171761419372,0.33588036659542486,0.7225131231165858,0.2652683626026968,0.09823606427539966,0.3925013954155592,,0.19875662453691367,0.008948201090573704,-0.05744498564878053,,0.072780489897178,0.42490276821660755,-0.0015798519130645339,,-0.07318521534307532,-0.03396852738439626,,0.0014263829936793648,0.09606946731875277,0.11182629521494913,0.12754200611764577,0.044138228375197874,,0.17553125604657271,,0.14351161840734195,0.18860648214861087,0.11365353078129359,,-0.26925658910007333,,0.15041432437907365,0.20710536161547521,0.3589857633469702,0.11899503540808576,0.7301575466771595,,0.06543807665587553,,0.3106301877689934,-0.032890538574090855,,0.1764436225142012,0.03331449853576851,0.1472985071593773,0.02215918641487513,0.22676865392288637,,0.06202145445177232,0.7157688675514344,0.08810357233363297,,0.5830701731880372,0.15057065976201756,,-0.36034976074999636,0.3614986411782626,0.49991530163365105,0.833994457851837,0.19859927978257064,,0.49573401068363254,-0.04369453275870516,0.08025121778255162,-0.07205331578702001,-0.08590082690997014,,0.01343842672282336,0.006484841774308636,0.03481591375006943,,-0.023357007146233233,0.04147771061918992,0.10326850502219997,-0.10387013766269504,0.015272489764575292,0.18058889075951146,-0.0491600787785218,-0.08418590331259723,-0.008913722303318772,0.06701364346324712,0.3234436792721924,,0.009670066224088725,0.30365672773159,0.1708567236376477,-0.41624818712052214,0.34407430015528173,0.20684616886839247,0.04486622099622606,0.2695224523247397,,0.6367487542222137,,0.2716139759133702,-0.1194209176764075,-0.22187386407882548,0.2458879239765699,0.21398038265966157,,0.30718519130343824,,,0.28239900912579574,0.3909691550979266,0.418646705918857,0.2620638275174121,-0.5561644130097854
2023,5,Indicador de margen neto,0.12977394798149477,-0.11629995274750633,0.1356960217624334,-0.17476163955560364,0.1752739278999011,0.0,-0.6324011038098616,0.0,0.022689361650021427,0.07698062193644713,0.0,-0.3385383989813596,0.0,-0.03080225361242793,0.542401570311474,0.16329302907787524,0.0,0.02223892798198614,-0.2795771243731665,-0.004451881547562896,0.0,0.10650734910558737,0.0,0.1897371939123998,0.02702407405785747,-0.05373157225465662,0.3372869513325716,0.22328875712573537,0.10100502367299982,0.22839420819161468,0.6851032773204112,0.2025042306329116,0.0,0.08040337539903437,-0.010689770418523321,0.15711470886261034,0.07345534679353209,0.00770501595673555,0.07514442741071853,0.0031116528630518677,0.27391233130330866,0.0,0.6842168344112033,0.10258639718195346,0.06128385779328612,0.22920725669392558,0.0,0.016938097916956368,0.2997545477223618,0.024680418286409975,0.15279514841236283,0.06972046944377039,0.152204406861251,0.1164314997974975,0.034233771750586194,-0.022290553589744307,0.04486341044061002,0.04347070971869437,0.04754684682634715,0.17062325695746192,0.1190368058294865,0.0,-0.0994170512588163,0.0,0.0,-0.052465179331419365,0.08807981724443308,0.37897223981003353,0.439593910573987,0.07725619765060482,0.2547531152257613,0.0,0.11421291271641498,0.016669920911294277,-0.056951762774472336,0.0,0.0373126367204057,0.5463559093943596,0.0010703355127204808,0.0,-0.09633318856031693,-0.03344820948806092,0.0,0.0006249211778931459,0.33268094183827884,0.0555554675567672,0.07585238760436921,0.050617150337148954,0.0,0.16893089048772925,0.0,0.19123591658212444,0.2395235825940034,0.04268881648688686,0.0,-0.17828074619330025,0.0,0.11021036993166053,0.09321829251119043,0.3193957735762511,0.12481697806409225,0.3891280849340198,0.0,0.03125208414201321,0.0,0.17410751021791734,-0.08974882155721987,0.0,0.07108731866393027,0.023872694722776193,0.08848953980476319,0.009567557096024326,0.2890978778830262,0.0,0.020596818963083283,0.4548613568039004,0.03206689058892777,0.0,0.4144571861599291,0.06933856913466452,0.0,-0.15775950249120418,0.18625322975636985,0.4051605584406829,0.23493454734656877,0.08680295081684157,0.0,0.24944871619489456,-0.005549835590514116,0.04015941431751377,-0.014118870863059952,0.06183733339306869,0.0,0.009615416652219539,0.053871213359775856,0.05650691360759229,0.0,-0.020976685147201954,-0.0005552337450366862,0.18015873171906507,-0.07807376692637334,0.011947462044282082,0.1693195887288645,0.0028668099800699446,-0.03528317834797937,0.0069604712602858426,0.0013104220630030775,0.32249892291177684,0.0,0.009478330862404356,0.19713189776379314,0.11984987068264719,-0.26287984832634126,0.23401604636892961,0.3234530760089858,0.023429694927300806,0.21915772689191165,0.0,0.27052535675907113,0.0,0.10218140828791678,-0.09878438846022396,-0.13939875311707603,0.23897401555515946,0.16590363448769066,0.0,0.5209969809466877,0.0,0.0,0.4225138368914799,0.1686951638976322,0.1844732944427834,0.27733346257715674,-0.8648978975926254
2023,5,Indicador de rentabilidad sobre el capital invertido - ROIC,0.12273784391287434,-0.09911920147609266,0.12388086539417009,-0.08427571823149771,0.12476856816430759,,-0.33920621589739697,,0.014554189129011075,0.07834182183886895,,-0.22829122238552524,,-0.03454121209551886,0.2841228692286506,0.13149122734053287,,0.013793820094621934,-0.20828202385186,-0.005675441118330071,,0.08494295047826572,,0.16099894478717292,0.026566599260050783,-0.05646524269948705,0.2313322661904169,0.2036167220129308,0.07168810629287092,0.16390820484663138,0.36064800662387486,0.17674115908518684,,0.04877555335218342,-0.007010147150371293,0.12516353773078448,0.07050823743163104,0.0061882040607594835,0.06773080933106534,0.0033354188422469733,0.19077948621341623,,0.44446632918297113,0.09197064521052511,0.041321651381177604,0.1543684902661555,,0.01538325975737953,0.3093752995076169,0.028093065526788807,0.1137649492618289,0.08330265254040281,0.1236588611281566,0.10802007547047654,0.023623662456159655,-0.023191194243970426,0.029035857931516196,0.03357853282992607,0.03553226268119003,0.1749848844448294,0.11671762254248441,,-0.08937422050853872,,,-0.04302192464228416,0.07874942551931485,0.22912019589094013,0.2595884311598742,0.06017942933139486,0.15688436008147755,,0.11205330079346854,0.009909695138356378,-0.02478440357970857,,0.031107258779575098,0.3825957496293999,0.0007566824178775189,,-0.05762986347609844,-0.02870479256985703,,0.00040100960559419363,0.19124864336464498,0.05464187127593334,0.07136332165651571,0.022954683413145993,,0.1110672531423369,,0.12938221197861322,0.12768641045675433,0.03290980182680592,,-0.14916494034136285,,0.0913301205785324,0.07855716301190308,0.24041046284064027,0.09720795345231203,0.2806653952649225,,0.016431276342770973,,0.0946618775925101,-0.09440777929339672,,0.0667491137822056,0.01840510604765222,0.07290295025629678,0.009183250173866453,0.2440935002845388,,0.02144024555664137,0.3987404809558248,0.02708415689313526,,0.3312926603058395,0.05381154038914682,,-0.1256713105647802,0.16019655006231104,0.25988182325727505,0.2525177913936656,0.06425530965421355,,0.17006084397127408,-0.0019650139731813843,0.02762417654255822,-0.010631665646274047,0.07928870239798691,,0.007015997299303356,0.03834579965032758,0.032128848153852196,,-0.01435929980337547,-0.0006354568582652709,0.1323100492704965,-0.06467707869885297,0.009094665814364467,0.12629149368514359,0.0022469124046553546,-0.029808906765951382,0.0039288588137633695,0.0010501451432736175,0.21267970280514148,,0.007911244625548042,0.1600026328390154,0.13014431464453735,-0.1823966933226393,0.23955430564290014,0.18019910017094265,0.02236519410033333,0.1330648526783884,,0.2119326147057059,,0.0862905498561164,-0.04729703927635598,-0.08866709030867348,0.15263126862628318,0.15348322459926078,,0.22578241316013736,,,0.22243590651311895,0.24273972991893822,0.33132863576134897,0.15011985860812516,-0.42645329803670995
2023,5,Indicador de rentabilidad sobre recursos propios - ROE,0.2669751522764523,-0.1889934511133261,0.3254517426488819,-0.24075667952259694,0.20867374111236803,,-0.6638507587944258,,0.0439874431431444,0.2904678624995518,,-0.29193710031033093,,-0.18926014730383112,0.4926275933989892,0.16211151511360367,,0.06856444164019582,-0.5380715500109763,-0.0069689258027114676,,0.20336817623614833,,0.6140910681321226,0.14775277335426407,-0.3642126909229487,1.0493110269261856,0.4986957782845598,0.16852779448503252,1.200945429384138,0.5814000312475895,0.6074066533826066,,0.09778556050547493,-0.02162791972551381,0.5529269574379179,0.22707241667203992,0.015542824344427109,0.09129409323817028,0.012524883346962667,0.7171507503075838,,0.5413841423421688,0.26428152420477247,0.07048531051013196,0.28819712221819893,,0.03528227459187705,1.4110188718319767,0.13186962387872403,0.6284200116931533,0.20486972670342962,0.40786991159529573,0.24152825559765456,0.04831669169686825,-0.09869842205294,0.15325582615418654,0.1388626283603691,0.16969898566580977,0.45990313737338573,0.46082109173861263,,-0.2348847058962329,,,-0.16281850091514471,0.3911938610899377,0.9394827807313251,0.3034388633237899,0.17436210656050788,0.6155819319726537,,0.3142956290951482,0.022322853500208684,-0.05951904972532651,,0.08820180398582966,0.5854884501739022,0.0023372785281978725,,-0.11836431540018477,-0.04888338316898455,,0.0007775457861520785,0.2530095291883834,0.15911758679688393,0.15498372964083762,0.07755879613552774,,0.18861698296889506,,0.1612353432449083,0.22963590042890525,0.07742112271556367,,-0.25049732729488794,,0.17793110615246976,0.24704431588557307,0.5296865197585463,0.1555247900976202,0.9237936364922363,,0.03712817421042547,,0.3077814627973292,-0.1912057714391543,,0.22241156070077772,0.0416683429432132,0.18473589676621516,0.02685961201621412,0.32391884318270314,,0.09681601769834058,0.8572673247291249,0.11081842740218817,,1.1247990208710403,0.21140106794896374,,-0.4502297798444691,0.4990056139385297,0.68479535047043,1.1516088606536963,0.23410455355050308,,0.5492382938648552,-0.002111626402040767,0.08188654797418482,-0.029791733478093274,0.11734832754284974,,0.015670102461011526,0.05902615973252168,0.039300010112505834,,-0.02113636080097503,-0.0017187326976114692,0.1527722906994844,-0.13664700081260317,0.01810377815928188,0.24469691783735725,0.0076997089756372095,-0.13352937688749034,0.017170412204409402,0.003954774133242411,0.4134705018318898,,0.04700985278545944,0.3691519303150097,0.2332985867692261,-0.5231869387013961,0.3489621889439867,0.2767371204736606,0.04635122290276095,0.3872205959856563,,0.7423060711399481,,0.31811732574421536,-0.14765927423552516,-0.2895626495834218,0.2731438186997823,0.29865555947550493,,0.41310488184889893,,,0.3759213959086145,0.6139100462276388,0.6465395759929999,0.3229654334134906,-0.647190755543622
2023,6,Indicador de margen neto,0.11854448761698565,-0.10379995754664499,0.1112439911279351,-0.1793772952416635,0.19266731649969382,0.0,-0.6100998716273315,0.0,0.0009579502385049104,0.07529062877152462,0.0,-0.2676681426629292,0.0,-0.1417012643310814,0.5263833756907415,0.15483933976631897,0.0,0.01915025434218659,-0.28737895084825105,-0.0023868227665418042,0.0,0.025705220022782256,0.0,0.19337664044254652,0.03003071900488513,-0.05017333541212584,0.33236055397999614,0.16338133772676802,0.11745583124466212,0.21661941606955942,0.7077797114078678,0.20257130141217122,0.0,0.09596170364028361,0.0012662720513800458,0.18476489873660687,0.06948370426372584,0.012671217724446116,0.09229243311000723,0.04326889741658696,0.2435969616792517,0.0,0.6536727045483409,0.07126308052942268,0.044653176084601086,0.2003363644233276,0.0,0.014031360816809982,0.2898652401854643,0.024217901701336992,0.14656031324720484,0.01624926113901928,0.12983473864880435,0.08147052042701013,0.03249120829808332,-0.014170444178408344,0.059726263968961614,0.044385059330874624,0.050414100880301294,0.11448485153547897,0.10328316723565224,0.0,-0.13470271558787103,0.0,0.0,-0.025315569377418964,0.07645799573440566,0.36461826560869415,0.4295054508970681,0.05264064216302321,0.23928506930646665,0.0,0.11626530843569058,0.013859742417958999,-0.05947779650249399,0.0,0.03796396428892261,0.5318490638584946,0.013083675850326097,0.0,-0.11300884007139039,0.15694654692428447,0.0,0.0010423333771626296,0.39546885554377526,0.04806100806400435,0.09907450123938616,0.09233766307943228,0.0,0.19536463793102146,0.0,0.22561214110241948,0.25394889663302017,0.06332687465277391,0.0,-0.06839185175970175,0.0,0.1167811694439011,0.10173075017777629,0.27609971988196563,0.12362728575269903,0.3828475369343826,0.0,0.011627256752512258,0.0,0.1645001234928154,-0.07522993839369298,0.0,0.09160601030053042,0.019356896746226305,0.029789533479119355,0.010541447627188458,0.31988314014954516,0.0,0.021810276458693233,0.529900114690482,0.041411947450959455,0.0,0.39051074139550934,0.07853367713521685,0.0,-0.1738021664613234,0.186937747720104,0.41805492697676955,0.22992009533878796,0.08325336763436353,0.0,0.1999938141108119,0.00021963828080589956,0.03287880890243332,-0.011055027357077701,0.0,0.0,0.0399499260695896,0.034749530467337024,0.05043333866097612,0.0,-0.03253559168104729,-0.014765885628785903,0.19446306054244936,-0.02102389562204203,0.011357621460018109,0.17101771223206333,0.05460610362850505,-0.043031189841348405,0.004376069652599924,-0.018799727154201102,0.28938396676260275,0.0,0.008366159160762478,0.19388474191713287,0.06836885146907541,-0.2501850128639408,0.23510097104468303,0.33650607017800793,0.061557416590531995,0.20857004499221174,0.0,0.3032031936403177,0.0,0.11055336194858803,-0.0900515436086346,-0.13028055070219144,0.2321948443589007,0.016267098044010074,0.0,0.5387863975934354,0.0,0.0,0.4304572252667208,0.15039841301521956,0.19899364020578347,0.2513453773140586,-0.7885866260862034
2023,6,Indicador de rentabilidad sobre el capital invertido - ROIC,0.13449211893602642,-0.10564530737521882,0.12001973192718562,-0.10279135933929728,0.16771410097293904,,-0.3785503559359459,,0.000741618619635398,0.08969613314607594,,-0.22641357813994467,,-0.17371971735212044,0.3399027538670407,0.15165305306055,,0.01416694512528216,-0.25130087134346535,-0.0036153948571232553,,0.0236437090454662,,0.202178302576151,0.03560734988296588,-0.06171712007623986,0.28198755345283466,0.1694970370022626,0.1008187926336841,0.18655247707983347,0.46641387978906823,0.21387335681504105,,0.07087544074238905,0.0009939934374445514,0.17983417732055007,0.08060885557782904,0.012369971489350595,0.10173854252433356,0.05936999981100555,0.20237244708105373,,0.5259006022539754,0.07552533208765877,0.036096513666806995,0.16366565064461924,,0.015270138197799099,0.3628839743711392,0.032571421235289444,0.13279299668782563,0.02305424052186611,0.12804452119872534,0.08722184517919684,0.027079865735812447,-0.01847650158674774,0.04711515781047826,0.04121498131103585,0.04543849485491536,0.14066418459798502,0.12315639321214333,,-0.14167639287119005,,,-0.025829139051431693,0.08313572413697523,0.2711706011227697,0.3119542552423096,0.04889182954256266,0.18405888073182086,,0.13930632804416887,0.009860288722652433,-0.031296071563805095,,0.038691617256836786,0.46230594385798907,0.011190894045130184,,-0.08022957966049249,0.22204060930941827,,0.0008077469888179145,0.28708368541462526,0.056827669657763646,0.11521187214843387,0.05400849558557663,,0.15806900503493404,,0.1866223624826262,0.16345787977345805,0.06126796405282309,,-0.07721265038257619,,0.11856465075272005,0.10964040612504933,0.2501336959456517,0.11831013825166758,0.3530508832942625,,0.0073174233862822735,,0.10904736496089473,-0.09400113918368125,,0.1087538776246475,0.017896159202506867,0.028744766552334156,0.012013258204854438,0.35906104183618126,,0.0304290388609727,0.5904549375906014,0.04134060532505002,,0.3770216572280858,0.07463777946111083,,-0.15881999938941926,0.1960952091996877,0.3411747274440331,0.30445194125664177,0.07492589495839086,,0.1658116205197031,9.510884075591974e-05,0.02772029046940183,-0.009959081654685065,,,0.035539136657059434,0.029288399938433685,0.0345061913266802,,-0.02672945922041392,-0.020086401578781943,0.17866939650648428,-0.02169018946782464,0.010742810305332195,0.1530112149056515,0.05773760671089234,-0.04304271621557665,0.0029664008936463038,-0.017695391123300097,0.23386585244077196,,0.008367966746787525,0.1930140862115246,0.08381037916184497,-0.20472586740062804,0.2987554202778535,0.2315076386730175,0.07352407072024314,0.15339370161097832,,0.3028233365086739,,0.11237041125009917,-0.05188675094132966,-0.10030791902935732,0.18327828402280044,0.017370424948015994,,0.2885276027192767,,,0.29216066114545103,0.25904396012881126,0.45051887385106615,0.16540028665528572,-0.4708254374176982
2023,6,Indicador de rentabilidad sobre recursos propios - ROE,0.2952931539247119,-0.201241049727517,0.31364365367404456,-0.2877258533397198,0.2821756517462366,,-0.7186083850388119,,0.0022119792313528563,0.3355125266827095,,-0.28953754549106947,,-0.6924506561623758,0.5912465205908626,0.18691897749765163,,0.07102537259336539,-0.6218390999199874,-0.004423998905769055,,0.05445746577391053,,0.7973550582871658,0.20168852033529072,-0.39360404199895305,1.3333964947914474,0.4111577536733424,0.2383231200576985,1.4315000274222869,0.7650480728794591,0.755350480066669,,0.14331440318252375,0.003102416055055457,0.8482424175000158,0.2624077706171277,0.03123426078071878,0.13855661896555627,0.23900484748992556,0.7654385730010951,,0.6436434406622016,0.21500524886629702,0.06194016473061015,0.30863062610999026,,0.03546783492349492,1.7431112298014986,0.15519588051289834,0.7455551928222692,0.05464739417497699,0.4241030471536138,0.19195673100446808,0.05537214489018916,-0.07968008263827187,0.2528925725731468,0.1735319373795634,0.2214963758299333,0.3603069085128696,0.4888100102983606,,-0.35561164680455126,,,-0.09913570509216552,0.4142837714256127,1.1390343652979569,0.36421370292374045,0.1405261443805217,0.7348006931057276,,0.39361114721319646,0.02221648852875502,-0.07469823041452717,,0.11002683049825834,0.7145284552578954,0.03483636640746357,,-0.16577560294739724,0.4143311304253543,,0.001562385085128959,0.3853312314397348,0.1658742082118061,0.2523273596219888,0.18568266499586294,,0.2715887624828697,,0.23483404523997686,0.29539391053011466,0.14732245416343748,,-0.13323347926627038,,0.23196726407471346,0.3559502819533935,0.5502348526571448,0.19106756351154375,1.2124029487750074,,0.016349493783149427,,0.35428319623066584,-0.18745291962035482,,0.3740884246357652,0.04050992906060058,0.07083375115261337,0.035491152600265696,0.48170904482766774,,0.1386322516812344,1.3342110997368413,0.17256089103099082,,1.3123887177514342,0.2993105817600308,,-0.5384079683307295,0.6217365587160084,0.9301568476615902,1.4620257554526566,0.27330612674873755,,0.5313941406875855,0.00010217957689739876,0.083222785882209,-0.027914493334047608,,,0.08193340476846767,0.045105911971035084,0.04223139253455788,,-0.03922114625888806,-0.05341892963144623,0.20758351518221363,-0.047112840123165634,0.021413274677656302,0.3014518885159183,0.2099148747449211,-0.18941017992165587,0.012943615157851918,-0.06490110056350307,0.45722509851204163,,0.04983020734476362,0.4496337476425458,0.14868467684555187,-0.566766088384222,0.4374969266872111,0.35438512163259994,0.15497730684183764,0.4469501254409052,,1.1366486563592644,,0.4229473472372496,-0.16042774555871786,-0.3235490260385173,0.3279874518096455,0.03219446904379053,,0.5279259342365907,,,0.5014116371641777,0.6742173915128524,0.8988092787778563,0.35550460774392456,-0.7022041780652996
2023,7,Indicador de margen neto,0.1033450354260325,-0.14760598163252514,0.11000677923018405,-0.1538837292445739,0.19511158271115933,0.0,-0.6471072556624713,0.0,0.02494114997418588,0.09114674741670901,0.0,-0.21018405208353724,0.0,-0.11237116163606738,0.5351397743171377,0.14768805618782294,0.0,0.017378650690683856,-0.28253547511545796,0.023707658931847373,0.0,0.019901418686242428,0.0,0.2317178386336671,0.028222563520005163,-0.07666261517742877,0.317779379907601,0.16098853519949738,0.1157982285930347,0.2060152351556174,0.710494982174255,0.19596899837496942,0.0,0.10428458856144893,0.001914276745902959,0.15165969351729533,0.06311483624605892,0.014270350636143844,0.09524735403297864,0.04453321291720623,0.2560692147350017,0.0,0.6551009591004202,0.046821452807670465,0.03244325519372658,0.20651745035377983,0.0,-0.005182865602530105,0.29039581288422717,0.02343725555938139,0.1648672991984441,0.008042064079718374,0.1239039560698374,0.09216056979696921,0.034126941238081354,-0.020044105422325195,0.0654483435751399,0.023084890202956846,0.055733604632815986,0.13515459374720526,0.0979146761259324,0.0,-0.12324213554356732,0.0,0.0,-0.033547811920418676,0.06875575262413668,0.35126254453304356,0.41666920408243885,0.04431656783692194,0.2438048641467415,0.0,0.13740610192206504,0.026684011933976515,-0.028966155750944717,0.0,0.02645601949246838,0.48472068471464164,0.024061151684657636,0.0,-0.129406762100862,0.14786787580881453,0.0,0.0011858846946127528,0.42947325739586184,0.04483832721254006,0.11878346035719904,0.09253287833603036,0.0,0.17946125785906147,0.0,0.260523900518439,0.2599337305733734,0.06748568157159753,0.0,-0.10989981370925407,0.0,0.12466478510069966,0.13102376291928247,0.28034145775896685,0.12434365034656693,0.3585030000247072,0.0,0.009722447468068886,0.0,0.11690166724308479,-0.054149263159934055,0.0,0.11171176997156992,0.006837913156192693,0.05559161622948927,0.010107459979227622,0.30649374463803064,0.0,0.026592254890429712,0.48849022825009103,0.03736412186970992,0.0,0.4169200443646124,0.06962534292433742,0.0,-0.08146703431657853,0.19722071958639278,0.40867742540373847,0.20455668122095436,0.08277899718151685,0.0,0.21982758898044835,0.045156826619207106,0.02840792820567745,-0.029411015442969084,0.09833719511166825,0.0,0.008547439288042694,0.035544785980486646,0.06732554415664736,0.0,-0.025741696058461386,-0.031648137008147226,0.20194130451600828,0.0031647292120692084,0.011003268312463628,0.1756103063759989,0.044293052852730656,-0.03942516025111043,0.004288110937739202,-0.025312755938413905,0.28337412515756183,0.0,0.008181094501071622,0.19421285870429247,0.05690147125698724,-0.2704969976989135,0.22330817666107877,0.33369829503774107,0.08917445983912378,0.20114778574544478,0.0,0.28662258396764306,0.0,0.10993114443674117,-0.02025858069771603,-0.12178423395949871,0.22489447072122717,0.04888150158494804,0.0,0.5049584159421646,0.0,0.0,0.44720522624078746,0.16524247786727045,0.21010904446195958,0.2927224999776472,-0.7294345349878294
2023,7,Indicador de rentabilidad sobre el capital invertido - ROIC,0.13526727676416006,-0.16923258844633104,0.1395017642006562,-0.10328006459043171,0.20062761144474228,,-0.44417041326745854,,0.02344578920699547,0.11417453389679277,,-0.21648393175446135,,-0.15974709808127563,0.42019263130549556,0.17770198590230057,,0.014898306647984416,-0.282040983240884,0.042599102556794444,,0.021182129925964466,,0.29288372635181914,0.03913240374403526,-0.10496352637052653,0.3180006189118476,0.19348807457813488,0.11576858780161214,0.20705362778520886,0.5711666963969844,0.24349209748203582,,0.0908653536494124,0.0017378002027992334,0.17196848485291882,0.08698047523749364,0.016054118758491276,0.12329164121118263,0.07097682681451678,0.24999338296291285,,0.634346249257431,0.056936646564689664,0.0305585557113619,0.19978135949820763,,-0.006452996985910064,0.431540587420131,0.03607354634808724,0.18327256465505526,0.0127487520328331,0.140784058702075,0.11268876722030519,0.03319376256047235,-0.029784995927783053,0.061039495009371114,0.024627597869018913,0.059603305624158054,0.19742743023098197,0.13711030660781653,,-0.1522375347242393,,,-0.039748697108231146,0.0869745028380462,0.3135397575390422,0.3617051663275692,0.04730581731966965,0.2334457627298303,,0.1993495155949525,0.02213884546398459,-0.018043977306091974,,0.03162293739114341,0.4932825840578545,0.02425186168875082,,-0.10539471523607191,0.2410055961710611,,0.0010659388570477546,0.3779219917780139,0.062140445247708787,0.16489593385301382,0.06271728745335037,,0.16980851661130436,,0.25704826220500876,0.19653787128641764,0.07710045602489957,,-0.1394221267832989,,0.1534998616127674,0.17104602548437864,0.3006566087420839,0.14050625705084974,0.38992983205927323,,0.00712471720608665,,0.09065526645260169,-0.07882505615192148,,0.15884432293810757,0.007311845946920581,0.06539039223211063,0.01325547376379932,0.40872486379411743,,0.04263851815639108,0.6410578514748693,0.04255704529897408,,0.4981868314315423,0.0773992742118006,,-0.10219031976326154,0.24615750443752238,0.3990688732503971,0.3224870147424155,0.08905231425621718,,0.21892482033540417,0.023383165954850238,0.027980667663483505,-0.030264793314494387,0.24242358006629372,,0.008607732400830237,0.03566510173334003,0.05452722516836106,,-0.02462469521904964,-0.04903343576609076,0.21515592903265546,0.003875207622679122,0.012073573369093982,0.18882422176388203,0.05345971145751616,-0.0458617353413574,0.003414042254016092,-0.028329723820447406,0.273106394302995,,0.009556920514214307,0.2298212534569395,0.08164560498823459,-0.25163163974900804,0.341349877777962,0.2734559557444367,0.12987230101730818,0.17512039632044396,,0.33192493490213604,,0.132554614643428,-0.015093035547648515,-0.10892867314398524,0.2083725978748221,0.06167865582727794,,0.3300507721965251,,,0.3638855990956611,0.33376835281631867,0.5899116284252317,0.23519247624461848,-0.4922803699756577
2023,7,Indicador de rentabilidad sobre recursos propios - ROE,0.2987604025747286,-0.3133647831318259,0.36834192695639345,-0.2887340834851958,0.3387487161588396,,-0.7967602061930789,,0.07130790979252599,0.43650646013876915,,-0.2779078388473245,,-0.6598057976382725,0.7368647195183566,0.21902607599785218,,0.07559734073398316,-0.6770070145127018,0.05222794255692387,,0.0485425928276908,,1.2459494788185657,0.22347216290997296,-0.5892361144603296,1.543812904656626,0.4788716715825039,0.2730935054719126,1.6576214381918297,0.9519432120267606,0.8797602869972532,,0.18474212943985124,0.0054484080833461235,0.803484601001565,0.285376209104403,0.04077775307414977,0.1686405301221856,0.28936397405868575,0.9818856989274183,,0.7813036169144267,0.16021260558922834,0.052706813973829814,0.3855841182834099,,-0.01500838799825932,2.200087928187041,0.17438723958670455,1.098139939590935,0.030024302231167255,0.4716135829941652,0.24956004110789554,0.06805844263226724,-0.12669728516556966,0.3288206782647367,0.1021495643497492,0.2983154003165043,0.5178824766496877,0.5493622410691397,,-0.37901660258351977,,,-0.14849357517208117,0.4339389296249776,1.3487755743997027,0.42172599303749325,0.13555985205481824,0.9702961775266836,,0.5794051649622647,0.05020317048889167,-0.04340094055254351,,0.08930701321645951,0.764299258009151,0.07612100870479899,,-0.21838542267941718,0.45798046218289934,,0.0020568165519059267,0.5142908166581774,0.18258184305368563,0.36486945333067866,0.21428525530736708,,0.2917161904131016,,0.3272914988134732,0.35698570132978213,0.18837257479100722,,-0.2343195183590434,,0.3022716483406469,0.5817992535029015,0.671000581969101,0.2307576175256545,1.3643026771697957,,0.015841345072687085,,0.2870240672173834,-0.15649775351677386,,0.567113501025299,0.016463181233882018,0.1646496684253309,0.03943914054448028,0.5503870077391122,,0.19680614062537605,1.4512365928016289,0.17810535789325965,,1.8491166528766736,0.31051136014830516,,-0.3790635289416653,0.8014132882048635,1.1109673750267763,1.5774246114268795,0.32580735005802164,,0.7270097676017706,0.02512601096255951,0.08498335739375329,-0.08356540468097462,0.36484743702100486,,0.019877042856797145,0.05521349139420817,0.06678796892879335,,-0.036153272994992824,-0.12758916752503546,0.25126709666907177,0.0085627709845022,0.02413610640854036,0.3778601860558677,0.19327848479312904,-0.20214515693537638,0.014904015629480183,-0.10223156181705151,0.5415695005484831,,0.057169710037255905,0.5429106528437297,0.14512158945807618,-0.6510836060930962,0.5012836507216538,0.4176431999292687,0.2781506571442669,0.5110344454524092,,1.2737705334760254,,0.5064674399997475,-0.04830035921607956,-0.3484135007656838,0.3728544219627239,0.11652825489997531,,0.5976183925232419,,,0.6338429858469232,0.9232796050772383,1.2085736756197818,0.5159284294202782,-0.7290816930333756
2023,8,Indicador de margen neto,0.10317749475686987,-0.12619988852108718,0.08496245677210666,-0.12344249462659117,0.20415658964651845,0.0,-0.5614560880262272,0.0,0.02552650755908799,0.07535107947447421,0.0,-0.13858869767427268,0.0,-0.09668781240479926,0.5241592637211044,0.1533156755233923,0.0,0.015790086848449146,-0.2737728260972739,0.029331069934464257,0.0,0.012122684481941015,0.0,0.24098588857475656,0.022082112264931664,-0.0808234463212344,0.3074019233110877,0.16518851409786417,0.11832587595741814,0.22196602730442905,0.7041725579133765,0.20377030254125345,0.0,0.11299135018596132,0.004270066348737698,0.15201165628519583,0.0639149709014629,0.016151270331395996,0.1004334596297757,0.055994353721803884,0.27832936781235507,0.0,0.6619640239372419,0.004466540205963857,0.028913932906942854,0.1978854556358146,0.0,-0.0006367508550132304,0.29664198442844925,0.02244531366898887,0.1245524077654621,0.029160354570659075,0.12502883514174323,0.18759047260455497,0.0413067021449654,-0.010041055726769617,0.06323461605308592,0.040465037108724386,0.06075071266056468,0.12743370287652475,0.09222223858854649,0.0,-0.1309451583733151,0.0,0.0,-0.007510670132521919,0.07181270791364523,0.3356581090132672,0.41182539055682504,0.025198061815829505,0.22912725423894215,0.0,0.15524816725857418,0.0011105733723278568,-0.017452237599460463,0.0,0.03155750103713772,0.461497945786918,0.023909201647085734,0.0,-0.1448462856827525,0.140999007761327,0.0,0.0013069517055558737,0.41468454024982987,0.05316910751099853,0.1131325490140007,0.03481710379524241,0.0,0.18421859129983428,0.0,0.26429585064683897,0.24166666710219112,0.11431463454940789,0.0,-0.10969335021306673,0.0,0.13032438534329857,0.11414143642588093,0.28220675089149133,0.14250158688596928,0.3321291760044942,0.0,0.01015965307017116,0.0,0.12676935516253568,-0.09689023543592806,0.0,0.10704328883457026,0.02547756397800458,0.05208694623610479,0.009569538518354114,0.27811855933821644,0.0,0.029201664375067313,0.5006380186902155,0.03265169323085257,0.0,0.38698897167951357,0.07074495162849363,0.0,-0.08235483501744624,0.20354428745701436,0.39497913410172314,0.1953359995409316,0.08526610769361523,0.0,0.24978309407925273,0.04445822565762683,0.024822741489211597,-0.009548033302714852,0.11656581378665441,0.0,0.001731980629319509,0.008432535678204324,0.059128783495407684,0.0,-0.013957029468221452,-0.010016272016524072,0.21724865538039945,0.018907261793741453,0.011366034063907536,0.20062139613376204,0.06855833949040642,-0.03451410863032968,0.007493950731427765,-0.04741468828469972,0.2704254547167468,0.0,0.010359009691399081,0.19742742465226884,0.07078619728512703,-0.2510717725613118,0.20703068220877197,0.3324035199733503,0.08680961324808932,0.20938353759055808,0.0,0.2899798752588719,0.0,0.11337251227425514,-0.025929241357748337,-0.11766874789986426,0.2099444389559541,0.06418886809033773,0.0,0.5289051476953806,0.0,0.0,0.4138183470674522,0.17504922792422434,0.21532666340615433,0.2041968627243874,-0.7069170595096887
2023,8,Indicador de rentabilidad sobre el capital invertido - ROIC,0.15370198652206724,-0.16618898354676603,0.1196709683854551,-0.09548019501439042,0.2441699816715397,,-0.45316849370494205,,0.027593580863011002,0.10616767313865938,,-0.17265112739546207,,-0.15628068895191238,0.48036514181929046,0.21229536173078611,,0.015370967391950874,-0.3082671628346816,0.060250225779196365,,0.014706851988553593,,0.3565836563974454,0.035073416487242604,-0.12407975264351467,0.3558943238248702,0.22842645720506893,0.136507831824084,0.2594745530745832,0.6757755931309957,0.2940452405118079,,0.11465417317102311,0.004399558203190601,0.19894530803301969,0.10120432717217565,0.020644640142845283,0.15046555023238462,0.10259955701401235,0.3148274732217464,,0.7544339698245142,0.006060487587895125,0.03111603823584863,0.216458596353432,,-0.0008991357497057928,0.5155703663067168,0.0391675421509754,0.15735310749655218,0.05297825516589505,0.1665949754217917,0.2839476017934903,0.0464220740849679,-0.017165482209615557,0.06812173539629174,0.04968069117428264,0.0743478244632414,0.2134954297699896,0.1478702158151306,,-0.1816586933725619,,,-0.010678653684593753,0.10459369411345909,0.35073596871307977,0.41434303505189485,0.03005766044153746,0.2544670731934484,,0.26734782991929973,0.0010452112850571904,-0.012494083103355536,,0.04368932059535502,0.541579666911685,0.027536579109550985,,-0.13234352779585834,0.25710317503521285,,0.0013373381718515542,0.41987527498351596,0.08559023777350871,0.18144598321122318,0.026238775663433023,,0.20168248836303193,,0.30023906166723613,0.20934739609800546,0.15797011829393015,,-0.1560376294805904,,0.18861840742822067,0.17092578063237007,0.35058782964292545,0.18804291049160837,0.4275110967313338,,0.008574476743509196,,0.1145096591738588,-0.15442400068110917,,0.17493798119234905,0.03135612096441198,0.06952361906405757,0.014273180946385855,0.4256047273887813,,0.05280076093604902,0.7776166665993247,0.04184412348908961,,0.5283852560727376,0.09055622825711351,,-0.11554360831575539,0.29748873723934444,0.44917408549884463,0.35966763682134273,0.1075109099500211,,0.2958839476446449,0.02636535066031631,0.028148719884148132,-0.011263924698734384,0.32804605447993485,,0.0019709883532657013,0.00941742409503088,0.05485815513383341,,-0.01542482510711407,-0.01839126324396534,0.2670874648433823,0.026635190136447218,0.014487092305903282,0.25005527805541994,0.09489558723283031,-0.04572178156248341,0.006878227060529207,-0.059284936974121294,0.3052955202281791,,0.013904278964748551,0.2760163534639233,0.11851819163360289,-0.26938440279378595,0.3641363526261143,0.3184609684285902,0.14643732185406577,0.21030194916771427,,0.3860866806968666,,0.16233002187280898,-0.021908771972776075,-0.11984457128978387,0.22334110900101134,0.09378207228252933,,0.475842748949147,,,0.3858741669504375,0.40739386731328797,0.7195086222145499,0.18757556034140088,-0.5228563843951501
2023,8,Indicador de rentabilidad sobre recursos propios - ROE,0.34448342592822434,-0.30912721949320754,0.3117620194842512,-0.2688371381986293,0.4147097730687803,,-0.8097567562395571,,0.08415806909436374,0.4008519792700487,,-0.22449399553813865,,-0.6532505068223551,0.8455213127819579,0.2618232351324712,,0.07901811111504475,-0.7210174100548921,0.07386628873306988,,0.033457591142689536,,1.5958621214634268,0.1991711268879537,-0.6595484328050146,1.776207272995023,0.5786752532138271,0.3221735822130056,2.2964308264273234,1.1433076339458612,1.1067856227313948,,0.23496165766810573,0.013874745733393423,0.9606372842012922,0.33725522273682107,0.05283494268590694,0.2066672121122317,0.4342025236332496,1.3005701805235907,,0.9348294673521171,0.01645927069759834,0.05402123846362494,0.42747872133324893,,-0.00213392143772706,2.819770098813736,0.19154335617255747,0.8989932064432351,0.12818256120068194,0.5683262118905048,0.6746611623597545,0.09584176346302686,-0.07473040628823269,0.36258300022042733,0.21499210389992385,0.38308287100473737,0.5606342695569972,0.5954111386031611,,-0.4412689671695772,,,-0.04128766129876471,0.5334432657771953,1.5388302565107796,0.4826664467053825,0.0847929263795888,1.0728918789522313,,0.7996950881644673,0.00233892611670794,-0.03009527889068886,,0.12460764971633709,0.8435548663856045,0.08634469898499941,,-0.27491079896780346,0.4971908780027483,,0.002574914682279772,0.5766567793631243,0.2566677339142085,0.4012387819082981,0.08530469242923688,,0.3490322095634282,,0.38577341265330256,0.38046550224969056,0.4083704360969882,,-0.2597700970007477,,0.3734946930866343,0.5765592584802068,0.7929324173082091,0.3149236358454457,1.5260425988188686,,0.01901170002387964,,0.36679151106404406,-0.2904928203721583,,0.6279026373366852,0.07167020214099651,0.1752659572208788,0.04273480667147567,0.57301506817651,,0.2466305365999375,1.8074662605669083,0.1751503443546789,,1.9752411346438858,0.36778451097301046,,-0.4182773685925586,0.9928250927845059,1.2693068852012943,1.8267735538292071,0.3965614034117835,,1.0345485170564954,0.028319480644984463,0.08630984089798655,-0.03165702716510743,0.4957110019143298,,0.0046155775620251305,0.014547235405006242,0.06715777675342194,,-0.022687735126612263,-0.049091572765479596,0.31320211643991724,0.0597414154065361,0.028989053712575208,0.5120896590300108,0.358769486888028,-0.20327337745292728,0.030153689998002386,-0.20538077095995444,0.6130315720213306,,0.08423156954288014,0.6643054431202329,0.21341687862690728,-0.6784360793374471,0.5347556839156931,0.48634212630161877,0.31322850159116333,0.6190334571778622,,1.5460242269523592,,0.6361208144795949,-0.06941903678493777,-0.37954224053387486,0.39881121355234184,0.1795611735933451,,0.8760662611180701,,,0.6748629031567062,1.1968820981231776,1.507701742023368,0.40130637053638485,-0.7634613254013569
2023,9,Indicador de margen neto,0.10538805243946027,-0.11031860584761444,0.0579828944215778,-0.1045482243902304,0.11525761308440718,0.0,-0.5508081486250761,0.0,0.03224629330598553,0.08477853803688232,0.0,-0.09867261317746702,0.0,-0.07224144892043519,0.5369862745539647,0.14733390885870823,0.0,0.014514540977297078,-0.26995802855847817,-0.04773883701367658,0.0,0.014169792481474586,0.0,0.2614313662509627,0.020702471355811766,-0.0752218628668205,0.2739828871582614,0.15550365783766734,0.124087491443436,0.21000106129456148,0.5732344530807764,0.20102258043556565,0.0,0.06942052889109634,0.008270925541333784,0.1136373995469813,0.06216344021392113,0.01859298110855095,0.10682575796497,0.043361289814865554,0.2661941739559229,0.0,0.6545206433063481,-0.02685710139992662,0.03611937980350977,0.1907484749925825,0.0,0.0026755175955664604,0.301255034018005,0.02379919740205749,0.11909729791974476,0.05397830388556794,0.10927512325485786,0.14009302010015917,0.05461582043442159,-0.009375797122920462,0.057192410547173944,0.055241879093288634,0.044858372664366444,0.13775584143566577,0.08696643592698047,0.0,-0.12693130677338768,0.0,0.0,-0.002392143708397152,0.07203187659007325,0.33023353362244595,0.40187368807290735,0.028630848183374673,0.19529021552971712,0.0,0.1479710375433656,0.009406063608870776,-0.010306523561138004,0.0,0.03651184332278141,0.4689770016449479,0.056873050977702434,0.0,-0.16238514800256645,0.12580632428018676,0.0,0.0007297921020671022,0.415348688033495,0.07732639634859954,0.1331844178994978,0.03455027482935804,0.0,0.19287799369752504,0.0,0.28428653634264744,0.2293312907414584,0.14521838322290018,0.0,-0.0925338119390341,0.0,0.1383945415333444,0.11781230408744842,0.24894565403564867,0.136582108315634,0.31846748474197173,0.0,0.02356911769379567,0.0,0.17503158817390474,-0.11633724447859575,0.0,0.08768028984389355,0.030715150368446454,0.04814397605864309,0.009613855866575486,0.2596251336820058,0.0,0.032859733334405006,0.501652953570283,0.03246503998752106,0.0,0.3827641444626475,0.08078265227350352,0.0,0.00928509696279896,0.19445565998722894,0.386716677457727,0.1986793388718059,0.08501702451343908,0.0,0.2524822088917923,0.05634969517808114,0.02237520484863246,-0.0074931391262615995,0.14895899339593002,0.0,0.028775593905890125,-0.02238453551321959,0.0774714029294797,0.0,0.00452028214454841,0.00469655397099399,0.21633249638671714,0.060853597187586365,0.012290747072512398,0.21666549859745368,0.06718792118613526,0.0035434767178394587,0.014553107171871409,-0.08542228606917432,0.2530683924618395,0.0,0.015395595843391204,0.19594335698956267,0.10371397046980588,-0.3712122640753388,0.18734179651745048,0.3378161266440372,0.098780696032588,0.21271456205640304,0.0,0.29087986081174233,0.0,0.12148126609438414,-0.030659006962595374,-0.03327933665108184,0.20439193768330605,0.10690070029618494,0.0,0.5162764817367471,0.0,0.0,0.4504906260051482,0.18423747558056094,0.21086237319165088,0.23220634405482973,-0.6815038734076744
2023,9,Indicador de rentabilidad sobre el capital invertido - ROIC,0.1767883348511483,-0.1639937790784466,0.0891014651194626,-0.09189262843239576,0.14906363374399811,,-0.48835548403049034,,0.03942839831577816,0.13449662258716755,,-0.14183014657859416,,-0.13143845528554177,0.5704740216739663,0.2307533658948966,,0.01584338854338907,-0.3362880207791433,-0.09985830106236404,,0.01965291140591141,,0.44704561180013425,0.03699117184396039,-0.12954671727375544,0.35911164879537916,0.24027434627912525,0.16150594103125204,0.2784124815413973,0.6146793641351471,0.3289984627174929,,0.07820807589641521,0.009596115135604544,0.1649836806416547,0.11150221624998524,0.026596966153915158,0.1818291440928359,0.08765005463776876,0.33880756182891014,,0.8606992279879022,-0.03997521062646192,0.04395389387043114,0.2318425052527775,,0.004212231602205074,0.6060260868530927,0.046407597718234106,0.17039087356781835,0.11014892388799935,0.1624393232491257,0.22699662239962293,0.07028535695040294,-0.01780061017471246,0.06977759872040168,0.07733848846783253,0.061254497508401506,0.2636647423621534,0.1571408931629581,,-0.19664108046379192,,,-0.003825228043152773,0.11857739032004955,0.39739373289970725,0.46115609090824283,0.03807999792511585,0.23921294972731189,,0.28991681989081575,0.010020776764119388,-0.008383199547152831,,0.057708226551850705,0.635286668437842,0.076134904763135,,-0.16488872883583783,0.2516291926163041,,0.0008373698763350923,0.4783881540162094,0.14491590988935,0.24844289556137888,0.029231629637536782,,0.24117434699149443,,0.36957003591497894,0.22395153702980486,0.23637928027631538,,-0.15149008885031667,,0.23088778949931243,0.20182854191778965,0.34673951969516925,0.20315785751418303,0.48997892165218393,,0.022368293850269838,,0.1873921157118319,-0.20193254701406482,,0.16090058063322243,0.042538713090294555,0.07186637204659707,0.016118795453955892,0.44551960529629064,,0.06702406693466934,0.8992741337440107,0.04644966556088348,,0.5964489223363634,0.11880974258226296,,0.015317319900917115,0.3227084878443478,0.505637251440461,0.42246724818021764,0.12345833665375783,,0.34588976009641215,0.037929946340544696,0.028748243952236185,-0.009887986319902065,0.4985600662918699,,0.03902675215440965,-0.027305447770948232,0.08163327767924056,,0.005700902790216178,0.009823655153109456,0.30200406921370115,0.09985852105538817,0.01770009200539735,0.3067521481037385,0.10360200050765611,0.005429788559489168,0.015139882696036056,-0.11658080035322749,0.3255602745127668,,0.023769195768112317,0.3164682563099017,0.22166985783587734,-0.4102016285683229,0.36835340691156504,0.3715578569813982,0.1939699518466036,0.24619917476034492,,0.4357561676023449,,0.19987485320082077,-0.02897421313096893,-0.04069041861166223,0.24677212343292187,0.18156502151918685,,0.5357618593066964,,,0.48922406113500894,0.4873193740508399,0.816463453263204,0.2484754207937947,-0.5476107875904345
2023,9,Indicador de rentabilidad sobre recursos propios - ROE,0.4024091013489717,-0.3065998207153703,0.22737438410899236,-0.2593071614105694,0.24646765982608665,,-0.8465501835241807,,0.1215686036222019,0.5214545005193025,,-0.18686490737844574,,-0.5848577277500082,1.0120576016011404,0.2843663275275734,,0.08266042824568687,-0.7632803553869403,-0.12022074330051336,,0.044694814694578255,,2.1545213519831448,0.21196388005956313,-0.6800615889035917,1.7858423345239243,0.6165327161090985,0.3825621028991648,2.56027368064669,1.0284132625027742,1.276270721533412,,0.15775033431033503,0.03051159918510926,0.7660344179259648,0.37628454335574735,0.06854090031085858,0.2519259581424045,0.3640549856717372,1.4216118941923401,,1.072009798480424,-0.10505805086462461,0.07714265183851787,0.4693192317835557,,0.010221460059086196,3.5435419762516043,0.23097054946065398,0.9869251838683868,0.276399964313625,0.5501043293024266,0.5228559172121432,0.1464179058067796,-0.07767190382684908,0.36308067975351044,0.35031523639622186,0.31021143515987126,0.7075528081775928,0.6333297451869482,,-0.4724743631547397,,,-0.014880025664318342,0.6152328302366374,1.798376380978345,0.5368303412477013,0.10797727615120256,0.9891123178382948,,0.8690902637394216,0.022508955578371292,-0.020183201028887043,,0.16668256799596048,1.0016165750789692,0.24764896215857513,,-0.34001516560746226,0.4921239252127685,,0.00160914761050579,0.6647328817155653,0.4553726592390095,0.5611537387580068,0.09393884356030568,,0.4214415795278732,,0.4804315448142624,0.407615438375597,0.6456193714346325,,-0.2516514400082158,,0.4601310867013142,0.6913313624112434,0.7795142593549305,0.3461661641664462,1.809557371886116,,0.049850730015588596,,0.628759390651475,-0.36627652023956037,,0.568364970981839,0.09795015765868675,0.18110766022322555,0.04855557049174819,0.6003143596963421,,0.3193517580544054,2.1304792578470377,0.19586939853177565,,2.2885274008210468,0.4971839830649789,,0.06767495996658113,1.0829674435977314,1.450917848303809,2.2809803292556445,0.458832995921584,,1.2430165361886156,0.040747258202815884,0.08895048320090848,-0.027924945844212234,0.7643855572311691,,0.09483164639222763,-0.04195439127543954,0.10024225585162183,,0.008431778192993011,0.026785987365699038,0.35549411567282774,0.23348180935786322,0.03560708304291671,0.6399543128991847,0.39545719563071335,0.026714779682507128,0.06715940854576474,-0.3747785479490059,0.6608906654064619,,0.14738270448779134,0.7731795469225153,0.41240475082939176,-0.8573976939580785,0.5394481913439597,0.5694807220179492,0.42147046764905727,0.7307138922848524,,1.817118105381172,,0.8071294359842873,-0.09093003962692103,-0.14326177855945144,0.4407464575309086,0.35887713715249214,,0.9823333029728516,,,0.8744222667629433,1.5232391717675928,1.736209254323252,0.5411475519674724,-0.7892271359444943
2023,10,Indicador de margen neto,0.1084821610939782,-0.09527529478627338,0.033684460195620665,-0.004925064821661067,0.13473938416779385,0.0,-0.5195090775677931,0.0,0.03448744022552643,0.08840324785433373,0.0,-0.11206151279923378,0.0,-0.0643042020446426,0.48518887323136356,0.15163217170258236,0.0,0.013578921186857745,-0.26478409610930437,-0.058530700499296574,0.0,0.00404281006734414,0.0,0.27779039609526995,0.01953485944145435,0.004902781241196849,0.2621377075659309,0.10324558489696822,0.12238197355299897,0.20530089420139136,0.47048682366305355,0.19136340175611533,0.0,0.07702422004497171,0.01269603771727035,0.0899874893901535,0.0515251445691067,0.018310084610216413,0.09764736091181246,0.02005947018364376,0.27223685944821907,0.0,0.6559162676238898,0.008492214060819455,0.04098519184650246,0.17994973565722064,0.0,0.004375550836577449,0.30191888976201786,0.022203413118127718,0.10596532260876526,0.038919922022631843,0.11386467120979092,0.1604698169032992,0.08300611334298853,-0.012959106521736569,0.05597068510356886,0.06419899569142448,0.07825853866579947,0.14365933822419405,0.07803377973175969,0.0,-0.1514103831260658,0.0,0.0,0.01307300637687372,0.06782022946333274,0.31955892351462156,0.3902994926927474,0.016586836140936936,0.20569053849719868,0.0,0.14026654545189413,0.009399423730413362,0.004052423618804228,0.0,0.045020607940918035,0.4754059159296335,0.05847161732909353,0.0,-0.17524834417707075,0.1089589263205764,0.0,0.00040168701841546763,0.3812494048292469,0.09596669577432598,0.13900305063004556,0.2690108826256297,0.0,0.1960278693527251,0.0,0.29672085022583133,0.23035711114133509,0.15205977495640366,0.0,-0.11053967819422911,0.0,0.14391873235336472,0.11068351078198274,0.22403931036873748,0.13513210875148776,0.30778035250630154,0.0,0.014425606621736161,0.0,0.17695776920951856,-0.08978468432644728,0.0,0.08512175781059125,0.0413393031400276,0.04121044625048853,0.011755592367758015,0.2615511646959249,0.0,0.035349381430371266,0.4966391617264673,0.036164908096378214,0.0,0.3616718090590727,0.07734975253632476,0.0,0.004857373906705046,0.1868383824421809,0.3540495684376576,0.19086193425157102,0.08536536685219084,0.0,0.2760132888389238,0.06736144302413277,0.020386292877669934,-0.04880913152146762,0.14731092022409056,0.0,0.011573494013039162,-0.09403747945635456,0.09898567673274701,0.0,-0.005645112714691847,0.007610060890568061,0.25089424175961583,0.07850769783934856,0.011940257472628715,0.23209773669573916,0.039448338094937,0.006457677911367747,0.017954734443397,-0.08379082947588413,0.23549385913422918,0.0,0.015454556791533012,0.1905716517691516,0.08340445899959409,-0.2636369595998948,0.18647463684647642,0.3403131755784025,0.10432684517578514,0.19960383522053388,0.0,0.2997888237849552,0.0,0.11645467932282842,-0.031020420449615782,-0.03119334737099859,0.20329742426137867,0.10492575367958314,0.0,0.4693844368465494,0.0,0.0,0.4267194771684433,0.19071651066501147,0.21142136545066936,0.2480252356175917,-0.6298410214271372
2023,10,Indicador de rentabilidad sobre el capital invertido - ROIC,0.20261788370287404,-0.15805257226823044,0.055935227085822437,-0.005123627261934827,0.19792640600004674,,-0.5117311218806062,,0.046846189230540514,0.15620585628019845,,-0.1759654757054695,,-0.12869169558509053,0.5730978836424581,0.2661976559159738,,0.01655309922132564,-0.3617122776233205,-0.13489415941448457,,0.006198281771055525,,0.54488833225721,0.03879408118888206,0.010551031637500818,0.3857316922630927,0.17227413093912336,0.17917529916287034,0.30575319148897684,0.5615552575805383,0.34941675678360373,,0.09728133192478738,0.016371891734546784,0.14419985494772924,0.10211126126710979,0.028864514199808067,0.18419216952407513,0.04500168195781762,0.3907029774092545,,0.9845929978577637,0.014581423764228996,0.05571840074888712,0.23953240852610458,,0.007625074454402192,0.6898355584931823,0.04769577069440856,0.16832114466999082,0.08559360327275334,0.18973093744540037,0.2959687694472979,0.12287534320777338,-0.026998407975417305,0.07668605220038827,0.10054784366647818,0.12318267677964245,0.31069241178206064,0.15631715319943673,,-0.25226634686986815,,,0.023510991783205704,0.12382023183830126,0.4342988444962379,0.5047096290569337,0.024218935231676175,0.2916200985704507,,0.30728209527456096,0.011140001849839987,0.0037231282481293704,,0.08045039240995933,0.7356678809864097,0.08800915736813142,,-0.19429363277611889,0.23647811803322227,,0.0005128708758439515,0.48603389370351713,0.20507740191364587,0.29321742081578406,0.2810267643124218,,0.27585854570046875,,0.4382679640757463,0.2519081549355511,0.2751901129675802,,-0.19935239998336263,,0.2724742749116842,0.21493225376080516,0.34475554443441636,0.22335850736908247,0.5449016426803841,,0.015151442822569194,,0.21479388818600653,-0.1747477631255665,,0.17416024033815414,0.06410003707557665,0.06840183628963081,0.021996014656588514,0.5080438188809597,,0.08036744114902894,1.0167345326426758,0.05719504851673762,,0.6268936368390943,0.12731831115074943,,0.00882979120583638,0.3492062358919903,0.5163026311145409,0.4541755742883984,0.14031912873773744,,0.43875439218161927,0.050636520116980055,0.029592989388582902,-0.06928316297208525,0.5399173160111355,,0.017074492659411078,-0.12093002920015317,0.11757422937969064,,-0.008004539475607086,0.01787813218529033,0.4073963813343995,0.14623054668784308,0.019153186295255864,0.3744685965902015,0.06610211852915304,0.011006528219256184,0.02098346774954818,-0.12658549215853154,0.3395079510926253,,0.0267281327854465,0.35306850597480044,0.1904130723269526,-0.3603224742758637,0.41286586305177253,0.42447762241642417,0.23157942292433953,0.2580822405901706,,0.5057925031118102,,0.21427374859601778,-0.03248114051472828,-0.04214864173673516,0.27634014549497365,0.19950646401018068,,0.5476798498267463,,,0.5234261145398891,0.5675100906316717,0.9436623420611643,0.3047415637059645,-0.5576599962206764
2023,10,Indicador de rentabilidad sobre recursos propios - ROE,0.46841971515360115,-0.29822534962831193,0.13956924083815658,-0.015736482634183924,0.3299681436321187,,-0.869711979942584,,0.14552140324324347,0.6163411841369284,,-0.23220050368060574,,-0.5787801523279181,1.0079301168331671,0.32855290525398884,,0.08766837859254029,-0.798089133695929,-0.16191222376177816,,0.013938136285418068,,2.828880015885761,0.2247582114962463,0.08692303262096424,1.9561189280752527,0.4301335834216986,0.4249433244928553,2.9668030426082246,0.9306759989378828,1.379408546451184,,0.19783180433510883,0.0525832271184945,0.6547589312168314,0.3426973928593744,0.07468458632634722,0.2568523277228516,0.17747820811117254,1.7013070367134673,,1.2328600956183848,0.0399219844835772,0.09850212344879705,0.49622323005787705,,0.018791611061329316,4.285518660918468,0.23902451757230359,0.9684278297171811,0.2121307200344913,0.6546304675406955,0.699613635767943,0.261715980401402,-0.11642856765413712,0.3929002115363758,0.4734599242159172,0.6909993815121407,0.8492685353302118,0.6234508110980765,,-0.5759473976741006,,,0.0947465933292928,0.6457985303749425,2.013884517882221,0.5868673851321757,0.06768882951335176,1.261509252679831,,0.9194847747446215,0.025019193270842344,0.008993888478926682,,0.23683028208063805,1.1736489533279824,0.28600145204555516,,-0.3988122577581431,0.4660593377222919,,0.000983845343241363,0.6796020487463166,0.6762978869619269,0.6697060917110202,1.114392443600325,,0.4845800945653733,,0.5761426969765489,0.4609981625517674,0.7756605085024983,,-0.3217389123435469,,0.5462240583839832,0.7380716659809856,0.7718246590635416,0.38964797923498784,2.0754989713792593,,0.03357510634894578,,0.7244345315350209,-0.3199040806295672,,0.622779579828731,0.14977497852825405,0.17207039438808036,0.06696123510499663,0.6883590076245889,,0.39059083168179454,2.447654250254619,0.24528804417690497,,2.417378783440994,0.5353736166546703,,0.038208868800857276,1.1776544321576647,1.4766786683772586,2.5291730248751643,0.5270658014322507,,1.661425166086251,0.05439262384100285,0.09249478328646377,-0.18650506143309264,0.8209389546447516,,0.04149483850708613,-0.18173821249874422,0.14492275612849181,,-0.011798186719415238,0.04902505873362162,0.4830687139983245,0.3507604595429876,0.03863051452215882,0.7940266375379756,0.24136775551451817,0.05527676076944754,0.09386889126181241,-0.40189422359496196,0.6956560427312308,,0.16675466277068174,0.8747632530097478,0.35128207069298933,-0.80612755019411,0.6068219705502034,0.6531915444106837,0.5087092737781707,0.7612297125734744,,2.208132036723926,,0.8687302089447644,-0.1014128776787554,-0.14853460684250708,0.4943960827312912,0.3956150575070343,,0.9877082661948726,,,0.9418506063568794,1.8841718778171286,2.051102119983067,0.6742185037080743,-0.7999473431930201
2023,11,Indicador de margen neto,0.10697938136518946,-0.09796465912678524,0.020678387343137476,0.006231990412936262,0.1343689829215774,0.0,-0.4893836550321201,0.0,0.021082540745697844,0.08735945686559646,0.0,-0.11770590929087213,0.0,-0.06203968872420161,0.48423448123107965,0.15959319082321577,0.0,0.012629333440259731,-0.26414145740056477,-0.02495136109616481,0.0,0.0030803249343777264,0.0,0.2834729634790162,0.01862779690188515,0.005141392942027135,0.24334642659851186,0.10154958268849032,0.11527951910818406,0.20234577409581614,0.4201577646553796,0.17425383198406846,0.0,0.06032926504944241,0.014886528315739611,0.08913086420577974,0.05245513561846991,0.017188139060173722,0.08272696643029007,0.01692585659754148,0.2743841431714579,0.0,0.6638991444103194,0.002697825559658216,0.051003667102180475,0.16936070975521578,0.0,0.0011011222556152485,0.2971141775241048,0.02118648047098938,0.10289203680011413,0.02547794426616555,0.10875958989111278,0.10571131930890686,0.0925469346156893,-0.021544746787455212,0.04844573782372156,0.052070634955489845,0.061118710610668925,0.12433899468889774,0.07662181804091688,0.0,-0.15637363209679045,0.0,0.0,0.022931388362932875,0.06490525215515221,0.29631161936394534,0.3435510918974675,0.027326973438120745,0.22324222637544516,0.0,0.14699621619977782,-0.004974188749816158,0.019114449792839404,0.0,0.04612052945809397,0.48530222859081495,0.07150467669001091,0.0,-0.2160735213763011,0.08494069680773263,0.0,0.002074323121497152,0.38846695131486525,0.09459154909520319,0.11057744315238294,0.24444594441211243,0.0,0.1534920461799218,0.0,0.250655750188355,0.22127730822464486,0.1421520261396369,0.0,-0.14975938358608581,0.0,0.14303274323279472,0.10862565239923576,0.20474956337640168,0.13533155663001953,0.28909998623065936,0.0,0.04126593644508138,0.0,0.17075632703675633,-0.07893060665629466,0.0,0.09689445360505947,0.038572049413502896,0.041112274190100155,0.01159200619329841,0.23620087312225257,0.0,0.03486133422747777,0.32609130455641355,0.05674490823225227,0.0,0.3520517734538404,0.07007940307508383,0.0,-0.006145187300741103,0.18967700470436097,0.3562908363779205,0.17886462848288323,0.08207313182515787,0.0,0.24712288025014106,0.07869538584135798,0.02078675425951889,0.013638549394801644,0.09628932372512305,0.0,0.004195954312760783,-0.07662090887362528,0.12208843941593281,0.0,0.022050739440065543,0.023571392044973223,0.254726593850569,0.10381367562380976,0.011390922831446574,0.2585601581207206,0.05413380042979108,0.0141489451657258,0.02538149837718391,-0.10292507723880562,0.232747722973114,0.0,0.014318716745899518,0.18519598412324853,0.08561667343432251,-0.2826322300223396,0.16801721835774316,0.21849028683164942,0.11142123266585431,0.18358019463570424,0.0,0.30693925194278465,0.0,0.1311200970093449,-0.03986114872634943,-0.02534609668164729,0.19858587107968612,0.0663691676953559,0.0,0.44332878496345,0.0,0.0,0.40863605274444736,0.18444352648565937,0.2116784473647081,0.19431523171200968,-0.6434774394565023
2023,11,Indicador de rentabilidad sobre el capital invertido - ROIC,0.21992384264573972,-0.1776482443701719,0.03729507068776883,0.007185345542140675,0.21889686034373756,,-0.5292322351442091,,0.03131072777270294,0.16984133450997185,,-0.20026699194695385,,-0.1349792720469548,0.6513047560954763,0.3095521146062641,,0.01697802883632704,-0.3895967230524283,-0.064534006589128,,0.005228382417385546,,0.6254360288621439,0.04062170361531603,0.011977495480561373,0.3960318821231654,0.18952138942847263,0.18648149043874973,0.3360942289948492,0.55921342020394,0.34915911881638895,,0.08349949905629761,0.021087280395401864,0.15757466914038476,0.11522062818531764,0.02953256578742436,0.16958337982485538,0.041417980817272326,0.44072452507137716,,1.1342593469038067,0.005100339831674905,0.07711997126560677,0.24577738327063137,,0.002089612901254423,0.7617061506903593,0.049803683937844845,0.18079643258429234,0.06025592259989776,0.20242380037655971,0.20266819932109437,0.15601468214530056,-0.048478292985217664,0.07348156273051853,0.08909989041447974,0.10457708324727077,0.2937067882444344,0.17021494347583954,,-0.2817295856362392,,,0.04641219491017434,0.1298607443831381,0.44597183865267853,0.48856463054212806,0.04427543552860547,0.3673436136837447,,0.36253446502588593,-0.006443761940651882,0.019582944455268647,,0.0912533348207687,0.8534056696661523,0.12027039684608543,,-0.2545057341348368,0.1968778183523776,,0.002928997297595659,0.5524513107693378,0.22442221883200975,0.25487181418316895,0.2791314984841131,,0.23434365582831207,,0.39852559798691023,0.267965788835671,0.28185203332309205,,-0.2877081165641102,,0.3023437833502334,0.23163043541743966,0.3451245903969151,0.24765758790362669,0.5789609831111409,,0.04852113389851298,,0.2343067517147892,-0.17165899104969373,,0.22207835739091375,0.06572644125160565,0.07461453005360341,0.02385369603547538,0.5143968656184477,,0.08746876506703138,0.6644667732673923,0.10066591806250469,,0.690727172693596,0.12671153452341422,,-0.012196718153103303,0.39891665302250146,0.5852483501460197,0.47014546159403436,0.15029041959924783,,0.43474680264759,0.0659296124935731,0.03341438703192012,0.022560568017476523,0.3189395489626703,,0.0066920989713545875,-0.1099959754827593,0.16277292493616846,,0.03551297768155193,0.061992606561379615,0.4634188191881774,0.21935359712331026,0.020162986995929666,0.4739444784364082,0.10075119751907491,0.026781577036748105,0.0329547406492956,-0.16720423916555827,0.37507785586737175,,0.027389397211830424,0.3909953248615139,0.21589171474021107,-0.4160696770517609,0.40967378579444813,0.28652056543573723,0.2860072363192925,0.2626717674029533,,0.5783615011142249,,0.2730131431824563,-0.0456054016810854,-0.03770606110611607,0.2999719721251235,0.1350305189792098,,0.5842909039225894,,,0.5614934686762598,0.602106250179997,1.079730436324248,0.2609390401395346,-0.5953144424714165
2023,11,Indicador de rentabilidad sobre recursos propios - ROE,0.5139737872334318,-0.333903794218106,0.0918067537496905,0.022263943191190627,0.3654140660754164,,-0.8859299777192005,,0.09593541950141549,0.6762456749911807,,-0.2648289518505045,,-0.6001884362407311,1.1523202179052179,0.3829309550923281,,0.09142609464860829,-0.8320369129870285,-0.07814005841908234,,0.011701183905898915,,3.4439899079486818,0.23832880875513496,0.09999846081881247,2.0173906137541233,0.4791626549068071,0.44117280091167954,3.4492304784522263,0.9256371693096632,1.3786696341468376,,0.16869693745332381,0.06830899655809053,0.7291300163905803,0.3927025975703782,0.07661445752354656,0.23807920870260513,0.16278468859300288,1.985798757514634,,1.428271315998765,0.01386699063193908,0.13782109265140963,0.5187231210186076,,0.005210899873626662,4.964748452179744,0.25123692591662916,1.0608338430415536,0.14691243461058723,0.705324681449705,0.46054356252684747,0.33775319752412014,-0.20244190123834482,0.36459386669661975,0.41584110217932246,0.5703320817594808,0.7919032859126995,0.6805838305207139,,-0.626800393791894,,,0.1931606525841918,0.6824931965874543,2.081574272938762,0.5660581101615296,0.1252285850909538,1.6917108561514067,,1.1075984843936513,-0.014317877604878682,0.04760239062309868,,0.2720548558084912,1.3807142747276147,0.39734660497385454,,-0.5091563441044169,0.3873944525344051,,0.0056156109032403645,0.7823770219672876,0.7518114920266703,0.5681228696176723,1.0821845343077192,,0.40614904486100323,,0.5245137622696507,0.4913683528253754,0.7991926891429455,,-0.44412998293434214,,0.6072697577500104,0.8010368819698817,0.7706998458072434,0.43950232947163737,2.251353636517404,,0.10926054219153869,,0.7890585291449219,-0.31260933635821186,,0.8275713644698621,0.15370318852200882,0.18864270874810596,0.07313406533316469,0.6960853892659531,,0.4304965748146672,1.4619698513133494,0.4590564080409669,,2.724471507593011,0.5317190884081062,,-0.05049203626096166,1.3723800040802652,1.7091549824029428,2.6593684088786698,0.5683490703858636,,1.6298514230591152,0.07081339080425408,0.1057780310330172,0.06592318800536501,0.4689075203865025,,0.016327847231015546,-0.16661881996916417,0.2015755226410605,,0.05283404091770305,0.17597815144837337,0.5500514364895237,0.5474410327175658,0.04089769136725052,1.0289483103089982,0.3804057268235852,0.13995274485306952,0.15015923698071032,-0.502942817286181,0.7818625687111707,,0.17105228376061898,0.982508417465386,0.4005234245845435,-0.8652955670576716,0.6008122291523132,0.42919638140295113,0.6403765240223398,0.7652414839020312,,2.6413479122586883,,1.156332845889367,-0.1403097436681352,-0.13401264611829122,0.5378573778765616,0.2606074627280959,,1.04212614766949,,,1.0179385562143772,2.0755085499145056,2.3987438665607823,0.5655275060972318,-0.8341303551205144
2023,12,Indicador de margen neto,0.1203794454952255,-0.06656112474137625,0.006679853145212857,0.019827977184891255,0.11737704106303869,0.0,-0.44239098822536127,0.0,0.01617693130398885,0.08835617309979955,0.0,-0.0943078882853226,0.0,-0.042633210232506845,0.40542859892885674,0.1545896294853887,0.0,0.011881710045582004,-0.23097637309518262,0.039816363635027836,0.0,0.029386196069503753,0.0,0.15775857108986038,0.028092896922006037,0.004653648062269542,0.24541719122110683,0.08559426813081178,0.1087542238061047,0.1996664811372427,0.44892065430731487,0.21510148091148992,0.0,0.057403859581199417,0.028488076070148274,0.10047700204066765,0.06571890599038126,0.017492209360631682,0.01656802785610885,0.00684930161846316,0.22119123210498617,0.0,0.6267164095987361,0.011627278513630018,0.023363166336831876,0.15611930036810723,0.0,0.00041512882563288933,0.2786153040571117,0.025254259711165815,0.11069928809572689,0.016569663208770895,0.030064985181143554,0.10502064728557337,0.0941311730577727,0.011658180250911294,0.04168750586033785,0.05428223527788403,0.07295585274981241,0.09487589801414731,0.06756737294915068,0.0,-0.15125860319271744,0.0,0.0,0.05255219053886567,0.06664252876427283,0.20864770973634925,0.2966301777804072,0.02364013551011099,0.1959981851938719,0.0,0.153568818894992,0.001852150262597127,0.006111558936005002,0.0,0.047959851456871934,0.40013626924615064,0.03749728395076735,0.0,-0.14649707213581992,0.018122250529721395,0.0,0.0014640681719592795,0.33370235103670204,0.0402056720118358,0.1033576711744614,0.14560274269192336,0.0,0.145800969730635,0.0,0.16073868359502433,0.183062374051822,0.028192143635630194,0.0,-0.13781097936954792,0.0,0.1235647364153466,0.10319336076146884,0.11690764736817759,0.1271977563510862,0.21336842472158027,0.0,0.050878925069804945,0.0,0.11140650056330169,0.0029282435641156315,0.0,0.03630079325423848,0.03929148207507069,0.010823808020578866,0.008583692498397107,0.248670772446541,0.0,0.03478152278791249,0.09690119576000254,0.0542905328781112,0.0,0.30462103247268196,0.030859854644646866,0.0,0.0047938749778250874,0.15255951979423987,0.341119993435186,0.166737996203023,0.0801804092284964,0.0,0.22905416642393253,0.09393714121893185,0.023483613597151825,0.030121234918125545,0.22046523569135076,0.0,0.02369807188279762,-0.10705672986582744,0.002990189696156739,0.0,0.04799997221538944,0.03010382457044279,0.242078932157961,0.11697266868617949,0.023865933607861493,0.26345659790735637,0.025990110083455514,0.01672796674839017,0.037613080024538795,-0.1012703206659708,0.17465177348478977,0.0,0.01352097152219955,0.16904625229705172,0.06687510248475062,-0.2705800212643172,0.18088536610176825,0.15724871950302605,0.10357545853944479,0.18238225419598095,0.0,0.2641713313326509,0.0,0.12764936619024264,-0.0676032154522908,-0.035149650803512456,0.14187984308018092,0.06209306636123916,0.0,0.3883982657608256,0.0,0.0,0.4099667431536926,0.17560753541168864,0.2466442347806304,0.13350625815210354,-1.1738787731530256
2023,12,Indicador de rentabilidad sobre el capital invertido - ROIC,0.2754218784252691,-0.13656428072626303,0.012908219402052667,0.02523610293104639,0.20796532756748465,,-0.5326153989669024,,0.0262458334030089,0.18800842180209631,,-0.17930378670618496,,-0.10225864799646978,0.5809171616993318,0.32610280738890784,,0.01741717538426979,-0.37869165699004304,0.12441723595577692,,0.05714258655277682,,0.34620285120304617,0.0678311132641598,0.011895509953921968,0.44371112859053197,0.17388782924429114,0.20015744777380529,0.36958561632672304,0.7043373015092447,0.4938071138767939,,0.08722991129335878,0.044855954411490595,0.19660360682783562,0.15939898603282887,0.03279447006331426,0.03469656792122966,0.017959207091441387,0.3804553281886749,,1.178688762536158,0.0244124591786965,0.03800330373110672,0.24712623770604236,,0.0008522338753056413,0.7851977152524541,0.06564887622665005,0.2171582512748511,0.041762203275944154,0.05773091105952233,0.20674665610997467,0.17715645755328735,0.030013440159020632,0.06944434426957113,0.10215573735221639,0.13813662070055122,0.24135987175051876,0.16402257489605732,,-0.2963303553764204,,,0.12291805984851711,0.14513476112112822,0.33119240910600656,0.45016461535848373,0.04159736263092095,0.3558806032791819,,0.42378528244944835,0.0026404528685792794,0.0068184732654703595,,0.10475228559561156,0.7380617216581555,0.06776142421485787,,-0.19516953235599144,0.04303009263552671,,0.0022536872541607522,0.5036513774272235,0.0989825134226181,0.2611862951432118,0.17950082301713377,,0.24508718937501217,,0.2641754645184453,0.2397447036972571,0.05632943096510923,,-0.2900490630078948,,0.2838189579727006,0.24769744023185902,0.20241361367506605,0.25292809568125385,0.4572808758577518,,0.06579941502682018,,0.16566308238162897,0.00793655324228082,,0.08715858760087047,0.07358858420902736,0.020931276544954525,0.019131606217491992,0.6132719712567518,,0.09538782121721479,0.1805993810541826,0.1042713550442933,,0.6362918198660827,0.05937034562367405,,0.010573645262908826,0.3447632436236012,0.6195916181719203,0.4840377354065948,0.1618889779567081,,0.44793193273653986,0.09247995217482075,0.04164276211173035,0.0551403202366223,1.1156548313364052,,0.042410804774775546,-0.16311655839150985,0.004146236667425418,,0.08695344229918267,0.08832947240406352,0.49075181919167155,0.27568527035324863,0.04677437096960291,0.5414658140277375,0.052507662807524724,0.034448993117480065,0.05466634548241345,-0.179121153356109,0.29904543119315985,,0.028410135004885984,0.39728375522379933,0.17926974325264933,-0.42972434135439197,0.49430634180744915,0.22004510942576605,0.2909195636002695,0.288403823928131,,0.5313124194394125,,0.2927270027876234,-0.08354292277700814,-0.056405301130894925,0.22742744272971094,0.13788249196971947,,0.5539628412161877,,,0.6333552836087226,0.6229434243580372,1.584371979972428,0.19383589988004402,-0.8414362377825566
2023,12,Indicador de rentabilidad sobre recursos propios - ROE,0.661574381587311,-0.26406930338525203,0.03133850839019381,0.07931717933633964,0.3449951584435329,,-0.8915032361380013,,0.07991353275069835,0.7594844798206326,,-0.24203439820905037,,-0.49381733783482973,1.0083801581021659,0.403631619114003,,0.09550670379834436,-0.8228595475206129,0.1536735275970904,,0.1310013931314571,,1.5242362510239476,0.4242371180173772,0.09998883974667505,2.3502417552375214,0.43786165507965924,0.47411285251841084,4.017873419940064,1.1922814904056551,2.167570498018602,,0.1763287418613375,0.14928492951435635,0.9557463525776824,0.5663710734449561,0.08543844788164634,0.04815902598989075,0.06854159718751496,1.6321278578000125,,1.4843634815306515,0.06753453079360305,0.06709260354719082,0.5312093040935668,,0.0021573371627772175,5.147898622205431,0.3409584399555725,1.3423836909501943,0.10089250595133548,0.17868180213932616,0.47051717389259906,0.38737936266240713,0.1428097140962563,0.3334146896222976,0.48834801390303073,0.7938939869137969,0.6309502095058455,0.6458837600966147,,-0.6524506468331932,,,0.5675762469780312,0.7798119984371468,1.4099549785353225,0.5195032372547952,0.1169169707137121,1.5995495917102365,,1.3281766983048242,0.005890420366224891,0.01640765462935212,,0.3172136099650291,1.176099648070978,0.21135502746948243,,-0.4159682596443818,0.08091081850422577,,0.0043126512838167486,0.71397907659665,0.3024263864492731,0.5786418504599762,0.6293138963353924,,0.4251235279185903,,0.34447870549223114,0.4351989742921134,0.13923233081230246,,-0.44376742623191057,,0.5628203036636377,0.8629537489707026,0.4280401804376097,0.45417698708975984,1.6587106964909557,,0.1494577729380473,,0.5207947216140321,0.015646641743391365,,0.28952754197888453,0.17255021434389994,0.05104151797824352,0.058743229078278336,0.8353369284319925,,0.477391682071167,0.34473276450309265,0.47950844324468256,,2.4220113247054105,0.23090224539637472,,0.04458017664063152,1.1362473687231884,1.8193327087016797,2.7751284630354913,0.6174973243338484,,1.6834448605257473,0.0993140007966673,0.13409703624549674,0.16592396650041397,1.8010886958074068,,0.10662602271486188,-0.24440212109097348,0.005059582947463559,,0.1308838945147861,0.25567385617264216,0.5824609707420494,0.7064711930630583,0.09661066966854137,1.1922831344634375,0.18761646682086286,0.18516795261741903,0.2572201356406534,-0.5301180970624675,0.6123173345703778,,0.17782386453060295,1.0007216815185096,0.32887098518051805,-0.8790606559481989,0.7319840151375947,0.3247605636045594,0.6505646643070377,0.8398805765915458,,2.339107913103705,,1.2504740273269435,-0.24689006846791395,-0.19623902869356058,0.39901988118153175,0.26545848645380343,,0.9720300508079278,,,1.1652287945480175,2.2003578584488284,3.826219358487899,0.408136037225183,-0.9781907654133757
2024,1,Indicador de margen neto,0.1270284035463684,0.007474656266365967,0.008780885803339501,0.039339211074099364,0.2972284977733849,0.0,-0.2525269809413751,0.0,0.10561878840061106,0.13839275050525587,0.0,-0.20814415222150132,0.0,0.06022349656787698,0.5511659743046183,0.17027176214519435,0.0,0.0022481703170252557,-0.24393590877243912,0.16489584927149478,0.0,0.07455316903039036,0.0,0.30112724924659556,0.007284885135144821,0.010313026385077048,0.3804476832092473,0.16786599774034902,-0.0203453294561502,0.20778331188089863,0.47703325483187065,0.29768562380118635,0.0,0.20181806235817548,0.01721226951180386,-0.010805354739790654,0.06319529109029579,0.04044120607863981,0.08937654714283857,0.004899606268001438,0.3039049379189655,0.0,0.6452977692357654,-0.10317272238897773,0.048315930258159855,0.2667681599630257,0.0,0.03623846524626549,0.2740830730393714,0.02529861498561824,0.16756480264943635,0.018545377795139727,0.2262169133513395,0.04103951651502036,0.13639867222996918,0.1306900302821256,0.060640348051507004,-0.08096994089159293,0.14305600754190165,0.10329409021433039,0.133685941364654,0.0,0.10929795743697115,0.0,0.0,-0.18055554890114958,0.06967094765839538,0.19339644765736372,0.3564539800272838,-0.012132526461155228,0.240628827940194,0.0,0.3130954381012018,-0.1333834720462578,0.15074809913062426,0.0,0.09431022538674985,0.7495245322325745,0.13718703495051426,0.0,-0.29785461550021597,0.13701127332682048,0.0,0.010352440208901397,0.3039157274361994,0.05546897002580848,0.2853494196751506,0.01939955907586982,0.0,-0.10784640949902029,0.0,0.405414555506018,0.19900556683811887,0.033361436229172,0.0,-0.3331665389665014,0.0,0.1227659141874821,0.08802294541995576,0.3186241113031107,0.05499611373007603,0.43520808176767967,0.0,0.08876081195794124,0.0,0.25180603698245324,-0.15062376255509344,0.0,0.09326281404925008,-0.14732714366375957,0.0359228605841608,-0.054757851930439895,0.16057570868885676,0.0,0.03177784661167071,0.6455143921473719,0.08190049269266136,0.0,0.42577676253775976,0.07035144275257887,0.0,-0.08955240325680437,0.07349047252182414,0.46027668469917665,0.13838747385291572,0.09581031552731135,0.0,0.3872237476079342,0.00537405814944135,0.005390477329212448,-0.12684678504976887,-0.0259201434320304,0.0,0.012626036813351619,-0.17670693053686892,0.05632265979025287,0.0,-0.5944449677236042,0.1617766270719021,0.003936860610490929,0.2555974480265255,0.013185948102596068,0.2401155530912713,0.14644332073723165,-0.12042599521886087,0.12564469017546262,0.027910447630425394,0.26434308877117124,0.0,0.051432522101790105,0.21462931460031165,0.13428263807810747,-1.5750963058703757,0.2716518152403751,0.32235802144882053,0.15455509483929442,0.019682221960779865,0.0,0.3875113723431797,0.0,0.1287106082895676,0.05977554457923867,0.01403860095217551,0.10785402598561468,-0.04549116400371946,0.0,0.3053131532848543,0.0,0.0,0.30480160551828755,0.16061977883966105,0.5691077239114323,0.3712166054854852,-0.19599486689911969
2024,1,Indicador de rentabilidad sobre el capital invertido - ROIC,0.024918183473787936,0.0016476777660265896,0.001718552027414999,0.004365310873037043,0.04322130724124529,,-0.04855007797930322,,0.014495846613939989,0.034346543175259425,,-0.035027598428725826,,0.012645939134237949,0.05986011013318726,0.02558750254580522,,0.0002983028594485404,-0.04119868120031256,0.04913763865999243,,0.012983615000984994,,0.058072491201235366,0.0016942297179234345,0.002175565911348931,0.0537829919883952,0.029851663844937537,-0.0033537866211885703,0.032504973540280924,0.05861695493631647,0.05996623793854905,,0.028052972779348817,0.0024082327434580275,-0.0019042428234525843,0.013960169497329256,0.005949331765625843,0.016679211442834463,0.00101997530962894,0.04917550067457044,,0.0871350580727912,-0.01825361376912804,0.007280584557740832,0.03643619658900543,,0.007267360702510439,0.05869797227172713,0.006403399364181661,0.029621783182138373,0.004184875200935689,0.03766979648482072,0.006183361275303723,0.021184001214558545,0.03545739648509594,0.009341293349065527,-0.014539473287476512,0.027709541236320634,0.022813732991756597,0.027358671165266246,,0.030729264913432752,,,-0.0298246312006043,0.013967932061317079,0.02509059204537789,0.03690552537010139,-0.0018688926825144447,0.042094889605025276,,0.07697706394289461,-0.017063807607194725,0.014338120829330725,,0.01859693297690268,0.11862008805352398,0.020114650460840267,,-0.03412890977875427,0.025226785507414196,,0.001468666476388325,0.03293610055633733,0.011725196474245969,0.06203739596914004,0.0020442356211316515,,-0.014602158494940176,,0.05671764615797348,0.026562365251377562,0.005472877677250798,,-0.0673482544796461,,0.024280870383959652,0.01811157358584703,0.04506099872833036,0.008377853712900007,0.10808069988757651,,0.01020203355385374,,0.036510864835942236,-0.031114926603044046,,0.018345929903771152,-0.025232222442163832,0.006106621597007589,-0.010572115455338982,0.028931133156422595,,0.007163494562274275,0.41390860916014494,0.01253903980453197,,0.06231103965409868,0.010831150186682681,,-0.013986356800933408,0.012808231151320904,0.06126211800805481,0.06277162160853322,0.01799233017262103,,0.0729032163853498,0.00042984255425060347,0.0008522484023725241,-0.019632967971885074,-0.006006610293403325,,0.0018732489925952223,-0.026101880851374326,0.006811305051814154,,-0.08022830057141284,0.04287753261866545,0.0005150904729680494,0.12219135755542476,0.002392591230605756,0.03746395708407224,0.025382698839463425,-0.02176483299891563,0.015468823518962838,0.004695025242336559,0.03916751040570521,,0.009714280311767798,0.05015582005424135,0.02668840080715329,-0.22263890988845936,0.05857809078724552,0.03372917866184344,0.03264115974998427,0.002429083047466918,,0.05906747825060332,,0.023441350381045334,0.00644978013632147,0.0020963628799652856,0.013280350868474233,-0.007894153329095155,,0.03783053560886329,,,0.03856319965188382,0.04444339027659061,0.32496072250832553,0.04900965551726544,-0.027956360843251815
2024,1,Indicador de rentabilidad sobre recursos propios - ROE,0.05314277265683098,0.0034450081100707575,0.004152540996517962,0.013412099514811704,0.06867894437975886,,-0.12999501042763328,,0.043607263848868705,0.11803869626699037,,-0.04920160614742153,,0.08046283625853157,0.09308239766356396,0.03086333079186021,,0.0016048172936422578,-0.13638467747198757,0.060299313291498846,,0.02892253500387909,,0.19697156695252493,0.009328413109601641,0.01777849156888145,0.19416889879605304,0.06946806734740396,-0.007160487090388745,0.18793200484747263,0.0883273344356299,0.18708980337148273,,0.055250958992534294,0.007697370710536999,-0.007264871031081421,0.04358664275518542,0.01524422068619824,0.023308675418520997,0.003822016194996891,0.1589180129443084,,0.10291819140508918,-0.04876423727989665,0.012741100216501211,0.0731301778861786,,0.0187053150220462,0.20439083561151783,0.030148684660032066,0.1378412336047221,0.009893725896387817,0.11480625876828099,0.012794817117483648,0.04324693939336721,0.17045122441721738,0.04002283522690053,-0.05917115043162002,0.13322094944158303,0.05271240669391264,0.09291578412166257,,0.09274581488522315,,,-0.11270655839258747,0.06171459668074686,0.08111250007728277,0.04164375821543964,-0.005060512109255844,0.13934199867311303,,0.19675696969168932,-0.03760273147693771,0.034476933415308775,,0.05282122372039999,0.17208236128990495,0.0594617863940019,,-0.08363226803435941,0.04754383529536743,,0.0028058793104983604,0.044188202228230944,0.033592601461593485,0.1255220823357357,0.0060740577149414055,,-0.023601481721428175,,0.07243516437437991,0.04530190913693288,0.013071320544177478,,-0.11110090726631139,,0.04388226713774568,0.0520585417248729,0.0894675632228148,0.014139511987583564,0.3124952910432264,,0.022500271926499504,,0.10321128212093744,-0.06023528297500924,,0.05740160876712075,-0.05582937052732262,0.014707583192304252,-0.031687264549732475,0.03702047725196822,,0.03151869690198983,0.8466450019008867,0.051198925704629694,,0.16696850246202133,0.039907581568685124,,-0.055972986488488474,0.033616992504816645,0.13853432497453122,0.23608327670484042,0.05954838074757385,,0.21023728358133065,0.0004598175248884395,0.002663806899608101,-0.0555355242506399,-0.008315627788640034,,0.004616983800224128,-0.04071314045021712,0.008317589345797849,,-0.11651817832785016,0.12000772578275343,0.000592368530333065,0.28955749239205986,0.0049345071357835835,0.06928838985327279,0.08730936106343945,-0.10565328639305904,0.06847396738137101,0.017632095614759535,0.07370002834714118,,0.0582188115060589,0.10832290814793555,0.046679382539161374,-0.5997004078262822,0.08124527922072833,0.04805993723970525,0.06567964754315248,0.005904088675600105,,0.18143173099279952,,0.07731354286615888,0.02090664178470658,0.007874752073995905,0.02193626900674861,-0.014443024215437972,,0.05893208154518392,,,0.06212638219027089,0.11375488821609325,0.6067485427826274,0.09703756092032023,-0.053597049935378394
2024,2,Indicador de margen neto,0.1479193266706766,0.00938682776613865,-0.08390752853130642,0.04802239999440481,0.32387656517164115,0.0,-0.28372822094835304,0.0,0.05366856588451086,0.13640402238676713,0.0,0.0,0.0,0.006481813469570876,0.3871149068545166,0.14371541262528933,0.0,0.0020376706692284796,-0.27520867386965914,-0.09419148392697128,0.0,0.0827353370819653,0.0,0.22287675075305013,0.022571941983132313,0.007151375983510229,0.304755049613438,0.08842911394731312,-0.010954696407860896,0.22979666700555043,0.4821558179567671,0.2749109678061684,0.0,0.14954058291083566,0.02786269218884948,0.03798109442231536,0.08997278115021512,0.027528843637123913,0.006969469961375311,0.004617819579609728,0.2918120803086839,0.0,0.6307237149177096,-0.15228840404977814,-0.02201422554898785,0.21246883531363756,0.0,0.006720462025191113,0.2339528156069055,0.01572765560315059,0.23420777077735225,0.09554828593494356,0.2265666380739061,0.08737069634820831,0.08314712907143963,0.06724559766103463,0.1273496875407955,0.1148846211561774,0.14589399652413357,0.10642606193370946,0.033441650893307855,0.0,-0.032097529928046466,0.0,0.0,-0.23748896064626546,0.06334024675268166,0.15825913956664273,0.2906147093244268,-0.06168906444765029,0.23632644831988428,0.0,0.28862792480078775,-0.07449762934270895,0.16026600746561837,0.0,0.028391098490039637,0.6598390004558746,0.06744861769607825,0.0,-0.3816936952291618,0.04886690784711538,0.0,0.002970525531089846,0.2911924697986565,0.04015352624695586,0.19044073622348018,0.10873715098539123,0.0,0.08804488801470398,0.0,-0.12201907451361811,0.21205403392688968,0.053190196366275096,0.0,-0.3194720792712893,0.0,0.1399483787957492,0.09617794380523062,0.30610451971057995,0.04304185455992781,0.39633356177659435,0.0,0.09107344000805452,0.0,0.2274174300095191,-0.08469041564374687,0.0,0.0388031756021033,0.01394123915383475,0.02357679598424442,0.00011825153860061947,0.08749785287817691,0.0,0.022333170014479733,0.7453215293326115,0.14745132772983294,0.0,0.3116820435705143,0.053959790247304476,0.0,-0.07218384486900452,0.08401787614991324,0.44237527333269905,0.17395806356258672,0.1341124191125673,0.0,0.3628048279803064,-0.12431120609699699,0.01446198205442257,0.14302133099277592,0.32542678133526426,0.0,0.008180499232916043,-0.03541995945119254,0.039664929941625855,0.0,-0.6024455398846431,0.07091018691033404,0.015400473106160474,0.3097444088806094,0.012845574166387225,0.21437438037341636,-0.043669274945040165,-0.16136454957883395,0.10532613014056416,0.009142697425544544,0.25376300036106125,0.0,0.030612224696908878,0.261626361492203,0.08953852903055806,-0.8712182489730259,0.3149005006030173,0.2975877980576138,0.121286616641988,0.09156680588137286,0.0,0.33523226165839926,0.0,0.1257022848977021,-0.02793350360008342,0.0381889227766283,0.15895716473652874,0.034302952746659995,0.0,0.328251382895553,0.0,0.0,0.3322039887447082,0.2108274696381071,0.44172023526533705,0.44304855798989556,-0.610060900706841
2024,2,Indicador de rentabilidad sobre el capital invertido - ROIC,0.05943329251738394,0.004001954453457968,-0.029107988520403527,0.010480321647292623,0.09828910719853612,,-0.10162829850775124,,0.014596285239019569,0.062401934107441104,,,,0.0028479338814173527,0.0857316107666577,0.04343600371586076,,0.000535367952855692,-0.09028440117696146,-0.0456734486642828,,0.0282419885025742,,0.08482640122597407,0.009968314881186435,0.0030540755879961967,0.08972387948894389,0.030371689024832227,-0.003253182818467648,0.07235556476469451,0.12247066800523898,0.11132580032326356,,0.040642107054131626,0.007874416840238041,0.012680276988140449,0.039606592737763124,0.007883526000750152,0.002517557872630416,0.0021227553178755354,0.09282413786320887,,0.16400565524718935,-0.052609050999618434,-0.006519976128103622,0.05826376135333944,,0.002582780910696192,0.10018313458737982,0.007311550260901578,0.08259886806650218,0.0454417108037124,0.08101539106095657,0.029746671045189244,0.02668863554186096,0.03194394922427146,0.04078964914204497,0.045309647942534115,0.055196352982505914,0.04639665567710316,0.01382995707225776,,-0.015383884202005649,,,-0.07843436766300216,0.02421979293755938,0.04085698686275796,0.061481685526388,-0.01876267705393264,0.080716891951919,,0.1356344077008902,-0.019194459035614897,0.03335049389377809,,0.011126186416278605,0.20136250877548223,0.020959682655623535,,-0.0842699136330477,0.017653819988273645,,0.0008272709091914354,0.06350170386521503,0.017171029252420977,0.08101729765760957,0.026736067043401146,,0.027459522098653766,,-0.03210584094540514,0.05063761845867143,0.017080901535872828,,-0.13152376974399227,,0.05900716800843542,0.03901928627011708,0.09092644818030204,0.013083669243737717,0.18334667465189813,,0.020813740226066635,,0.06424310461531957,-0.03466055662189482,,0.020731765887279874,0.005155159968589285,0.008238598819464649,4.715894403362064e-05,0.030069615017657148,,0.010057943759300692,0.7330685166142141,0.048257087201403204,,0.11006719614873828,0.016424580796142063,,-0.02110385170895812,0.029453272830497923,0.1199553812012204,0.1224332760875344,0.049752300650724335,,0.1368400872055655,-0.01870664032673175,0.004929081051845197,0.05639930622757694,0.1551759523423153,,0.0024170222605912617,-0.010640567944683599,0.00958804706063443,,-0.16226792923867717,0.03753175913283546,0.003996155193891404,0.21749733603922472,0.004572416327029982,0.06740123000233167,-0.014370953633556671,-0.05575729531567064,0.026783671298698852,0.0031748449375084142,0.0743180275209927,,0.01144148554273472,0.13327184769956557,0.03390203709735684,-0.24882377434954484,0.1460315761650255,0.06353290364514663,0.05168389269459994,0.022771487693565406,,0.10085400366372577,,0.049193540665280366,-0.006090017817395599,0.011310316648085239,0.040766322981361514,0.012638796380661121,,0.07582844181435466,,,0.08356200179626705,0.12069062639337425,0.4521488145634749,0.11864676634474125,-0.13995916212274861
2024,2,Indicador de rentabilidad sobre recursos propios - ROE,0.12864610176871127,0.008448265254035192,-0.06913914466507454,0.03225973663817938,0.1579981060052016,,-0.2629081797849768,,0.04387971439477556,0.21921185628860274,,,,0.017677591437231133,0.13366448199966374,0.05245960346806755,,0.002931556961404791,-0.28337122325106767,-0.05548270879265904,,0.06317158290339053,,0.29621374060696315,0.05607675187184458,0.02504232795736927,0.33625161719898267,0.07075892093040248,-0.006927644407346389,0.4524578299618818,0.18670357370264856,0.3627888345871024,,0.08040815703076287,0.02535522874183682,0.04941013961980545,0.12709682963631774,0.02027378434108007,0.003539847024412346,0.007982978790774586,0.3125796665824554,,0.19451440925708074,-0.13682305185792365,-0.011367798109399807,0.1199477475006907,,0.006700846884793776,0.36104679319160304,0.034502458541928904,0.41699228135751265,0.11024123241213757,0.2560556750256615,0.062064451865286197,0.05453798073958116,0.1524152585583478,0.1786418243820651,0.20188630700663457,0.27645496604271536,0.10839478836197047,0.04586312976944562,,-0.044868870759096624,,,-0.2780562844166041,0.10838953504947857,0.1345478652656682,0.06942634479785514,-0.04994657225498278,0.271933721347807,,0.35778501926813444,-0.042203862038903917,0.08078682438984974,,0.03159399524127493,0.29589895038530734,0.06130174138579658,,-0.20421913833382022,0.033453427935100866,,0.0015782664006940283,0.08605194602313482,0.049711151170564793,0.16409364283265493,0.080379889209657,,0.04492069508009866,,-0.040649401366083415,0.0870248905093054,0.040948729620095214,,-0.21146045274513914,,0.10741041765146075,0.11343013931538892,0.18416945188572287,0.022341953334911402,0.5600546972693388,,0.046226162731157316,,0.18415451129090665,-0.06687180728652531,,0.06516367654184241,0.011568188391850143,0.019796397208229566,0.00014357610642545815,0.038406780983405,,0.04463823936945843,1.6261056604697308,0.20728479136326428,,0.3030927938593144,0.061115704032067786,,-0.08300070422086958,0.07794645849329918,0.27814531262610487,0.4922090556114589,0.17049568255074,,0.41255173981500337,-0.019977094794152994,0.015608038971440585,0.17067871005934276,0.2198565522451268,,0.006006883078524261,-0.01669449879558882,0.011736945584985614,,-0.23089763153413512,0.10469693868925756,0.004592313386147406,0.5388775083074089,0.009642498324762938,0.12538436828292832,-0.04693116194601221,-0.2544352863581125,0.12034596614432935,0.011878604571681217,0.14285434318515966,,0.0686848490029468,0.29982875020473965,0.05920459426350222,-0.6506465186272816,0.20495941984295007,0.09086879449742247,0.10483750666842306,0.055733717240687985,,0.3217859845524518,,0.16565400725582968,-0.019483404086684253,0.04304979081484528,0.06778135165629573,0.023307791432336966,,0.11829221991394068,,,0.13628817306423469,0.3259308908285461,0.8686541908771372,0.24088675025287043,-0.25758955414615803
2024,3,Indicador de margen neto,0.10823988081524297,-0.03845969974127032,-0.10185781196817909,0.04127613532563325,0.2754902791965261,0.0,-0.19951479403439082,0.0,0.048322490889070494,0.06891679539622438,0.0,0.026719276032788588,0.0,-0.08715408704236523,0.44140452174530415,0.1330683373693962,0.0,0.00274395298262273,-0.263037790728098,-0.24564086245040323,0.0,0.12295611063971743,0.0,0.21314298216442887,0.01603430514295476,0.006282247786410029,0.28648934897635736,0.03662032779713964,0.05745757307851111,0.2628194402210953,0.4639952993395394,0.2561505981550221,0.0,0.1070195661751208,0.015209251791911271,-0.002255029124707749,0.07915942488340194,0.020671515006257236,0.017287980354167006,0.003244747509402872,0.23451495252379975,0.0,0.6128091162355594,-0.07323643068422485,-0.035351388590320575,0.08220142098141316,0.0,0.02082720311252914,0.23310558652700133,0.014643258757749434,0.18886068560160457,0.0020738411164993244,0.193488450259978,0.1773191395126301,0.06220199300664481,0.03540484078090533,0.1263936788226309,0.11397466905989175,0.1260272099049224,0.1173342388669092,0.0020518063122794933,0.0,-0.10315082246520682,0.0,0.0,-0.178031148837505,0.06770064221305358,0.1458257508604053,0.04140075218914365,0.006837228611978242,0.20214262109741996,0.0,0.24943803618676116,-0.05844017346015352,0.061953794142974986,0.0,0.005264874959416182,0.6374761530028996,0.04916801275727921,0.0,-0.21833688053155084,-0.03093640544484925,0.0,0.004803279477871643,0.28692946053451784,0.040984364613879706,0.17455974434722538,0.07450623987428151,0.0,0.09604289931444276,0.0,-0.026183293090596967,0.1381603847299939,0.019342795326578788,0.0,-0.21780979261451416,0.0,0.12230064341788868,0.05955313541779121,0.2939580781254971,0.03455328664217727,0.35725748970905125,0.0,0.0933220758949463,0.0,0.24080134297704578,-0.04296478135296326,0.0,0.016192156332473288,0.07731746905813988,0.04272340500016643,0.007817874301901341,0.13486646882757877,0.0,0.02078473623117085,0.18941208666962633,0.05096973300769727,0.0,0.1266692714268486,0.07916016213045733,0.0,-0.1409270323151557,0.062034268811735224,0.4508585751399354,0.18195540771439886,0.10614876382971222,0.0,0.362134893374893,-0.1901457481897145,0.02593015482087131,0.08089180934856724,0.12102926180410177,0.0,0.01339269074033043,-0.12228543630278473,0.06725573618815191,0.0,-0.33222827317210296,0.06526794233721286,-0.0329336830299221,0.23292946480571375,0.014815046625341183,0.23582791094430455,-0.0850605277434376,-0.10773678037023932,0.07168523439919686,-0.06727732870990136,0.29611108667893177,0.0,0.026470950375146848,0.23693850988985157,0.08626055699526951,-0.7123084990658286,0.13439306883379626,0.272502405850271,0.11193686299143481,0.11071776220270681,0.0,0.3010527490062212,0.0,0.10351399407520549,-0.16201452006052486,0.02914530818725404,0.1855775743570066,0.14616922139680041,0.0,0.3520185415545555,0.0,0.0,0.3298052280874218,0.20649037592745148,0.3325512570333376,0.3157855656833083,-0.5535409149795186
2024,3,Indicador de rentabilidad sobre el capital invertido - ROIC,0.06660953889006338,-0.023844875493892026,-0.05042369491631915,0.013515430349259727,0.12515162395390944,,-0.10596288941226173,,0.01968248925699312,0.04424718543835193,,0.015841949744132222,,-0.056038852144814966,0.15260792601209516,0.06877220267705164,,0.0010527078865729678,-0.1279245316433747,-0.1508559387288908,,0.06352415668121036,,0.123910184265976,0.010255034179734945,0.003932039107992447,0.12596433053715805,0.018320407857396637,0.026214638589844963,0.12459574510303728,0.17951579190842493,0.15800556910635,,0.04329147031199798,0.0064967373756961155,-0.001100102110214607,0.051481374448260064,0.008797500552830462,0.009228747396648584,0.002240883617390832,0.10924353086836902,,0.23777826143729452,-0.03780960146023704,-0.01553301250967798,0.03207631345377471,,0.012812054020632013,0.15045386537545657,0.009845652029903063,0.09964437782189539,0.0015373623974916928,0.10144422390912156,0.09973624975944206,0.030384585036370426,0.024852098132173817,0.06128393296738244,0.06398895209407907,0.0689222219035921,0.08263951079844634,0.0012496925547815785,,-0.06930100234299663,,,-0.08658440155253777,0.03814282719004636,0.055670898145021575,0.012779680045223119,0.003112580123223907,0.10394014484620251,,0.1727517102749725,-0.022474914385501532,0.018899829546900282,,0.0030374748420500808,0.2876342030231023,0.02313255486535226,,-0.07403140215995763,-0.016562844361891704,,0.0019781892152828107,0.09503265919399184,0.026711938348400688,0.10866740484022275,0.027008155027180125,,0.04315713057647863,,-0.01021929167822766,0.047069841186051065,0.009404539173688775,,-0.13054791061385307,,0.07536738384839325,0.03505411399365954,0.13069757137317461,0.01565792290414425,0.24003906865644464,,0.03192786429654948,,0.12048958078058947,-0.02828563316258559,,0.012196377588042262,0.04369828426097366,0.021822539472795555,0.004692112327495224,0.06956964327111748,,0.014134230602258269,0.18275078006191636,0.024330184145839207,,0.06144763542933984,0.036899036323815304,,-0.06359319076632308,0.032376254282282524,0.19152837087083174,0.17374570341407347,0.05900656516443448,,0.20673111439204805,-0.042497045218638174,0.012977640347474395,0.04786494812029085,0.08199015331559423,,0.005990299322753634,-0.05355311858603817,0.025076827896737708,,-0.13938816739227522,0.05192284858877816,-0.013107333595279713,0.2068479583538143,0.007804933239517364,0.11445691427951599,-0.04152960456590915,-0.05592768005620152,0.02709834946743106,-0.03317834318174229,0.13638885630092945,,0.014797753895799737,0.1769932623966297,0.0501795644914691,-0.294251149332021,0.08723086736752217,0.08858300584688483,0.07368566904056006,0.04230687781509701,,0.13709603191280362,,0.05950773440449031,-0.051566232406224044,0.012938650953704167,0.07288960550138879,0.08347690690700804,,0.11979629906321398,,,0.12817193165199958,0.1797332082717853,0.4841463253964624,0.12941088452606397,-0.17760767955751844
2024,3,Indicador de rentabilidad sobre recursos propios - ROE,0.1444536668187162,-0.050012815117117415,-0.11842585869969258,0.04156609646210785,0.20219626757254594,,-0.27631466564879614,,0.05936401816827508,0.15161166705738194,,0.022894546620734202,,-0.302519586826437,0.2407292858234511,0.08321441205089108,,0.005867377510762273,-0.3850066508615213,-0.18156144921073258,,0.14422144468296305,,0.4497330969886444,0.05797515997324454,0.032344238076485565,0.49124619758276156,0.04233830357256951,0.056565908116669394,0.8663681782127575,0.27686653820108886,0.5352160877558354,,0.08562021244222007,0.02091601906595386,-0.004214683968204125,0.16770113309113444,0.022679802129128124,0.013114283349758393,0.008441308937573,0.37355320317407803,,0.2830960369928115,-0.09970415816293587,-0.02708718025669965,0.06604553238034017,,0.03369113079932884,0.5676400769178267,0.046756351609067215,0.5156809090262544,0.0036390775531767172,0.32598897744219957,0.21431683616122754,0.06208635954804542,0.11700534046376498,0.26948745532240004,0.29379631991944755,0.35170001624170655,0.19641287719309508,0.004060271765233825,,-0.1935671616595488,,,-0.3043191494445636,0.1737680495862155,0.18696573798818283,0.014397098407235243,0.008404904268602076,0.35135880747611803,,0.46287415398051124,-0.04929281769076388,0.045164251406090816,,0.008602925025002817,0.4280486721397656,0.06679375708363633,,-0.18067380351538576,-0.03121775965764495,,0.003771939989763551,0.13014120140525054,0.07855524805352432,0.2213101307022598,0.08057621534373749,,0.0707840049800097,,-0.012994995221687011,0.08097049771296683,0.022382613576263477,,-0.20928168987082274,,0.13732857538710164,0.10077672742241006,0.2693828553446014,0.027079010342239807,0.7638212634216532,,0.07152087405774754,,0.3585175105050924,-0.054917648680674946,,0.038305003012826244,0.09992789713116501,0.05277066762841276,0.014421286410013723,0.0892207802995435,,0.06332080469624413,0.3471139998533075,0.10100378696812284,,0.16268223751138544,0.14138527783523358,,-0.2322130248520189,0.08560364810037724,0.45710452364006016,0.7396509128081257,0.20558119246514606,,0.6530538166931514,-0.04532652541030513,0.041837032763046844,0.1441661526634319,0.11440095423598118,,0.015014428388037349,-0.08319185929404949,0.030807844608843116,,-0.19947174295778147,0.14648370365948704,-0.015044666253195227,0.5072480704297682,0.01682099268898396,0.2148312278184641,-0.13075256759313247,-0.25553470958854085,0.12154723992572647,-0.11834274005929646,0.2707564097517041,,0.08904627031410439,0.40605083245463014,0.08824905352421486,-0.7286261639546039,0.12096798990544544,0.1271202448259645,0.15073049130333804,0.10417372450252693,,0.45191195418743013,,0.20145383286245155,-0.15741668112337848,0.049314352472112466,0.12222478136537673,0.15803346735520818,,0.18781679598333634,,,0.21144211180569172,0.5050015296255894,0.933484008005014,0.26261504007211767,-0.3240215595671987
2024,4,Indicador de margen neto,0.08782319496107682,-0.10480247896858187,-0.12179720453367862,0.06749299787872431,0.2422032752434442,0.0,-0.15803626529779288,0.0,0.06422181408630227,0.08905251366262895,0.0,-0.15361750592208226,0.0,-0.06431935807364657,0.580160236262712,0.14594722961323592,0.0,0.003481275601896138,-0.21774638488735862,-0.28364264901776476,0.0,0.0947930223210077,0.0,0.23687390907254743,0.02255584717373999,0.005123947333921881,0.2661421422858763,0.07959458962765165,0.07741480244436676,0.22528933589092093,0.47273426310854655,0.233747699757305,0.0,0.11444842839137617,0.012188802608889436,0.05734958354557542,0.09637386765698609,0.01784848652630508,0.02789618005635249,0.0027258217787519447,0.267032393735218,0.0,0.589933063747723,-0.04967851164641355,0.009609855126820832,0.09361659170666592,0.0,0.01348070163083966,0.23940939515274653,0.013943576180476723,0.17971385183510039,0.014121350389276071,0.1575469503955295,0.16426612365503054,0.07240931051331992,0.03798154393454801,0.12733984976644486,0.13147381530747274,0.13689130560310364,0.1381292723165461,-0.00458252053655411,0.0,-0.12445735382676894,0.0,0.0,-0.1319320976750065,0.07458719657673299,0.1300569516956174,0.22798822755554765,-0.029064643547846825,0.20174686042780138,0.0,0.20891114255474252,-0.06565375971777376,0.10944076844294964,0.0,0.03038640062626228,0.63482321814185,0.08022678290326136,0.0,-0.23444847719924058,-0.033680114583312847,0.0,0.0408496985647508,0.37848924568164566,0.14338523990439114,0.22033563345021637,0.09431771085657548,0.0,0.12084569594554814,0.0,0.0930340845319088,0.12062310451141824,0.06630417517859032,0.0,-0.22461239453314108,0.0,0.1399195031358081,0.05426319824987415,0.3146759574724727,0.03935472562100019,0.3240734808805029,0.0,0.09396385390502572,0.0,0.23473372970013984,0.0335895515977542,0.0,0.06819413230685628,0.06156481204329523,0.04804438405852666,-0.018391213493245604,0.1448769173912213,0.0,-0.008185825515390795,0.22041213175895755,0.05518080234023355,0.0,0.28056714572575703,0.06751485302111031,0.0,-0.10436458173416088,0.059476781054949045,0.4670179030335067,0.1846622021456999,0.093750476379292,0.0,0.40447239297138937,-0.10695424580689722,0.024118798375079964,0.04057474021678568,0.15416291821985126,0.0,0.0009949317434357762,-0.08627054578729279,0.02982487449030018,0.0,-0.2500446414058299,0.0716271248015403,0.04729681774493799,0.23417807880110297,0.01603972748976261,0.2815120091461211,-0.014834167372590112,-0.07656279803655128,0.07003085579760043,-0.0923514956973989,0.2846577586116985,0.0,0.02421392725309384,0.19256689778946973,0.03873670762457985,-0.6168187103053131,0.21750725698308057,0.286166445959086,0.12243117436367963,0.13976489074518816,0.0,0.3172207480567013,0.0,0.1299604267093313,-0.14831290422222956,0.022666995010942288,0.18518062837063645,0.1518391326664202,0.0,0.33900214975800624,0.0,0.0,0.344037558356953,0.20632647172169138,0.2927892920948807,0.26323936402970055,-0.6022845971514177
2024,4,Indicador de rentabilidad sobre el capital invertido - ROIC,0.08954717076466512,-0.083498658966777,-0.07685178758803157,0.029849701247787186,0.14481988340579743,,-0.11342306352494946,,0.03513414031791684,0.07583610494353121,,-0.11043682399324695,,-0.055448410526071634,0.27583524489780276,0.10133786493837227,,0.00176976648197269,-0.1439436403270803,-0.22071190002605556,,0.06484390572487175,,0.1846942050963596,0.019039565274103998,0.004367830949680851,0.15637733819869615,0.05438986652721378,0.04760181641880634,0.14059289040212608,0.2501952105873586,0.19108712415476825,,0.06193312002852669,0.006954045209176085,0.03778972755748078,0.08436067939207414,0.010007132878444791,0.019927569454247118,0.0026998959377686482,0.16670079492325018,,0.30806225688253375,-0.03466385648518089,0.005658592227442805,0.04811680362205095,,0.010800673331772037,0.20987052926846506,0.01224100087526181,0.12591860631004037,0.013598144778784071,0.10867278487888044,0.11839233562875773,0.04748459734359356,0.034689567374596386,0.08223333262599053,0.09760938404700559,0.10152646927861864,0.133004451390355,-0.0036943656502949063,,-0.1056243516972688,,,-0.08591939445522667,0.0556046147663094,0.06605572929610615,0.11270598068963245,-0.017233423069768383,0.14110300096509398,,0.18938465229809376,-0.033272770413694475,0.04433174635719217,,0.02400631783546814,0.3753810051194191,0.051812620160803124,,-0.10568105610566814,-0.023717767658131828,,0.02312089756848401,0.1715925203768629,0.1410383486318394,0.18908958385860397,0.04523222559141904,,0.07281987731085149,,0.04918478354464462,0.053847291674104625,0.043260045583814355,,-0.17030167267137364,,0.11757802337371603,0.04229582492503603,0.19602327239828266,0.023663023527824567,0.29584816386078083,,0.043123575884463916,,0.15154545161049437,0.031165830488733448,,0.06782899441008028,0.04476501318272219,0.032819586709907256,-0.014358721001591412,0.0990371714857039,,-0.007285051408275289,0.25790888214323915,0.03472852588862274,,0.20641854532572412,0.041541210550369634,,-0.06402298548984853,0.04119772687012113,0.2771384717625016,0.22127786131101135,0.068990569527003,,0.31757265017121505,-0.03191330652555957,0.01619083026944579,0.030334677075750882,0.16234460087643554,,0.000580791533373759,-0.049926048036297965,0.01452726323026976,,-0.13955998626420996,0.07699130435903734,0.026834758728469854,0.2561664211418393,0.011026345436957907,0.18823275286495744,-0.009637916438057448,-0.05275369182526635,0.03505846759135944,-0.05994337319304344,0.17518848454949953,,0.01800712953135508,0.18307894311261386,0.028481665854591887,-0.33284924488619494,0.20283384250869374,0.12731048642015996,0.10979375107347344,0.07255616620749716,,0.1976422545506038,,0.10137804649241344,-0.0625457723145113,0.01328713055395414,0.09655202892883774,0.11552471412995535,,0.17191192049462334,,,0.18617835557833962,0.2453597822944502,0.5593131267328872,0.14365929543009992,-0.23946391364665642
2024,4,Indicador de rentabilidad sobre recursos propios - ROE,0.19564495421410233,-0.170895544321373,-0.17789469602823893,0.09271782187238253,0.23483380820184507,,-0.29658147229172094,,0.10734023315638597,0.26680724646448306,,-0.1567946541917693,,-0.3002996483943614,0.4449861937778208,0.12297355816439826,,0.010004331112597464,-0.42596652411609925,-0.26379439314491016,,0.14670592436733987,,0.7113257809057645,0.10980887881929569,0.03588163353152285,0.6307433943073322,0.12826571925061914,0.10374189883515195,1.0095696101795144,0.3914350659022954,0.6662335236120938,,0.12334662708497968,0.02241801408233912,0.15219490831852278,0.2842020604917197,0.025797418666875238,0.028617987307738568,0.010183143137704631,0.5993523197625104,,0.3678805377105283,-0.09182845354776459,0.00994912149224958,0.10075053687671276,,0.028419651227611142,0.8290494255663681,0.0584264578946454,0.6772164296384606,0.032497733203478374,0.3526210352738235,0.2557965593923184,0.09761330285780745,0.16506034625160249,0.3638313217045801,0.4707056397084064,0.5430293438930438,0.32327100479434834,-0.011826461951875977,,-0.28679158690016837,,,-0.30299715266114535,0.2595129803795897,0.2256127397759795,0.1278142480378195,-0.0456984561806244,0.48483619913918763,,0.5089168997610107,-0.07249083338841822,0.10718992948046058,,0.06945558225226756,0.5655309889409119,0.1511321350983299,,-0.25020374951382784,-0.0448849901775058,,0.0444061443768915,0.2389359340723829,0.4584897528422749,0.39534659839695596,0.13566526785835564,,0.12034133359203736,,0.06309913800602596,0.09315755348703747,0.10509495271816927,,-0.2686498070535793,,0.2163469074611315,0.12155070228027864,0.41554290341002265,0.04157507699225538,0.9781252245666014,,0.09746748762665303,,0.45837166510428573,0.06244223174976993,,0.22636056108707248,0.1020446340283141,0.0796419261862269,-0.04350414236301303,0.12737129984634077,,-0.03167464138212983,0.5027916741229832,0.1459563657299663,,0.5973021996436154,0.1605441274672863,,-0.23101720291833616,0.10935982127633781,0.6837800538507708,0.9925211828243039,0.2443617311116313,,1.078385072066684,-0.03403051562987658,0.052879076684488435,0.0900932769573255,0.22861168939538445,,0.0014567061615018417,-0.07772921790952414,0.017873269747453957,,-0.1995270721636675,0.22172763796655315,0.03089154781604475,0.6407566496625565,0.024333276393175396,0.35953212655916555,-0.031166201529280735,-0.2429299640905862,0.15859937824312187,-0.20667175500561497,0.3560224316652487,,0.10869104422438025,0.42085105988517646,0.04997761593794037,-0.7864861459155105,0.2857160792407667,0.18382712660693867,0.2279726242507969,0.18113081473442105,,0.6828740918359952,,0.35550302188490135,-0.18873584395548804,0.0505412198319537,0.16279862306991877,0.22138799503160267,,0.2716959452148311,,,0.3112558373901797,0.7179803616072964,1.0929468563235192,0.292084967744066,-0.42628334509990917
2024,5,Indicador de margen neto,0.09270785607826579,-0.0939444004735685,-0.10061399014595902,0.07909603493433653,0.2505981440986071,0.0,-0.07745666324012372,0.0,0.06202890542072982,0.1555287509691668,0.0,-0.24682096509445609,0.0,-0.0941173554879679,0.5575206756921199,0.16044439553998482,0.0,0.004137269029633562,-0.19905078745094976,-0.24553555790881065,0.0,0.11306617335411831,0.0,0.3053870074406744,0.02512728343589979,0.014970052611494412,0.26422260264765574,0.0935274685957181,0.07489600136979528,0.22681646783623138,0.4697450031615074,0.19566472255170744,0.0,0.12336424569244116,0.025335220371079808,0.08290808864601988,0.10328032718548931,0.016579604829991764,0.006750950226767004,0.008323684526821707,0.2652371244100778,0.0,0.584221807817195,0.012571939019116957,0.04580466509093856,0.11267240336338447,0.0,0.0037220388263989298,0.23635746113477957,0.013385727480865462,0.23412322106008499,0.0015795574179088613,0.17875330719870014,0.14586872451865976,0.07552464640628555,0.05386043673474157,0.13446594964239977,0.11591867491588007,0.1268792201315172,0.10173394142466866,-0.0031869052149832993,0.0,-0.13112553180586894,0.0,0.0,-0.09678815921202956,0.07940892565332305,0.0,0.21880273797189423,-0.002760846520473266,0.2684487671906562,0.0,0.20478902961328377,-0.0674210848390242,0.1362644555347712,0.0,0.0777848376674785,0.6569503626725414,0.1200777524295074,0.0,-0.12194459813158766,-0.007611660507356439,0.0,0.03255219990699983,0.345532704642001,0.09749669782566363,0.22985261217311015,0.14131017183946384,0.0,0.16663594360633685,0.0,0.15139754998608254,0.15698293429630764,0.049803280250877255,0.0,-0.2056131810002341,0.0,0.12079562581076689,0.06448392201735886,0.29828737658737187,0.05901526305787588,0.3143584909799835,0.0,0.08957004204600064,0.0,0.15299252025551757,0.028833247577953552,0.0,0.05474102867204156,0.0758103719185119,0.03913830186790042,-0.04662736888628959,0.19264462668758278,0.0,0.0018610074391763578,0.2173305962539012,0.03612894385044074,0.0,0.31851414415904733,0.06766780532396766,0.0,-0.12999175660798878,0.05792560286569158,0.4791177975975386,0.20217289507236383,0.08466200118080826,0.0,0.38743335889391756,-0.04234538630073745,0.02846587832873895,0.1120763605672761,0.17829007190161972,0.0,0.000867955153005383,-0.04313091183793698,0.05259302004272268,0.0,-0.13524948660564165,0.034600583527403625,0.1718948010859252,0.24461021886537349,0.016619300276734892,0.29390055571332135,0.012887041919749473,-0.027510828516976067,0.07645813555602524,-0.10669823017987712,0.2886755468639757,0.0,0.019749976035261886,0.1859169446604238,0.014208118829596944,-0.543521582207503,0.22811183100478577,0.2882224451879608,0.09490107549964591,0.1678229599936786,0.0,0.35390724347197905,0.0,0.15056701190601884,-0.09982428753936155,0.02371974598175683,0.1987969711093268,0.16523823152012043,0.0,0.35382223769136456,0.0,0.0,0.3574866986785342,0.20046865856130527,0.29330555123288005,0.12463816397144598,-0.5987243384093124
2024,5,Indicador de rentabilidad sobre el capital invertido - ROIC,0.1114534949852517,-0.09518922871968327,-0.07860265713348058,0.044136684371074875,0.19024713842836727,,-0.07166959036388199,,0.04254348369562355,0.17438124023388202,,-0.2025789621898827,,-0.09744869052518279,0.34434263468034887,0.13995948304776418,,0.002592256825183936,-0.16384762293138921,-0.2419145289798561,,0.0986353088791796,,0.309430131824032,0.026224670392277938,0.016372681791639643,0.1960444004464983,0.0804390206108232,0.05710878133631114,0.17852333794649167,0.317299258265499,0.19599187692709563,,0.08429132205820511,0.018419298273076867,0.06876205663487678,0.11269356385266072,0.011672404684381243,0.0058821513195264075,0.010017506551208033,0.20823547062366443,,0.40805232669448266,0.0119010863957425,0.03426962668776823,0.07207640894745149,,0.003629284598498206,0.26145825377251963,0.014392409959512076,0.21367021493632854,0.0019062408704408895,0.15532127392580208,0.12749714917751165,0.062498917064736315,0.0621081808116517,0.10810113863519333,0.10533145341335914,0.11567102115527161,0.11872561880263621,-0.003210787380134472,,-0.13543597844815536,,,-0.07837521034988748,0.07359242159512536,,0.13557121194212773,-0.002129655713553502,0.28091125584041476,,0.23076329878664992,-0.042653889388444055,0.06963719437481886,,0.07800599036601352,0.4951329846723638,0.09974490919141288,,-0.06963258726801647,-0.006772752819153127,,0.023013818887360538,0.19793072807740786,0.11603018791290287,0.25573182109874626,0.09119028166981846,,0.1301489067096202,,0.10360041095511607,0.09009513074438447,0.04031081219049004,,-0.19364408239869502,,0.1254928874043122,0.06125772392366979,0.23069435586059783,0.045241033919371176,0.3661900899213175,,0.05098602827333809,,0.11828109312758817,0.03217331177133853,,0.06660596508649452,0.06795726133961066,0.03311511940990863,-0.044405515624870495,0.16878539198974085,,0.0020389218182206292,0.29017189902210294,0.02783886229564203,,0.3139028223220195,0.052623436318995465,,-0.09794702334176009,0.049860808681980284,0.36834133486777754,0.2992510335353804,0.07736661513421095,,0.39643841073294595,-0.015975112754211596,0.023935438679314025,0.10773116341035016,0.2417669642329796,,0.0006232999988295962,-0.03144873073339538,0.03188565310227043,,-0.09663072885600643,0.04520166184403629,0.128013032432313,0.32010324412265057,0.014037017337990232,0.25349098634295486,0.010715444178017508,-0.024458088818066104,0.04824582412808742,-0.08559924623525483,0.22419141664863584,,0.018373987125313462,0.22330181637046298,0.012646380565080717,-0.36110011694933075,0.2691807168438025,0.16238042745870285,0.10506762738169972,0.11132928493488214,,0.2913974027252739,,0.1483056304892285,-0.053326542120145315,0.017402383102691488,0.13082498730464054,0.15943412571611826,,0.2170776037414679,,,0.24631460775900527,0.3015607153059221,0.7158049827966453,0.08264693944347212,-0.2869992921197484
2024,5,Indicador de rentabilidad sobre recursos propios - ROE,0.24511785429802568,-0.19492936917799053,-0.18269422899012833,0.13811482206631087,0.31153514388237524,,-0.1962695477686518,,0.13080248074622092,0.670534402673955,,-0.2836201931000719,,-0.47805903370853653,0.5612245134850606,0.1705233932244814,,0.014842327666952482,-0.47392098213322653,-0.2884095258284811,,0.2263108602253152,,1.3332337642421965,0.15406380316224033,0.14034034171556597,0.8242734401689864,0.19260923857600898,0.1251599047587557,1.3753276676803896,0.5031205778975012,0.68739349407076,,0.16954988428038775,0.06006666446269948,0.2878161156703498,0.39076752875067267,0.03012594179541206,0.008499673243949735,0.03822607609253992,0.7747354260704367,,0.48940610350516933,0.032781916215969265,0.060708950723977306,0.15360816950694267,,0.009524383631427824,1.078336505379629,0.06905180187610727,1.306405641458658,0.0045358634452856705,0.5263526495541362,0.27632467191400867,0.12939955315437612,0.30700718488404033,0.48510221921192476,0.5142175837049074,0.6297000954288232,0.2852873319450109,-0.010180045634666013,,-0.35960757672636057,,,-0.2803026227475839,0.35213011565167407,,0.15412708844724587,-0.005694465659328296,1.067494627075181,,0.6300820410001038,-0.09240568734245624,0.16978982857598157,,0.23649718606364556,0.7581891269793704,0.29764238334137993,,-0.16870762811567608,-0.0129772712630557,,0.04412596507233868,0.27809175426505117,0.3715759169198418,0.5435258366764513,0.28523779897004653,,0.21838463330159685,,0.13398484110091768,0.15789770801912129,0.09744622926694602,,-0.30219136502358745,,0.23073217121159617,0.177516925222599,0.4965389309063395,0.08115730374317476,1.2671256346381483,,0.1161014037633088,,0.34820847603145433,0.06478302221411014,,0.22373082039295333,0.15660561829176545,0.08004578682128027,-0.13131914346185647,0.218605887910297,,0.009035437205485497,0.5730468426134403,0.11567413101957658,,0.9616620404145308,0.20686560605947757,,-0.33341730796926716,0.13317925205593784,0.9412901978070098,1.4569970633304106,0.27833279520160503,,1.409466009223984,-0.01702936602380012,0.07936736497599095,0.3425860865526864,0.3429222597591677,,0.0015696364403556817,-0.04938311367253656,0.03938095075721426,,-0.13928204733900684,0.12750398391221185,0.14833450755598543,0.8219663488705531,0.0317768087955419,0.49055439505996423,0.03513303406136403,-0.11901844077752943,0.2217276818129419,-0.28622932253647604,0.46815016899718254,,0.11056335522495253,0.5225157463952208,0.022269658617083854,-0.8248075050679787,0.3818970743081451,0.23530486928424788,0.21771881957782724,0.2837611963965807,,1.0770121906585213,,0.5405504481422365,-0.1626433516849206,0.06629568019334675,0.22273190481862715,0.31012404780615843,,0.34502790440122477,,,0.41730496900691927,0.9140981376325292,1.4428554773279885,0.16353622059742778,-0.5003362153610671
2024,6,Indicador de margen neto,0.0837241021068041,-0.08727889586096543,-0.1089587873498716,-0.011265547347153484,0.2184963453309215,0.45821284366818177,-0.021832300170709824,0.12199328911304862,0.03274431308156145,0.1440597394662483,0.0,0.0,0.0,-0.007103506224347282,0.5208594706070294,0.16334814323934257,0.0,0.00525033128901709,-0.22298573995050233,-0.22854241544698037,0.10744206000055499,0.11675436703469688,0.0,0.278189291838441,0.01871537757908869,0.020019538695538353,0.24743884091492063,0.0016228234720197419,0.0865461027753311,0.24400530144350213,0.47493919127421197,0.0,0.3142748123951631,0.11871636136047477,0.02614049209231029,0.0,0.09034238771684149,0.013953243489191313,0.006068325016925115,-0.01964854777564697,0.2542132961528927,-0.13316792281785247,0.5661143231990564,-0.031992413898570805,-0.00998736301184732,0.17601492210345235,0.2233181595639727,0.02548442333067639,0.225150322657833,0.013615482276493871,0.23468235571512205,0.004694721459500271,0.14996373201272703,0.0,0.0,0.08223678613916496,0.13028545814828593,0.11205812128868277,0.12805326062624284,0.0675678042613771,0.061488203859714305,0.34758500612968857,-0.16383987944370612,-0.11437886832063954,0.0,-0.08660920696659032,0.08435543827155491,0.15725976246471027,0.17850351028926498,-0.058733126778378844,0.2048361429609777,0.10229203102915645,0.16605939693000946,-0.0754886945957815,0.12725381620686094,0.0,0.03042691987347108,0.5926961971830731,0.10478170671191747,0.0,-0.09551564917401198,-0.06266868045901897,0.0,0.0028700713429137227,0.3577720562823316,0.09256852264798072,0.21104895582210148,0.15898865975606,0.0,0.1282189661952688,0.0,0.15960825924016367,0.15204681215103955,0.05508668935154824,0.26942157386846094,-0.22681450152195984,0.0,0.10957026792562329,0.057970231821239775,0.30295282226852965,0.07078698763867884,0.3438179571532456,0.0,0.08752978284930535,0.0,0.11039891614813661,0.06382795877248128,0.0,0.07137915329078404,0.0,0.04386685795308516,-0.020182974644932836,0.059594908816975344,0.1598638271544518,0.011650403117317326,0.32575007789398375,0.03559092368466859,0.0,0.26825829661531847,0.07256101113100585,0.0,-0.15320811173394325,0.06907699908283597,0.47459310401527144,0.19207568906617634,0.07608878000380141,0.0,0.3368955703902508,0.0016060465495246201,0.03533788342101956,0.10070611487426696,0.11705122236768095,0.0,0.014156346379741886,-0.11764791205171124,0.07820314939927395,0.0,-0.06190243316539476,0.007976589900951899,0.23945172101400816,0.23575774837881622,0.0,0.2894875077206999,0.010374273382048976,-0.03801691353687988,0.07579714730934888,-0.10191502937093037,0.25819384709530513,0.0,0.018760281605410305,0.19214545171131045,0.0028593136330377278,-0.5181140102428082,0.17467163034141928,0.28761058385125826,0.0751535829073852,0.0,0.1254281702169403,0.350834282235417,0.0,0.15889311195828917,-0.05897708600482718,0.02523681944937999,0.16648884549466816,0.15789790825920938,0.0,0.35481937575590533,0.0,0.0,0.3409373747421569,0.1655340662398948,0.27342299063016007,0.12754396548505212,-0.5500567768035209
2024,6,Indicador de rentabilidad sobre el capital invertido - ROIC,0.11524361805007155,-0.10542003070935857,-0.09984712124116679,-0.007429630481619931,0.19784316760716747,,-0.02563226903817939,,0.026754443945463224,0.19162780753786812,,,,-0.010002172508194573,0.3979646551486995,0.17413492804531638,,0.003908843209896373,-0.21377411098230747,-0.2638956305977921,,0.12586143693673302,,0.3367473558930283,0.023163054860549037,0.026172244465439976,0.22042646005558386,0.0016137415933676902,0.07966329418725349,0.23348951861521372,0.3940669676799602,,,0.09764710185205305,0.022964019449785766,,0.11727161394156393,0.011907724532741693,0.006273074339224083,-0.027012640455050252,0.2424275439702699,,0.4788722166163222,-0.03479304965520358,-0.008971053963707787,0.14152161009573994,,0.03039824893671117,0.3005227348993065,0.017366953509998284,0.2564456705704923,0.006609027313175808,0.1584720149469494,,,0.11868882754362797,0.12589886758459778,0.12161998485920722,0.1406569337763437,0.09326255098627367,0.09050205500458142,,-0.19314817221581582,,,-0.08315684413523883,0.09427415216589652,0.13361081626530358,0.13461043707073483,-0.05124379028793513,0.25454987456793265,,0.21932665602855095,-0.0565409791479804,0.07756226347597939,,0.03558261177017141,0.5258609052567591,0.10513602254570475,,-0.06623803887693358,-0.06421625970026301,,0.002428112865018539,0.24949271493910508,0.13065230168803965,0.2837461347900654,0.13158282333273386,,0.1173084820347241,,0.13260306606077532,0.1040415635624965,0.053755165929527005,,-0.24713910916699933,,0.1369683129987711,0.06705497959562168,0.29335523274371256,0.06478092543486214,0.5214542177880912,,0.05966930761916256,,0.10121622911118511,0.0899466129889186,,0.10628006708489668,,0.04596505950550389,-0.02371793211810469,0.05987566261587851,,0.015734293294077828,0.544426190744097,0.03268387933476258,,0.32063494156374883,0.06919753477295143,,-0.14472999495281624,0.07158261242990038,0.45667072083809357,0.33373278909881465,0.08268888563535426,,0.41519110719829677,0.0007413608662998339,0.03613567948047347,0.11316983940888092,0.1875585712195489,,0.012163971281908603,-0.09968646320584407,0.05711836103557588,,-0.05450788526590389,0.012285300860404469,0.23417460035392978,0.35591799994648854,,0.3147578974471614,0.010184568782084957,-0.03902407627991533,0.05746457773127944,-0.09756743502603371,0.2417612628058241,,0.020926519755778417,0.2849672356236199,0.003038082926000829,-0.4153866891299183,0.238323596223198,0.1969003413749879,0.0984804987492196,,,0.35126279514129055,,0.2006562731645718,-0.0403554417648907,0.02279161752648129,0.13331613504266682,0.18245834967788577,,0.2602176224717625,,,0.292507959642881,0.2973970461551261,0.8092690051822402,0.10113000804976391,-0.3245695291075201
2024,6,Indicador de rentabilidad sobre recursos propios - ROE,0.2525916036483167,-0.21628227985527915,-0.22977723016265594,-0.02209888097829682,0.32429596799429294,,-0.07374031538639614,,0.08112543039610087,0.744595299875336,,,,-0.060768177801369005,0.6533599518355329,0.2130176977363114,,0.022709882805102666,-0.5814211956276437,-0.31380084052384116,,0.2920396056043393,,1.4825032648637833,0.13570717942059707,0.23204489933734562,0.949844176138863,0.0036898230360877804,0.17668649206467668,1.9922941359078,0.6341385941302857,,,0.19759357790373766,0.07523185713779879,,0.40909359485248253,0.030743638666781425,0.009144929801186308,-0.09854043443066052,0.9276058728015033,,0.5761676800278042,-0.09260245761683872,-0.015592230546171093,0.31227556292100145,,0.08143280702666011,1.277389915601538,0.08406030128498454,1.664793823525518,0.015838462607527637,0.5402948027938239,,,0.6372594039398081,0.5684937961468703,0.6081409908632542,0.7909797594109789,0.22034671537043482,0.31120504055155274,,-0.4876748401697515,,,-0.29605060598004507,0.46285489354992637,0.49229615291919115,0.15335218611855161,-0.13133164028217748,0.933775651329414,,0.5908205406183289,-0.12161974514717422,0.1889723705756572,,0.10480272658455347,0.8073671882485052,0.3101150965984225,,-0.16027482909016566,-0.12048175953832496,,0.0046097205276218745,0.35525634126933414,0.4271467396455759,0.6049168533698175,0.42705034053295754,,0.196216017485618,,0.17231354084286998,0.18355124816746127,0.1307181296110116,,-0.37695327161491665,,0.25218508905170345,0.19397961677844133,0.6476381062370815,0.11836781888870718,1.9839128722871706,,0.13695546405077397,,0.2934421105408347,0.18667359950563367,,0.3741370005810323,,0.11169703679101084,-0.07183434861925053,0.07656895940367936,,0.07159856968567402,1.1612486541099587,0.13668547577382628,,0.979274681427587,0.2789157190530369,,-0.45678001928186995,0.1942374523852417,1.2046900643245229,1.685831697834863,0.30148088055420486,,1.480563591301534,0.0007903056444262813,0.12230973778430476,0.36264331450555276,0.2632336225740297,,0.03093680910131047,-0.1542550788178605,0.07082965737377567,,-0.07916879241433084,0.03397833704656006,0.2730094842662705,0.9245272899985046,,0.6147680782570755,0.03309169476626006,-0.184764771505746,0.2667353703523856,-0.32198967928106326,0.5121082672831494,,0.12632450492471192,0.6857053465850051,0.005365813299559319,-0.8828378546259278,0.3359251817274467,0.28671657589778854,0.20363915133934185,,,1.348075576724212,,0.760469774079886,-0.12491313328150966,0.08702344314521726,0.22685042289028234,0.3571314527647962,,0.4167465384826512,,,0.5002111162417708,0.9012711848128891,1.657848615497501,0.2016143080647692,-0.5559719844729274
2024,7,Indicador de margen neto,0.08039126145233733,-0.07988841418537397,-0.09187944282586076,0.015980554326018786,0.23700134544800006,0.3784333563631503,0.017498060488038144,0.12598642547095176,0.049143821342234356,0.14984802108733203,0.0,0.0,0.0,0.001064758106755133,0.5430073209844805,0.16273835723294766,0.0,0.00619594924673735,-0.22610198031844214,-0.22541804387373976,0.11018504027818844,0.11823489907365962,0.0,0.2757854717987146,0.03782216412579948,0.021874611026871018,0.2534128665106378,0.025403793007085687,0.08364510179743048,0.2507049364466322,0.4729782530577921,0.0,0.32219491744473056,0.12554628647245944,0.0325695682349735,0.0,0.10573492487541553,0.012594206113667069,0.021767151980679075,-0.009898364798177966,0.2932624534135929,-0.13275998884718573,0.5698518372908548,-0.030693930159423326,0.02027486299769512,0.19859351192278094,0.23566361276527276,0.04505861683813099,0.2352183598708527,0.013734746644916845,0.20038007368933808,0.005397286309161621,0.13740913236492971,0.0,0.0,0.0704672165794085,0.12259176774068256,0.12084227082008357,0.1269762842385271,0.10957580665174967,0.04931526822201388,0.3368632064987197,-0.14620929805110308,-0.13702068732617248,0.0,-0.06614898131732107,0.08564522171749764,0.17534373791069663,0.22954976181734574,-0.022282827899128776,0.20342808018507372,0.11511119677641007,0.18615709371028083,-0.06550776930533433,0.15109966708175074,0.0,0.08517425666578368,0.5566941459592601,0.14090168617808865,0.0,-0.08221030719999027,-0.0161971828703297,0.0,0.013024634125655419,0.33693329286778,0.09016334749201306,0.21971895804340688,0.162593264663941,0.0,0.13754784632544173,0.0,0.1978077808096684,0.1705499507572198,0.07432909868994546,0.26220060358991826,-0.2203203593798042,0.0,0.11342431181608681,0.06984842274918605,0.29076557407537734,0.07275309198523962,0.34489113545611294,0.0,0.09111494813930916,0.0,0.09421734460239792,0.07166674855259511,0.0,0.10241609560867214,0.0,0.04944379801277351,-0.014031231805275764,0.10421880057212869,0.16849658500393114,0.018520013485317507,0.32570797660621914,0.03366560535959169,0.0,0.2975437627585874,0.08497713803724966,0.0,-0.11422748747872476,0.10142612603679743,0.45190786403518757,0.18564742578647916,0.07018691015550955,0.0,0.34767537287367306,0.010494560709756635,0.038167143356814516,0.05505071255878482,0.13965495292384955,0.0,0.005980163705273556,-0.13136823248025428,0.0716082305528549,0.0,-0.05616110093561365,0.017474237459129016,0.2483715382001802,0.2177676418476615,0.0,0.30392264869371477,0.012713053429630314,-0.02125680209532524,0.07521897841029432,-0.1003482977185281,0.23748680338104272,0.0,0.019925555350346822,0.1793499778273043,0.009710408380561895,-0.5859011165334415,0.12884377032295366,0.2715554783178772,0.099991736986969,0.0,0.127436338238205,0.3638209578148646,0.0,0.18476363120166922,-0.048416446812378194,0.031753734394723454,0.15818643757012427,0.1540065281401016,0.0,0.3732685257728283,0.0,0.0,0.35209592362035597,0.17353337169204905,0.27503393326874903,0.1476383040199327,-0.7167453400441351
2024,7,Indicador de rentabilidad sobre el capital invertido - ROIC,0.1259686744409385,-0.11130125171066707,-0.09717207615302215,0.012497598768799634,0.25517179739982354,22.824848096138787,0.024939982605174604,3.718277000264619,0.0473855705698345,0.23297487610290912,,,,0.001727216560752698,0.5014714744036608,0.20405634115767257,,0.005364912516279574,-0.24584461894480314,-0.29033177149499456,3.6176919716350895,0.1490994854857841,,0.3964177582207602,0.05505901335945618,0.03298622472754653,0.2656093395859698,0.029898395991438065,0.089494261928879,0.28395600981485525,0.46450335650587515,,81.92909835400843,0.12137346314974717,0.03333211051097229,,0.16156563009454783,0.01250543829662032,0.026262580684728976,-0.015570375448570095,0.3372274857349704,-0.8606038344871743,0.5712076797684371,-0.03853797804076953,0.021528619097203716,0.19095587303397732,16.076934813432345,0.06251122027721578,0.37148732991203537,0.020066267693576778,0.25043363924980677,0.00871389103698239,0.1698251150917669,,,0.11351254012168388,0.1373095482114608,0.15374268066161956,0.16268756439814624,0.18479229298984912,0.08235440936912108,23.550572232314558,-0.19774316325642793,-0.9115319786608028,,-0.07492763539249314,0.11164877882854896,0.17548655804306756,0.21536358450655135,-0.022924412355996293,0.3035525427355832,2.681878622583786,0.29185064623781964,-0.056855479475969584,0.10953413436764059,,0.11936805180712873,0.5697610567795872,0.16991331064074155,,-0.06646168928070117,-0.01975652864069266,,0.012828891658329455,0.27634873631928114,0.14610158685857844,0.3527925082687471,0.15422264659852347,,0.1455504939061052,,0.19634412948194258,0.13758085259044917,0.08626780336926299,10.366574215059968,-0.27688998955485855,,0.16726631525967584,0.09328356955319905,0.3261994235466086,0.08490861060251498,0.6391721238929544,,0.07266131651419072,,0.10066882356187246,0.11794947905462583,,0.17974132780641017,,0.06134055483424139,-0.019429329118342387,0.1250041329223428,6.3465321405992805,0.028508919151029932,0.6150434088384353,0.03575261850204359,,0.43287487012512904,0.09416550356400366,,-0.1291642019140431,0.12517970090660446,0.5120374518382247,0.3712674041041204,0.08865337038990573,,0.5124268066158912,0.00569966024565316,0.04555320872759938,0.06899560395415638,0.23872695685784384,,0.0059565259626519484,-0.12724649065962734,0.06035522571384089,,-0.05799144198512385,0.031479948126973634,0.2883404057027046,0.3697205689241079,,0.39419894570842695,0.014472664734625829,-0.025375154368888375,0.06696419345489191,-0.1102434347855481,0.25765020786467363,,0.025875646295670407,0.3101422857525902,0.011874829841545198,-0.5086710466642508,0.1971190793063904,0.2182178850529246,0.1567436215467879,,3.557809104486622,0.43583518780365327,,0.28747131745028365,-0.0381913712188644,0.03353245108985892,0.1493876532766285,0.2088285060473103,,0.32206818358788514,,,0.36342986662272847,0.3714167743958219,0.989622287642205,0.13875188618226364,-0.4503543704318467
2024,7,Indicador de rentabilidad sobre recursos propios - ROE,0.27593203043987735,-0.2293967115149983,-0.22537657112165632,0.03775845254370558,0.4237124002265129,157.70345386827148,0.07555091544973691,20.615443169081505,0.14639849171931218,0.9354024162085983,,,,0.010721165422100665,0.8367215243562574,0.2505597899955556,,0.031545747248245215,-0.6422014780738033,-0.3442620733007755,90.99779762247334,0.34898035350118195,,1.8342985482881278,0.3458794168454189,0.29924957532414265,1.1965003103003755,0.06949474464607808,0.19977944559699212,2.646689536473318,0.7574739004579927,,2335.323334018523,0.24807613536476092,0.11040806365042521,,0.587870711792666,0.032291140792107376,0.03876765085513845,-0.057858759340049803,1.3938489682790292,-0.9960279363122628,0.6901525954728305,-0.10277838861875932,0.037624355113007324,0.43105868439292894,758.8627859082777,0.17145368636138603,1.6770546531687618,0.09803175448081825,1.6083757531784935,0.020975516732320454,0.5868703675360212,,,0.6009118537601532,0.6203809180465794,0.8052873003251537,0.9400334975330409,0.45705875535144,0.2788347208735946,2325.417422742166,-0.5007079006794155,-0.9805959524672941,,-0.2704613569498808,0.5582725599808969,0.6770967339907503,0.24684312363010452,-0.059817590576759616,1.1413208549183471,106.1737301643591,0.812575686477111,-0.12244429455886296,0.27005204863103427,,0.37825413762720017,0.8779665173937106,0.5189515494945884,,-0.16004440446308454,-0.03796063389970539,,0.024419808764660322,0.3973952030238881,0.48797871498437484,0.7645928154747832,0.5127269857566326,,0.24565300880131513,,0.2573025407525271,0.24584294768523485,0.21387049653535262,19.676877661321562,-0.4168118160558473,,0.3101843514783158,0.2746690622661656,0.7300283643905485,0.15722608685439865,2.5992802019875687,,0.16854462057821906,,0.28940758230077,0.24835646477606388,,0.6848780906354075,,0.150149782380256,-0.05936747749733773,0.16096675763934476,155.48599369164177,0.13297143877279693,1.3415612691485088,0.15016686598720752,,1.403915100884943,0.3938252603437953,,-0.41206666741073605,0.35271721094601016,1.3763891871384861,1.9530512295657538,0.3278370929974852,,1.9200819808884333,0.00607615401791417,0.15661177641586566,0.21309702029058508,0.3372173759468884,,0.015035187698456909,-0.19620753012499337,0.07510365777056438,,-0.08397793655865238,0.08905503512200119,0.337176879959294,0.9634791321565936,,0.7850386224303174,0.04692874311411033,-0.1231822079606274,0.3140526313037897,-0.35847690441807,0.5526993542516083,,0.15762284446985442,0.7531491697782127,0.021110730556456625,-0.9482592529314396,0.27550285588033874,0.3184472260073963,0.332864692232387,,10.949907229622664,1.7607687231370956,,1.1644954212809493,-0.11867028794155376,0.1289839684768872,0.25492537081151356,0.4106961360669752,,0.5244461912652545,,,0.6311156416427526,1.176725311192758,2.0918464994201504,0.2810212340561835,-0.7166641514955907
2024,8,Indicador de margen neto,0.08398475090197773,-0.06873719509140447,-0.08823460970314087,0.04485712792790525,0.24260399575253608,0.3651833284548071,0.01836191795747625,0.12276233340108322,0.028983817253779926,0.15414000560987673,0.0,0.0,0.0,0.0010852081883555634,0.5460498952380615,0.16203640732704244,0.0,0.00724081654904393,-0.22147460849121337,-0.23501039330198056,0.1035653422022861,0.09908694972498537,0.0,0.27881665026867347,0.03334455405182502,0.022582796240501912,0.25536074701620337,0.025449999100509917,0.10823785726441136,0.24846963605830139,0.4757493448341153,0.0,0.35898146602191733,0.09284241243982379,0.04761781831853504,0.0,0.10732677289301124,0.014150069321751854,0.0075407261622746705,-0.021111042995860273,0.29353309446157944,-0.10216449753089243,0.5840734146471083,-0.004632886855857634,0.029469788051277538,0.20071320944811752,0.23878456747648932,0.048969873805431774,0.2398277776412381,0.014034075803303722,0.16410196464414684,0.01071228715592452,0.14157679864085396,0.0,0.0,0.06391637110634783,0.1236223573848245,0.13830088323954395,0.11871353763420275,0.09030516952223473,0.06587418521474685,0.3430729660905512,-0.11730864090559472,-0.16269826606656648,0.0,-0.04811364519934894,0.08429261589274312,0.18609535942400854,0.23764385070710867,-0.047370504451256366,0.20697974629863633,0.1146492065920972,0.1940048906456324,-0.04484460847073921,0.16373224950406606,0.0,0.07885646616384055,0.5405749170707127,0.14236783581162046,0.0,-0.05821338598149355,0.018789477507014568,0.0,0.010879392969627947,0.35755983254042034,0.07083824985734014,0.2324092642229345,0.11281336506641083,0.0,0.12626255335211212,0.0,0.25266438648183875,0.17716485731884785,0.08007742908827892,0.26411205418798384,-0.22547304139300792,0.0,0.09951500246655734,0.06953344307945883,0.2916781513750444,0.06485353686951409,0.3416732385577076,0.0,0.08945442570459941,0.0,0.10054169226155377,0.048875849418440864,0.0,0.11394268296811434,0.0,0.04663700408636907,-0.011782762079227302,0.08185396001123663,0.1618757362451967,0.020921151605654574,0.3319408657301904,0.03157871700130529,0.0,0.33862789950241534,0.08317749653133583,0.0,-0.08567351374181686,0.1354062183266665,0.4264623143732016,0.17308440492336882,0.07354679294723301,0.0,0.3167010951501966,0.023315829786019506,0.04062938589928334,0.07980660884865794,0.17359652374230197,0.0,0.007268720341823479,-0.11101796927013582,0.07222264191017445,0.0,-0.06964150442557317,0.018449105927293208,0.251117769605499,0.20741860869327763,0.0,0.3214249516939046,0.03634639935587159,0.0061151720561587845,0.08188712650399396,-0.10703251700417997,0.24996597151442507,0.0,0.025444767383805324,0.18545090752351567,0.010518692195550326,-0.5292785460273922,0.1303747158573739,0.27908146571914494,0.12261037492683735,0.0,0.13016387622867395,0.36830102892702266,0.0,0.19151993788256627,-0.031440168147620094,0.03726651277040143,0.1542935901219774,0.14346001156511745,0.0,0.40329563272274077,0.0,0.0,0.32621188758765374,0.17559647066597164,0.25977885220414026,0.11424901398308272,-0.9194510395191928
2024,8,Indicador de rentabilidad sobre el capital invertido - ROIC,0.1475261157113399,-0.10827676144480103,-0.10512363029441407,0.040750998671504224,0.30121509399802693,5.222606110535539,0.030103301724379916,1.4076296460748874,0.0316240622198527,0.27363587525473076,,,,0.0019597979367083074,0.5928843347368535,0.23725232079673964,,0.00711620121117762,-0.26935201243264906,-0.3285088382796323,1.319855932199682,0.14156428841197122,,0.46547165076137875,0.05494483436829345,0.03837847573442743,0.3079766261712318,0.03406604031331395,0.13483154183927493,0.3251034160881492,0.5453309292868815,,19.14113313150593,0.10160540439725452,0.056264930304261496,,0.18821157940230027,0.016110723482305023,0.010160420872661113,-0.03664432026512121,0.3922411562912824,-0.5640764310413914,0.6968103951338322,-0.006691105691080779,0.035925674244089434,0.2217082426917738,4.505475728705755,0.07731368555051055,0.4366041567804655,0.023167710041224643,0.22942653689728032,0.01981433823122347,0.20259498488622274,,,0.11639433465246563,0.15806808983655074,0.20471922048361257,0.17067770429787,0.16938736973567692,0.127467749152971,6.029016126608021,-0.18273416845893786,-0.7799068894376029,,-0.062319290015264706,0.1255635677079492,0.21454338700190845,0.2550689425050605,-0.054801627292279775,0.35332413349604486,1.1423229790064648,0.35259913479451144,-0.04435662389604744,0.1375181410949915,,0.12500543518381613,0.6300117224353377,0.1975085428618244,,-0.05456538501638053,0.026834153895874513,,0.012198514346838163,0.3428977496872134,0.12762892337756382,0.438775456858401,0.11744341203151176,,0.15115758615586583,,0.3025266031748788,0.1637762854432805,0.10780727881912444,3.291270622714035,-0.3174123680931139,,0.1670372769806463,0.10428922764981863,0.3733021507185914,0.08492063852094289,0.7259941032690971,,0.08094477787406085,,0.12431625766184995,0.08812077457412282,,0.22802976627405536,,0.06579755945587196,-0.018533432997401733,0.11036264574898502,2.0730794296037938,0.036538566653641524,0.6983453941595394,0.03810862716914287,,0.6002650177630517,0.10437689734302413,,-0.11138109402120477,0.1963378832275262,0.5576903248245362,0.386105768764768,0.10653175228211675,,0.5366711017638923,0.014510910386215103,0.055829265461422084,0.11422764326703727,0.35287881032706125,,0.00848469715095157,-0.12224048468525106,0.06917042824550901,,-0.08084534902132101,0.03751590245940939,0.3376299846892956,0.390244822625359,,0.4904117049176757,0.04799198770149893,0.008318604514301553,0.08392347062100258,-0.13232867350770028,0.3143568809236945,,0.037811662631567655,0.3690354264427953,0.014889400458319324,-0.520006488800594,0.2335877864178728,0.25948606754749104,0.2271475437778414,,1.4461720464826673,0.5155341351749751,,0.34610387719770985,-0.028196763360267996,0.04507963145080618,0.16715400478799047,0.22315448766052892,,0.3978521374379229,,,0.3871222714111866,0.4355340138597521,1.0794537786634013,0.12134183761688,-0.5837657169312939
2024,8,Indicador de rentabilidad sobre recursos propios - ROE,0.32451193879619455,-0.22544030203627796,-0.24404283956620876,0.12610915323219718,0.5051807786498113,19.74714324290846,0.0920902909828345,4.977909750533965,0.09645190108591706,1.1352609010373915,,,,0.012076114255250125,1.0017460460899028,0.2923511985043312,,0.042364283674048986,-0.6828339697888693,-0.3879239235330748,12.580045309053396,0.32945495319774243,,2.2711119333303924,0.34549316604567015,0.35311791869611464,1.4446971502131931,0.07936521413259023,0.3085412951359976,3.237920821164405,0.9024954444735065,,244.2865822035395,0.20608675262159126,0.19069033952275527,,0.7017920849144639,0.04165821695968863,0.015065393529894777,-0.13294422410564366,1.6912109211847137,-0.877558095604249,0.8472627215264779,-0.018409057966407683,0.06280242421213034,0.5051690862460458,67.05538880621403,0.21322484906545158,2.085276328031285,0.11436563712682357,1.4286487843614326,0.048135488163456364,0.7221357226533025,,,0.6146304841562302,0.7236211416280711,1.1510974638634197,0.9911691819950794,0.4141961201973945,0.4476730677976024,158.3529353057488,-0.47382992390273715,-0.9114551053862016,,-0.22950700677206004,0.6356501567345763,0.8615053405493731,0.29367405056205587,-0.13890150748909458,1.3627573754317899,16.6889078337019,1.003237244479548,-0.09643261629618494,0.3416189343426821,,0.40000826518454136,0.9757841573266692,0.6065957104111694,,-0.1316339160599218,0.05272300915556927,,0.023177724662360788,0.5007861223928944,0.42372511391912493,0.9723561596198986,0.38066806750225823,,0.2558485668443109,,0.40153271555850445,0.29583323124133987,0.27037501480251036,5.270870703003839,-0.469918891754056,,0.30910613938917186,0.3087517961872701,0.8516618639757327,0.15859971002449869,3.0907947576663855,,0.18924856496854892,,0.3603895560213193,0.18393898254067675,,0.9188754356960556,,0.1613498491756209,-0.05691340505985065,0.14175619591474398,19.227536145198442,0.17291359543378992,1.56250584816669,0.1605400602396756,,2.116257314084711,0.4460216999547355,,-0.36024166518726186,0.58072062263704,1.5203960199272197,2.066780427562732,0.40544972678328595,,2.0197592650528375,0.015470977683523568,0.1955334324201341,0.3671578682358885,0.5056610159395845,,0.021355983413140933,-0.1895117110814839,0.08643805216849199,,-0.11629650025615934,0.10723850324588047,0.3967126984559888,1.0262234776670418,,1.0002579639018516,0.15988140767778458,0.04293314367008305,0.402063327118362,-0.4184677633138596,0.6934540968819369,,0.23599415753647301,0.9169779285179376,0.02656535251243608,-0.9562517296800889,0.3272774047457947,0.380798991553553,0.4963267251688921,,3.500449471528503,2.1737991246352886,,1.4544543737279376,-0.08869667615565757,0.1743624944718276,0.2860960754268298,0.43919724515395786,,0.6572652483866177,,,0.6752282613473768,1.4308401251518577,2.308349695214742,0.24425844242363115,-0.8488211320529044
2024,9,Indicador de margen neto,0.0891865782493943,-0.05839438017946769,-0.07284878131729924,0.03689644756222035,0.25255300334231034,0.4087487314877258,0.038678660183606516,0.1291103717865714,0.03700494365241687,0.1405681808913107,0.0,0.0,0.0,0.0004929397373901477,0.5091933294167607,0.16239127218871405,0.0,0.008375808643444328,-0.2134490779880111,-0.23434120716008466,0.1068217490498974,0.08728000204576485,0.0,0.26659224662020414,0.03230116493099415,0.02314052244626713,0.2559661358330137,0.09979218585450794,0.11595643498174826,0.24950072281879898,0.4028454155788013,0.0,0.3294694533963267,0.11201979593333915,0.056687487586396676,0.0,0.11394390995853053,0.013534599515513722,0.04182093518847969,0.0002666161697635908,0.279743287967052,-0.1177514537868488,0.5902093100192776,-0.005897520654495874,0.04658987132299991,0.19414776703650097,0.28296649604755963,0.05495886508665306,0.26518637379197196,0.014860281470911294,0.17435087542075342,0.004985382808676443,0.13997832591933865,0.0,0.0,0.0666914067209876,0.1131649868744326,0.150472948587003,0.13045926653636278,0.10694978893182215,0.03182100592089045,0.35767528261205245,-0.10530882408852252,-0.1380812412597479,0.0,-0.03949141690244298,0.08142715271897283,0.19019032084224596,0.2563459417242909,-0.0279390661194707,0.20997384924753934,0.13079018512491958,0.18528411346674253,-0.041587956097407,0.05807852157361854,0.0,0.08570127300810766,0.5224870486792798,0.16568091210631783,0.0,-0.03257388655925536,0.027610351795772262,0.0,0.012107702328391019,0.3774333445319352,0.025171094526839997,0.2230480079907403,0.11797874862352778,0.0,0.12637499077384265,0.0,0.26743788508644584,0.17460919012119733,0.10261661425938809,0.26892509967634637,-0.28733207647977066,0.0,0.11876567891942896,0.07263786699610433,0.23763396261629968,0.08301055569292405,0.30627802860359793,0.0,0.09069563567748913,0.0,0.11879666127446643,0.02703202292183196,0.0,0.11825004788291552,0.0,0.05098948362416055,-0.009358871924198972,0.10676517321258067,0.16018949000307087,0.02748458443657778,0.20818025105699953,0.04437279203969262,0.0,0.34316456696618164,0.11119778891749402,0.0,-0.0922243449412362,0.15196531767892835,0.4058648965169685,0.17895609971421286,0.08247239401736388,0.0,0.3400263175430691,0.03862594586340482,0.0410480639441784,0.06514625703042085,0.16879653120605975,0.0,0.01550774055975519,-0.08776817832240415,0.12578032727169014,0.0,-0.02648883478012655,0.033062612200777865,0.25044952112732755,0.21555618693621403,0.0,0.3115671171484392,0.008647236210052337,0.01834669450572372,0.08317466445612876,-0.1097397716274978,0.2516140939746663,0.0,0.023221790644929515,0.17765805482225405,0.01496110542818702,-0.49804819320035004,0.14522604770573388,0.28593690734792804,0.11265363443192782,0.0,0.13831066752618582,0.3666312786300462,0.0,0.1919328276009093,-0.02625592832578252,0.03463672801278859,0.14585767463440938,0.13556001599367173,0.0,0.43444832873581335,0.0,0.0,0.3096688202252121,0.1795398673323835,0.25704054581902513,0.16386869881889973,-1.0537104474521908
2024,9,Indicador de rentabilidad sobre el capital invertido - ROIC,0.17372147172515828,-0.10319678985826441,-0.09775240126668228,0.03785073394366756,0.35673285654830567,3.653196651243383,0.07229927302293171,1.0015815968924087,0.04556842612476153,0.27647615616938404,,,,0.0009802768846012277,0.6233288818437626,0.26768551887728664,,0.009214544173266725,-0.28727691411486334,-0.3531709563602461,0.9157664364709157,0.1392468813625316,,0.503093493591318,0.05961613618389139,0.043413210448362216,0.3490636481876215,0.15928516004082982,0.16446111178966571,0.37134692150245474,0.5117874839373311,,7.516690211726001,0.14040589456916108,0.0758744913746161,,0.22619462865341866,0.017427847522106354,0.0648753319336961,0.0005182059924693228,0.42377381461957153,-0.5058761363877413,0.8129400413002033,-0.00949333790298279,0.06501281183228191,0.24301374975071366,3.547157271496671,0.09769985191638741,0.5657425836014083,0.027321472293639237,0.27683691759290574,0.009893475750063052,0.22373028794552852,,,0.13717382049986182,0.16142615529923598,0.2516769469808471,0.2184064164956221,0.22984035538155978,0.06463582429658188,3.6619752950229003,-0.18347936383733277,-0.5983201406397249,,-0.05706419315990552,0.13665585823698323,0.2480001162647989,0.3206437234444601,-0.036750874415316215,0.4069981157265483,0.929819735349456,0.3800364915461094,-0.04603641151754889,0.05291298207453132,,0.15260984657304433,0.6850984313830624,0.2679777717493801,,-0.034928716278128435,0.044747486551529825,,0.01524958077923766,0.41709134295650285,0.04843482717584946,0.4810254542907302,0.13380673033344292,,0.16863243055572008,,0.36784982511020337,0.18146939577734877,0.15984801970506268,2.0781109617098474,-0.4217920137105602,,0.23017917084479955,0.1210722220250624,0.33162287550573866,0.12524132908183527,0.7191402525573412,,0.09181762071025013,,0.16743425658834887,0.052538289724761045,,0.264668136145394,,0.08189319103907655,-0.01652711057643963,0.16609349074470847,1.3039696141222814,0.05679558426690323,0.4369372964480114,0.0605822331284418,,0.6889114487956254,0.16383961974411232,,-0.13138909079345484,0.2518243086840475,0.6028979620352806,0.44496797572135893,0.1351603968544426,,0.6776018268231401,0.02703313351153991,0.06322671738793217,0.10233517199435593,0.392084588594785,,0.02025680548497011,-0.11190868456721059,0.1410738744145974,,-0.035599316663257996,0.07636447992535822,0.40176931467520083,0.4530209813750905,,0.5362662282563744,0.01264796392963885,0.028024297511347385,0.09598225142927697,-0.15125516762909264,0.35944777181315435,,0.03876806391165055,0.3937105257654152,0.023575086040766635,-0.5415663629317344,0.29637033057406925,0.30542485597214974,0.23382414936771934,,1.043060094261068,0.588786514604337,,0.3957310475004432,-0.026278497041006932,0.047182138685508246,0.17843254769924988,0.23762245239099355,,0.48615096095904553,,,0.4216637675790502,0.5073264081420232,1.2346268732135552,0.2008675295051794,-0.6809511065341181
2024,9,Indicador de rentabilidad sobre recursos propios - ROE,0.38431086121152136,-0.2173010785575923,-0.22974927461431016,0.11668847147204597,0.6053617666176629,12.241238559833716,0.23087170203044072,3.1488878337934043,0.14100193595271127,1.1454683649768067,,,,0.005983281458964207,1.0558455814608099,0.3310945511935288,,0.05556995208856175,-0.7117760170693284,-0.4160140157687856,6.724522438590767,0.32326940662277215,,2.522723205814719,0.37883730287833384,0.40461136558982513,1.7004976772846585,0.3981755398594311,0.38293658213990933,3.9961245156572396,0.843412049048899,,55.0395093137783,0.28941594960762984,0.26216511953042887,,0.8723652657035308,0.045040080309451724,0.0978324794303067,0.0019832117369020796,1.869362338901786,-0.827496377226382,0.9936169930707615,-0.026132221196779493,0.11436777541093335,0.556883894267727,41.8684319376602,0.27099853255117856,3.013195344257383,0.13646706835795785,1.840893561750924,0.023914912564314772,0.815146110178733,,,0.7429110022234511,0.7341717181845664,1.5074625761470806,1.3481907348763706,0.5762527806537479,0.21322432410332004,60.28349036832482,-0.47828640882016704,-0.7654492971285234,,-0.21227816435959568,0.6982249904897018,1.029670326189414,0.3716549879100399,-0.09407827507889044,1.6114515411015793,11.149296838066576,1.0859386482995594,-0.10017029802905619,0.12437112955864049,,0.5015362249277893,1.0644954067929198,0.8528748615065167,,-0.0851054706658162,0.08867900792159888,,0.0289586669762536,0.6190662867523156,0.15188737418174703,1.0744404836918915,0.44270107737402076,,0.28753000168248666,,0.49191109198084515,0.33062002182764827,0.4127031932053866,3.1549648030636854,-0.5994023851901956,,0.4334310679559026,0.361816775953794,0.7473095700758892,0.23853624815764363,3.044648222638606,,0.21672489921909355,,0.500545552131439,0.10889694731137478,,1.1125109305654846,,0.20260667228144968,-0.05099179949618493,0.21431722173723355,8.859197352966932,0.27786110697208155,0.9145339721107164,0.26322119638545116,,2.537340270609755,0.7586165076334417,,-0.40983051847364516,0.7725884630029287,1.6658114642490398,2.528359994172269,0.5343900485959967,,2.7392391850425524,0.028803338617442442,0.22470750650616234,0.32611146621441667,0.5640660019923498,,0.05118923813711862,-0.17454702970888225,0.17795715294913905,,-0.05158589920514278,0.22657708992629821,0.4746251109441306,1.2231896740330819,,1.107275552734206,0.04051469823914111,0.14893713482796134,0.4661911621967538,-0.46681978027315163,0.8109312037973746,,0.24213864106226812,0.9864517464149352,0.04231147303866023,-0.9671316479346225,0.41784105743181743,0.4514538185381247,0.5104283844299271,,2.368103324282419,2.5739466989978195,,1.7082160465435177,-0.08302925213247936,0.18127165504114395,0.30559872923137865,0.467491212334447,,0.8179087370994249,,,0.7396710688162713,1.737331054159391,2.702645710824932,0.4184943667786103,-0.9198241402338798
2024,10,Indicador de margen neto,0.09206261111383253,-0.04765739317818335,-0.06364508519972946,0.05496654510005965,0.2725790188316706,0.42233382065468705,0.04080390649339097,0.13781731052362298,0.047978008929530344,0.1368622149293898,0.0,0.0,0.0,-0.05841087021296868,0.5028055813492085,0.15657963557451232,0.0,0.00965633862943083,-0.19456833159892403,-0.2349802697953542,0.0981346127164875,0.0870048783401175,0.0,0.25322505257049016,0.03930498562665483,0.021904050980178055,0.25487496974653895,0.09866078059401916,0.0,0.256985417302719,0.3147319253189788,0.0,0.32288145946929914,0.10280188480020486,0.06207173044764026,0.0,0.1152880153354108,0.015447556442590328,0.06660965895980044,-0.0036912789447901893,0.27347033708628715,-0.15972499342685562,0.5688872152187765,0.014147673360367723,0.05131659067849815,0.18573193635703364,0.1578103148126812,0.06571789844604371,0.27293351976510555,0.015403508328455058,0.15455214331171788,0.018020935779958745,0.12863969953387636,0.0,0.0,0.06212715280791656,0.0,0.15679152858781242,0.12857328275264812,0.09532483524504214,0.03679455685119499,0.3408289552529696,-0.09948942609822403,-0.15246171474564862,0.0,0.00267226427292196,0.07814911159478309,0.19334988024839808,0.25903738374671686,-0.0009463691689982777,0.21790133546810983,0.09543890453587182,0.1729468549999087,-0.03900473012423534,0.07106129225092474,0.0,0.09646118922452843,0.4986286499802985,0.1781813843405089,0.0,0.04246458244825988,0.04572291724729045,0.0,0.017806662709062723,0.374714130724033,0.012409048730871298,0.21165355841241068,0.11108759472366254,0.0,0.17364351503291325,0.0,0.2873692048383569,0.18116667888820626,0.10492499888017731,0.2729627848911092,-0.2744083940651774,0.0,0.12505593087030645,0.07921485481054047,0.21800695832866343,0.08968471285285551,0.2146766136187356,0.0,0.09323284104411995,0.0,0.11448160559944182,0.02609875245062728,0.0,0.12962696607225777,0.0,0.06745384644186839,-0.006261445125758819,0.11496004832520472,0.17279781994388257,0.03329446162962687,0.22068220302410674,0.04070516945528262,0.0,0.3045194281434089,0.07403983512033561,0.0,-0.08486608000336612,0.16953863583414883,0.4043419596589901,0.1703381369577963,0.09474770126100114,0.0,0.34600974123269507,0.04501487655273009,0.04151331523042722,0.07242136979553872,0.26929909165567345,0.0,0.004112401413482064,-0.08368403957038822,0.14411907813936098,0.0,-0.0023352844731498726,0.02645678138931685,0.23012240739811046,0.20483993998931946,0.0,0.3337181156407868,0.06021040925921846,0.028867602504867005,0.08557349442440114,-0.11079435856014425,0.2532262113198464,0.0,0.022603602976257745,0.17042158827976014,0.013560910578747998,-0.43021998841724546,0.15481345195085244,0.2712340339839312,0.10500362281407168,0.0,0.12517675904999334,0.34587026996061826,0.0,0.1943524672434566,-0.026620736912511416,0.04410914266815507,0.1454472850996104,0.13157324072192084,0.0,0.4184856374400199,0.0,0.0,0.3175788756304338,0.1841926104342841,0.261839478239312,0.25705807820738646,-1.1702027656025467
2024,10,Indicador de rentabilidad sobre el capital invertido - ROIC,0.19836860758659336,-0.09337617890677341,-0.09414676719245274,0.06407119566706898,0.4366397863302376,2.7455592254823262,0.0852782130474381,0.8481080069945246,0.06592700043952737,0.2961773172521174,,,,-0.12050408427825121,0.7001530918725176,0.2882524718409405,,0.011716700367317756,-0.2902684684829183,-0.379410852519945,0.6443119415288812,0.15425910604436677,,0.5326523133743839,0.08113042724714892,0.04475987410911797,0.3882520384669319,0.17590426319099284,,0.4320549428592422,0.43158773214366253,,4.711052315617426,0.1437007809168911,0.092681620244502,,0.25511008182807626,0.022106964648394678,0.1163942507166631,-0.0078123258450214506,0.4643093147678088,-0.5417340459798384,0.8776403839079532,0.025565977668600803,0.08016072179405853,0.25896909841564675,1.075525553433264,0.13144731564056134,0.6569418637021387,0.030862401677171247,0.2691123235932251,0.038202202744805014,0.2284806413221232,,,0.14062487875321494,,0.2932830080041706,0.23891957428318955,0.22628740158036997,0.08207634589046275,2.412564345853595,-0.19076933754835945,-0.5559178855566106,,0.00453269662493283,0.14592977355214787,0.2820976987009467,0.3596934916094643,-0.0014052091402039224,0.4746909676983524,0.5000875992447766,0.39146733750753127,-0.04773568836633013,0.0727511451650189,,0.19455711829868427,0.7237869667597583,0.3287548568865952,,0.05605595260985963,0.08418089151664176,,0.024915564368518606,0.46676364159547656,0.02579233675163284,0.5096406538534828,0.13890584906672987,,0.2692191030603217,,0.4515956655936906,0.2102984591223882,0.18411213171567287,1.6140953252401915,-0.4407260559304105,,0.2730363637300497,0.14615885497114034,0.3362914064673257,0.150726460453799,0.5699366888568715,,0.10434941089031846,,0.17928696208172523,0.05475851917261432,,0.32267255797981487,,0.12300793980012625,-0.012224480266480264,0.19941643143348609,1.1061948112602948,0.07595742312047582,0.5096295923888576,0.06097251714467378,,0.6722072698696095,0.1175071494874218,,-0.1335556878838824,0.318620853598093,0.6828098485482363,0.46699646638498926,0.17388977223637103,,0.7886833765227415,0.03509887800639366,0.0709002592951391,0.12589445467986504,0.8647066384201294,,0.005918303179573758,-0.11794245453757302,0.1826621367813599,,-0.0035597274461527384,0.06734457564652763,0.41942532411215416,0.47041605434376965,,0.6651672707326155,0.10138256441735138,0.04888111463180578,0.11028197930181816,-0.1674978254840972,0.4092881275920466,,0.04197053145320706,0.4173101065124787,0.02352544409283097,-0.5373349453611824,0.3537424938331246,0.3225971275766344,0.24138301664179407,,0.7116105422516747,0.6191779478957589,,0.44771823788038345,-0.029284853458801163,0.06744281348014236,0.1999661638197192,0.2568598376027227,,0.51822739099135,,,0.4952476261159793,0.5866960664023748,1.4599439780341963,0.3746527236073389,-0.7592188275662872
2024,10,Indicador de rentabilidad sobre recursos propios - ROE,0.4409012860582646,-0.19931919781635388,-0.22342610366297,0.20198331936513148,0.7526215138245356,8.400272954147042,0.2767001268495859,2.5388533368268766,0.20820676321551423,1.2441884369542153,,,,-0.5504074278857158,1.1990342147226678,0.3573274937711137,,0.07177770361758617,-0.7168578135013235,-0.44534153990703074,3.8456318225157293,0.36069049033723166,,2.735706434183639,0.5390033162154946,0.41763514723263806,1.955760502801318,0.4436682532944092,,5.1290536448428625,0.7023705657468065,,26.53630002195307,0.296764264706624,0.3252083256578533,,1.0082256184031504,0.05726524404533251,0.17810233971385503,-0.029684893910468024,2.110299155549446,-0.859744744453575,1.0756446558154882,0.07251035265433314,0.1413530214713954,0.5957139269693073,5.567222286815231,0.36939695483792234,3.7626338151671703,0.1549966493687891,1.7700150327709858,0.09420801831793901,0.8382933376504715,,,0.7622281721547879,,1.8566302967682424,1.50019424903097,0.5623909087417696,0.27472944234146923,27.609542915645775,-0.4965736469919615,-0.7259330552749683,,0.018439923584642415,0.7508334148566738,1.2108493215462883,0.41943829298691226,-0.0036877782718233165,1.950896303519987,3.8593250365816925,1.1166633587604955,-0.10387804137932055,0.17176327823192028,,0.6642897201245068,1.1256548174191043,1.0778006890289022,,0.1441726440475808,0.16958741815225475,,0.04742214107125142,0.7020910674698464,0.08042782724617226,1.142748202782378,0.46474748429318535,,0.47359160313782,,0.6092398802480063,0.3878118207709047,0.48126514794130726,2.391023291690029,-0.6223504153482842,,0.5194334593774645,0.4437397079787151,0.7618814450902183,0.2901642486732676,2.2193047873026375,,0.24893680123896633,,0.5425783232650152,0.11409994997526618,,1.4412095335072332,,0.3105275381224002,-0.03799557315059532,0.25791657288895986,6.894079058185845,0.3845209027511227,1.0967162337626029,0.2648587370572346,,2.458056036137195,0.5190057280744476,,-0.4123747575816876,1.0198388329169679,1.9296431516153203,2.7005246349650225,0.7208656714098673,,3.3613117883247234,0.037384014054400616,0.25543191579572677,0.4104099676549733,1.3148356472687381,,0.01475523615176555,-0.1847986643834345,0.2320700760101413,,-0.005182848434774345,0.19987002761399508,0.49665200110768737,1.2788460335621687,,1.4215061300331557,0.35246129606839793,0.26813035490756243,0.544717014702883,-0.5061117888910137,0.9448305146773384,,0.263651438772621,1.0567800234552065,0.04237240825149602,-0.9674062000108649,0.5010499718859023,0.4782701391933697,0.5267859942331745,,1.5122593607733625,2.731353182800931,,1.9869098122861932,-0.0924895538548578,0.26337629773197424,0.3435310813384578,0.5068247934072256,,0.8806191335300173,,,0.8806963694713994,2.0968971373595333,3.299010112618041,0.8344514059609807,-0.9614753535793928
2024,11,Indicador de margen neto,0.09407155998546331,-0.041508464599339975,-0.050627770957338995,0.05100270856051332,0.21589491651114373,0.4079968237333187,0.03798664584544454,0.143537371153583,0.023096878058606923,0.1342035979439678,0.0,0.0,0.0,-0.05336088763438701,0.4532771519917309,0.1503748654865822,0.0,0.011257173127603716,-0.19454004272674463,-0.20703573569515482,0.0932807162008909,0.07860741877911961,0.0,0.1491646021748935,0.044694538309264197,0.020403245950317894,0.2315839340723898,0.09373461346864151,0.11711955663575695,0.2522894443069444,0.3151461125152354,0.0,0.31475937741911536,0.11688182983965249,0.06443298094106199,0.0,0.1230373133442351,0.015733411623041496,0.06955315943689487,-0.0013423510941524813,0.26046084269392195,-0.1450970678621027,0.5366964072915217,0.01085548179614884,0.057836564265782056,0.18204313156205848,0.24505392438760268,0.06354750557999451,0.2673860685670581,0.015871776349007875,0.18146437838094012,0.013526459353430708,0.09404140515049121,0.0,0.0,0.06631844472227597,0.09040069218936236,0.1535284082013132,0.11813494059675506,0.10735475467564864,0.043961400920832235,0.3464127357548186,-0.09436852135094223,-0.12387649703983733,0.0,0.028203042012201956,0.07571483891397346,0.20091936983167646,0.19212795359802445,-0.004003049861750946,0.237180459432918,0.1081356134610584,0.17761908307194643,0.006749064677024362,0.06513975116668971,0.0,0.07925584873541672,0.492929483695915,0.17054085682108144,0.0,0.04554999586932194,0.05999001308481092,0.0,0.03596995123563423,0.3847968274434973,0.029500822145916167,0.2021585298785193,0.10813206125632897,0.0,0.1683380320022863,0.0,0.29698179238063527,0.17649335911110275,0.13794430356967993,0.2672003715020931,-0.2668325338635101,0.0,0.12444163259763417,0.07828969716421443,0.16886439996416897,0.08848100495706972,0.20166953192603396,0.0,0.0946866320289733,0.0,0.09701035263323445,0.02492614504875308,0.0,0.11304625456828192,0.0,0.08063654947258983,-0.00133667072495294,0.12884494958849224,0.17102442137392113,0.034861708153967566,0.23554444738559654,0.06594255206773988,0.0,0.2874973103740675,0.06845995407401755,0.0,-0.052056949110917884,0.18364782418656056,0.4152638877736698,0.1785000096228735,0.10187274739735339,0.0,0.3511794041781379,0.07252157047293345,0.04265361238238579,0.07786582543475926,0.2786074991233773,0.0,0.0017496688157859885,-0.06217263964073919,0.16167726338627983,0.0,0.014120463621114064,0.032614205536339716,0.2217110576634761,0.20980142146845857,0.0,0.3457913681744683,0.06613770306649076,0.02769504927054148,0.10612973986771389,-0.11377806137935058,0.20269350219666743,0.0,0.02558718022606929,0.16913048687010546,0.02957559849688385,-0.43353484772529505,0.12620083961688916,0.18735642858158708,0.09314807745016306,0.0,0.07698780841800099,0.3282356775373162,0.0,0.19497624929902405,-0.04500498330163851,0.0497633590470937,0.1290088309702091,0.07194370529202603,0.0,0.4227068006459096,0.0,0.0,0.33014796018765374,0.18639105132170777,0.26328137039894844,0.19772445619680235,-1.302179765845349
2024,11,Indicador de rentabilidad sobre el capital invertido - ROIC,0.2207964153105122,-0.08881684561415393,-0.08266186275928955,0.0654320779771127,0.36942949626332267,2.0919234619396243,0.08678639102369123,0.7535120653734875,0.03418486606310345,0.31863334677994515,,,,-0.11985765692504913,0.6866263701334929,0.3059501110911349,,0.01497533565169018,-0.31187242449232133,-0.36593087591438234,0.5144857319827545,0.1525715348357386,,0.31855222235778924,0.10196554996512486,0.04531652066163683,0.3835317528942279,0.18387364360448566,0.2228950448057565,0.47153186106148914,0.48252012051749205,,3.410234426749077,0.18200229088214814,0.10592753735871674,,0.30289680992081247,0.02485807427658515,0.13402527378479423,-0.003069217286686743,0.48772665440449603,-0.45537064930189575,0.9079062233319746,0.021487519813424116,0.1002301034138886,0.285232936523907,1.6792031408485082,0.13957974300257114,0.7060380971988418,0.03442864025467274,0.35968034149144823,0.030557460466030806,0.1778908603536955,,,0.1666905021661087,0.17086432466773016,0.31546612432112453,0.23858555500915735,0.28314557071021396,0.10688524576036218,1.9909420908850284,-0.19704880264773295,-0.42873475393633453,,0.053863088883690624,0.1558322545735853,0.32604580097874103,0.2845435488960917,-0.006471617254862783,0.5805761520366022,0.49777545798223977,0.44740283055193464,0.00933488923931769,0.0735935166818158,,0.17205548303312534,0.791815782492751,0.3470583885314109,,0.06706360385312049,0.1234770023174312,,0.056078528885793455,0.5379081529362315,0.06777987387406958,0.5357948603874518,0.14762385444485182,,0.28475703935347574,,0.5226204141076847,0.2253245200765548,0.278903290886356,1.289500214441036,-0.46428098837841514,,0.30179720373266306,0.15742638970044465,0.27658035028589123,0.16299519901326653,0.5933313371085085,,0.11586652300015543,,0.16529192046463037,0.055881761223745,,0.30140333316523016,,0.16497390644910181,-0.0028796569893825286,0.248567952417162,0.9059198872352834,0.08735659720559164,0.6124174246542602,0.1115518368533217,,0.6929316212238128,0.11812435801666266,,-0.0939896161133209,0.3891375147578289,0.7928056624211528,0.5490404598596821,0.2063655577307444,,0.9046398183408435,0.06333160720705355,0.0799353931355491,0.15076034397451155,1.0271039075307709,,0.0027452329821355814,-0.09788865583482653,0.22792013485971485,,0.0238192744360588,0.09058454823803075,0.44103937665922177,0.5275062433133286,,0.7777792478171068,0.12279526602338264,0.05092161854886945,0.15301955162029102,-0.18645375449758617,0.3512334084593256,,0.052459516848090804,0.46284355330853977,0.057317423339996454,-0.5730050949111516,0.30884892010864173,0.2365874499097158,0.23379525122596423,,0.34386015150057614,0.6495619429440744,,0.49939734045505024,-0.05337027966245289,0.08448076708406882,0.1970217209175611,0.14676494312880872,,0.578841322826247,,,0.5833934440934552,0.6593065392588302,1.675090911563347,0.30467702232082083,-0.8304098028855871
2024,11,Indicador de rentabilidad sobre recursos propios - ROE,0.49279679747451643,-0.19123336427603188,-0.19911353950740485,0.2070891021889678,0.6276511066016728,5.914680273038199,0.28445943859123335,2.1788484342187147,0.10527641645868191,1.3606688310402277,,,,-0.5480282221755757,1.1725095306175644,0.37998371856399316,,0.09299648326281229,-0.748976878011256,-0.43080050087629596,2.7480673580614225,0.3565749662929474,,1.377365079311463,0.7060312169783662,0.4232661908685016,1.9202366767247518,0.46545827058408107,0.536645331748898,5.919294880739203,0.7931479437603022,,16.275165725252972,0.3824676218293177,0.37606909849604997,,1.2453203906091392,0.06448908502903983,0.2059113966495889,-0.01177253143851964,2.2542113978534744,-0.7817997885008455,1.1140355984461099,0.06069173866690769,0.17758551832897806,0.6611523063888143,11.160593856570339,0.38927888073873795,4.217760611236558,0.17370672638976492,2.674883068815697,0.0752577063227653,0.6276476405515474,,,0.9351409063817584,0.7752611321349265,2.055917253410605,1.4856511155318395,0.7182948406811733,0.36710680602558887,19.616318274211114,-0.5130503091376275,-0.5887881277607445,,0.23514442035962868,0.8073263917225901,1.4568297006552657,0.332047867463122,-0.01686719503948564,2.5390328707312944,3.847861905122226,1.3037188069596959,0.021007095469044668,0.17278447619063808,,0.5776428835828686,1.236640572772655,1.1411992980456995,,0.17201249710540467,0.2524734042066288,,0.1078710352490897,0.8221206049574166,0.22352262507808862,1.2072124767122157,0.5026094005454833,,0.5063357030976403,,0.7103700625042488,0.4189839136675142,0.7674642944991776,1.8740147758678707,-0.6501367514767442,,0.5773300729847055,0.47931559360570475,0.6148183829530682,0.3160066440135909,2.343864008409282,,0.2793321627845491,,0.49706747482785496,0.11725933540365374,,1.3282099617394203,,0.42658198724591445,-0.009061419592436226,0.32307724688547235,5.103967821584537,0.45152310977371735,1.3635575713343164,0.5168265900445925,,2.5584388793738535,0.5250298646862823,,-0.30320783466832824,1.3005809316648165,2.3127359353082717,3.4146140227473643,0.8928608620694567,,4.0575499689724674,0.06748386841665632,0.2922162194029232,0.5018833530886586,1.584498085411235,,0.006827440249717043,-0.15412355167653136,0.29170289563395957,,0.03484428617048674,0.27744972474257223,0.5224085095965882,1.4711440934229647,,1.7067854372571554,0.4329538786897149,0.2779456956687598,0.7992852758367366,-0.5496366031281867,0.7974859927183193,,0.33611071770780865,1.1970432691692743,0.10471533088993112,-0.9792412464763717,0.43387451408899214,0.34660512844330604,0.5078913413692461,,0.6678078798266218,2.8959266495896645,,2.27995381070655,-0.16482027056049287,0.3334823437558041,0.3371515841770951,0.2788482290165515,,0.999069802290453,,,1.0538975256800365,2.452611967434466,3.891964283352115,0.6649906359586135,-0.9855286348694835
2024,12,Indicador de margen neto,0.10872901751720013,0.0028992210016766493,-0.04058993881830051,0.047738430750657423,0.14918505213954114,0.4235843559085807,0.03985933369581592,0.13953152937161942,0.021458653229865586,0.13709533046209466,0.0,0.0,0.0,-0.03661988739173627,0.40992949873342893,0.1425945368594985,0.0,0.013314649102435907,-0.19994212442548723,-0.1576443179562772,0.07965989754957102,0.06636868388546313,0.0,0.12171562313850708,0.032412070268837995,0.007228516923265999,0.21734481280309018,0.05417370040876268,0.12070422010139961,0.21286404752148586,0.355596269840588,0.0,0.31737297328842085,0.07578731995438868,0.07004962413639114,0.0,0.11019978386669402,0.01485738062406747,0.018899871651877644,0.00010494911954081778,0.21614062871168097,-0.1205642515293065,0.5243071646514542,0.014260798588371511,0.08047387608114585,0.20638728434673945,0.19540778212097998,0.057406328167356135,0.2567979027012321,0.015381372377964934,0.14239279686166825,0.009762234300473266,0.053089970907902524,0.0,0.0,0.052331110235809185,0.06100636210542961,0.14706761679754343,0.12117660791470602,0.0998905085828736,0.03961465616897659,0.3280659445929533,-0.09485093943879543,-0.15437403326265592,0.0,0.05171782075964893,0.08239629411836992,0.1661694684867161,0.16580781193826588,0.022419914458676155,0.22986572350585371,0.0896008032628512,0.17922455564575135,0.02294586324247417,0.05343664582235351,0.0,0.044160019050148935,0.4231038078044327,0.09734435654189014,0.0,0.04121792117592374,0.04541583865129293,0.0,0.006510763056493776,0.3606964745229659,0.025363400750751785,0.1186501862680338,0.07262061571411879,0.0,0.13005481186738882,0.0,0.16382127027477986,0.22352563570288192,0.027510470041628887,0.2626262085738619,-0.20555935016271487,0.0,0.11462786097484351,0.07626112117636015,0.12580229995552047,0.10009163802132619,0.15988097512169455,0.0,0.10285841317715766,0.0,0.10800495368895673,0.01722672249514957,0.0,0.09292168897191487,0.0,0.019893216376100923,0.003925776648971439,0.13687478597046202,0.2072325092497645,0.03955366049429775,0.29711057211826075,0.08335737785760114,0.0,0.21149745841142034,0.0517502763336751,0.0,-0.055257107970155046,0.1726543069123949,0.3650996957341353,0.16760100149251927,0.09795274128881351,0.0,0.3298501178372068,0.07625687542676213,0.03934565308849339,0.05460613654441016,0.2854303034631928,0.0,0.017520694120921443,-0.11376023558898143,0.16333726946135074,0.0,0.038701209964475854,0.015107075228589607,0.186989553879061,0.215368826119092,0.0,0.29822201673243903,0.0617558396380101,0.01672280050222608,0.10547774157013251,-0.12137555073444321,0.15937357111516753,0.0,0.0150699897029816,0.15428106928939378,0.027840797352996757,-0.4058396563010898,0.1376768515921985,0.11521061206370362,0.06582465052886599,0.0,0.0641229620468537,0.2956843485601085,0.0,0.19398095343885807,-0.02508462317678454,0.052706042608294014,0.1413634390471609,0.08500911614068353,0.0,0.41279057866256286,0.0,0.0,0.3402256407033081,0.17384617675076697,0.2711059876020381,0.14387670385326454,-0.16531667593767488
2024,12,Indicador de rentabilidad sobre el capital invertido - ROIC,0.28060715465324115,0.00700618774657924,-0.07241658458379263,0.06749097436171048,0.2666964460427388,1.9356864032119776,0.09843646532371131,0.639209550544783,0.03489428367654579,0.3571793033116675,,,,-0.09048847446034569,0.690162421261248,0.3177874168607975,,0.019327673008770363,-0.3403273988304515,-0.3215814852220301,0.3792855824185466,0.1386152649796002,,0.2784052606258689,0.07931888029896061,0.01702234264503466,0.39036412926364217,0.1119721002027898,0.2497115110167829,0.42746433368118275,0.6203180674732136,,2.980051069775435,0.1252428553171263,0.126341676273523,,0.293656171625313,0.025766180262661198,0.03799236357595115,0.0002580472125419675,0.43723891232249934,-0.3616045492727741,0.9781436616309471,0.030876189090491613,0.15666554245369668,0.36560511666802054,1.014216969670433,0.13688330425804662,0.7360362749259282,0.03604431124154295,0.29588110450697447,0.024760878027493716,0.10554069171068758,,,0.14171738900434927,0.12225268712448112,0.3266541811336914,0.266137008650962,0.28498364983640645,0.10262013511480528,1.5651224074640857,-0.21314692145590475,-0.4668958154352352,,0.11432363001894963,0.1878254855508903,0.28935137926689114,0.2685833114628542,0.040209397593515606,0.6097407710664042,0.3572223629757241,0.5022070224808945,0.03520668568506902,0.06582031620427697,,0.10026411937358004,0.7174553847342793,0.2036980736453582,,0.06734247492281886,0.10296202666078202,,0.010916297415901166,0.551760800863569,0.06237049923506932,0.3162209748731295,0.1054555020178154,,0.23164003618340767,,0.29055634986658907,0.3380320921943216,0.05540161685034306,1.099222554157064,-0.40600553027185526,,0.3033343596281648,0.1676210356417911,0.21879893386883054,0.19246385719772707,0.49934091364472355,,0.13749533709913342,,0.2025236576012932,0.04116262233293888,,0.26270553610658154,,0.042099670851746485,0.009235761931267517,0.2887211629394737,1.0301603293270216,0.10887867968415432,0.8974913573529464,0.15826261910706663,,0.5184851086740596,0.09547864231549874,,-0.10744690100150955,0.3994670979713877,0.74685015497889,0.5625156359561154,0.21598113574422295,,0.9357360919218312,0.07753461330666811,0.08069771555243199,0.11094623510898849,1.2492659412683977,,0.0319813120710708,-0.18653864488016847,0.25443530683931925,,0.0743118378137595,0.04470719929653377,0.39854806586176483,0.5884897784915051,,0.7134640383153528,0.1249241706841695,0.033092075151756495,0.16805154922862053,-0.21274043297380874,0.29434289482992493,,0.03335982866151599,0.4622295102116545,0.060155479522011834,-0.5834960413369459,0.3734168710369581,0.15308560932926962,0.17501547100653525,,0.25168681922392966,0.6340020821160204,,0.5442967050582783,-0.03271980426318333,0.0984482742334507,0.24319065001423756,0.19231499760776272,,0.6130023077086912,,,0.6827566218197414,0.6654708919964476,1.979011131331164,0.2385985613990098,-0.21177324865332137
2024,12,Indicador de rentabilidad sobre recursos propios - ROE,0.6390053762904304,0.016084130752084924,-0.17649839778839127,0.21497069281270131,0.4433297721966234,5.131153807809228,0.327796704581814,1.768259866544276,0.10779411814409467,1.5740447357763716,,,,-0.44293048486919784,1.1790258865843306,0.39511940230504083,,0.12199399072740702,-0.7874259743721765,-0.3797946519216654,1.8076634077681741,0.32205721029389434,,1.1717170497159812,0.5240225223323853,0.14469108024738842,1.9648840646047083,0.2722926561036463,0.6110201329444027,4.936797619163675,1.0444311626795568,,13.380494673581797,0.2578588787175389,0.4571332903192087,,1.197474224196446,0.06689859348585991,0.05712227594914787,0.0009956459086970515,1.944273411638354,-0.6725905783287084,1.2046575539109532,0.0876843418911597,0.28227696540747393,0.8729135855457708,5.374305191934326,0.3755725443225517,4.523300761445379,0.1819003907519423,2.022515824588715,0.060789727663619786,0.352542532617274,,,0.7626891433851051,0.5211823124387807,2.1657306600405732,1.7080207810996022,0.7195609668784473,0.3525902016889022,12.954022684824453,-0.5488876714310096,-0.6273410538697344,,0.5431035463847071,1.0102635583476123,1.2504964196276185,0.31455657621123234,0.10823494186738447,2.7481805446334904,2.3486020809772072,1.488035527810191,0.08043176156641851,0.15327613937308637,,0.3185734884029232,1.1059398976045176,0.6079032415951591,,0.17033627151957598,0.20837915988365174,,0.020594471091482935,0.8495946656072617,0.20765730200500987,0.6637088969563782,0.34992087214690537,,0.4086270332493511,,0.3859267386031229,0.652179456199578,0.13445025144182732,1.5788851868684022,-0.583723267423066,,0.5789319788768188,0.5107511284533046,0.4768221466589624,0.3775687006008246,1.8722163126192743,,0.33689961461972984,,0.628442884841361,0.0861622142624705,,1.123619158639161,,0.10151620915311454,0.02953058615139814,0.3767794016840871,6.259592222837386,0.5831208182190173,2.155978592326591,0.775966742478635,,1.7568179376162405,0.4151202763269801,,-0.3387707418012137,1.343840984436437,2.135876165599254,3.5314953680582493,0.950756526319777,,4.225364285047464,0.0826019354028229,0.2964996230399046,0.3575998979970838,1.957989434252846,,0.08099050743176539,-0.2865890410351326,0.32717742915454484,,0.10962686504063823,0.13366006683677334,0.47074674582448295,1.6842370285706534,,1.5457401313158203,0.43917864999005696,0.1731769430784469,0.8917250481532519,-0.6056538487476739,0.6577145438340095,,0.20501010904642114,1.1985757746588717,0.11004996908595821,-0.9825947531387766,0.5276707051900418,0.22144069554923163,0.37083226181352114,,0.47776778006203635,2.779249653064278,,2.548599773383212,-0.10362770298300406,0.39140844282907206,0.41985840483704484,0.3698058203323753,,1.0652970381377553,,,1.2540009247220039,2.489672983615543,4.778666224940961,0.511090113657017,-0.41305274896871313
2025,1,Indicador de margen neto,0.030282228985017055,-0.7435522694450404,0.12371045722483005,0.07201132557503982,0.3496957190757676,0.3459804681236681,-0.2922372341101716,0.027184336740324617,0.05543432674128771,0.26695340931100864,0.0,0.0,0.0,0.16833887263080016,0.3032292596763433,0.16917255093794456,0.0,0.0602485613467695,-0.030819399627532062,0.8443398043812563,0.07354331720890654,0.09205691869008141,0.0,0.17211270473503062,0.01946166069912616,0.010303612064381743,0.27688092341399306,0.2700703950388383,0.07062601972865765,0.2830876525175504,0.4560716142315172,0.0,0.3238353397320617,0.12746822098432797,0.09995326279383415,0.0,0.17495467568581755,0.001896196099874337,0.037425248189887364,0.0235685876012349,0.3789252391191623,0.1594095195344395,0.2850768694720738,0.11808408520323552,0.1982385132471845,0.433842222430351,0.4096204515851075,-0.17021476401685326,0.25893458739761055,0.019940283522968894,0.3427076969908,0.08333447210501602,0.18300660995149132,0.0,0.0,0.18277484009553716,0.16129073319306753,0.16997460966630437,0.07741872856179492,0.08840186055619209,0.2001944454716712,0.6989489225975113,0.19816031036007276,0.012061838248541436,0.0,0.03250912916690065,0.060767817444039925,0.3670763269399032,0.1185769309025711,0.237152009201051,0.25565752474933484,0.048442166157149684,-0.05034414469194495,0.18557294125682322,0.26417766196832515,0.0,0.03109867894004656,0.49820760040830087,0.24577746019312413,0.0,0.006741659908873703,0.2995095835617457,0.0,0.006933208318114508,0.3729836134188406,-0.3517104331293768,0.2996639953357535,0.14023660108221314,0.0,0.3227929667739001,0.0,0.1727602373625976,0.3001550183608414,0.27255342458452486,0.35184100494328335,-0.8522521921385852,0.0,0.34968364815138464,0.29023290033600196,0.17581119293706218,0.009139121747953423,0.2070161958761506,0.0,0.25645625216756157,0.0,0.26492716649515957,-0.06695806847678414,0.0,0.11553525819501771,0.0,0.009567045131993204,0.01628323382472504,0.33228847943452816,0.0799015909852162,-0.02453089577982283,0.6638570050897138,0.11946590711109505,0.0,0.4120961321621988,0.18449864261057514,0.0,0.276697383965915,0.2930721012785774,0.5005725233461824,0.3035549733288237,0.10777689519796463,0.0,0.5013215700550712,0.0018335432936740668,0.038277717670788365,-0.14310748250831257,-0.6747205623365493,0.0,0.012853778127445857,-0.07321710706152447,0.2589390609902657,0.0,-0.5123773989357526,0.012637296748114262,0.24015570314967294,0.055809719452067356,0.0,0.07317043905267566,0.11137365240767812,-0.12483800337079497,0.21236813648026168,0.007370846942866235,0.2885468650639716,0.0,0.04238181288376776,0.12956398978672498,0.011199106280617384,-0.018222181299753414,0.06250729610730117,0.31490117770084797,-0.03623087794069465,0.0,-0.04002296040078493,0.478088022442839,0.0,0.09794195669334615,0.12106080220391448,0.10365878540240098,0.0981692176989798,0.10807275108159678,0.0,0.18889183125907677,0.0,0.0,0.2990135421573381,0.22489689841255714,0.3695298500895312,0.3158603972728696,0.02205313712112822
2025,1,Indicador de rentabilidad sobre el capital invertido - ROIC,0.0051230838109195265,-0.15839975294417663,0.019520337657174647,0.010194776164519581,0.04542557062210717,0.11118658528571701,-0.061566211830659356,0.00958046082289199,0.007057484286483673,0.05712378402512308,,,,0.0341606610338443,0.046869021878271244,0.02681163350546134,,0.007411182606553712,-0.005947583525258038,0.21557127066945392,0.02476018828242421,0.025052853777860484,,0.05437435948140945,0.0044351906629602755,0.0029607576100612043,0.03586904884233921,0.049314637642197345,0.022793839186694864,0.05168469307680024,0.0539892601506935,,0.1107620744213409,0.02224332997447842,0.015180293930558086,,0.03812109154214305,0.00030640425425976225,0.006654435942607728,0.004244885495639172,0.06562883836518063,0.045557351899539356,0.0371087960054588,0.020369417809797286,0.03350623692840782,0.07802530436919342,0.1217317669932918,-0.028887993697388037,0.05737989609726335,0.004143369920176276,0.05641307347696767,0.015712925539967282,0.027938403763383413,,,0.040162586711278925,0.026968840364198332,0.03395599671852212,0.014394939893586534,0.03701399294864527,0.05582242617953792,0.18710225993517215,0.05104719157793247,0.0029060669089515656,,0.006371151732203595,0.010272162785197603,0.05746898378996512,0.012926176321324645,0.04618991604860212,0.05670807598064176,0.030193900216366476,-0.01020355550143004,0.024643941308165385,0.026888247020003808,,0.00521409334101941,0.05016633809268067,0.0446764749133679,,0.0008354436763244877,0.06285374748273576,,0.0015346719371873707,0.04298395840091507,-0.06549660701803495,0.06338472459758293,0.018593165913119103,,0.04888574522196465,,0.03403038778569223,0.03345815597493251,0.05889696749377782,0.10019001031532615,-0.15448740271388395,,0.07906575001407434,0.05929626558910983,0.024761672283299285,0.0013576653912306114,0.044965312039134675,,0.028750606725884253,,0.038335872028584905,-0.012284989533740354,,0.027499103948020798,,0.0015361176241932561,0.0036668532923014308,0.048195902288846515,0.03453375943364323,-0.004729581417523665,0.28721774597269256,0.028307398219045155,,0.06489730940165317,0.03515881265007459,,0.060562957829583874,0.052150993532677825,0.06774009258025604,0.06685859449829601,0.021320376079819958,,0.1016853676223799,0.0001493547332296341,0.006014974073484947,-0.02280785738966007,-0.16527645909972055,,0.0016293817450181436,-0.010687816580641107,0.03756374832098608,,-0.07364861830814895,0.003147251420496211,0.03181855983784998,0.00932116637334035,,0.03235699387305879,0.05106522023169702,-0.018242871091500468,0.027040361670631397,0.0011044536517808012,0.0638494242090859,,0.007682744493719529,0.025352868350185354,0.0033575325768953057,-0.002622334712735208,0.011352299246264463,0.03429523234539933,-0.011991213418180102,,-0.013295566352419796,0.07657947858701708,,0.028507437661056345,0.01711910230516267,0.017549541947164737,0.021723305066350118,0.021170843493906633,,0.01762538582141837,,,0.06512947054558715,0.06033360601132953,0.1510479450835409,0.043413925957374255,0.003839072654322706
2025,1,Indicador de rentabilidad sobre recursos propios - ROE,0.010341465474177802,-0.3296515346608644,0.05109252760549077,0.030999653393347204,0.07167624244808324,0.19714666500359668,-0.177145560994439,0.020225322344932684,0.021304374856046193,0.1922827906946778,,,,0.2234129712508357,0.07108838540534901,0.032506312709760454,,0.045686828451224626,-0.021076291135987635,0.2688870235498886,0.0838509412345323,0.05500065360009976,,0.18627482272178653,0.025124957434987882,0.024110902057848937,0.12692219890360157,0.1162632283986782,0.05008577972615558,0.30249144918799953,0.08182730890765466,,0.23837694448238977,0.043969182132331364,0.049299709558447535,,0.12377305217601853,0.0007809457983496415,0.009939429958818247,0.01642986355535969,0.21366730167506431,0.11365849746109058,0.04333006056457833,0.057328515533583424,0.05803610194571074,0.16480394220535444,0.39009652326670485,-0.06997678572457544,0.19936174541163298,0.01979185688732832,0.2737805622788716,0.038433058190791236,0.08738362825103452,,,0.18518867360042957,0.10226056868131472,0.15150774861370642,0.06371815263363434,0.08229063215878907,0.18468563679005556,0.6635306569850863,0.17647633630638593,0.004446797976475958,,0.026203217636189047,0.04306290590193407,0.19883784369783797,0.014976541574258428,0.12452494046726947,0.1739317956876829,0.13009358413784078,-0.023097559389663957,0.05600261264584083,0.061182860116294036,,0.015300779579323853,0.0700412235724499,0.11927108350733184,,0.0020044951020179447,0.12472380147575013,,0.0028821271502532664,0.06138291247876926,-0.19434240346042675,0.12178026339191939,0.05743306953410565,,0.08248690883241871,,0.04389196074425228,0.059034008609683,0.14300263739453034,0.13074678013618568,-0.24378941964902834,,0.1407992595647125,0.16657112457054213,0.049825888299314336,0.002494232311893496,0.12476698171687506,,0.06664991568099143,,0.10575509322848253,-0.025267522417662613,,0.09376799797486424,,0.0036232398047861825,0.011711104214577883,0.06123144024308158,0.10564132092479261,-0.02119017747380625,0.5837998502169135,0.11631080352939538,,0.16903709707077685,0.1427219713456369,,0.23228435220373655,0.14028068561601437,0.14695421844033385,0.25536874281475574,0.07646083996527442,,0.2845175854098394,0.0001587350862710668,0.020507035602516543,-0.06567900104651925,-0.2170470179541263,,0.004038175477857564,-0.01740395897337066,0.04727072226811546,,-0.10509496731262635,0.009174537737749011,0.036770417380818765,0.020458685790363917,,0.0581249346634829,0.16710464129543312,-0.08707031128025955,0.11738235329695934,0.0041942727634383115,0.13041535302631702,,0.0446396259623516,0.05441537070499303,0.006018271521630814,-0.01075886109328228,0.015236581629336055,0.04861702568209547,-0.023423742521438085,,-0.02320691789170848,0.22731402415095858,,0.08786126096204416,0.057295421821595305,0.0631337504357119,0.03529326781330777,0.03826493790592478,,0.0271194608862948,,,0.1046038021312301,0.15887673528085888,0.26044845076310374,0.08661558158607141,0.008514281812599611
2025,2,Indicador de margen neto,0.029302947333205008,-0.28604053658984646,0.036485810351192784,0.12390008813556247,0.16995163851139408,0.42013649418774895,-0.14713932022344176,0.08313052375552824,0.039456510725860955,0.050088545417416835,0.0,0.0,0.0,-0.008910146808191785,0.32089908669226624,0.1452668697844259,0.0,0.03875085235874319,-0.12288277576297682,-0.028143176983472847,0.05325750991885971,0.08533081919916526,0.0,0.19431620814380862,-0.007559113777250941,-0.003309399905603016,0.2922841654418397,0.12715034932921832,0.16223664567615684,0.2997505500178052,0.4678219037755984,0.0,0.2747549211207777,0.14604226827794825,0.10701091840956133,0.0,0.18081197154748707,0.014194269862395905,0.10122362921957466,-0.13229469834184615,0.318764141778045,-0.05834472789247285,0.39761884644933687,0.11754024868498651,-0.08422506964516652,0.3332512512641224,0.21326986897922778,-0.05588766714997763,0.2713134530535089,0.020757748732762128,0.30865846211569614,-0.05098001094335582,0.20039067722290804,0.0,0.0,0.07857868895988573,0.1469184386031242,0.1708023465149389,0.12499479122760149,0.05039579954754108,0.14641170891465424,0.3798710913042938,0.08641411993763354,-0.39436541066829167,0.0,0.04694337664599446,0.06737886169537212,0.228754904207586,0.1156309436194194,0.12447354766729292,0.24624110764312027,0.12004344491550681,0.03791612974580449,0.06827263386715995,0.2660550342923371,0.0,0.01520119584436477,0.445111608943378,0.27516395647596115,0.0,0.025854183358910182,0.21086805987550156,0.0,0.010590410858747462,0.4089907930187901,0.018455202474582735,0.20160050597960827,0.20516987810005358,0.0,0.2366311921153527,0.0,0.11853366081584855,0.3085736666866854,0.0887609583573779,0.29723352382896134,-0.6914738821320099,0.0,0.21017450391541415,0.0947909962265472,0.22200983821959622,0.027186912205564254,0.234120661126202,0.0,0.2507902809547082,0.0,0.1549345468109497,-0.1313556476241762,0.0,-0.02901341966669308,0.0,0.00798763207716732,0.020245365967528593,0.19208663719338087,0.1512909239405612,0.025719389203096497,0.6081356680882105,0.08117887484885415,0.0,0.3447986589825572,0.17533917720989362,0.0,0.15634949619699848,0.24215557465048426,0.5140311165573891,0.26973936199909615,0.06226313465038025,0.0,0.42006754402020713,-0.198138604145535,0.020887240066881016,0.016658027027978594,-0.40620286338396633,0.0,-0.2176719438445854,-0.16967091064421663,0.16840781400282248,0.0,-0.3682136368400785,0.01603126555128663,0.1945183382744009,0.1957256080580196,0.0,0.28146454355054124,0.005297285316290548,-0.12419224794735294,0.18437046100687995,-0.25478630608046976,0.19868657652022656,0.0,0.016247925827296963,0.18622397633354465,0.025043510089661943,-0.09425167895909355,0.12180559991488525,0.29313393206871585,0.1259170843137178,0.0,0.09706110293671955,0.3624723391340957,0.0,0.0,0.05339083691423458,0.1243132492762021,0.0786579747017977,0.02628934615615076,0.0,0.2582519698085692,0.0,0.0,0.22693429292337944,0.23639923360568416,0.31299673425895624,0.4193010908293557,-0.21842329171452754
2025,2,Indicador de rentabilidad sobre el capital invertido - ROIC,0.010250709159437932,-0.11702425884671164,0.011473068035668499,0.03355976073130673,0.044990157979362344,0.2594520343058242,-0.05850259120334422,0.04487133504495744,0.010142246290757662,0.00944345207201791,,,,-0.0033081913745151015,0.08371130775650104,0.04672303215653084,,0.009478765789590282,-0.04316758284287314,-0.010889838536244034,0.028826867268163747,0.036963672577055906,,0.09720256004100092,-0.00330025093413433,-0.0015525501249278317,0.07631933741521357,0.04288247079788787,0.08095116689888493,0.10559708461601769,0.11344946579081139,,0.16162468738231905,0.05206241570728287,0.032128220283891507,,0.07727796051762437,0.004219307344399681,0.03616451677848476,-0.04670422785842354,0.1093283830506051,-0.02757939167359824,0.09899408774882645,0.04066053440132289,-0.027720027716048867,0.10647873012182352,0.09522630414449118,-0.019471518363447404,0.11523555382667405,0.009513331325378793,0.10088503562847739,-0.018825159496113297,0.0642661144298593,,,0.03490957388773874,0.048343533117963355,0.06519042816584819,0.04439776331541356,0.030506761188162868,0.06667697035913034,0.17662083869650202,0.04048299960377899,-0.1514019308426131,,0.017822880584662748,0.022596700837460126,0.06670418605316719,0.025471799539664053,0.041591472861090883,0.08670628573491457,0.09716216062734895,0.016371368171371303,0.016387386329449027,0.053772747782585784,,0.005079688369007407,0.08887480220995192,0.10011901012367774,,0.0066920330962523256,0.08227497862104172,,0.0039027198778063266,0.09501414834827693,0.00891637464656525,0.08244923689878214,0.053220847617484246,,0.06592224165136984,,0.03893586847541175,0.07032284527088817,0.03367293860668341,0.13199407881332426,-0.2479217311690769,,0.09090696123932496,0.035422245948670605,0.059605549110875344,0.008114462866770866,0.0998013635972117,,0.05519058095032037,,0.043685053482609204,-0.04924755041181439,,-0.012341026793975307,,0.002585731128864177,0.008369925639887699,0.07857452043589341,0.09354288258455035,0.010489699208232839,0.399999896534309,0.0336751115376408,,0.11293526186145963,0.05763836561762137,,0.061693606855527605,0.08438421924690709,0.1433734713134669,0.11836528213225206,0.02323537227395933,,0.21435333672384926,-0.029733902100883336,0.006439028073341291,0.00570798250509541,-0.18138393866749503,,-0.05629376522804941,-0.04561041126252974,0.04426752281937074,,-0.09662916101207353,0.007892401776533609,0.05324965486434463,0.06459933146279662,,0.09412560844665396,0.0031341998711160723,-0.035977367656611636,0.046963626890224486,-0.07341287653337436,0.07527904835109855,,0.005781071977259744,0.07486244401332898,0.011514461744669191,-0.0273035573505086,0.044808465737324,0.06373483986626738,0.06817875840153609,,0.05605305655005899,0.11810470320068722,,,0.01337870448705436,0.04058109687839506,0.027363714311913645,0.009702564797428481,,0.0517502326558954,,,0.08234916300497375,0.1313116205954281,0.25027187795467687,0.13157867048208938,-0.07058324228954871
2025,2,Indicador de rentabilidad sobre recursos propios - ROE,0.02071250245129974,-0.2511632245559492,0.029969009492025522,0.1048993015702584,0.0709023764464567,0.47430481538167024,-0.1699949329217315,0.09623073448441843,0.03076123825279864,0.030365831507991103,,,,-0.01985813413559856,0.12798834721077834,0.05675501388543713,,0.05888225472403863,-0.14694210509263683,-0.013274961797658968,0.09767612872550435,0.08183671866582354,,0.3490932136881928,-0.018426272608908834,-0.012494516195470706,0.281781835153849,0.10124197703842408,0.18426350483107146,0.6817527302936413,0.1742566237953318,,0.35713730487858375,0.1044808223609297,0.10614456321763588,,0.26055605893051115,0.01078358775689403,0.054421717280722204,-0.16880227339994314,0.36948963351639397,-0.0655912397185392,0.11615780038579815,0.11632648005838608,-0.04698259532821125,0.22748255348077762,0.31226449968781855,-0.04685754964306288,0.4275900435224951,0.04571164991014798,0.530031456843427,-0.045299901637798845,0.20882639261554847,,,0.15926595416197187,0.1872693311817728,0.3052653835980381,0.20457467106659277,0.06723954271897492,0.22403814027115443,0.619709297205592,0.1400274720499477,-0.22155443690631205,,0.07481210647256042,0.09623332999406453,0.23250350363367955,0.029692576312660313,0.11084405529372843,0.27820850069254344,0.4629130595683839,0.03746406775478328,0.03705944380337578,0.12412818100691525,,0.014904139652594406,0.12448394822695552,0.2762605590734841,,0.01592809048651267,0.1635315491448368,,0.007333557503606647,0.13757735522733272,0.028911497512435824,0.16013528545713562,0.1706089117017855,,0.11234023790298253,,0.050265711779373445,0.12600648598115782,0.08054504480430946,0.1728008083537751,-0.37848545837544945,,0.16237944137245242,0.097434118878311,0.12208277046471072,0.014996213978820006,0.2889943209029866,,0.1305050898796256,,0.1215738629462495,-0.10002589533944883,,-0.04051681823412878,,0.006117819385796031,0.02692975992943869,0.10021630853716768,0.3022847339605428,0.04822562413994724,0.844190407381572,0.13833136336055962,,0.3050390215992551,0.24307317675073614,,0.23448939081073683,0.23213627815639293,0.322374988410133,0.47757862057352196,0.0837892649540195,,0.6449861138777446,-0.03155636793214622,0.02208085640085078,0.016913731619226047,-0.23707446224003437,,-0.13319042733245068,-0.07377849260148228,0.05583796063512092,,-0.1371431769211443,0.023323847694985744,0.06164065027009569,0.1465767821911108,,0.17346169257477206,0.00976481228527959,-0.1659956636214308,0.20901239134733562,-0.254037797086742,0.1548615654300629,,0.033410574934766624,0.16593795484056795,0.020778109940887246,-0.10889523505364085,0.06036767215408645,0.09090132452822774,0.13768997103989933,,0.10020983570028186,0.35897233680120766,,,0.044733343321061714,0.14867253212984455,0.044427614206624,0.017383644090886996,,0.08030131985887534,,,0.13265259296598053,0.3640783292663463,0.4435554850560861,0.2742645984772678,-0.14986259496808396
2025,3,Indicador de margen neto,0.033225714184672975,-0.3075146497279082,0.03331811516288361,0.14742481947038777,0.19519745679213982,0.3614060142738534,-0.1668096382014705,0.02492236597842552,-0.39705813964323655,0.0747254781905936,0.0,0.0,0.0,-0.024211344413182057,0.4368921972903877,0.13694300266540932,0.0,0.04006031675317549,-0.12215659669670059,-0.04515113545718398,0.038475606033016085,0.10025886327029618,0.0,0.13834128656616054,0.0034494454763566505,0.0019610691969623134,0.2565124416728334,0.09137164090477908,0.18973045980719064,0.3217747716655069,0.41479181720494035,0.0,0.14148888851110972,0.1170566798635765,0.07263612799609018,0.0,0.15601206163591466,0.0018247228638150407,0.0211605561341576,-0.15424419177411497,0.2867290676348874,-0.053515173542185386,0.4153680116540937,0.11436256545060156,0.07937293841059756,0.3098355724254333,0.12781950934228276,-0.011915814064801751,0.2752309914457045,0.0203933432801236,0.23029127473791322,-0.13243926777687284,0.13512216369591354,0.0,0.0,0.045138830773367174,0.12489181827474317,0.17357466656102433,0.10211247098577621,0.021675240530392364,0.12954565466529644,0.358898361261944,0.0514300824377403,-0.15347173086914095,0.0,0.015186040769142721,0.07436851721236566,0.2198622089913501,0.1462847288221588,0.1464148383693062,0.2762151296182719,0.07400797663798227,0.04994073263924053,0.1264919918462276,0.21248774508209875,0.0,-0.01830019380543956,0.5238069473161459,0.2236809677142373,0.0,0.027792034152597317,0.16292861887051338,0.0,0.005961498173148899,0.39446242161215644,-0.05066452152967065,0.14286273159448232,0.3208075516630646,0.0,0.22610259490386309,0.0,0.24745599450243214,0.281102026098628,0.05837252654954018,0.24510930862199717,-0.6732074419253018,0.0,0.18613622815489228,0.061230317570566066,0.22922564064087406,0.0393955250774982,0.2522389943660552,0.0,0.2536384512293389,0.0,0.08247592988959371,-0.09100707722852645,0.0,-0.07261121725479128,0.0,-0.023612489735652813,0.020609181256936712,0.10663969336993341,0.20769609778181009,0.03954314669848751,0.5270988115106302,0.07047126171656246,0.0,0.32090990772966915,0.18383659819805087,0.0,0.13397677891953022,0.23740120304493528,0.39843295232863263,0.277505056306837,0.11048447539981257,0.0,0.3426401513461511,-0.5199096433495984,0.04660097635021581,0.007904480588662327,-0.35754652742653875,0.0,-0.10430068520987683,-0.043741058850396634,0.11889723927599093,0.0,-0.24327235509194173,0.010863953883092931,0.06769319927439615,0.018763132437233064,0.0,0.2551028958381532,0.07342537803715632,-0.06577576893938081,0.16846348612988743,-0.3249791714382648,0.19155657116108726,0.0,0.012080538786019347,0.16617951966223984,0.002603943216679712,-0.05178689973244106,0.00235166174746542,0.24830899161262462,0.08099770874534527,0.0,0.07029495342263228,0.31290555249432583,0.0,0.15179968668469962,0.040678026847908166,0.1234933998642617,0.09749592749689759,0.14863730542164663,0.0,0.30541216269205024,0.0,0.0,0.2530170403674782,0.23872737783523446,0.2775039473214963,0.3637040849341908,-0.3154034914571038
2025,3,Indicador de rentabilidad sobre el capital invertido - ROIC,0.017205325189900922,-0.17769764259126053,0.01589335972888617,0.06062528332813688,0.09510290508760821,0.2612836627813504,-0.0961579486329549,0.01643518648199005,-0.13935854011905757,0.014116015569634044,,,,-0.013129889590125843,0.16892338786770966,0.06779678209150664,,0.014762816305151416,-0.06245276300993752,-0.02494805572110248,0.026735044589524692,0.059963218182900846,,0.0949669298208442,0.002207518328112279,0.0012952615114250055,0.1009564929250597,0.04591854891881386,0.12693089484136522,0.16834091581634603,0.15318401774488066,,0.11040334921685613,0.0579849989524317,0.032420475037507,,0.10117873012806,0.0007843589234650672,0.011075460142728755,-0.07905582886538953,0.1458795042564276,-0.032405711865418296,0.15167193175132576,0.05882969891937129,0.040231935847528044,0.14474872743222722,0.06992639039380855,-0.006053911624383179,0.17287075579274203,0.013553038103447657,0.11305911716061967,-0.07634200258656676,0.06386372702027221,,,0.03014850527063362,0.0610757808692739,0.097249904301687,0.052663916949855505,0.017012856204391413,0.08227223459788546,0.2141776985210031,0.03532831111718071,-0.09900249290088103,,0.008231276303529267,0.03728615760762133,0.0948276838349087,0.04969659404273874,0.07919182719354834,0.13263702292359603,0.06749661240834914,0.031342148729018415,0.0462505945849947,0.06463318835806153,,-0.009023765096106473,0.15696673794827376,0.11962494788028666,,0.010849320725790479,0.09487801272191354,,0.0029983370557198352,0.13957069075194228,-0.03289163933817951,0.08752876624840167,0.12353443992897173,,0.0924460211634286,,0.1294108284223927,0.0971998867188586,0.03238684250408297,0.13894154763308442,-0.3366003056339,,0.11908426498284475,0.032763392559835625,0.09128655469498814,0.017809451803804777,0.15542123556185783,,0.083255132385321,,0.03452596494037308,-0.057759539945405725,,-0.04382221027275224,,-0.01121236958554328,0.013916087167043178,0.05773851150518605,0.14549124692361848,0.024540503595948282,0.4274276398359851,0.0419393821135956,,0.15945654187197245,0.08577102387748847,,0.07734748451909623,0.12477796930754748,0.1655610529596201,0.18996061624218785,0.06134802394737737,,0.24613907894939158,-0.11252705436285948,0.022240700056555207,0.003866657214514291,-0.32826162030464423,,-0.04192408060495567,-0.02022472109630835,0.046073581515518214,,-0.10057710149473298,0.008380256171412803,0.027454133702296435,0.008981988913838279,,0.12813718863768897,0.05610589815076228,-0.028844942742555557,0.06536970619627303,-0.13724932277814172,0.10310787617722506,,0.006408545634231322,0.10443655207755742,0.0016973620285076763,-0.022918892064118568,0.0012918179127083818,0.08050441156665133,0.06072047584726259,,0.0495056802755407,0.1514787993243063,,0.11391011818310393,0.015003793231919138,0.060473242862310705,0.04655433832802558,0.08595135513000063,,0.09907878474391651,,,0.13168736455414498,0.19713503426400236,0.33506150610627583,0.17769764279491063,-0.13075183903266008
2025,3,Indicador de rentabilidad sobre recursos propios - ROE,0.03492815290833562,-0.36769927298090943,0.04181444953393609,0.1955211107381134,0.1515546730809505,0.4738529280739796,-0.2707393508211,0.03472146745368776,-0.3669478044729071,0.045736617966536164,,,,-0.07726185963801036,0.26298097605855464,0.08254022336022881,,0.09295290797057287,-0.20862678981374738,-0.030274743462792353,0.09019382738981618,0.13470699569719535,,0.34162912917318455,0.012504146791672888,0.010541304912529359,0.3812509227281764,0.10955316953009864,0.29705705622166123,1.2127223705192463,0.23738811386807668,,0.23947023574390824,0.11698108760928827,0.10723834300305146,,0.3487211566983015,0.001996111890559371,0.016572366296467633,-0.2738794762311857,0.5082120717289653,-0.07662418374227176,0.17872047713869232,0.17068035617675914,0.0694623577326392,0.31479247162509405,0.23216795434932158,-0.01453916424767665,0.6843506346544455,0.06525778718718578,0.614106727204367,-0.17776781544828169,0.20854704941397362,,,0.136180073443539,0.23930009219463266,0.4786107757459357,0.24479454997114503,0.03705861309942571,0.2815700825034242,0.7753478211006615,0.12285305713821315,-0.1464084018085815,,0.034259700862125486,0.16208215960243466,0.33887446753693506,0.058360979256626866,0.21476522067515202,0.4521975948687076,0.31002773500071346,0.07201462893802058,0.1061999445920705,0.1499259135249924,,-0.026194424339321953,0.22166269476431744,0.3333652874790438,,0.02554738776493215,0.18797968030760304,,0.005630475496181342,0.20454740451274755,-0.10371545397404613,0.1709838962802812,0.4243392937052346,,0.1594436582110641,,0.1689935013069448,0.17629775664756786,0.07741187128538907,0.18198449331629107,-0.49692330627122405,,0.2144144374064656,0.0898106108728689,0.19001261018866233,0.033133087900417024,0.46980477022450295,,0.2008247502791547,,0.09604118913764736,-0.11706930224969081,,-0.1395411020082885,,-0.026350823514760258,0.04521146969760803,0.07354101634516486,0.492986984643063,0.1153871053687523,0.9137436148593687,0.17333500002123747,,0.44677252195735195,0.3790859072827173,,0.2964760043266601,0.35287350005331564,0.37652750858243245,0.8253311636294309,0.23093940541982017,,0.7535996079407381,-0.11908878431667247,0.07776272208648916,0.011510813104965267,-0.4164147927415065,,-0.09959300847158414,-0.03316188398661324,0.05816789645486242,,-0.14250969425535143,0.024967212369300107,0.031732160897111505,0.019870895464453753,,0.24001492476218678,0.18330975698641683,-0.13459637033105165,0.2975205314053342,-0.437531164246982,0.2151938283760988,,0.03707765506556271,0.23665190898872912,0.0030467765387609536,-0.09259270976454015,0.0017279274138424228,0.11523345044387567,0.12198737357944789,,0.08828988662883575,0.4684250834495638,,0.3756130562559805,0.050419174093191854,0.22463473577196758,0.07578937195902302,0.157349581319026,,0.1555130913623406,,,0.2144029355962087,0.5727619832805697,0.6079345744406477,0.3804164069161575,-0.2674606632109573
2025,4,Indicador de margen neto,0.03819874391264966,-0.23125670813462165,0.040248473694304884,0.16244908410189418,0.19885616493621305,0.32409017571401,-0.11888054604327532,0.06983574811314909,0.06538664794782538,0.13118064066121451,0.0,0.0,0.0,-0.07757485280252407,0.38235919595078244,0.13301231668761626,0.0,0.04302173741997037,-0.1664547553477391,-0.032702354007254006,0.011922012652048779,0.08523231144197367,0.0,0.11499167033504076,-0.017473410426820737,0.005043167146296488,0.25800440538683483,0.12280434641979499,0.18159829046508727,0.3479949004885191,0.4442722269341091,0.0,0.173897645770013,0.12936815356917716,0.08768307873636398,0.0,0.15087706265581768,0.010104983217417395,0.024450862100059926,-0.18495969401344928,0.2625612838558706,-0.09325178269334317,0.44770556393014405,0.08305903021605877,0.09339345866957866,0.29436855590247796,0.18012461651201958,0.017069651788349096,0.2775264289791701,0.022147949258958157,0.22737015074264602,0.0054138654848828825,0.12104482483977895,0.0,0.0,0.023053109038551817,0.0998821095831851,0.18482871902500425,0.111732324726801,0.04621616548883684,0.13091112023323334,0.35154576159016443,0.038980414384255514,-0.3140528732672101,0.0,-0.03841642293786351,0.07891296475128363,0.23556634485577,0.14107837518356475,0.15115496475636503,0.2562384079428715,0.06570615716139104,0.03695471563530072,0.11990373119637496,0.2239947638921699,0.0,-0.023222767619553126,0.5289086391258663,0.2267158729070552,0.0,0.019574001870022974,0.13263836743412669,0.0,0.015140926887603604,0.35926932569838926,-0.05015225573921304,0.053198454698459526,0.34553445661683185,0.0,0.18019011841796187,0.0,0.23526344185501377,0.24441895905514865,0.04680325180854735,0.27178416421355245,-0.42272581335815407,0.0,0.19802592727842347,0.08702479628320998,0.2575761344316308,0.05216863207191405,0.26434399183185975,0.0,0.2272368523418531,0.0,0.06822357540116766,-0.07263915777342175,0.0,0.03849764912512062,0.0,0.00860135556462576,0.01878062489308888,0.184170044455457,0.2200643511440484,0.04434360369076631,0.5298723599826333,0.08375272808996437,0.0,0.32942848847665934,0.1909792664785509,0.0,0.11101324886863255,0.24689972500016316,0.4010609924626719,0.2706381255512546,0.10673391491948003,0.0,0.3691718497877786,-0.3850468771188107,0.05504132145630722,-0.09790089939702316,0.14866996600295804,0.0,-0.1182664195375826,-0.08417721208230747,0.09458142598582298,0.0,-0.23922972672495937,0.006106269325651442,0.1518082133098867,0.11284177049080973,0.0,0.24862515268267002,0.06971432882588048,-0.035747165309591246,0.16597796747125507,-0.37036966965638785,0.20988582536088848,0.0,0.010187022974824109,0.14720068099698136,0.0035897555943572605,0.029156807258521898,0.10691773403653808,0.24964684619863034,0.059799075512554346,0.0,0.05047051710111747,0.2726755853000649,0.0,0.17912846920632408,0.012551696051974879,0.14488959465689016,0.09814136878360696,0.16892280042175212,0.0,0.2418804812910658,0.0,0.0,0.2723026772281163,0.21117228550903502,0.28518307669287096,0.34809461039994377,-0.34390010347078753
2025,4,Indicador de rentabilidad sobre el capital invertido - ROIC,0.02599985037127328,-0.17637924153465723,0.026056871789525315,0.08860075860729344,0.12437719083148502,0.2650994008336114,-0.08929870531171458,0.05411729735904225,0.03271966946505844,0.10230779211048824,,,,-0.05409284113654966,0.19049272523047067,0.0882336041977776,,0.02111861956150962,-0.10715138154544146,-0.023874496875448625,0.009634384132596319,0.06565459111178185,,0.09907516545153006,-0.014496827599206008,0.004329727356839896,0.13508617387065325,0.08263948659339815,0.15086696453637494,0.24498696158427347,0.22520660606535925,,0.16247824993774662,0.08227717555144709,0.052350329232984105,,0.129604119047946,0.005682525949931572,0.01680672441037201,-0.12290552764911122,0.1795198236582185,-0.06525216218928742,0.21836117611320183,0.05698383008534069,0.06262363741216359,0.1789490572731265,0.11439036268866642,0.011415071531608367,0.22901341160493427,0.018678163981093787,0.1464740398085307,0.0045586007226718905,0.076262755519795,,,0.020049584191982106,0.06404334849634696,0.13627876028803976,0.07515034421301525,0.04550489474736885,0.10692127193296264,0.24903781795900004,0.03493486902524534,-0.22028469302327702,,-0.02560031375664995,0.05263977696184474,0.1352547823788821,0.06495411306245735,0.10420208364763983,0.15729751551889226,0.06563119495394187,0.029555099836676924,0.06001527384823757,0.09061900472186979,,-0.01511821055718876,0.21444253607179076,0.15987638749411048,,0.010116196291598545,0.10169379156744984,,0.009671132283634698,0.17080035154247009,-0.04168108616562993,0.04177742359627645,0.1854170855729873,,0.09568792816753424,,0.15871193616644264,0.11227438927816724,0.033643340691919654,0.18814833872777803,-0.29359780032086413,,0.17503173050012566,0.061300696092452256,0.13793542032086337,0.031785289875368106,0.21461824670515806,,0.09857854653107645,,0.03759760206989449,-0.06389040418268355,,0.03361337483620552,,0.005442742464236483,0.01642584556512361,0.1392425838577822,0.18196293319847867,0.03649252343664999,0.5336224498767375,0.06539664409961654,,0.21888332263360288,0.11566616732583257,,0.08520067523194053,0.17400681833437637,0.24792527805726783,0.25133189103444353,0.07775428140340601,,0.3555152679578586,-0.11007697067047217,0.034550670093398406,-0.059658154625880644,0.17868383255271603,,-0.06266871748694325,-0.04923445399555304,0.04655971567902362,,-0.1295252659211471,0.006109138148613802,0.08375045242654178,0.07225713628597585,,0.16698552381747955,0.06328035421463252,-0.021077333238969653,0.08601676356840593,-0.2029200286681011,0.1493323946086207,,0.007155118844145214,0.12018347944876018,0.0029260849242882525,0.01928251228612554,0.08155374396736148,0.10850071031304642,0.05708906290353144,,0.040691049099199184,0.17772929233088997,,0.17325336013752057,0.005915604808139019,0.09538310069619516,0.05945553191365338,0.13019345323720843,,0.10598138599831897,,,0.18732944995762058,0.23537836302779636,0.4707222655494887,0.21968634693341405,-0.17440221381292975
2025,4,Indicador de rentabilidad sobre recursos propios - ROE,0.05309968306884616,-0.36624231809678864,0.06928809287863769,0.29563165208189757,0.19950397471895553,0.48032107167756677,-0.2552003125294797,0.11659119837354481,0.10166424708401278,0.3630084678711736,,,,-0.2903158019553562,0.29818205205540416,0.10772644475889925,,0.13475245506106925,-0.3401240196308485,-0.02889197704421098,0.03193005887700129,0.14834525839579782,,0.361041244174783,-0.07957487324033308,0.03560295860150431,0.5271791920209201,0.2025549319435309,0.35848671393206666,2.0070922804465803,0.3543632621931636,,0.36300311167195165,0.16817470791798383,0.17683782023180528,,0.45868812430268346,0.014463349608169418,0.025188227535061447,-0.4016743192633204,0.6438193666133727,-0.15049887566622122,0.2588616389395122,0.1648937552902694,0.10840496010800105,0.39555679154483614,0.40625654604496586,0.027450588605852033,0.967246173447317,0.09014884400062151,0.8516317860534002,0.01131934232844034,0.25324490710144176,,,0.08919650473243812,0.2509172571438427,0.7133442782582957,0.36078148339018656,0.10031548582095273,0.37515605705969635,0.9344173996066878,0.1226710805956881,-0.31493648590711343,,-0.10210924329492432,0.23412436198324382,0.5004609608676138,0.07683908282580676,0.28485259614321423,0.5601902704063899,0.30299885577723185,0.06754587276752444,0.13861805492197599,0.21248504343948005,,-0.04371283995462183,0.3045229397801692,0.45544123461463104,,0.023662262926381183,0.20031370984760977,,0.018208071974988416,0.2528452912517982,-0.1320510310287596,0.08046432022615035,0.6762123969428813,,0.1658117231019427,,0.2080292579553218,0.20520279525859864,0.08038787912908929,0.24801172014482153,-0.4411624449386916,,0.32050713899679595,0.17088808596018223,0.2936827809285256,0.05954265440381801,0.6789619448712754,,0.24062515754813085,,0.10557665110245873,-0.12948407887654323,,0.11686236291244945,,0.012962788132418579,0.05373431634556414,0.17929078877316673,0.6389806739472852,0.17492305999039193,1.1800726350137345,0.27704739311197346,,0.6425593301650874,0.5392200656429422,,0.3265107009780368,0.50815259904168,0.5861670813074562,1.162016755120753,0.29848677889538977,,1.163886410538748,-0.11648958306932311,0.12263459829825218,-0.16842977260626346,0.2463367361732589,,-0.14586903258620398,-0.08035570327109753,0.05878850641596922,,-0.18246634143184925,0.018242258651238075,0.09724754342532926,0.16684114810352058,,0.3180843982503312,0.20746650196392546,-0.0996283166540528,0.4016617699726719,-0.592362231740608,0.3186467177220671,,0.0414701119910883,0.27720542820586536,0.005243367853734249,0.08323893039799257,0.11035619739145619,0.15635181629250372,0.1142718101585396,,0.07233606424654582,0.5571716752446603,,0.5981404174674598,0.01973877953580483,0.3651034949986234,0.09692579731776996,0.2411480173286502,,0.16657330238688606,,,0.3086031560798881,0.7045636959215706,0.8856085795653001,0.4825386122362054,-0.347077568522525
2025,5,Indicador de margen neto,0.03928156345810843,-0.2301546734572148,0.041412843068819705,0.16735493510174632,0.2417592920161771,0.33219816504269833,-0.05981435945771555,0.08195512581063484,-0.19242785771776996,0.10696013827434513,0.0,0.0,0.0,-0.042878936890104004,0.3699805281043138,0.13350074544631568,0.0,0.0465020591137601,-0.1744072311044169,-0.18445358757396524,0.014246283587859322,0.08628429112967016,-0.05648825908724195,0.14573516732292122,0.003999711469597222,0.004802418310406829,0.25879254219920056,0.15184869357354697,0.2045833441701953,0.3322450683852937,0.47125949664999084,0.0,0.19706543625255662,0.12373219858359535,0.10247668995224558,0.0,0.15595790285810748,0.009410789691761507,0.010615275885302632,-0.15472847262639527,0.3041917121630671,-0.07676723896031344,0.47851305939873956,0.11452338376166324,0.084630484666449,0.2841222266014205,0.20580009032648183,-0.03763507851460451,0.2737444822826142,0.02272080457998733,0.2412888807331937,-0.3623145133799037,0.1321539027480346,0.0,0.0,0.034157227604265775,0.0993695679133025,0.1867531135702474,0.11771038484201804,0.06466026350625492,0.14512872569249352,0.3812964790172238,0.025327563609429664,-0.3388460741888063,0.0,-0.038579362886705125,0.08388378924371914,0.25605147226373143,0.13050907544213833,0.09996346158974709,0.2152729045589183,0.04637887833981627,0.06918675134262843,0.07572258389063094,0.2407020565858527,0.0,0.002328582376236357,0.5402093388963572,0.1767039092833963,0.0,0.03658912113529382,0.14116444226052652,0.0,0.0249151095553152,0.3396265342568835,0.04016511614178665,0.1223179451383681,0.23670708773080457,0.0,0.09587279774259733,0.0,0.2624958580182069,0.267605944396029,0.042522579308369245,0.27643516421796227,-0.4019895491518907,0.0,0.21577513952259442,0.09760278632956101,0.26772974386890697,0.06689400459620909,0.25606449362772593,0.0,0.22168716502482344,0.0,0.06834382680102695,0.05232787219758992,0.0,0.06890880432821733,0.0,0.024616244868361455,0.01747600630565355,0.15396358694368173,0.2347783080826606,0.043298110423565225,0.5075873266204732,0.10889476693879085,0.0,0.325001158651327,0.2013507955447677,0.0,0.10577111159156839,0.2538857613261858,0.39413980313198066,0.2546656115731306,0.09687985428874775,0.0,0.4293000855544412,-0.26766291108149526,0.06446499486867789,-0.04316362344026868,0.20031127591538297,0.0,-0.11422427804841467,-0.10201439064231951,0.13293157725897178,0.0,-0.3163065799383006,0.0017664819137508737,0.1373551287189402,0.10096187807533874,0.0,0.2586993033887529,0.1066111781918807,-0.014379256939738677,0.17470458387875268,-0.4015263064484343,0.19418638281253925,0.0,0.008576697696704667,0.1526042657743726,0.009429150257864772,-0.017908089919492966,0.12163026832067098,0.24810706317771158,0.041074411055794555,0.0,0.0760240783550511,0.29431561565120623,0.0,0.1741349598617979,0.0025660817559804393,0.14090415482970123,0.11242996477483005,0.21211659671943842,0.0,0.2542678359614018,0.0,0.0,0.26505847367964464,0.21223462037021834,0.3181583046456394,0.3169244257744553,-0.44020878325579615
2025,5,Indicador de rentabilidad sobre el capital invertido - ROIC,0.03273441958305745,-0.21502105034450392,0.033413602373888684,0.11484832456512906,0.18722478177875912,0.3201968302366711,-0.05707170225322844,0.07114886507967788,-0.11024368568110154,0.1020090867194472,,,,-0.03778741081288817,0.2295060279022223,0.11366980352941525,,0.028592399502171073,-0.13740629530859994,-0.1510847692890529,0.012874532442954445,0.0804483417780808,,0.15572774269611966,0.004192206625880823,0.004968035315790598,0.1693087635712336,0.1306049767816202,0.20533789876369846,0.2909073755645002,0.31534625683096595,,0.2147948876018564,0.09581153369499251,0.07713397221822693,,0.16968065670903143,0.006584059460282399,0.009070948468817619,-0.13052464679680098,0.2718190637841629,-0.060812498060597964,0.295255781229651,0.10095238616464108,0.07786831714741926,0.21487662101209737,0.14965873939448748,-0.030523903504405037,0.2809776317951098,0.023956896082812484,0.19394412073107614,-0.31089350342206534,0.10631036082652234,,,0.037454816896382415,0.07940252670847858,0.17096608709361805,0.09828436449538835,0.07773251764983913,0.14699600381839573,0.30704952567571286,0.027833256290319852,-0.2557328820604068,,-0.03097101819668735,0.06974770413637943,0.1855425810836533,0.07496400086044241,0.08129329264384011,0.18292072885719168,0.049088615275623804,0.0693180576620056,0.04535161670170096,0.12321862107009918,,0.0019197099133516637,0.2796740193358911,0.1512175078868423,,0.024012343418603255,0.13729976017731582,,0.019336411712429058,0.20282816407415027,0.04590029378255833,0.1254496436282071,0.1544949019962829,,0.06130294276829584,,0.2190759693388542,0.1545097705810441,0.03773233336442905,0.21848817901858553,-0.33573058249931154,,0.24573579071305374,0.08560781305319054,0.18053629405709137,0.051522534608830384,0.2619762687269709,,0.12045238608311504,,0.04805376779026371,0.06760254309779201,,0.07476513992535949,,0.019475783346725395,0.018624168685964282,0.13952169788763324,0.21965165535393805,0.04427592184619811,0.6094197361034712,0.1095527184786933,,0.2750388262421768,0.1498500443994899,,0.10427546073409477,0.2265224834435302,0.30326280022124297,0.2987739481109595,0.0870965416423839,,0.5641563823321976,-0.09749835904253545,0.0522192696107151,-0.03343298062441857,0.29994135577101644,,-0.07457916274306953,-0.0718379942860824,0.08225992813947824,,-0.20929068563901088,0.0021604940874746514,0.09781962857213378,0.07948911392019475,,0.2178789249273163,0.11515491762234098,-0.010633669432714932,0.11497362436846315,-0.26803011777735575,0.17037791874577257,,0.007503274208462196,0.15764686590693522,0.009253707268778388,-0.014243880937985232,0.11546604076054034,0.13514493753808154,0.0471399098057208,,0.09234970510706542,0.2449998692594435,,0.20710759822067448,0.0014748738794894134,0.11646612250419364,0.08324467864146423,0.21355572701676362,,0.13913471046523784,,,0.22440074813619404,0.3013221344216914,0.7142282850490267,0.25103126203105997,-0.2531900748121999
2025,5,Indicador de rentabilidad sobre recursos propios - ROE,0.06724750068264873,-0.43570251699571716,0.08963689524205343,0.396241260997648,0.3046029189622017,0.5881275062354849,-0.17026979439986323,0.15467413082632397,-0.30011449397439316,0.36392945480209526,,,,-0.21183149462079987,0.36258455915641963,0.13913239780402242,,0.18554668476940606,-0.4217084689388466,-0.17990160641397668,0.04283976684934321,0.18378215753386007,,0.6069711931228665,0.024058722389526777,0.04093636884408003,0.6822607588743574,0.33072559706061866,0.5024826483939395,2.5692922481457146,0.5052742048696222,,0.49389043390629483,0.1975127369315972,0.2673217625404518,,0.6227787407466592,0.01670220341702855,0.013586888558337007,-0.4230194027946088,1.0542599642401451,-0.1403696866175309,0.35222822380925867,0.30167438515305767,0.13493656489043349,0.4841607846819682,0.5583410346219466,-0.07082707099575347,1.2659338901480064,0.11573282019052411,1.2345337759632513,-0.6131680027513072,0.3653266276022491,,,0.1711147101736239,0.31581975863136247,0.9449076991471581,0.48789749338049315,0.17359315371807815,0.5353787360327873,1.2164228100752323,0.09788201858062018,-0.3603926830581424,,-0.12322281005142555,0.31837590865936694,0.7161171612597039,0.08929559642414486,0.21688812079964803,0.682961050559729,0.22278537120748965,0.1613678286344511,0.10368585864140889,0.29330478300980345,,0.005664153514371106,0.3996323577453138,0.42676461457428805,,0.056231035070432256,0.2718894932850753,,0.03654803690588304,0.303340700683981,0.16232175401538096,0.25131104385892944,0.5502875536840335,,0.10552534872623864,,0.28930705053367567,0.28717041770626794,0.09061742859628996,0.2890755826838918,-0.4974824830570429,,0.45983769283182707,0.24256203588461656,0.391940346271612,0.09741306059820642,0.8599571456135411,,0.29832053657703583,,0.13705769502894372,0.14693945264676955,,0.27226269323590335,,0.046987581676372514,0.061275323599186304,0.17973324090499898,0.8003293873988111,0.214513025840263,1.3790716019864946,0.48776407626961116,,0.8440415487562534,0.7420277377852045,,0.4052310406138919,0.6827235486772147,0.7366978175010419,1.448277728946524,0.33737643080571766,,2.082846148330208,-0.10318944659805784,0.1893525200601045,-0.09714517847660453,0.41871986656745874,,-0.17068924689412956,-0.11706669756017507,0.10424713044600686,,-0.29020109396704985,0.006486559799704139,0.1137783698624566,0.185950972110263,,0.42382228290467916,0.3946900599797225,-0.051126182155390554,0.5564834329044814,-0.7151717101365932,0.3673904537489403,,0.04359112277418986,0.3739346122312248,0.016545933082000808,-0.05862361764910429,0.15707072261369492,0.19615815384573287,0.09394207707279456,,0.16713572186599612,0.8039028391214109,,0.7327377577181744,0.0049127501677903584,0.45221533597193586,0.1361534568019036,0.40490261410228734,,0.22093620130287306,,,0.37234089140357596,0.9435038294637064,1.4218595258658366,0.5639139909300388,-0.4790691262396558
2025,6,Indicador de margen neto,0.03542949113207216,-0.2156392041748558,0.03772786830632241,0.14185431686077582,0.25813686285776266,0.3722395347612391,-0.0024693943649860967,0.09080596920249355,-0.11424752171037283,0.12251056716658938,0.0,0.0,0.0,-0.03306378014993288,0.36064333025281453,0.13328591876801346,0.0,0.049107174519507836,-0.15552130800704533,-0.16534509949586643,0.06673742420581619,0.10357271424918724,-0.018580671209253417,0.1316058578204265,0.015150802571229744,0.005238731235302731,0.26240285619729603,0.0720148018457006,0.19854317719014092,0.3068194654006349,0.4898922625889944,0.0,0.19761948717746713,0.11603207367409807,0.10775499278726125,0.0,0.14788925356906935,0.015568253224433006,0.0232434712361149,-0.13710110103571924,0.29911059875130935,-0.15511890241292767,0.4696945321423448,0.11899124520091969,0.08135871364288343,0.2781026753088859,0.1794638585828775,-0.02270142690373069,0.24511634610120867,0.022088540570993385,0.24051327200803307,-0.324720553927154,0.09186632120546696,0.0,0.0,0.018460684617178393,0.13051095215664646,0.18633339210331595,0.12148254100230141,0.08043962152054604,0.14367618723633807,0.37682183961444415,0.0262719584702251,-0.28815943713678976,0.0,-0.03565356387999793,0.09397092013022462,0.2700306599329123,0.13842227126758894,0.0943201176261765,0.20804352804332196,0.051950827122674695,0.11801975765461906,0.07634986232994645,0.1880846492912773,0.0,0.006602327050665557,0.5191345140865988,0.1656401494717428,0.0,0.05551622111618061,0.14354192280633493,0.0,0.02606687545598903,0.3507863108654119,0.03698470442022648,0.11992857094005012,0.23610799958645076,0.0,0.10483555285950778,0.0,0.2594448879340694,0.30650646744193494,0.0870409477984761,0.2610247282028271,-0.3208209542414358,0.0,0.21010405847860056,0.09114263514453509,0.26029334205773447,0.08127577599760542,0.22221769145687584,0.0,0.2131418735924784,0.0,0.03995800313516582,0.0370555105889745,0.0,0.058406964102761756,0.0,0.002507070034433916,0.0199570870444771,0.1350731122609068,0.23874745673633496,0.044246210410861984,0.4279806151897131,0.11522944184602377,0.0,0.3341835854778355,0.183463373336776,0.0,0.0646291497817884,0.2629149130914265,0.3788062438871876,0.23509022173217464,0.09006241152475768,0.0,0.3780161469497488,-0.16741282773084115,0.06635428386085597,-0.020136521200769416,0.03443805664610256,0.0,-0.05463838457590843,-0.13928817212354336,0.1389784061828208,0.0,-0.1549938979423408,0.00388346080168076,0.0768047145502792,0.10696106108535619,0.0,0.28361796256457916,0.09758996823669636,0.0006172092648595132,0.1606842386626444,-0.41060054076962704,0.19667492635753409,0.0,0.007452252583785394,0.15590877733590333,0.0010214468549599278,-0.006092043485655668,0.13945328361954992,0.243403470840985,0.055392929115071196,0.0,0.10019067827756233,0.2909700968478751,0.0,0.1888613931128804,0.01591313890049992,0.1442075358702599,0.10730890498453342,0.22451628305047244,0.0,0.26731697620741157,0.0,0.0,0.2644916711494082,0.2011056051528391,0.33344872640728535,0.3113294609242836,-0.435447368842099
2025,6,Indicador de rentabilidad sobre el capital invertido - ROIC,0.03497472524580947,-0.2346011824859361,0.03604611143700742,0.11503508660620221,0.23869296452136202,0.42862088152420785,-0.0029043301011679734,0.08528427614064205,-0.07925275815116373,0.14248221788689386,,,,-0.03531953571389146,0.2788521773479271,0.13631490771534494,,0.03639988458736654,-0.14770461417485858,-0.15614591775015874,0.07552336823483485,0.11414227488823436,-0.1894749725243139,0.16392107747374518,0.018949399054711824,0.006374236715210646,0.20677030049042977,0.07138033514487829,0.23325989667940328,0.3227686187930605,0.403798376635051,,0.2507554111685517,0.10561170387302421,0.0978459846921409,,0.19249001705666258,0.013022679516479174,0.023758614542077172,-0.13829248473677636,0.32256079434448637,-0.1374862478441935,0.3485042128791418,0.12749764542861786,0.08740520697037213,0.24834156092412374,0.13964981729866444,-0.02209659339191583,0.29956578326677374,0.027250779801088365,0.2306498837414257,-0.30578702777184663,0.08695913788405463,,,0.023815202850725248,0.13278027007417692,0.20277363782240898,0.12048950862702568,0.1161079538990053,0.17308819583508228,0.33119770926029024,0.03448898705141423,-0.23851605152821154,,-0.033204893711024086,0.09361549997036533,0.21915291771569945,0.0946114225557011,0.09052669791817647,0.19995646936450995,0.0580226150495311,0.15345005281953594,0.05467346174012677,0.11328178557747104,,0.006499323966865145,0.32530033030937844,0.16892464380963612,,0.044651335676967996,0.16754950393664458,,0.023836910273929535,0.25424698391816447,0.04942073381193057,0.14515089485270982,0.18618171197822608,,0.07947363052072376,,0.2576622042343888,0.21737524656046836,0.0977668797264144,0.22399883243330354,-0.32771015745717236,,0.28456376669716943,0.09532252345104641,0.21204487895729152,0.07630689596105333,0.2740461690901257,,0.1393368300793847,,0.033197800200872596,0.05638990538692212,,0.07473570782882688,,0.0023415992519195683,0.025026041614161665,0.14699142082488903,0.2483647187362079,0.054193535622062416,0.5804187625553012,0.13708089787420463,,0.34555812000182495,0.15929811379427794,,0.07447599223629342,0.286734012563334,0.35291635635412333,0.33141957627488505,0.09731032286105434,,0.6142452435936778,-0.07506056660264038,0.06326582398666902,-0.01870609080133101,0.05484747122214406,,-0.04417146765790447,-0.1136220213609962,0.10511107413649712,,-0.12814271287943468,0.005636753612116019,0.06355259532187363,0.1012919435600288,,0.2955296734534416,0.11947595294639601,0.000546896222184845,0.12712195657957492,-0.3170637345585554,0.2062779551765137,,0.007797294553992584,0.1929786145484298,0.0011659489078765795,-0.005773691900689659,0.1614718622999638,0.15862921736770907,0.07559316426732332,,0.10333204693547682,0.2945418510755813,,0.27252839497067494,0.010847814777416254,0.14374741387925205,0.0937211922540957,0.27383886707993677,,0.1728415915964001,,,0.26906851515867425,0.3432544302529612,0.9336896737240541,0.2930331485776023,-0.28513068893818494
2025,6,Indicador de rentabilidad sobre recursos propios - ROE,0.07223218998105763,-0.4701032456985682,0.09730969535196499,0.4006786866755838,0.3924699117373014,0.8091523760188819,-0.009267517496206024,0.1868704405409196,-0.22342513754090054,0.5313726304806683,,,,-0.1997671244558713,0.44529691772632995,0.16732396146975437,,0.2400012672272498,-0.44909459814021224,-0.18561187000159363,0.26839863445032774,0.26622469197801824,-0.325597257708106,0.652099413251525,0.1128348616799737,0.05293531867973944,0.8624329782801752,0.17576556587198167,0.5798299272707215,2.9760829793153913,0.6581794693912897,,0.5886080583925666,0.21922699575109217,0.346405703296758,,0.7215137882937295,0.032998638735976416,0.035771721283632596,-0.44435299507078674,1.3042974111116141,-0.30075313323992836,0.41760752802319967,0.388055218472499,0.15174939994417747,0.5721403168822814,0.5202697950173776,-0.05104272485000694,1.392391977136414,0.1311105398843193,1.581697943533412,-0.6087174369781099,0.29640212718334324,,,0.1064615167578351,0.5598456836324928,1.177066827672189,0.6177298632537904,0.26338037799762515,0.6456804622776149,1.347961401198022,0.12288298290108979,-0.33683886441161237,,-0.13234313305193246,0.44261905021296943,0.8724986698400687,0.11352224767166352,0.24118537472598778,0.7773720711514329,0.2686353968172235,0.37271572788673635,0.12529163415064049,0.2677664041901173,,0.019287294025885027,0.4663847524317559,0.48140651034587667,,0.10509100473286614,0.3326961771992383,,0.04512641019728414,0.3853176060253476,0.1782604817909843,0.2949805065346547,0.6851036305274463,,0.13820013058809644,,0.34192063853506305,0.4132617873160498,0.24426431975465457,0.29673008401883805,-0.48876182534438317,,0.539391524320262,0.2713589846451221,0.46682653350547776,0.14530240562442343,0.9112513610198851,,0.3493570031208817,,0.09475330228985501,0.12205313832791931,,0.2721388172016319,,0.005612308944789923,0.08321648622932631,0.18974607419692058,0.9318812937600085,0.2660743412587703,1.304756013824953,0.6259897153901639,,1.1185034334261283,0.8143298025296224,,0.27827174253521925,0.8949271165173271,0.8797095079365729,1.6598808565600232,0.38037796852736205,,2.328873076148462,-0.07948396124470969,0.23213654230611258,-0.05536322618712319,0.07349259608860015,,-0.10253418506207379,-0.1836464513055842,0.13333518494437002,,-0.18179067460126652,0.017086536247202133,0.07381128980180462,0.24195143261616292,,0.5910608055037099,0.4099420133995195,0.0026844254941107426,0.6225455806889546,-0.7906894726852676,0.45295049848919544,,0.04540117216945405,0.46985016275761216,0.0020738813939138456,-0.024094025960809784,0.2211594167526072,0.2316127567905364,0.15243734479663207,,0.1878566292670587,0.9975497511176932,,1.0124476119473997,0.03662927526845494,0.5690961145762348,0.1533401920079578,0.5272782714043442,,0.276509498184077,,,0.4503201539582784,1.1095012780572624,1.9454226646483748,0.6752452360839645,-0.5282311845959469
2025,7,Indicador de margen neto,0.005102214770690049,-0.14555512967436846,0.040344318621072114,0.09798043141921876,0.23040269530562943,0.36974224838455194,0.01781165274810721,0.08751050052870923,-0.017878067984769656,0.1174092641428729,0.0,0.0,0.0,-0.018536093173518814,0.3691979894040343,0.1443142166675116,0.0,0.05099118287393253,-0.1573376981457237,-0.24356880907704564,0.06714003670118493,0.09862851484328042,-0.006712657105912858,0.13514543497277035,0.01699750731770968,0.004680834460379557,0.2532425498499111,0.10047124480568281,0.18910623631957954,0.30541537395934376,0.48371280182321486,0.0,0.28128594776775057,0.1295954837369081,0.11012797295628539,0.0,0.14744469982107147,0.020062872341147037,0.04094446525195816,-0.13172296591130694,0.30869963715039705,-0.13227636642743162,0.4737790760502084,0.1511184321863921,0.06723783400997721,0.2458654466870756,0.19191591591035412,0.02911539977212827,0.234286977504818,0.02310849719591973,0.25022683855578814,-0.2729542995584385,0.11379756520106057,0.0,0.0,0.04221371824817981,0.11266154859426918,0.19226330591538224,0.13870610346045809,0.08666620593015949,0.14973858503678253,0.3634386439581511,0.010492390769211367,-0.3006487309418771,0.0,0.029321436271303524,0.1029997019285545,0.2749689659686426,0.12187776826491013,0.10560925108931633,0.21742419283762934,0.044524494588623544,0.11953234286002788,0.07856350914560155,0.1502193390698895,0.0,0.002068099621798087,0.5591369484006959,0.16940453247929424,0.0,0.04759894322049862,0.15131890926253344,0.0,0.024664649760758432,0.3814769761212265,0.015501689225462969,0.1298257788396644,0.20691010662413478,0.0,0.0924571786578227,0.0,0.2814406236445144,0.29077196994086507,0.08078104909681853,0.26834321473820016,-0.37142192134806823,0.0,0.20771255403335978,0.08897338982529611,0.24415532117470193,0.0866765712340209,0.22124535607044374,0.0,0.21809679286920577,0.0,0.027632514368771198,0.07738732467953233,0.0,0.07426027687949707,0.0,0.009870946677364047,0.017438876276874227,0.16116587019620043,0.24745383021270095,0.04721593405160081,0.5007866806103828,0.10544943901315819,0.0,0.3334708131958692,0.19824564726098515,0.0,0.07612168003342838,0.2758942077661012,0.37570489658769324,0.21558831263157655,0.09450766880548239,0.0,0.36531482838799567,-0.13151991637858212,0.06870491309688169,-0.009128751596772698,-0.23235759590861657,0.0,-0.0662292013422744,-0.14283027807229307,0.1293034720452951,0.0,-0.16309583830144853,0.00253765659510467,0.16785128926539153,0.12634258041438354,0.0,0.2813574014460731,0.0967137070812734,0.0008091483062796931,0.16657746411038818,-0.38030258362630953,0.18995736831763194,0.0,0.006772296117947131,0.15069008300192618,0.005894324087151693,-0.002980410214312186,0.16130022919216444,0.22917724317269922,0.053457613963997216,0.0,0.08756204277307282,0.31051977686943566,0.0,0.1820300749452244,0.018833287603894133,0.13659738270308222,0.10238955276255185,0.2196408116675182,0.0,0.26210753152677174,0.0,0.0,0.250070789170971,0.18407293980130987,0.35416115589793484,0.28687676490733516,-0.4299563714853025
2025,7,Indicador de rentabilidad sobre el capital invertido - ROIC,0.0057803904797220085,-0.19120657474699498,0.044820457251247836,0.0902985772589493,0.24249645591344526,0.47829917527217414,0.029754188916817137,0.09434060176778547,-0.01491506323164471,0.1578869400031755,,,,-0.0231979594682854,0.33489455445699323,0.17303309610862372,,0.04421292968739454,-0.17077716246608343,-0.2501244829078578,0.08687185033723543,0.124279868314356,-0.04372265106310458,0.19418320235314468,0.02455901306024555,0.00653819242146314,0.23341250960243975,0.11756639378530687,0.2530642666917411,0.3815733316104808,0.4697717122499334,,0.44599745266376534,0.1388184270808024,0.11762932131953963,,0.22364932038975383,0.019374483805509213,0.049296250105752115,-0.15266269639677077,0.3938782818127209,-0.13497102706129926,0.4150917843844004,0.19392471189655347,0.08210809597149504,0.2500304797168118,0.17245087186368613,0.035259513015974076,0.3301929558283965,0.03287087856745452,0.2768687460250714,-0.2955816653228319,0.12663482209109156,,,0.06468941660054983,0.13174592768250215,0.2439860646072589,0.16096048535259788,0.14301564090164365,0.20881805993396396,0.3706164035290458,0.015714964288594757,-0.280810912026096,,0.033286022475808474,0.1200995448177562,0.26367718025187714,0.09706338122933889,0.11637023046847905,0.23519007651334767,0.05584518205265243,0.1791154427665651,0.06554465203123994,0.10430365331168256,,0.002329265999452712,0.4186323301679056,0.2003223799889131,,0.0445038395109465,0.2093630226524581,,0.02600700706702863,0.3299928175447211,0.0234295450632096,0.18266002419780158,0.1904347213293569,,0.08020250837606091,,0.32751073920468454,0.2413984294973912,0.10501556014523117,0.26865185188690943,-0.42854738435315454,,0.32710964175968793,0.10825353613167077,0.23109939574600769,0.09628630097548352,0.32911646194900523,,0.16728403650821733,,0.026039326507669713,0.14643637046859337,,0.11102736903019861,,0.011002706203679935,0.025027401704444285,0.20335946136035288,0.3022039366053253,0.073290361463199,0.8400143457701137,0.14534439113397024,,0.405701726999695,0.20096699388207706,,0.10343623140232316,0.35758095383327104,0.40865916078649267,0.3655054013533763,0.12026417023049163,,0.7195343694534113,-0.069220094637095,0.07587387512213795,-0.0098952281084016,-0.348334005107953,,-0.06173169197662309,-0.13686863283270467,0.11176318760438964,,-0.15134948175890972,0.004266212513875045,0.16951056241954698,0.14145826405608597,,0.3448650574431482,0.1323753288636189,0.0008305089551974287,0.15693786223171813,-0.33698625977229413,0.23065680343870154,,0.008223567748686156,0.21586138546963496,0.007784750321810918,-0.0032861358229172577,0.21924035931197694,0.17404940422736193,0.08365152846810142,,0.1019441710095963,0.38481935129614486,,0.3049394574652182,0.01486521292716625,0.16000785910830206,0.10303804091835955,0.3125516885247157,,0.20111032566045894,,,0.2944369775427067,0.36477086730471897,1.2436646975299035,0.31124677778372645,-0.31189601410533074
2025,7,Indicador de rentabilidad sobre recursos propios - ROE,0.01181542626787091,-0.3954874059495458,0.12225492566094887,0.3098684550720834,0.39844295136113494,0.9113914587382699,0.09975304229755255,0.20778299183214477,-0.04492560865576589,0.6010982957701416,,,,-0.13599227050012153,0.5408748553807994,0.21326372224834156,,0.296411081203791,-0.5054605882929325,-0.29402987123344027,0.31231924621634155,0.29231915078917203,-0.07992653202662425,0.8069164188110518,0.1487875887475587,0.05456190647911452,0.9953572070052081,0.2994688823158722,0.6361696145034816,3.836329156569562,0.7754127724774191,,1.1442444614645937,0.29323747561755864,0.42478969528982713,,0.8624583990225252,0.049012140123751324,0.0745626562560795,-0.4815222073889168,1.6846643031429203,-0.29605893412168105,0.4999266348502782,0.6165299147984187,0.14210032284710494,0.5820550325393246,0.6756767790174052,0.08362007461438403,1.6023478860156475,0.15769998661271112,2.080544498628071,-0.5961789163645165,0.45301495682045156,,,0.3077852036026614,0.5531360420913638,1.5045940047618034,0.8748477569704696,0.3275938376679688,0.8088565814833315,1.5732337701160404,0.05525384750350382,-0.3900714841356079,,0.14711014192071747,0.5911846686175273,1.0908695207756978,0.11717459746271652,0.3131832332233109,0.9676991988607409,0.2600990980366058,0.4385351241933553,0.15062707623271243,0.24506426050213137,,0.006900107708697645,0.6062689359512785,0.5813719391249588,,0.10410376487686746,0.4183196211528828,,0.04929349779135106,0.5089453527039929,0.08327882253586227,0.3792513493287488,0.7059296862802185,,0.14013056156948567,,0.43824732081645323,0.46354326217589525,0.26407778418861194,0.3583554063407852,-0.6148120487535171,,0.6286867772136744,0.31031801332797593,0.51331122725667,0.18427510729614105,1.1432757122234376,,0.4264521231816012,,0.07499881415775111,0.3307289737645174,,0.4192632895500865,,0.02662348447539875,0.08363669930437956,0.26471441042954313,1.1962157545785668,0.36992696506176914,2.038575388218934,0.6632068551003172,,1.3778903672327982,1.106762319684695,,0.39629410474324467,1.162277380124964,1.047777906376727,1.8971123102431893,0.48143447633178815,,2.8796556622814524,-0.07328401339192891,0.2822099683633639,-0.02974766577608068,-0.433664239409818,,-0.14097341727546575,-0.2205770549660092,0.1415370139832297,,-0.21438138555796205,0.012982373095053124,0.19845869309966746,0.3487390334226861,,0.7009796750731905,0.4576367763142528,0.004079285806975141,0.7955851084766976,-0.8202627148287339,0.5138102985245425,,0.047969942341532734,0.5365688492913658,0.013890017798893428,-0.013718388361367961,0.3030355137089371,0.2554009126855006,0.1686282005123818,,0.18613956904805762,1.3835553031411938,,1.1577875689337733,0.05059433173198791,0.6379702768884319,0.16872945312972853,0.6076277676097896,,0.32349582505557417,,,0.49454935226859575,1.2025089325077403,2.743737427730554,0.7288399939510972,-0.5675394268716563
2025,8,Indicador de margen neto,0.0073342581941663815,-0.1201537422577443,0.037132025980840616,0.06439756851198944,0.21706991146588622,0.35623443487049533,0.039674386620018896,0.09020323226187688,-0.07495125622345593,0.11338922056846391,0.0,0.0,0.0,-0.015734940431464495,0.385760910445667,0.15142906295185402,0.0,0.05505355768155028,-0.17243480417267737,-0.3483023431067749,0.06034134026857355,0.10178675920240941,-0.003612436099166889,0.14925439686281733,0.022678211955871237,0.006190254782451783,0.24355916001160816,0.08516555576628702,0.18157444188745642,0.3124717561146876,0.47975730369417946,0.0,0.3039942788945797,0.11642653068672655,0.11244837365381545,0.0,0.15815392698718983,0.021873064505561673,0.06083342390144623,-0.12358833774153417,0.30755001767764567,-0.14317178199543376,0.4744410738955031,0.14478143369370497,0.0013969495461453008,0.2046612455298377,0.1878599107375301,0.047666718631967024,0.23324533954326085,0.023345136844308736,0.24160995288109038,-0.19529117158221057,0.09726765853618995,0.0,0.0,0.06168664653615322,0.1014233218120219,0.1920482748612405,0.1353651241974159,0.08774929453969164,0.13721012446792294,0.3800108033048661,0.009376165353341872,-0.26758281823946944,0.0,0.01843336165829147,0.10705886726340488,0.26976298561299833,0.12232473388546819,0.0872809126028283,0.22530351353457345,0.07330579988937928,0.10040529909481563,0.10110682469471537,0.17460912838365836,0.0,0.00494502197651893,0.40401009555381373,0.16111507051377816,0.0,0.06667990482242518,0.1529512824093534,0.0,0.025917487353731377,0.3870041362614206,0.028918348527917484,0.16787969729679345,0.19548397477052945,0.0,0.0802233777306533,0.0,0.28981452785945677,0.2963125705852393,0.09636062581044703,0.26225409672893796,-0.3009989090034672,0.0,0.1982887459702556,0.1112468805323012,0.2614313166412578,0.08207467715120066,0.22405830420310618,0.0,0.21246971909058412,0.0,0.0412243024299242,0.04111077349360124,0.0,0.09858284018057932,0.0,0.008335167329987361,0.017278561969951728,0.15660301352419806,0.2511060954620234,0.052340540004672635,0.4893015488178106,0.11140138062144998,0.0,0.341124767302968,0.1800699487889893,0.0,0.07158015361521435,0.2520428059936412,0.3699443226325531,0.21758972060602882,0.10881300019399191,0.0,0.34415834955426267,-0.09427221265178833,0.06832810201661564,0.0012693332771915758,0.06231206759212235,0.0,-0.039284401744744214,-0.13764607182007213,0.1205237467993151,0.0,-0.10360900192462558,0.0012390167047849903,0.27799360404433854,0.14202675254822186,0.0,0.29684375395690615,0.07320676710338389,0.006828632076346356,0.16751589416012475,-0.3742744533880395,0.1909928719923617,0.0,0.0065637304945932624,0.15449629142476734,0.003924468197204336,-0.05664841425009597,0.1549103975489632,0.23311720368809724,0.06552980209025039,0.0,0.1017883349865995,0.3191021625087459,0.0,0.19726822919196743,0.028119532423134613,0.13321723719729642,0.10520506874941211,0.21655337891985935,0.0,0.2653130898982877,0.0,0.0,0.24970113155951765,0.14911792125502524,0.35619884734892276,0.2489620293544418,-1.087880164767855
2025,8,Indicador de rentabilidad sobre el capital invertido - ROIC,0.00934558614783243,-0.17931642326144925,0.04637321964367058,0.06618573777900916,0.2570643082022577,0.5177403829029366,0.07436986868095463,0.10997431048772777,-0.06855297038680297,0.1727337897618324,,,,-0.022273059923431093,0.4098925829290079,0.2083098930848284,,0.0547440236988479,-0.20729270897862973,-0.3668184475179702,0.08710421150545988,0.14521181501294156,-0.01800301282350869,0.24420915749896466,0.03712496414022204,0.009682278754364004,0.2570974509568238,0.11027376554049018,0.27267441464918707,0.4543967952815662,0.5369821098426943,,0.5599376063803989,0.14038763557495804,0.13735186204715766,,0.27672533898199303,0.02429315515231778,0.08562906140038584,-0.16198759870504342,0.4511137366295801,-0.16149814531133688,0.4799162955898346,0.2127554187369125,0.0018413425270769057,0.2305100049698765,0.18739475731858346,0.06740865737191815,0.37035973053191285,0.03767340306319089,0.3009313580733728,-0.25039795850064783,0.12275950889361975,,,0.10906705376275494,0.13366695057724076,0.2755638489943981,0.18208448173083003,0.1635895327319392,0.21398652575700217,0.44766180138645906,0.01586988291215974,-0.2834350170412149,,0.023143622561318633,0.14241936145860024,0.29504272341691684,0.11096308835944524,0.10658989812748265,0.2716797877771482,0.10405656458607737,0.1681901892025679,0.09739134402913896,0.14032927193803557,,0.00631666678956555,0.45739577582351854,0.21704986557815764,,0.07220161032300254,0.24246513652428758,,0.03081573452747155,0.3870600202288379,0.04964741115510618,0.27751738187776365,0.1991354123894442,,0.07808766576258797,,0.38698506393884813,0.2834994414940877,0.14442435921342622,0.29721290513174714,-0.4089432214901053,,0.35272868465923746,0.15683756611957,0.28634330121132123,0.10512519323777858,0.38165041706139324,,0.18592145428463747,,0.04363250677729069,0.08548549428448782,,0.16997648537559007,,0.010566953760834608,0.027907596255480893,0.21694937429713268,0.35058061534769913,0.09276289917615688,0.9256616979738939,0.17492874781408907,,0.48166085832487693,0.20269192894533306,,0.11020063154513693,0.37340868868150245,0.4590767147619812,0.4263610774331237,0.16047624053466336,,0.7807104942296645,-0.05709118872602692,0.08547224645345719,0.0015638798131811793,0.13372238566297723,,-0.04218492479667235,-0.14723472836501295,0.11773464911097231,,-0.11147125081478504,0.002346319888234083,0.37993540651267943,0.1810430227177391,,0.42473974412726845,0.10907659794485403,0.007998357698665748,0.18218801361296721,-0.3685923994835919,0.2606097687546791,,0.009071559860298617,0.25282608058462963,0.0058365937794748746,-0.06830051847714325,0.23846256714593927,0.20312835511344396,0.11728255311832236,,0.13733044819718687,0.46241516868730237,,0.3780805793615083,0.02519032074424632,0.17877502859661032,0.12014404328162187,0.35338218569541335,,0.23768903945156827,,,0.336671498498909,0.326591457538955,1.4734553759691735,0.30198129815408326,-0.6605211614969088
2025,8,Indicador de rentabilidad sobre recursos propios - ROE,0.01921087119272169,-0.37443813380216007,0.12703481991851273,0.22388476954639325,0.42326006679278105,0.9928804595804526,0.26586908582387725,0.24446875745494845,-0.1967326241846008,0.6701885682380064,,,,-0.13189837210109712,0.6717007438659348,0.25779223916803384,,0.3750913016489439,-0.5862171320071838,-0.4246849912127124,0.31347104371361145,0.34642637549808186,-0.03349798469663923,1.084891993332067,0.23288481340225653,0.08216199727264861,1.1167118683164627,0.2819188555599479,0.6931120953650398,5.083371017912516,0.897313677310138,,1.5130775841550999,0.29762156846983046,0.505750345388325,,1.1194031466830157,0.06095835255344051,0.1304675211934545,-0.505084750851434,2.01749588835773,-0.34809046425782963,0.5804890497840787,0.6807983362159544,0.0031103894770825313,0.5387585777569719,0.7580457550276634,0.16164134049832857,1.898426550875513,0.1798573119957585,2.3905286816559386,-0.5269819763435655,0.4423749443526419,,,0.555115486000324,0.5611415470843499,1.780687621839106,1.020552002646053,0.37832341727390206,0.8400114324813401,2.0385472579704267,0.056143116458883924,-0.3917551259223143,,0.10119772702982255,0.7255667424009775,1.2565744446345781,0.13482695287183755,0.28338770541572034,1.184099021798116,0.5257371061675911,0.4083029326996295,0.22675740948700862,0.3349811894922019,,0.018796425955246887,0.664364455085861,0.6353140348138595,,0.17055270977600823,0.48663297325582366,,0.058550765542572325,0.6057353892646631,0.18497268471369122,0.601323599567418,0.7479343246332515,,0.13706837712822995,,0.5213950271818923,0.5526597000437923,0.37203911319359206,0.39839605648359444,-0.593541213787534,,0.6843838553614638,0.46467783778116223,0.6512577509532229,0.20214122378901145,1.3823786413871009,,0.4791950312505673,,0.12995772244895076,0.18673395679581084,,0.6825581826223781,,0.025653346781677744,0.09412300210696989,0.2838692523935451,1.457144040739419,0.48277133337861255,2.3057080363925766,0.8178940598918458,,1.732095468317684,1.1419196357942116,,0.4228812643081723,1.2230356898050676,1.2091724503806285,2.354455469762657,0.6687160743619409,,3.219660207554134,-0.06045393287932965,0.32125364756481645,0.0047898041796692326,0.1788796917222799,,-0.09731287327481541,-0.23776736404440557,0.14881107915328284,,-0.16004159489235847,0.007174401257587615,0.4510051056791353,0.45996061630304697,,0.8859217375039414,0.3680075356591135,0.03974958830302011,0.9492891872429918,-0.8599991745294358,0.5908834545677852,,0.053054813658728994,0.646076588033067,0.01040932144620288,-0.2571347180437086,0.3304654644001075,0.3003728691638361,0.23924213360795932,,0.2545068536887134,1.7460203660668938,,1.5157300750487281,0.08702908373402019,0.7210508533937077,0.1971978103455203,0.6945250430948922,,0.38489987802936043,,,0.5692073053144655,1.0633553194158747,3.3781251320777033,0.7117885103880417,-0.9193396943544088
2025,9,Indicador de margen neto,0.00957232035234614,-0.09922764508354323,0.038807290809157534,0.0824065934266549,0.21908250405056318,0.3627047669693629,0.045344673410993276,0.10094422074210065,-0.08112988061221293,0.10420594369993308,0.0,0.0,0.0,-0.012482763301381034,0.3761701623753256,0.15323351349889022,0.0,0.05821744320855964,-0.16856891173342178,-0.3778028741086274,0.06495099530499344,0.1024221421197567,0.012364586995284319,0.15090200737570864,0.02533688537274927,0.009042646314866969,0.24089727159982793,0.1112005573974728,0.18602598206874307,0.30939289771950795,0.395136246759101,0.0,0.30640915563876964,0.10819289626691536,0.11153855546702914,0.0,0.1576021111698423,0.024221409778776428,0.06704908501611276,-0.09056561821245632,0.30232653963109646,-0.07165609382999832,0.4821578152072155,0.14661193202733858,0.060540082140598785,0.19533463124783387,0.21198008665841866,0.049035442569623146,0.2256559171784985,0.025866373586409145,0.23835132709944692,-0.1441265634712146,0.09047273405744041,0.0,0.0,0.05863912862096053,0.09870140373160023,0.1910789556200659,0.1468633063206103,0.0817044975252312,0.12668712662415124,0.36736440152627303,1.2686203899089046e-05,-0.3023607755805908,0.0,0.008185836350905635,0.11199683085979649,0.2720195801115217,0.13312942878379447,0.0775225798836799,0.2475340354036574,0.10121105820175659,0.06353041600858673,0.11007214984713973,0.15897665018945153,0.0,0.017772436230384502,0.40120633241771336,0.17187871139213876,0.0,0.06883117646036455,0.15179567781089123,0.0,0.01735000293434322,0.40831469113633884,0.029873262601699622,0.1527548236360446,0.19152715390244063,0.0,0.09331793522739938,0.0,0.30354258673608897,0.3080963747498727,0.09865744601771828,0.2665469361046289,-0.25310949784684733,0.0,0.20269139033882233,0.12598847034857413,0.3029410948682823,0.07537058831015828,0.21553660801638397,0.0,0.21139693366693657,0.0,0.027810558528936984,0.02322773694493029,0.0,0.09571139407186602,0.0,0.020028764126878297,0.015410407205216683,0.17636935459743883,0.2474034135906321,0.057024969596202714,0.49647086778389404,0.13772139836211245,0.0,0.342474595931923,0.16060749331112956,0.0,0.0734540785096895,0.23765528609178369,0.37554518744485854,0.20427180851852042,0.1123872457214435,0.0,0.2908740144865658,-0.07249428751953572,0.0687504767387392,0.05222931084498398,0.11308573291002151,0.0,-0.06506414893284679,-0.1335925976445366,0.14789257476523773,0.0,-0.0848329781104992,0.002042383472957264,0.2504378730139124,0.17095021772123223,0.0,0.3000365609365588,0.1418288535620461,0.015600384001350168,0.1614418885904636,-0.36214107036843024,0.1878165901331691,0.0,0.006749932144773618,0.15495974080135186,0.021909773743843158,-0.04475992627802012,0.15739651383113443,0.24110840014066748,0.07153397276111326,0.0,0.11885579724678882,0.3259704148944623,0.0,0.2007083018692354,0.0326764289068788,0.12897612058737282,0.13963219839023577,0.17840969559001402,0.0,0.280376166440148,0.0,0.0,0.2565448707171625,0.08525234418031281,0.3760916224805462,0.23490749054578403,-1.0496185936847338
2025,9,Indicador de rentabilidad sobre el capital invertido - ROIC,0.013580904368652114,-0.16571189455827784,0.05458817180531517,0.0951429192765203,0.2905300637174366,0.6117310547689576,0.0919559672347352,0.1386700098282143,-0.08255575987995423,0.1766730504523757,,,,-0.019752459859145866,0.4459368757669999,0.2381034953173613,,0.0654307642589469,-0.22425167399330503,-0.42575141229906155,0.10449338753898108,0.16322957436946872,0.053497909143736866,0.27489727123623586,0.04627976922232424,0.01578832815571718,0.28720994707188674,0.16529136168638492,0.3159251194906145,0.5132395019404583,0.4925859880012742,,0.6325969324875056,0.1449380538348588,0.15311222124630053,,0.31079651218839044,0.030015114808943366,0.10642487473594664,-0.13775521783856193,0.5044276627988018,-0.09687219636870359,0.5588739282189974,0.24287858544735563,0.08847697256619758,0.24353523879049876,0.2371050523683944,0.07824109259803502,0.39944042434130567,0.046781244012845,0.3282640513188071,-0.20514950388316,0.12839777122250795,,,0.1161086989824911,0.1465073382557751,0.3068922342311764,0.22295062260072496,0.16858446716818376,0.21550575419219586,0.48568100406456716,2.3728630646591142e-05,-0.34572497174646466,,0.011184401577682967,0.16808561145976264,0.33737692294710064,0.1408511832528192,0.10411817387308564,0.3294737579728315,0.1605425191905232,0.11405871280241708,0.11969910708065612,0.1429611341455186,,0.025683183505619933,0.5080270946170082,0.26305951691216145,,0.084205494897577,0.2709928496650176,,0.02277195801362142,0.4682486683813516,0.056501271075472204,0.27938013212332313,0.2245483246278399,,0.10162740392238878,,0.45920402785138337,0.3366345329825029,0.16485905567198822,0.33991431453848486,-0.3891016255971913,,0.41047379231917613,0.2028140226583417,0.3875698830073804,0.10900308846112217,0.4231411725576706,,0.2082581814461626,,0.032071313439330895,0.05292702236129565,,0.18350233719198727,,0.028753184910863316,0.02770924617625492,0.29039746467883876,0.3861931631031612,0.11350029772401093,1.0632333453086362,0.24877083955838053,,0.5508193587735721,0.19811919110461695,,0.1268265053441946,0.3974415492469696,0.5282031114197234,0.4545515184066995,0.18738405863164753,,0.7272541283034362,-0.049356272153067815,0.09638021260333773,0.07554871211617176,0.3134460005725037,,-0.07668443560274019,-0.15822787551475215,0.16380586058371582,,-0.10237827946117306,0.0042979065370618574,0.3756914084610019,0.24782123788337995,,0.48821355564451285,0.24474852300743266,0.020588181743092848,0.19728757657884888,-0.3910902693028768,0.2885835405433035,,0.010449177373572427,0.28589737860959374,0.03672213989638662,-0.06143050936871308,0.27503476874513133,0.23943437183764305,0.1441624490534017,,0.1831658348858236,0.5413234795613886,,0.4320176807806624,0.032956445523542266,0.19576955744161983,0.18195545246457967,0.3222542297729585,,0.2857319261780231,,,0.3931643060472909,0.1953670407578343,1.8612515197915012,0.3179479024987153,-0.6829860720031415
2025,9,Indicador de rentabilidad sobre recursos propios - ROE,0.028105417688166323,-0.34946463139852113,0.15098403263964655,0.3340449422720635,0.4818225626464645,1.1947590423259165,0.3414277853280059,0.3132192992759648,-0.2343679384182522,0.6921091181882546,,,,-0.11859757761861467,0.7358999131131925,0.2957155872592214,,0.45851690143266133,-0.6218759082284896,-0.4889222534957631,0.3821907465411458,0.394316498385213,0.10274419994070327,1.2811722737227433,0.2984429568183693,0.1378622948644519,1.277467894318797,0.44014749887608495,0.8198392433921629,6.213673227417344,0.8175598515771925,,1.772932925196109,0.30885580690697956,0.5729602865484762,,1.2965642405456528,0.07477154813778641,0.16370080074265436,-0.4452506314447904,2.3517015795964578,-0.21857636192637242,0.6793289078539779,0.7917441419682179,0.15353417475287867,0.5798721447983208,1.0243141973562144,0.18718768490157678,2.1332715047686004,0.22312653999609755,2.7697913059445396,-0.4502500733615601,0.47118738887329714,,,0.5993988597787545,0.6230248815818562,2.0783136154539106,1.3234611516511707,0.39039069032398666,0.8590143164503179,2.3001517834079115,8.309341994472419e-05,-0.4675192160234264,,0.048220108049223054,0.8879806609101253,1.493049302838351,0.17228029726380756,0.2748656455520926,1.5533490658318025,0.8923356804892224,0.26878498873129186,0.28083404711974436,0.3409602453084881,,0.07762618528213716,0.7412722334737936,0.7916300798807125,,0.19894075451725635,0.5455654289587775,,0.043145811827719927,0.7466626092311126,0.2156612809536358,0.6100025422135766,0.8656524878961971,,0.1803558225924604,,0.6237839901370241,0.6681636325667528,0.4293489950384255,0.458540798976947,-0.5710361466613396,,0.8121077513625259,0.6195912527573826,0.9170810543095969,0.2105402143534767,1.586886826945956,,0.543618389967504,,0.09623574409735847,0.11288003027435667,,0.7504547772959156,,0.0708710659062588,0.09410178639337996,0.38472710676076316,1.6694803159897829,0.6102195545563764,2.749243714730891,1.2496380229091502,,2.0861368672844334,1.1341671364036294,,0.49206212135154237,1.3215942779670984,1.4391583212585348,2.5829828554171317,0.8025554758898039,,2.920122081680482,-0.05230486590823025,0.36681685091840266,0.2500667858426737,0.4263579522557128,,-0.1722917318667414,-0.25585833592509777,0.20763320802836693,,-0.1479729756827738,0.013271791037698044,0.4465429647737118,0.6584281293093084,,1.0403033299295168,0.9245963313847647,0.10480660818952403,1.0429095152682102,-0.8861735727402796,0.6658287463050772,,0.06139954315055052,0.7525119954131416,0.06625912011842683,-0.23197087473192735,0.38284617853570446,0.3569175671425837,0.29669563940178545,,0.3455330738905644,2.144573180333187,,1.8006918541985315,0.11526700939823242,0.7974010123580844,0.3029097198969042,0.6276754913638241,,0.4670403599653812,,,0.6713089094832538,0.5914154318907892,4.521384739050146,0.7608695653759086,-0.9328865645881641
2025,10,Indicador de margen neto,0.011323319571181089,-0.0735588581112066,0.03542603085487485,0.08737121482449658,0.23101388707312337,0.3933834964809736,0.05589106632014702,0.11133883573297877,-0.07471258624218029,0.10343000414685484,0.0,0.0,0.0,-0.0062822988273794605,0.3657433827930879,0.15444433418501316,0.0,0.06874752389033528,-0.1643149322287356,-0.4633547799300914,0.07657112738452346,0.10039172724814972,0.015026339695182146,0.1630286532485156,0.029659295764753554,0.008471395983253869,0.23899705403336666,0.11010898709314763,0.1887763438803438,0.30171591586945073,0.3196895005949308,0.0,0.30769852237073353,0.11157957675089077,0.11125976729460817,0.0,0.15741601694678753,0.02476999730622023,0.05535632793491797,-0.08166874926586518,0.29051032985781317,-0.23506493161148917,0.48238745150924106,0.12284321670570023,0.04839967740278672,0.16905239633570454,0.22446918225780155,0.04402644764711129,0.22981454661810397,0.02872842109660007,0.2063508152561492,-0.19308789205831453,0.09909375713220595,0.0,0.0,0.05144811386843507,0.10492848963565958,0.19631574456178735,0.15215454200572887,0.0909182781201391,0.12231034530807923,0.37945022981155935,-0.003197689698912824,-0.25650170624229673,0.0,0.015257228395626219,0.10781498061993199,0.2850307997699043,0.20563517605832643,0.08069041364202724,0.2742680733343203,0.13016060860882434,0.05880656008838853,0.10396330658971953,0.15490256182836512,0.0,0.022583962987385398,0.3949129618913625,0.1754314589976538,0.0,0.07319584717878537,0.1463960901469311,0.0,0.02259675429667,0.410217183973048,0.03388463572359784,0.14137464661618987,0.18775336708307855,0.0,0.0934472102584475,0.0,0.2967991844783739,0.3036916975424782,0.11132712597011125,0.27566723444892094,-0.29954677686593295,0.0,0.21105771696188327,0.11982419794463078,0.2757940181522918,0.08432620697122908,0.2160861287637511,0.0,0.21520027961779742,0.0,0.03755192081216911,0.012621051848547749,0.0,0.09490032000562236,0.0,0.02281650763200565,0.01436082237086091,0.16074793195553394,0.2453557463175911,0.06063325654620663,0.49353547787225555,0.14214848923473092,0.0,0.28347468908219275,0.13027582066642351,0.0,0.057733059748225894,0.23770212057256623,0.41882605343293416,0.19326864967289858,0.11037244127916711,0.0,0.3103761148008745,-0.045279757994271363,0.0699499025182389,0.05646646786123047,0.11860632931543964,0.0,-0.04569402385221342,-0.1397577512634535,0.14579454764423702,0.0,-0.06490433297293235,0.0028244167575341757,0.2391365326854184,0.18593548844248903,0.0,0.3065671120037005,0.12415065420516373,0.02318807771445027,0.15594501876754088,-0.35908969470285845,0.18008159143676483,0.0,0.0069783663563902885,0.14948424473890332,0.03935973432432545,-0.0377851896912859,0.18983598171755514,0.20009864929468715,0.08564897506641357,0.0,0.11902760196261941,0.3378225963469433,0.0,0.2143549363741291,0.03843540819832397,0.12064037170039099,0.14342822833745222,0.16200168575916135,0.0,0.26879627144443335,0.0,0.0,0.2801141776091625,0.07870603603411366,0.38414664886222866,0.2148938407738882,-1.047804445659522
2025,10,Indicador de rentabilidad sobre el capital invertido - ROIC,0.017633971029133555,-0.13778969796994323,0.05485837320533382,0.11136771593679518,0.34039011367224803,0.7387169614385836,0.12355102419006458,0.17020360773320142,-0.08422163410944039,0.1937385187599565,,,,-0.01101090033060137,0.48105621815436717,0.2676274338960041,,0.0868657274298319,-0.24130854896508358,-0.5240314724126445,0.1370241148161544,0.17621402539201525,0.057525796515900396,0.33150717713279243,0.05973632626654091,0.016120058881637256,0.31714793999162905,0.18180708380819222,0.3534117413218858,0.562741798502649,0.4306980848356208,,0.7030924212092649,0.16584403815249416,0.16949327708586526,,0.3457647087029856,0.03381840148860871,0.09643170734700668,-0.1371531627948963,0.5384884825754723,-0.3107825756612592,0.6320783426789027,0.22230661651217698,0.07769995007978658,0.2287904377254526,0.2748272417779116,0.07764587615413321,0.44873632906573224,0.05754215786150185,0.3064767451529655,-0.2882198836980556,0.156478634961573,,,0.11138794839232458,0.17433805319765328,0.35128923224458575,0.25559931606831054,0.2095180600365527,0.22393724679534066,0.563791770378195,-0.0065800485649093465,-0.3276877953857107,,0.02272924681075561,0.18010394607167957,0.39813020373895647,0.27544809946721727,0.11873388885482927,0.402812672562912,0.23068523758691994,0.11586306336409824,0.12458967050953795,0.15525074787668047,,0.03650780199444359,0.5526664301561641,0.2979092704853077,,0.10010293831342909,0.2905975725488217,,0.03277776482215988,0.5288401274307817,0.070074050581316,0.2833600218983956,0.24838279146554143,,0.11282991176355006,,0.5013678343501586,0.37140519496678204,0.21184445847304567,0.3943356261119457,-0.47238921607197326,,0.48479654617414547,0.21375169396633376,0.38861073032046534,0.13789144941167608,0.48694128203364406,,0.23616335120820464,,0.04733579402216925,0.031025079466229233,,0.20004527286621165,,0.03620514213219583,0.028535999660359357,0.2880002117029101,0.42619563326533094,0.13408835995542612,1.1758654867483145,0.28650552151549147,,0.4928560702415292,0.17128381267583936,,0.1081951579714362,0.4456590656097026,0.6781011436901934,0.4831701140560105,0.20609497596336857,,0.870099614623753,-0.03445646521747325,0.10791567775296707,0.09028371940215196,0.36092459048418646,,-0.06013189606764269,-0.1797704723338811,0.1785944822613974,,-0.08763999404212475,0.006538185349847403,0.39460518868557215,0.3019783033863601,,0.5633702282322679,0.2302268100888294,0.03398702109772134,0.21248421394205952,-0.4199986305302631,0.30648167518716063,,0.011976871112050702,0.30561441347671026,0.0750443401376435,-0.05865477675500441,0.3887938300125202,0.21881030093658782,0.1949128313431956,,0.20224921010503993,0.6402318067127568,,0.5199407934758264,0.04289469513175681,0.20353683328554273,0.20835326775444551,0.3224919107176305,,0.3048171591701454,,,0.4871969846166493,0.19561870038769702,2.232075346558672,0.31897759117633484,-0.71454173279118
2025,10,Indicador de rentabilidad sobre recursos propios - ROE,0.03677950499062432,-0.2963549425698221,0.15222763250135185,0.4005649235109743,0.570699619256561,1.4788117341746392,0.484619533023233,0.3910097026952246,-0.23927414507169587,0.7774047617055138,,,,-0.06799920490149136,0.7997820459738949,0.33370529127654835,,0.6350218286022933,-0.6558030315878494,-0.5933443146465371,0.5173517397797196,0.42954766912212516,0.11108724880509535,1.6618204799486715,0.39985620132923505,0.1416988544672988,1.4451495435526929,0.4938916543074079,0.9339807335122392,7.238354428877116,0.7078049980705656,,2.0406751947454724,0.35745640743659335,0.6458696142540041,,1.4887637883225793,0.0835937368764359,0.14881096053010068,-0.44493086388636804,2.5777881066485158,-0.5987066240193379,0.7720506721794147,0.7127937009853493,0.13416993223503337,0.5481648995290744,1.2535341625597853,0.1840352045499416,2.5534838816683543,0.2758532904696833,2.5429279918520384,-0.5922739783799417,0.5987369816194048,,,0.5744430227661081,0.7628381341368813,2.5375992975945207,1.5888528497632488,0.49461163770377436,0.9130946900597057,2.861464939366142,-0.02305631703277966,-0.4433331491105271,,0.10007233712102681,0.9670431942126245,1.8568311067195955,0.3424655975898532,0.31448852603745414,2.0822174024216786,1.4389332694531025,0.27277174804870685,0.2919505426605169,0.3716849380423022,,0.11112728924454185,0.8096571620960453,0.9167955229844913,,0.23839400910939568,0.5854568408100354,,0.06238218938122131,0.856178466055556,0.2755775018750657,0.6233586948088274,0.980226912479665,,0.2011474949120846,,0.6845724508360975,0.7458933063588833,0.568815307918809,0.5360245908566659,-0.6691466788784761,,0.9825805719735192,0.6573243472531862,0.9189361712197341,0.2697331992275098,1.9169770571639937,,0.6261340097168853,,0.14639575089068657,0.06528654300418602,,0.835828577992058,,0.09014887498407731,0.09759260947143966,0.3826720152049996,1.923303528063201,0.7427321262672781,3.137192706057953,1.4829797666667242,,1.8255380653524886,0.9727181567394794,,0.41016740280974706,1.5281838894956299,1.9728906625774063,2.845049634783501,0.9006778843229162,,3.7499529195379324,-0.0365447135358945,0.41609708415938207,0.30516240266809347,0.49040681890777416,,-0.13587696020706508,-0.2892696005216858,0.22602921634583595,,-0.12756665046008586,0.020399315950679897,0.47073747486869366,0.8351848105776065,,1.2287853216350197,0.8555535741085918,0.17778899256383873,1.1394623798173957,-0.9138202017051238,0.716979902126087,,0.07077029539190738,0.8220341576376653,0.1373370141226995,-0.22052443497648033,0.5491802846474567,0.3252571191841598,0.4079093404854155,,0.38481152093437676,2.697617680469602,,2.304631689678688,0.15209600760712827,0.8298790075546991,0.348740472660515,0.6271371321467927,,0.4998893713375163,,,0.846600669121564,0.6008128581249956,5.688349592522753,0.7708477671651348,-0.9480337233132358
2025,11,Indicador de margen neto,0.011661648999759142,-0.03951227840105969,0.025944283196317194,0.0907504466694363,0.2043465747669804,0.4171634728655976,0.05346367210640885,0.11248065306079373,-0.1214700052758464,0.10793344665761925,0.0,0.0,0.0,-0.012990068484435412,0.36429085044392195,0.1542374361174166,0.0,0.06724230771215499,-0.170232635452537,-0.4606841379734495,0.07042794189635478,0.09957206805583647,0.01531448626675737,0.10546586460678554,0.03483310152216516,0.009682105542117833,0.23156733904323895,0.08514873207857152,0.1792824966761548,0.28675402771790887,0.2797675218006667,0.0,0.3164694949590713,0.1047879729740761,0.10622724139000644,0.0,0.15192265722661635,0.020322760059048987,0.017430156482441707,-0.07395908977579298,0.27330263224285434,-0.18910100128095098,0.4568084467105063,0.1283925297562473,0.04437345145101738,0.16921607003575379,0.22856838672751947,0.027440366739948565,0.23616474396019518,0.03405150660198963,0.17257379043461735,0.022337252249061627,0.06352631029591353,0.0,0.0,0.04056727546949785,0.0927507804980479,0.19770869520396367,0.1370364216492853,0.08673285505106575,0.12004037503357634,0.36334634198535837,-0.0042666240597912086,-0.2449901328303514,0.0,0.013826975540795216,0.10357724437550789,0.27761655758385734,0.15807145779815698,0.06470240938229492,0.20540493378431338,0.12907522026479806,0.06369544945890722,0.10674290470144712,0.13843634714309477,0.0,0.026100002016489866,0.4125619914116625,0.1634845455643162,0.0,0.06296589739795104,0.11050623542348871,0.0,0.021034290995916815,0.42121815045953065,0.037422677349703296,0.13002012855859096,0.17563715963817428,0.0,0.08733101933832363,0.0,0.31295536419361325,0.3118717416008993,0.10536638208482854,0.2975863748190755,-0.3602814127142543,0.0,0.20635474004870608,0.11002647749354907,0.17885290738816925,0.11257063084167529,0.2004758914011934,0.0,0.21561181597839293,0.0,0.054332911205530285,-0.01198966225655413,0.0,0.10542657343072344,0.0,0.024272871798480217,0.01333608364375736,0.14371353067656661,0.24121050335224675,0.05977055155512192,0.4494171053743875,0.14719710972531996,0.0,0.29237599010688836,0.05393241434955849,0.0,0.0370570461984522,0.21029273063222476,0.40453105148751123,0.19059760929526406,0.10188469759054772,0.0,0.31190606683357025,-0.02140582152097961,0.07196941144372113,-0.006390756006459345,0.0973690357931851,0.0,-0.04041365288077304,-0.16225225793352213,0.1474111451871297,0.0,-0.05447533871320572,0.0007256079120143428,0.2393334654177802,0.1944049381300487,0.0,0.30529374014326893,0.1302133781934701,0.027210519387017816,0.15486384541024067,-0.35206607479960955,0.17729764456726546,0.0,0.008164581627125496,0.14971547483336603,0.03850332201502144,-0.03137530823330675,0.17707671082588486,0.05615506527506553,0.0861477073274412,0.0,0.10292810085305584,0.33194233601482315,0.0,0.2228263548924622,0.03277222847520316,0.11289614670324956,0.14310502345293977,0.13286234501732902,0.0,0.28237989698695604,0.0,0.0,0.29529973997016573,0.0629280479989944,0.3586362857998833,0.15599299232691852,-1.0439077565875865
2025,11,Indicador de rentabilidad sobre el capital invertido - ROIC,0.019715934632686727,-0.08299443323684974,0.04352088226935469,0.1269217628207311,0.3238540149968674,0.8750720365916005,0.12664995391963663,0.18767760649655507,-0.14501619705224755,0.22459919581212184,,,,-0.024609716758072997,0.5289005112270113,0.2938456806634817,,0.09367779965142509,-0.26821744324046326,-0.5561216752043217,0.13684429077939964,0.19013879162010783,0.053759326500696814,0.22287109162841912,0.07692306091083445,0.0199281190082099,0.3396165931328665,0.15012329410307124,0.3333157945060343,0.5895085710101318,0.40989220743469734,,0.801952904514676,0.16940694003154388,0.17662205920409302,,0.36507764059171,0.03016167347040244,0.03219064748752665,-0.13610475561724233,0.5548975673103591,-0.280157857127898,0.6608461791437936,0.25788499454208513,0.07781814136488041,0.25006606934014797,0.3042093087344533,0.05280785367922913,0.5044140141910314,0.07493219405737284,0.2719977017063855,0.04345823854045028,0.10621816725076227,,,0.09461173537738854,0.1533221154715485,0.3880081385141856,0.24776339444738338,0.2180140557713024,0.23712888901933393,0.5912736142597972,-0.009580059648386263,-0.34511085989128854,,0.02217061539799725,0.18982465561186523,0.42670083308103135,0.22751577224552144,0.10169808795250712,0.3106422055590685,0.24627491320828465,0.137837864229166,0.14092253048639614,0.15139032494563276,,0.04642327482519848,0.641314623771952,0.3035689681074776,,0.09481717034124992,0.2347118889307176,,0.03322693901148632,0.6072290475335504,0.08424057935125662,0.28271864384866774,0.25449636221640515,,0.11503486782698102,,0.5898112466987724,0.42432395858196736,0.2182112554203015,0.4753610583885741,-0.5675356687154371,,0.5198744864842928,0.22591717555915158,0.2625499226894623,0.20899605254684994,0.49783763350989196,,0.26055188742767066,,0.0743270810475436,-0.03116450644532731,,0.24460729877173626,,0.04246362368206458,0.028835064992404513,0.2759529649125225,0.4610485851181636,0.14483899311185833,1.1354139847294356,0.3286490145601477,,0.5648692230172523,0.07271055461083598,,0.0740645721198292,0.4265581369974434,0.718862424815288,0.5207538367600355,0.2094718488913665,,0.9570402959786803,-0.018138720536278408,0.12137528282169563,-0.010603540310781923,0.31110150286031946,,-0.060840577468191936,-0.22162645101927092,0.19899715304540533,,-0.0807493747316207,0.0018289058162326288,0.4380508485775718,0.34952674103477155,,0.6228004180829023,0.26365847117379837,0.04384540102429124,0.23287864036331984,-0.44458861131088756,0.33140675399352926,,0.015333818620130835,0.33570264232466207,0.08081510740671116,-0.054082775011119244,0.3954807288002993,0.06313837416154788,0.21663041652573956,,0.1895208213320687,0.7027360412941639,,0.6017621749797744,0.039829094997634096,0.20940844504407408,0.22910366897631773,0.2911341052184464,,0.3696825145497791,,,0.5764228698497973,0.16769479289503297,2.276632919255835,0.24479079385462255,-0.7419088294508345
2025,11,Indicador de rentabilidad sobre recursos propios - ROE,0.0414596109003198,-0.1853558706944164,0.12010418688929447,0.46668449327567374,0.5412049178517502,1.7961778974797147,0.5079114637175888,0.43625748602130554,-0.38821468020367245,0.9353703467227881,,,,-0.14725204854091867,0.887584432643862,0.36727926493398755,,0.6932374335741052,-0.7043224979578429,-0.6254203349857166,0.5169686268458127,0.46808637820668797,0.10400752426807092,1.0164930512237023,0.5394068355295754,0.17851187653416378,1.5732565114212598,0.40468025587292944,0.8734041231684435,7.815220811970711,0.6716212811078541,,2.4341633696503924,0.36713999488759974,0.6799314680372472,,1.6014705601481771,0.07361779168824989,0.04935550801224853,-0.4433565556414588,2.693137694019684,-0.5526120502678973,0.8087697375401202,0.8472777864982104,0.13459766799914696,0.6126782575361451,1.450337056804813,0.12246035315305948,3.0761037156712643,0.36440244010620026,2.170004223004978,0.11640608865477997,0.3929842805332633,,,0.479170377656988,0.6549815584486698,2.957240289135914,1.5251910782061566,0.5166311973732451,0.9903845625511103,3.089098459004105,-0.03366738964351723,-0.4630090116809137,,0.0978386902090489,1.0383233611564888,2.0374985167177773,0.28309549064300343,0.2653678356841225,1.5042074764951394,1.5877263880331687,0.32721362439882284,0.33172845066572365,0.3606377223319177,,0.14230231556141204,0.9479168542885443,0.9386961644712757,,0.22447364390898783,0.4625796229034025,,0.06330615152036323,1.0008039042339534,0.34100272425000866,0.625223600198638,1.013196429528299,,0.2054149494875337,,0.8132685953734962,0.8676625881492219,0.5894868623920333,0.6531834958746405,-0.7689109873119995,,1.069109291054672,0.7019294282832755,0.5907121035911052,0.42092232558140874,1.9887879301948814,,0.6999156594891005,,0.24069139902685754,-0.06338764398197239,,1.079826189980499,,0.10641701915044544,0.09911192959951709,0.3672128118334792,2.165505488977531,0.8125940150684148,3.012699308252368,1.7613216819916877,,2.2151254432755305,0.3653319168109519,,0.2711038151808647,1.4508422370364618,2.14024974806115,3.19971702732564,0.9180616958331564,,4.300221341654318,-0.019260630857412808,0.4741151390829428,-0.032828157035353356,0.4183179128672585,,-0.13636232096429945,-0.352214424230074,0.251746144454984,,-0.11798200667072878,0.005707042671461826,0.5248427881010573,1.0023622952086289,,1.386960418429366,1.004990958063468,0.23402887166971587,1.276121493981297,-0.9341172698547825,0.7894062144484006,,0.09162173726905354,0.9279693074360442,0.14928893749287853,-0.20377958014305664,0.5589549401064373,0.09134623618250126,0.4548604021931919,,0.36001632635899505,3.074209484461056,,2.8081915355858746,0.14114468118599466,0.8544099505734883,0.3848059583068144,0.5601248202146785,,0.6137454709464445,,,1.017932895966899,0.5108030085766355,5.830393780199321,0.5786389881087792,-0.9594608761683963
2025,12,Indicador de margen neto,0.008913571413100443,9.75387159265424e-05,0.023886420026058883,0.04175842884807373,0.1146746760431529,0.44228520438971003,0.05060124715349116,0.10655721694392736,-0.09854752634755756,0.10606606689634009,0.0,0.0,0.0,-0.018434313634113072,0.3594410760338182,0.14691839130981543,0.0,0.06773576828954679,-0.14897605891803425,0.0,0.07856566287686889,0.08440739421490454,0.018717530464858093,0.11337490957291126,0.03208400505978249,0.008886211800680298,0.217216297499725,0.03942173267278339,0.1722223106732846,0.21238262683908662,0.36040851966992354,0.0,0.2877494861210973,0.08773141771225225,0.10018732620026054,0.0,0.1444801821262357,0.02730364840775329,0.018337243963682658,-0.05525253071980597,0.22566619006651384,-0.06354104077461165,0.4380473216486108,0.06437450172850412,0.018220403017913857,0.1580417324272028,0.20363000748634574,0.01843533091443653,0.22880679640149723,0.033666079063216635,0.12319974583173207,0.023930161428516616,0.05332460726898752,0.0,0.0,0.0566356798132899,0.05881883769157241,0.17570689766136538,0.11218022068051482,0.08748863218297008,0.09976691504577216,0.3372164176802677,0.00018447750659220604,-0.25544751907548724,0.0,0.016827037474671437,0.0984712622914911,0.19419517634173356,0.13925861117346203,0.06477262885036421,0.20705601138589483,0.08430358607377557,0.04708474825296769,0.12641939760532833,0.0918456912848324,0.0,0.021869772318389206,0.42401527559406854,0.11038062917165659,0.0,0.04755435285195901,0.07500852944162889,0.0,0.02921333561528393,0.38900858218781087,0.024038098454355124,0.07212574111856764,0.08966950481196713,0.0,0.07575745686486764,0.0,0.17676774702895268,0.3003991497073122,0.03289214074661032,0.25219098974292387,-0.3296223805925751,0.0,0.19322161869087173,0.11450325571260968,0.14952854487721673,0.10460471953401608,0.18559185433017697,0.050714923381548566,0.1999747404734309,0.27038259382007646,0.021230580508017405,0.021065411212145925,0.0,0.07080424282193284,0.0,0.006411025019274792,0.0069603565408491936,0.12460363027576883,0.2766712374374966,0.06578034328518606,0.4434049884590852,0.16724244717422082,0.0,0.28275597083767307,0.04407610314758993,0.0,0.03193866261840617,0.17543150551360745,0.3604799193557126,0.18078367396869757,0.10142156605108305,0.0,0.2993003837188132,0.0031752276817554846,0.0669601632457676,0.0002611821210160503,0.04398393051162181,0.0,-0.03528465130332546,-0.17944709052329463,0.15663142253038032,0.0,0.020961389702256476,0.005077705219065352,0.2161492963178233,0.2028009170824878,0.0,0.3089518060054233,0.10718014504809568,0.03297946768409214,0.15141911521393972,-0.3427670703005762,0.17029804940833443,0.0,0.010106539413853177,0.13493645446523456,0.02974787259884496,-0.021108816555770297,0.16139505277489047,0.05489856955912736,0.06850500620764649,0.0,0.09723610330999644,0.2888980275919894,0.0,0.21974208504957451,0.02760097340456046,0.10803037942129974,0.12549042119354406,0.12772009757317498,0.0,0.26665233840707403,0.0,0.0,0.30304518569710404,-0.031610034293430206,0.3314983584680825,0.11358119662582887,0.0
2025,12,Indicador de rentabilidad sobre el capital invertido - ROIC,0.017234690945465925,0.0002323740367131677,0.04333147615260202,0.061397076010936136,0.1851690730083828,1.0426678819783062,0.12618536750858866,0.1916249485276611,-0.12881066062954216,0.23954770944113135,,,,-0.03769706369503689,0.5729551512700877,0.30261474537758537,,0.10341740162234458,-0.26091239253960663,,0.16670292182936164,0.1738862200847271,0.06220287300373406,0.2629119380860063,0.07646774865322725,0.019716269252630703,0.34645295908230156,0.07239353865403286,0.3451612963924282,0.4527083862386907,0.6105454745610464,,0.7704197310226242,0.1519990096866961,0.18117998055041729,,0.37845223991581434,0.044297039030413154,0.03655504656568587,-0.11238821074850291,0.4838833918877079,-0.11918305752511549,0.6968326630462982,0.13305047248085278,0.03389823510391787,0.25215535307660386,0.28851748127301247,0.03849483145333443,0.5260565518907627,0.08062719636992322,0.20198378931733374,0.050755233931187416,0.09566914775330448,,,0.1454617547447845,0.10355224306841171,0.36999141220880305,0.21922227245099402,0.2399935100790489,0.2060178175161449,0.5923598977527278,0.00045435540024940657,-0.38126379691667955,,0.02931948732287215,0.1961698820117137,0.30966738187434784,0.21818892347150598,0.10939860325911277,0.33585563125840867,0.16597666265887057,0.10872595224237402,0.1856945438979154,0.10780185842062395,,0.042360240890045864,0.7276668131169182,0.2144481773986433,,0.07865031864650263,0.17076222788435302,,0.05066873035100872,0.6072256000669871,0.05741683174807588,0.1615125108399016,0.13333360473063305,,0.10819340695373425,,0.3295057976690503,0.4460801978684359,0.06951064776075278,0.4411398172177621,-0.5708158997272124,,0.5263898155146458,0.258407399985217,0.23482937051187402,0.22130197037914545,0.5049515519432499,,0.2911634525059599,,0.03028846413137387,0.06419639587555537,,0.1743655402798554,,0.012091269338945665,0.016277490639877046,0.2551253682912884,0.6239137335567049,0.17956394803970488,1.2372877694153037,0.41346326758677887,,0.5984231024465181,0.06337942715765355,,0.06884110109742014,0.37867353888235167,0.6856268729157955,0.5374571913692785,0.22801549963796264,,0.9835277133818245,0.003147689466628245,0.12203745776651931,0.00047153573505398505,0.14508784165001876,,-0.05818040029339966,-0.26004966607632085,0.23584653266767464,,0.03602690324257307,0.014021608464516833,0.4275347473915798,0.4028484344661003,,0.7085685640547115,0.22901872044928262,0.05822089717693024,0.24968530242177334,-0.4638546052093969,0.34497798541537206,,0.02068964319397293,0.3254046659086667,0.06750716009171187,-0.0411414985488473,0.3889041283870014,0.06749400521537341,0.18364555429603713,,0.19472517227843178,0.6570972704555662,,0.6533978672902876,0.03630791817133572,0.21916332964602958,0.2174845497865776,0.30476520614781655,,0.3847589848706112,,,0.6571519631059675,-0.08123815932216527,2.2504736342318266,0.1891828886007858,
2025,12,Indicador de rentabilidad sobre recursos propios - ROE,0.03644004982121318,0.0005474548344992503,0.11994823474550076,0.21272393762408703,0.3001876217132855,2.2068388727447728,0.5159026350559652,0.4482849993221505,-0.3512294124218993,1.0176110704873618,,,,-0.21889955282033136,0.9688541990514354,0.3786976493330023,,0.7787404439765226,-0.6940487368910555,,0.6487742835775443,0.42565365211499184,0.12085798078173404,1.2699996048454811,0.5394659367047656,0.17740655547339768,1.6051362203122768,0.18761171405237698,0.9123279240339097,4.8943701185265995,1.0369042381082871,,2.329407586118074,0.32818814472930957,0.7033183391234583,,1.6835563207414062,0.10792504591956997,0.056534365199656156,-0.3797959572015466,2.2338161262297107,-0.2641509495925396,0.8545216642606359,0.4000999415630744,0.05798654085038768,0.6256379531033651,1.3739402409647403,0.08774115582973052,3.324207584119094,0.3908022625608467,1.4545207688471984,0.13700339571111875,0.35424802889628704,,,0.8013307718333513,0.41780121054145125,2.7630755618344938,1.2989466520920523,0.5749864235641857,0.8428316033120773,3.1195174604456666,0.0016262248978031746,-0.5043097951824075,,0.13139476677286077,1.0915330359135025,1.3370495425642663,0.27249877227751895,0.28521467465612993,1.6937048842870683,0.9628507838865812,0.2534552209797494,0.4452312833828467,0.25016347223401536,,0.1289452372210418,1.08426174884079,0.6287318965986215,,0.18427763242568562,0.32838419255517803,,0.09729897271677501,1.0062463224521445,0.22829096514684677,0.3422227066567798,0.4782639548326115,,0.19294771069239758,,0.4428587013395042,0.9207465180892858,0.17265410160745653,0.6054180821253561,-0.7736910680550243,,1.0896239411349038,0.8228456053799453,0.5220824358139928,0.4505998957777093,2.0412264534946116,,0.794722797662661,,0.096034768937026,0.13650009435630306,,0.7253617300921067,,0.02978521882293661,0.055443637766082965,0.339921206907563,3.3577667587105475,1.0576866628878623,3.376509737132616,2.395886848732294,,2.4332105923010885,0.3211479947845677,,0.25086863947822247,1.2570372543713537,2.0290959123368753,3.381322958833594,1.0198117848087995,,4.482808671464607,0.0033468820891269235,0.4755839589502049,0.0014936412848078895,0.19014487560426452,,-0.1297184472376517,-0.4069066654065163,0.2989869977049382,,0.05416103605014788,0.04437811756203436,0.5129763470707718,1.2020269920051754,,1.6172132901882414,0.8463252451227425,0.3200460095409343,1.3945175764461988,-0.9483036669289745,0.8328286398596023,,0.12521601560016182,0.9056189136314794,0.12545107125885546,-0.15695982408219478,0.5490034963415309,0.09784721755176506,0.37875898169815225,,0.371696493496928,2.80514327585968,,3.130691687276336,0.12844497314882997,0.8993751767967675,0.36299366153016455,0.5880289542799135,,0.6425672004405445,,,1.1773802212802487,-0.2071314907208308,5.7393484756287085,0.4402219436535555,
