Año,Mes,índice CAMEL,AVANCOP COOPERATIVA DE AHORRO Y CREDITO,CAJA COOPERATIVA CREDICOOP,CAJA COOPERATIVA PETROLERA,CASA NACIONAL DEL PROFESOR,CESCA COOPERATIVA DE AHORRO Y CREDITO,COMFAMIGOS COOPERATIVA DE AHORRO Y CREDITO,COOCERVUNION COOPERATIVA DE AHORRO Y CREDITO,COOINDEGABO,COOPANTEX COOPERATIVA DE AHORRO Y CREDITO,COOPERATIVA AHORRO Y CREDITO GOMEZ PLATA LTDA.,COOPERATIVA ALIANZA LTDA,COOPERATIVA ANTIOQUEÑA DE TRABAJADORES GRUPO CAFETERO,COOPERATIVA AVP LTDA.,COOPERATIVA BELEN AHORRO Y CREDITO,COOPERATIVA CALDENSE DEL PROFESOR,COOPERATIVA DE AHORRO Y CREDITO BERLIN,COOPERATIVA DE AHORRO Y CREDITO CAJA UNION,COOPERATIVA DE AHORRO Y CREDITO COLANTA,COOPERATIVA DE AHORRO Y CREDITO CONGENTE,COOPERATIVA DE AHORRO Y CREDITO COOMPARTIR,COOPERATIVA DE AHORRO Y CREDITO COOSERVUNAL,COOPERATIVA DE AHORRO Y CREDITO COOTRAIPI,COOPERATIVA DE AHORRO Y CREDITO COOTRAMED,COOPERATIVA DE AHORRO Y CREDITO COOYAMOR,COOPERATIVA DE AHORRO Y CREDITO CREAFAM,COOPERATIVA DE AHORRO Y CREDITO CREAR LTDA CREARCOP,COOPERATIVA DE AHORRO Y CREDITO CREDIFLORES,COOPERATIVA DE AHORRO Y CREDITO DE AIPE,COOPERATIVA DE AHORRO Y CREDITO DE CHIPAQUE,COOPERATIVA DE AHORRO Y CREDITO DE DROGUISTAS DETALLISTAS,COOPERATIVA DE AHORRO Y CREDITO DE EMPLEADOS DEL SECTOR FINANCIERO,COOPERATIVA DE AHORRO Y CREDITO DE ENTRERRIOS LTDA,COOPERATIVA DE AHORRO Y CREDITO DE LA PROVINCIA DE VELEZ COOPSERVIVELEZ LTDA,COOPERATIVA DE AHORRO Y CREDITO DE LOS TRABAJADORES DEL SECTOR EDUCATIVO,COOPERATIVA DE AHORRO Y CREDITO DE PROFESORES,COOPERATIVA DE AHORRO Y CREDITO DE PUENTE NACIONAL,COOPERATIVA DE AHORRO Y CREDITO DE SANTANDER LIMITADA,COOPERATIVA DE AHORRO Y CREDITO DE SURAMERICA,COOPERATIVA DE AHORRO Y CREDITO DE TELECOMUNICACIONES DE CUCUTA LTDA.,COOPERATIVA DE AHORRO Y CREDITO DE TENJO,COOPERATIVA DE AHORRO Y CREDITO DE TRABAJADORES DE PELDAR Y OTROS DE COLOMBIA,COOPERATIVA DE AHORRO Y CREDITO DE TRABAJADORES DEL SENA,COOPERATIVA DE AHORRO Y CREDITO DE TRABAJADORES UNIDOS POR EL PROGRESO,COOPERATIVA DE AHORRO Y CREDITO DEL FUTURO,COOPERATIVA DE AHORRO Y CREDITO DEL INEM DE PEREIRA,COOPERATIVA DE AHORRO Y CREDITO DEL NUCLEO FAMILIAR DE LOS TRAB.DE ECP.LTDA,COOPERATIVA DE AHORRO Y CREDITO DEL PARAMO LTDA,COOPERATIVA DE AHORRO Y CREDITO FINANCIAFONDOS,COOPERATIVA DE AHORRO Y CREDITO FINANCIERA COAGROSUR,COOPERATIVA DE AHORRO Y CREDITO FINCOMERCIO LTDA,COOPERATIVA DE AHORRO Y CREDITO JUAN DE DIOS GOMEZ,COOPERATIVA DE AHORRO Y CREDITO LA GRANJA LTDA.,COOPERATIVA DE AHORRO Y CREDITO LA PLAYA DE BELEN LTDA,COOPERATIVA DE AHORRO Y CREDITO LIMITADA,COOPERATIVA DE AHORRO Y CREDITO MANUELITA LTDA,COOPERATIVA DE AHORRO Y CREDITO NACIONAL LIMITADA,COOPERATIVA DE AHORRO Y CREDITO PARA EL BIENESTAR SOCIAL,COOPERATIVA DE AHORRO Y CREDITO PARA EL DESARROLLO SOLIDARIO DE COLOMBIA,COOPERATIVA DE AHORRO Y CREDITO RIACHON LTDA.,COOPERATIVA DE AHORRO Y CREDITO SAN LUIS,COOPERATIVA DE AHORRO Y CREDITO SAN MIGUEL,COOPERATIVA DE AHORRO Y CREDITO SANTA ROSA DE OSOS LIMITADA,COOPERATIVA DE AHORRO Y CREDITO SOCIAL LTDA PROSPERANDO,COOPERATIVA DE AHORRO Y CREDITO SOYCOOP,COOPERATIVA DE AHORRO Y CREDITO SUYA LTDA,COOPERATIVA DE AHORRO Y CREDITO TABACALERA Y AGROPECUARIA LTDA,COOPERATIVA DE AHORRO Y CREDITO UNIMOS,COOPERATIVA DE AHORRO Y CREDITO UNION COLOMBIANA,COOPERATIVA DE AHORRO Y CREDITO UNIVERSIDAD SANTO TOMAS,COOPERATIVA DE AHORRO Y CREDITO UNIVERSITARIA BOLIVARIANA,COOPERATIVA DE AHORRO Y CREDITO VALLE DE SAN JOSE LTDA,COOPERATIVA DE AHORRO Y CREDITO VILLANUEVA,COOPERATIVA DE COMERCIANTES COMERCIACOOP,COOPERATIVA DE EMPLEADOS DE CAFAM,COOPERATIVA DE EMPLEADOS DE DOW COLOMBIA,COOPERATIVA DE EMPLEADOS DE LA UNIVERSIDAD TECNOLOGICA DE PEREIRA,COOPERATIVA DE EMPLEADOS DEL SECTOR COOPERATIVO LTDA.,COOPERATIVA DE EMPLEADOS SURAMERICANA,COOPERATIVA DE FOMENTO E INVERSION SOCIAL POPULAR,COOPERATIVA DE LA GUAJIRA LTDA,COOPERATIVA DE LA UNIVERSIDAD NACIONAL DE COLOMBIA,COOPERATIVA DE LOS PROFESIONALES DE LA SALUD COASMEDAS,COOPERATIVA DE LOS TRABAJADORES DE LA EDUCACION Y EMPRESARIOS DEL PUTU,COOPERATIVA DE LOS TRABAJADORES DEL INSTITUTO DE LOS SEGUROS SOCIALES,COOPERATIVA DE MAESTROS Y EMPLEADOS DE LA EDUCACION DEL TOLIMA,COOPERATIVA DE MUJERES PARA LA PROMOCION INTEGRAL,COOPERATIVA DE PROFESIONALES DE CALDAS,COOPERATIVA DE PROFESORES DE LA U NACIONAL DE COLOMBIA,COOPERATIVA DE PROFESORES U DE A,COOPERATIVA DE PROMOCION SOCIAL,COOPERATIVA DE SERVICIOS MULTIPLES MOGOTES LTDA.,COOPERATIVA DE TRABAJADORES DE BAVARIA DIRECCION Y VENTAS LTDA,COOPERATIVA DE TRABAJADORES DE LA EDUCACION DEL RISARALDA,COOPERATIVA DE TRABAJADORES DE LA INDUSTRIA MILITAR,COOPERATIVA DE TRABAJADORES DE LAS EMPRESAS DE LA ORGANIZACION CARVAJAL,COOPERATIVA DE TRABAJADORES DE LAS EMPRESAS DEPARTAMENTALES DE ANTIOQU,COOPERATIVA DE TRABAJADORES DE PINTUCO LTDA. A Y C.,COOPERATIVA DE TRABAJADORES DEL SENA,COOPERATIVA DE TRABAJADORES DEPARTAMENTALES DE ANTIOQUIA,COOPERATIVA DE TRABAJADORES Y PENSIONADOS DE LA E.A.A.B.,COOPERATIVA DE TT DE EL COLOMBIANO LTDA.,COOPERATIVA DE YARUMAL,COOPERATIVA DEL DEPARTAMENTO DEL CAUCA,COOPERATIVA DEL MAGISTERIO,COOPERATIVA DEL SISTEMA NACIONAL DE JUSTICIA,COOPERATIVA DIOCESANA DEL CLERO LTDA,COOPERATIVA ESPECIALIZADA DE AHORRO Y CREDITO AFROAMERICANA,COOPERATIVA ESPECIALIZADA DE AHORRO Y CREDITO CANAPRO,COOPERATIVA ESPECIALIZADA DE AHORRO Y CREDITO COINPROGUA LTDA,COOPERATIVA ESPECIALIZADA DE AHORRO Y CREDITO COOPERENKA,COOPERATIVA ESPECIALIZADA DE AHORRO Y CREDITO COOPIGON,COOPERATIVA ESPECIALIZADA DE AHORRO Y CREDITO COOTRACERREJON,COOPERATIVA ESPECIALIZADA DE AHORRO Y CREDITO DE LA ORINOQUIA,COOPERATIVA ESPECIALIZADA DE AHRRO Y CREDITO CREDISERVIR,COOPERATIVA FINANCIERA CAFETERA,COOPERATIVA FINANCIERA SAN FRANCISCO,COOPERATIVA FRATERNIDAD SACERDOTAL LTDA,COOPERATIVA FUTURISTA DE AHORRO Y CREDITO DE NEIVA LTDA.,COOPERATIVA INTEGRAL AGROPECUARIA LA PAZ LTDA,COOPERATIVA INTEGRAL PARA EL DESARROLLO SOCIAL Y ECONOMICO DE TEORAMA,COOPERATIVA JUDICIAL DEL TOLIMA LTDA,COOPERATIVA LA ROSA,COOPERATIVA LATINOAMERICANA DE AHORRO Y CREDITO,COOPERATIVA LEON XIII DE MACEO LTDA,COOPERATIVA LEON XIII LTDA DE GUATAPE,COOPERATIVA MEDICA DE ANTIOQUIA LTDA,COOPERATIVA MULTIACTIVA AGROPECUARIA GUADALUPE LTDA,COOPERATIVA MULTIACTIVA ANTONIO JOSE JARAMILLO TOBON,COOPERATIVA MULTIACTIVA CON SECCION DE AHORRO Y CREDITO DEL CENTRO COMERCIAL SANANDRESITO LA ISLA LTDA,COOPERATIVA MULTIACTIVA COOMONOMEROS,COOPERATIVA MULTIACTIVA DE EDUCADORES DE CASANARE  LTDA,COOPERATIVA MULTIACTIVA DE EL PAUJIL CAQUETA LIMITADA,COOPERATIVA MULTIACTIVA DE EMPLEADOS COLGATE PALMOLIVE,COOPERATIVA MULTIACTIVA DE LA AVIACION CIVIL COLOMBIANA,COOPERATIVA MULTIACTIVA DE LOS TRABAJADORES DEL ISS,COOPERATIVA MULTIACTIVA DE PROFESIONALES DE SANTANDER LTDA,COOPERATIVA MULTIACTIVA DE TRABAJADORES DE GOOD YEAR,COOPERATIVA MULTIACTIVA DE TRABAJADORES DE LA CHEC LTDA.,COOPERATIVA MULTIACTIVA DEL GUAINIA,COOPERATIVA MULTIACTIVA DEL INEM DE IBAGUE,COOPERATIVA MULTIACTIVA EL BAGRE LTDA,COOPERATIVA MULTIACTIVA EMPRESARIAL COOVITEL,COOPERATIVA MULTIEMPRESAS,COOPERATIVA MULTISERVICIOS BARICHARA LTDA,COOPERATIVA NACIONAL DE AHORRO Y CREDITO AVANZA,COOPERATIVA NACIONAL DE TRABAJADORES,COOPERATIVA NACIONAL EDUCATIVA DE AHORRO Y CREDITO,COOPERATIVA PARA EL BIENESTAR SOCIAL,COOPERATIVA PIO XLL DE COCORNA,COOPERATIVA SAN PIO X DE GRANADA LTDA,COOPERATIVA SAN ROQUE,COOPERATIVA SAN SIMON,COOPERATIVA SAN VICENTE DE PAUL LTDA.,COOPERATIVA TELEPOSTAL LTDA,COOPERATIVA TEXAS LTDA,COOPERATIVA TOLIMENSE DE AHORRO Y CREDITO COOFINANCIAR,COOPERATIVA TRABAJADORES INGENIO MAYAGUEZ,"COOPEREN, COOPERATIVA DE AHORRO Y CREDITO",COOPERTAIVA ESPECIALIZADA DE AHORRO Y CREDITO TAX LA FERIA,COPERATIVA DE AHORRO Y CREDITO LA BELLEZA LTDA.,COPERATIVA INDEPENDIENTE DE EMPLEADOS DE ANTIOQUIA,COPERATIVA MULTIACTIVA DE EDUCADORES DE BOYACA,COPROCENVA COOPERATIVA DE AHORRO Y CREDITO,EL ROBLE ENTIDAD COOPERATIVA,EMPRESA COOPERATIVA DE AHORRO Y CREDITO SIGLO XX LTDA.,FEBOR ENTIDAD COOPERATIVA COOPFEBOR,FINANCIERA COOPERATIVA COLOMBIANA DE INGENIEROS,FINANCIERA ENERGETICA COOPERATIVA LTDA,FORJAR CAJA COOPERATIVA,GRAN COOPERATIVA DE ENERGIA ELECTRICA Y RECURSOS NATURALES,LA COOPERATIVA DE AHORRO Y CREDITO SUCREDITO,MICROEMPRESAS DE COLOMBIA COOPERATIVA DE AHORRO Y CREDITO,ORGANIZACION COOPERATIVA DE AHORRO Y CREDITO NORTE DE BOYACA,PROGRESSA ENTIDAD COOPERATIVA DE AHORRO Y CREDITO
2022,1,Indicador de Riesgo de Liquidez - IRL,0.44227926300815684,2.708822279492097,0.4081426675549783,0.15063081110485027,0.8708586626545902,0.0,0.22505417624776858,0.0,0.668035161473043,0.3284228746872946,0.0,2.0229846124161543,0.0,0.8440536902668248,1.048834373501135,1.9732771944629262,0.0,0.3468093818601933,0.282330170448328,0.4711460500571706,0.0,0.6201637895994426,0.0,0.4597931154185067,0.3092372992907333,0.4298924732313354,1.0740519938637518,0.30462594450998903,0.43665705915393555,0.3295060576042594,65.57244751583686,0.3951186979294489,0.0,0.4341682072191667,0.5231030724373702,0.5110058148476136,0.888293158731271,0.8940490885241146,1.0522081397522314,0.18699165179917732,0.4920784937504164,0.0,4.035765374852822,0.5670253986208578,0.3489881182843497,1.280762752693208,0.0,0.5808210348758761,0.24024207639183218,0.3255432309224176,0.5150983920177961,0.27518668318773803,0.3098375927545988,1.0868974062046077,0.2767865178632383,0.18970739523810617,2.665334862983381,0.624896182729364,0.21160115738699795,0.5746653625932591,0.5167449840600667,0.0,0.6429837212356783,0.0,0.0,0.5996923440955368,1.1417735775962885,0.7139768503422543,2.2414357183670117,0.6738352798084807,0.983404792018488,0.0,0.736787147444501,3.2257799556915883,2.223757379637822,0.0,0.43237819588203735,1.2957835021356954,0.4848739134476749,0.0,0.9531039398424622,0.7683637268469069,0.0,0.8485101938090996,1.4838362904742068,0.3546912198538777,0.3961991326934557,0.48201275493915186,0.0,1.2329516437701804,0.0,1.0442987600553821,0.8225035283232378,1.5645411515344225,0.0,1.2766332283886064,0.0,0.7072518226986931,0.4313427298845247,0.7054081189687141,0.399584675169071,0.5889827156365522,0.0,0.8368366415528957,0.0,1.327085314468623,0.3894210527703288,0.0,0.4396525191939991,0.4359676196804112,0.5236647984134032,0.6983251591172482,1.837756778906121,0.0,0.5196180872386149,0.8977567763367504,0.49334389829925346,0.0,0.8308786014456897,0.2435182650355959,0.0,0.20718580367870915,0.5605246617556697,0.7441012197696287,0.48696561696137963,0.4079030925358695,0.0,0.5256701657136392,2.7717932496699094,0.4428208071638402,0.5045673063344418,0.5315273066094932,0.0,0.32930995321330286,1.5139686668284291,1.865485474396558,0.0,0.36460156049094894,0.19818774196817432,5.052892723073465,0.24075045966523195,1.7710113751558407,0.3831088407682718,0.6710268854023865,0.19147049677395198,0.5000139919526873,0.186538260652351,1.1747852642858283,0.0,0.40453427322123336,0.7662512232339657,0.5962591130859352,0.18411471171129806,1.0870656033025503,0.6705330131237038,1.8252510595824494,0.8698323564243601,0.0,0.5069036060174985,0.0,1.3247833962519469,0.3143573707020406,0.2764251918188722,1.5199655185179883,0.3655153330708508,0.0,2.138652699600497,0.0,0.0,5.523594236428668,0.302677818850257,1.3553894014778136,1.0249219673875576,0.5808465963111444
2022,2,Indicador de Riesgo de Liquidez - IRL,0.43310260186236216,2.28368421301896,0.3622682853962633,0.16292129003002817,0.8499792199879509,0.0,0.228464496702241,0.0,0.6282416079944019,0.29821451184653996,0.0,1.50951727426252,0.0,0.9183428463722162,1.0491203985916104,2.0851969071259133,0.0,0.386934837002409,0.2813729393151584,0.4055186338697521,0.0,0.6024467143319,0.0,0.4451147166235523,0.31373348439879717,0.40826975620176903,1.0691836715018785,0.4518002945189502,0.49578247280363225,0.33172589632900507,43.405350069953,0.38981538471884636,0.0,0.4290939372971773,0.48901926164154974,0.5273419096284131,0.852139449335626,0.8160748643911361,0.8622437603291876,0.19090662410955123,0.4929351223487347,0.0,3.88298344398743,0.4556999131983727,0.2818483128432298,1.2316708456154521,0.0,0.5806610723957335,0.21697709212430255,0.3519609309298965,0.5451867964187299,0.27412650594070964,0.3244442017819682,1.0423896255656986,0.26080564041999366,0.17404096936057362,2.691853740315876,0.6172490922014725,0.1899360720382832,0.6497144614470667,0.4931186789925557,0.0,0.5874508361672698,0.0,0.0,0.602915708582726,1.2334962103096188,0.72600872534853,2.219801565243325,0.6459417980442286,0.9803965874514967,0.0,0.740668952540813,3.104188628508617,2.3846665181487166,0.0,0.3816321748033842,1.2415188999887798,0.3730267874772401,0.0,0.8750662643885029,0.7472591679938603,0.0,0.8710317391113866,1.2615948444025376,0.39106332882094297,0.3706593535601041,0.4894734056532793,0.0,1.1645541470848044,0.0,1.1378236753224773,0.837003589997795,1.483968825307314,0.0,1.1292822303350398,0.0,0.689905732239319,0.38244394106413315,0.5743995713053371,0.39208310086854575,0.6050430550604173,0.0,0.8305558015724996,0.0,1.4286125438179487,0.40200513710129737,0.0,0.5533821264829402,0.38838900099178136,0.4820012645620852,0.6083418410436493,1.7838583939610033,0.0,0.5442357021693718,0.9154346687844332,0.49745346996693546,0.0,0.8374135056759726,0.22109612987790767,0.0,0.23816348064864268,0.5536921145015719,0.7515155061727895,0.4919942375990763,0.43424957028193173,0.0,0.48436331262228227,2.8434207520988015,0.31258290540044065,0.38860524807936175,0.5399027495446149,0.0,0.34146323036564735,1.3299938629228403,1.9561577898705336,0.0,0.23849921424861525,0.2675927153611581,3.970135279331863,0.2428931557210026,1.7729815812079803,0.5245960288433977,0.6559289658262575,0.19514249770703304,0.5099653830456349,0.17040405563812505,1.0960025927218089,0.0,0.38241920200084334,0.7347658257208635,0.5147242255854075,0.23071589020457492,1.1189636362671782,0.6734477386615427,1.7923779875403894,0.9189551209499924,0.0,0.51160703865091,0.0,1.2985657125430075,0.31880939083734416,0.24752475971548027,1.525553515240701,0.3007631345070265,0.0,2.090319880166384,0.0,0.0,5.126095177235972,0.2854111496752989,1.3048525892068916,1.1062312370048684,0.4564918374837766
2022,3,Indicador de Riesgo de Liquidez - IRL,0.4563663568217607,2.289243901973705,0.38519858802558626,0.16225713914741682,0.8136994453548128,0.0,0.23821435191433019,0.0,0.47336538523942323,0.2838655234640588,0.0,1.9073586954705841,0.0,0.8984839919617672,1.0498432005294207,2.1219618878418287,0.0,0.4154053227008051,0.28942236422757506,0.6070444597589902,0.0,0.5836185615064471,0.0,0.47071488220095103,0.3249306277354683,0.36854501413364693,1.0738264880794044,0.41968994217027955,0.5583762385855088,0.34188230273804054,30.748269870689256,0.39497164133986706,0.0,0.42558465523585104,0.4635349023798429,0.5396176446007303,0.843533167282065,0.7377218832875437,0.7849509711434234,0.20337549603366553,0.5034760531037935,0.0,3.850118958914587,0.4041688859238573,0.3567056896452959,1.067193275032871,0.0,0.5267917249495145,0.2757772652665855,0.32982482347656855,0.5210142634812429,0.2725119831975083,0.3188502762887439,1.0610434417267969,0.35098526073737135,0.17240423437103522,2.8597226234978286,0.6066781360841501,0.1969371948924912,0.5300282170556323,0.43695636785084846,0.0,0.5776114954195006,0.0,0.0,0.6106667771059641,1.3235296241716084,0.6830494941522868,2.203274973827727,0.5700075779772908,0.9893751814237073,0.0,0.761056882550477,3.4563356786932107,2.2423316593291087,0.0,0.33067890950655227,1.1765130955431131,0.4536271210289964,0.0,0.7701909659866171,0.7495414078292683,0.0,0.8554325385260342,1.1627263078953367,0.377853863481365,0.3513224559786009,0.4763637705622812,0.0,1.1730240525522933,0.0,1.4563266698719544,0.7228431891620315,1.4783627615843717,0.0,1.1628096536840904,0.0,0.6686742670928885,0.42608057951758516,0.54615806907003,0.39424932280166874,0.6051479772390794,0.0,0.819903341197526,0.0,1.413616084511051,0.5480158566600789,0.0,0.5218329250915841,0.3525937537869643,0.46416961046861377,0.5744933573176246,1.8045989384810908,0.0,0.46163074687538586,0.9713182560093988,0.4374573724801388,0.0,0.8608935666415466,0.1767030413110066,0.0,0.2342939089246775,0.5581950466235763,0.7737118454133379,0.49558129772611126,0.4265466357086015,0.0,0.4850169383692406,2.894200054188075,0.28424903728381545,0.34005383437842573,0.5845464664292908,0.0,0.34567084690849037,1.2037037952104754,1.9115822562122393,0.0,0.2940843131891938,0.27410866399746064,2.7602300812464216,0.24812745746745915,1.6443031838329383,0.5934374292701142,0.6668413258884817,0.21742907739647063,0.5188767608912714,0.17811119814054896,1.0253803112531872,0.0,0.37181285486902393,0.7140844549248768,0.3630851742577883,0.23736244846933888,1.1679105311572244,0.6531869890686629,0.0,0.9416225510020674,0.0,0.5197827564916022,0.0,1.308284774172049,0.28132795002572214,0.23031489430720725,1.4854721356819751,0.23753086001393428,0.0,2.068363019851645,0.0,0.0,5.294176385783217,0.3791379363139071,1.2944669861259535,1.1051116827988767,0.5886486926711221
2022,4,Indicador de Riesgo de Liquidez - IRL,0.48268583500844253,2.2368342689266596,0.36221280130686956,0.15646944242492136,0.8266741899415092,0.0,0.2607527593437115,0.0,0.4759252534050936,0.28842108033363734,0.0,1.669634592566259,0.0,1.056215029879274,1.062268017825151,2.060009799500879,0.0,0.4522423598691256,0.26758839563644815,0.7448087968975795,0.0,0.592676932356394,0.0,0.4478262386422661,0.3202903559082551,0.3983943177229565,1.0724033654807248,0.49469348511067573,0.6116613725655473,0.3312411388441501,23.33370339500394,0.38242078643006133,0.0,0.42715198716488784,0.4526764170529291,0.5260375957058393,0.8016888337169348,0.6706933534894696,0.7081127778637015,0.20249674158378933,0.4717967603617322,0.0,3.9095878028127284,0.33789511403610667,0.28289288032181714,0.9631865985363693,0.0,0.5426730745474503,0.2694628974004564,0.414077003990294,0.5081672502923933,0.2566047444826353,0.35306820575039705,1.0219275675100015,0.20700574837628155,0.1864512874102675,3.024706633968793,0.5921353626775067,0.19806849346739283,0.51280888156468,0.39622283889775733,0.0,0.5760841336667056,0.0,0.0,0.5947648180089711,1.2354575847564895,0.6925436020508297,2.100597316964661,1.0063501859400543,0.985798147966375,0.0,0.7674494435499364,3.229071349201346,2.0153541417841168,0.0,0.31928084945276775,1.0663989884189353,0.4962871957558704,0.0,0.6951455171644615,0.7354768124763065,0.0,0.857856865140111,1.0928710549838938,0.3794651698233877,0.355174889436369,0.5014465920446145,0.0,1.0582066313294984,0.0,1.2351046392918352,0.641369780569699,1.4714599432745024,0.0,1.0181406064049203,0.0,0.6698901430476889,0.40372799612483734,0.6242363515282692,0.369761200649726,0.577786877715527,0.0,0.8285420520483883,0.0,1.383393883132471,0.5197349414778576,0.0,0.5137245165470381,0.3410980596357227,0.4039552113047041,0.5947263456535486,1.8139517656243458,0.0,0.37807830604496817,0.9447083299778953,0.4623382418855043,0.0,0.8759994229492296,0.27794547471290165,0.0,0.2631673415037753,0.5315523643628803,0.7717899146624453,0.4982640570991405,0.39242978158696007,0.0,0.49307429785915463,2.858262688732285,0.2505371800944182,0.23968919712933826,0.5266840386292774,0.0,0.3338803625755113,1.2624680416451122,1.710727411260342,0.0,0.31460417548145597,0.20312483662891764,3.199324702310615,0.20130881795002464,1.6895126829716964,0.37432227020981057,0.6086904790480265,0.20243221471384962,0.5223056549644114,0.16856728224268155,1.0141916534101758,0.0,0.36674435265330785,0.6770145308150142,0.33157568219819766,0.20305147486244404,1.1942198130032913,0.608952003096265,1.8399438647229247,0.9621521252018087,0.0,0.5053346966639464,0.0,1.3328345056277127,0.2874739038833102,0.22629441304250825,1.4374316137411403,0.25904234863942827,0.0,2.20382771445456,0.0,0.0,5.280743679325747,0.42412412383176856,1.3217773895728315,1.0112895005340423,0.4790159315464282
2022,5,Indicador de Riesgo de Liquidez - IRL,0.49133176263848877,2.145781173740332,0.36638800480131295,0.1549745401523567,0.7557695152383285,0.0,0.21464887011850162,0.0,0.4347005994669426,0.26967783130580103,0.0,1.4636852111043595,0.0,1.102145903715409,1.0986953630689704,2.0767424210267302,0.0,0.40294826128886796,0.2608398009157288,0.9203386860346451,0.0,0.5976036922434886,0.0,0.4985682967183922,0.31560603411681226,0.44679419425675626,1.0674303511840004,0.48932050068740496,0.6233835408113024,0.40369847688536076,18.995892018681857,0.3980479895674679,0.0,0.35394315464552173,0.38193251575859777,0.5128699079751434,0.770853780081653,0.6616450204114425,0.8544362150239704,0.21026284505153403,0.5144043981872765,0.0,3.968891938864896,0.30432394792534245,0.46852685601991206,0.8851976187350576,0.0,0.29807853478964463,0.2573136573488717,0.34501495410622024,0.4898120586343235,0.25109888291526133,0.31432839297048304,1.0057916745432136,0.22981097906974454,0.16960618374240197,3.095354740701122,0.5782466465124885,0.1877533059094827,0.5157776596947095,0.37226881335462964,0.0,0.4784385071336723,0.0,0.0,0.5566119291654329,0.9978714843507522,0.7403632020907349,2.034216807488768,0.9793149150943475,0.9685076627876391,0.0,0.7737014592341955,3.1878477945705472,2.11978510372337,0.0,0.36350688326020275,1.0141373953926838,0.39703931732182407,0.0,0.5199801698199353,0.7121062905834321,0.0,0.9108122792363565,0.8463686420904426,0.3642037058621609,0.36904377726818255,0.501134353020511,0.0,0.9983796766597917,0.0,1.0874477397901579,0.6400159499330166,1.32697349145895,0.0,0.8199384324016393,0.0,0.6880050583723812,0.3646286896472935,0.5973412238418185,0.2663867980369968,0.568189044942206,0.0,0.7707196759764763,0.0,1.268057961751036,0.5096064288404704,0.0,0.5653912287363282,0.3370282982851822,0.3573422148693379,0.6048718135165961,1.93603625877846,0.0,0.40255569873528396,0.9567718256722823,0.48375156586105017,0.0,0.8983632523360977,0.2696737516496299,0.0,0.2564314643186981,0.5100191878693019,0.780313573993027,0.50676454269768,0.4146913716143254,0.0,0.48253846969368325,2.717239492089573,0.21644861241483235,0.3636931664439328,0.5431692225111586,0.0,0.2565197624120421,1.3588076585724673,1.6559970694462594,0.0,0.2707877589041896,0.2840578284695479,2.18873071586696,0.26302293875681404,1.6154378917972374,0.41011890447958327,0.5381469259146796,0.20118477764811113,0.5174247679974648,0.17041379143437316,0.975485499009138,0.0,0.37821619448492605,0.659615321263918,0.39512296537145203,0.2153934380857143,1.1417700071563335,0.6066964424115229,1.6903954283652216,0.9420583539153351,0.0,0.44892485974389634,0.0,1.292759273721054,0.2568188292591812,0.22279649331140408,1.3667161647162898,0.21211835767599246,0.0,2.3347081567571792,0.0,0.0,5.4625459706188275,0.27277223546532325,1.2457867507143734,1.0214901196213158,0.641027370450531
2022,6,Indicador de Riesgo de Liquidez - IRL,0.4146856611733148,2.2087614226484424,0.3710424809713718,0.15418351870327743,0.7501704892082488,0.0,0.25064660187420346,0.0,0.4753462625299442,0.27284323474822536,0.0,1.3122389286039486,0.0,1.1160614492695113,1.0647371598994069,1.9062859153163196,0.0,0.42559793149018216,0.2791616623622632,1.0665426581053603,0.0,0.6052147241463468,0.0,0.535397065617218,0.28602915446030686,0.3659291234929345,1.0505499722538199,0.4295557953692513,0.5965845000377794,0.43007085620251456,18.6296460338545,0.4008284800304141,0.0,0.4147918253912127,0.3840492677583747,0.4953099687029039,0.72786132148528,0.6672344326617857,1.4544570373705195,0.20398904904489595,0.5297914822383858,0.0,3.5920483027467935,0.3483032184340892,0.4173401910888069,0.8365093918265103,0.0,0.2589711832758929,0.2700908087874623,0.3055381856511912,0.4639167317546651,0.25077739664503756,0.2635697624896892,0.9212768496875742,0.21752469416865822,0.16936214217819393,3.111108037282031,0.5720811369223993,0.19042635760024676,0.4384905162520256,0.3637514598874072,0.0,0.5279436139034146,0.0,0.0,0.5320309986576007,1.2923834334430886,0.7600883099077425,2.0347126164104843,1.0433340710177854,0.8912869205435855,0.0,0.7575124979460103,3.2150548511063683,1.8681601338039024,0.0,0.356978711303466,0.9410698277161436,0.3913313558472795,0.0,0.5318340312054929,0.6990403323136065,0.0,0.9698579139307839,0.7536638519325629,0.37101654704893766,0.34157804998090413,0.4575702021614871,0.0,0.9844528367725456,0.0,0.6709232177112331,0.6719587391330303,1.1748566466245483,0.0,0.7778967345025377,0.0,0.6843698134815642,0.4376134869469225,0.6805817881210429,0.22974397800816418,0.5410021263397458,0.0,0.7291030837620197,0.0,1.288575830894235,0.4465295490970184,0.0,0.5006880022359543,0.3445226774039746,0.40437314291821536,1.014663670105921,1.9492408933577157,0.0,0.5041970268569153,0.9776848441308057,0.46399958717857237,0.0,0.8467896517018177,0.19998231721914567,0.0,0.23393621462736036,0.5053422135729109,0.7513628946228714,0.472264994531074,0.5415314666840023,0.0,0.48356183788286133,2.5497372933531026,0.30236619192559605,0.3256780951263576,0.536773685447691,0.0,0.3134522856073885,1.134788859911591,1.3808251369960929,0.0,0.37410035548893356,0.2331254131746303,3.178242006863143,0.24645976897086608,1.632108018284751,0.45997275988850905,0.48963680779060753,0.22678549193319167,0.5362322986650545,0.16625170946894763,0.9673701400973826,0.0,0.3553466047509132,0.6335417562902022,0.46088982583983007,0.2007776081804513,1.205501937052541,0.5964615965141091,1.4530658855533953,0.9464741580252468,0.0,0.37535477416880175,0.0,1.3435462419966189,0.2299945433407021,0.23706887850783306,1.3360338402418943,0.25192960465510295,0.0,2.423044587175405,0.0,0.0,5.478566962349317,0.22557307110714744,1.2275792023276078,1.0158488730882451,0.379685413647202
2022,7,Indicador de Riesgo de Liquidez - IRL,0.3810650774042531,2.4268651495840095,0.3443191438567454,0.14757903434213762,0.7360126255141924,0.0,0.22369025126895098,0.0,0.4155131861378923,0.2751603876793528,0.0,1.211405038099321,0.0,1.0752476938730553,1.0484709225089772,1.9083793098859216,0.0,0.3753194129504958,0.2794095303667834,1.097259042877834,0.0,0.582862958329222,0.0,0.49040355494362453,0.2576648541670731,0.5235829785320263,1.0544310590352137,0.495778381575984,0.5463242061939432,0.425305877469981,16.120741424788385,0.37166475764368284,0.0,0.40243855973916826,0.4785773580565956,0.48679156242235494,0.6780564156998068,0.47701075437125157,1.4022698499230626,0.21105215060844273,0.506023822764297,0.0,3.4135771621573205,0.35044718284560666,0.3280440029838779,0.7033992296166476,0.0,0.2828993258337826,0.22001779218717962,0.3534491724442707,0.4444417957130706,0.24573737109680036,0.3563976870036968,0.8164602560824565,0.1752211023455671,0.19548972749616766,2.9828188884343643,0.5485470078874042,0.1626720371684208,0.3947010948396904,0.36277271259249294,0.0,0.5778655249124862,0.0,0.0,0.49917045236001334,1.1379536258722474,0.7575326160105631,2.0154860958202545,1.0503582184860625,0.8257343086542109,0.0,0.7884708260742618,3.1985256312123376,2.190994345050713,0.0,0.3829561743733333,0.9352656951860404,0.41736669442178476,0.0,0.518067810666014,0.6661980574708363,0.0,1.013768548688563,0.5982672101631649,0.39712325096799916,0.32459580908347613,0.41371584685538904,0.0,0.8466033255378642,0.0,0.5561666167198808,0.6645424677359809,1.1395548469827999,0.0,0.7040538076943534,0.0,0.663448255204805,0.3893375246204909,0.6074569447636015,0.24954196636555187,0.5102032479834657,0.0,0.6941805470513919,0.0,1.227240570293909,0.4834364846146093,0.0,0.46162049470462424,0.3912500939383777,0.3824181092361885,0.6570702850857191,1.7126776349884851,0.0,0.46939153045296317,0.97742305686638,0.44937743569223815,0.0,0.817620292006824,0.2147054251079497,0.0,0.25506175568564254,0.47719031067224194,0.7450207698368756,0.4457652419406165,0.5169874517541226,0.0,0.4371528375266155,2.7071273480754163,0.26035697757533477,0.4609067159502933,0.605962763649828,0.0,0.23580694460402843,1.1831752114824354,1.3037874734155754,0.0,0.3812009191196663,0.3127993969143212,2.7361358824243855,0.26754369042637594,1.8572657870330094,0.39293269823343874,0.4266943706346765,0.2242403807873623,0.5993398762245399,0.1736738983522701,0.9092097684234179,0.0,0.3290336637085574,0.5731265737531718,0.37094248738722013,0.18674987163296383,1.1747727469624976,0.4977982951786015,1.3816309757957155,0.9489167816334454,0.0,0.33314697206457383,0.0,1.2920249140683149,0.20635963591050496,0.27835814996726016,1.3592551169133384,0.2980673607179284,0.0,2.2638540671392593,0.0,0.0,5.584431288471471,0.26368958228963457,1.1496067647463448,0.9813746382432226,0.43978112290875
2022,8,Indicador de Riesgo de Liquidez - IRL,0.36248447463174854,2.35129697221591,0.32619841321334725,0.1594914001137521,0.7410489791922369,0.0,0.21325306706478994,0.0,0.4149939864344897,0.29145662561760105,0.0,1.0197319531153977,0.0,0.9354270980537363,1.0398165808993969,1.9708356250423569,0.0,0.33938824908667437,0.26607688242120686,0.7559226493387686,0.0,0.5529793700255691,0.0,0.44111156278232516,0.23219105335951248,0.41315547888221754,1.0392899390036328,0.3846330151754202,0.46508193302224166,0.4064373471077786,14.461466355706733,0.37920212819174537,0.0,0.37132156073236156,0.5034768206381884,0.456666685839726,0.6385079140259744,0.5203334132796394,1.35309615522282,0.18442335211557837,0.500612652371886,0.0,3.329088512589373,0.35926893532410115,0.3083534970243801,0.6099210975113156,0.0,0.2354486323229916,0.24417911945808687,0.29357079578808165,0.40075334227507803,0.2347628667952438,0.31442960228632605,0.8197951116939591,0.19686170603580044,0.19686666688713517,2.8872613294545006,0.5290844306217851,0.16586064006005136,0.3041434004474884,0.3499501076661465,0.0,0.5616570984945294,0.0,0.0,0.4515154414731543,0.992992995299781,0.5821586779341203,1.9399007918634015,1.0669438278765049,0.7941690921380344,0.0,0.7925824324227124,3.0948444064656297,2.0864850712335707,0.0,0.3527324113336316,0.8837574400572556,0.420881340502728,0.0,0.6356543630630355,0.6042464902162485,0.0,1.057208149700261,0.6824944272647756,0.36500586375203325,0.2963649910205258,0.4123222472904554,0.0,0.7706609734187851,0.0,0.6245281049695849,0.6940500425023386,1.0345045796850314,0.0,0.47551146909665015,0.0,0.6485267697515217,0.35173239958453595,0.49714224165397064,0.2541241637473782,0.49903734052178406,0.0,0.6585764068596149,0.0,1.1722287525114548,0.5057386493693826,0.0,0.379742856262953,0.33357552497254833,0.37095746856115897,0.5800646427366801,1.5962236502619935,0.0,0.45886265015469513,0.9952712894187938,0.424098874599443,0.0,0.8012768522542807,0.2121819349487864,0.0,0.20521194109210786,0.48185563307208856,0.7176407196527232,0.4078841233904162,0.570585326833926,0.0,0.38225209333500854,2.8175210778458664,0.30014916513116563,0.34177418893917005,0.648743167363058,0.0,0.3557804736875011,1.1268629609371796,1.2669485227966704,0.0,0.3872528757988711,0.2511914699070068,2.6812332119321405,0.2773701035644834,1.4320247184517698,0.3038578361557634,0.31778536372384836,0.22322838314470872,0.6224085729138153,0.1766292511411263,0.9192930036576874,0.0,0.3403970946974781,0.5405205749695217,0.3392559605095543,0.17629535358757348,1.1736118136591829,0.4205582878489291,1.2564970674047282,0.9205986436540883,0.0,0.2662562786251047,0.0,1.2247538434952254,0.2059619125173553,0.3134307711114316,1.351986782516311,0.30199959356632855,0.0,2.1709905183382325,0.0,0.0,5.410110188236959,0.2841396669140428,1.0788654313173447,0.9852972073678654,0.35067411102291096
2022,9,Indicador de Riesgo de Liquidez - IRL,0.33740702447671805,2.1838380938361053,0.2691543768601682,0.15814420882105582,0.7197687275470848,0.0,0.2203988321495459,0.0,0.41300306265729597,0.2845939641601028,0.0,1.0023036153899654,0.0,0.8721705167301917,1.0329257291950635,1.9684533073681691,0.0,0.3341722607988245,0.2838151220655895,1.097538723774078,0.0,0.5313832704605792,0.0,0.4455922197238175,0.2072796059550188,0.41033842236880685,1.0194793968892557,0.38582069642382466,0.3638677014026666,0.34424034980817403,12.182696112540919,0.41392444177258547,0.0,0.4224472447563285,0.4916195438199612,0.4433120018567873,0.6859121704376581,0.47474927161800284,1.3271260483782847,0.18036689709689468,0.4685589309863719,0.0,3.2696802476465785,0.3831704914965937,0.27832632466104335,0.38881479568339206,0.0,0.2978129896385051,0.22754041433087094,0.2663952731234585,0.3585840311558947,0.23065977791756748,0.30454076871552804,0.7370291295980119,0.1629173064779848,0.19564192440690864,2.880950902441651,0.5105928938798863,0.18924091663032638,0.3657373759292757,0.34470857529564985,0.0,0.5126315856268345,0.0,0.0,0.3680630527431734,0.8560638743013106,0.5464424368445548,1.8711685186048357,0.961520511875983,0.7070374543122778,0.0,0.758716900979298,2.792516646791762,1.836350042798029,0.0,0.3927064025487464,0.8756416654273015,0.42983260829207215,0.0,0.47122717777705336,0.5914602186513405,0.0,1.0617026199379926,0.731857854581359,0.36032550195542334,0.27021423390791605,0.3960041795402694,0.0,0.7819761999894479,0.0,0.6492816501948174,0.734249050444406,0.8225190511402835,0.0,0.8134099019525244,0.0,0.6244875326264112,0.3002603129719032,0.47354186850663005,0.23879892271452666,0.4531710606900179,0.0,0.6127586738834238,0.0,0.8986561206947642,0.4569298693172263,0.0,0.3185900728687865,0.29035665156934437,0.34604328559934733,0.5248248770480151,1.5008923180283353,0.0,0.43360260053070243,0.9830855202734987,0.4343280266821553,0.0,0.7976155345548913,0.25761940536243877,0.0,0.2515230747089291,0.4570311002586862,0.6780401388961095,0.3592517219821045,0.4940393499245787,0.0,0.3273843466193521,2.6006218635231617,0.2776792031370863,0.2777765987401763,0.6414816322862428,0.0,0.25748604083991095,0.9684574766847692,1.2144265738787607,0.0,0.4066607226469417,0.2399071024059699,1.863240640307677,0.2586117480472893,1.6634803492010033,0.325632053233699,0.3865194849816046,0.2077861794303052,0.6084814336695916,0.16990190877857195,0.7856281646302133,0.0,0.33923419737891697,0.47544617983680126,0.37184007458954815,0.16569616451821362,1.0925282318556555,0.38459152195217106,1.0704283813481839,0.909321307356257,0.0,0.310280619214086,0.0,1.3733535774705163,0.21549363577020372,0.29696198128377965,1.2215226630098939,0.3079507107307956,0.0,2.1576014549514047,0.0,0.0,5.274254722874777,0.27193288368741825,1.0152647739453535,0.9419587758644677,0.28413053294408647
2022,10,Indicador de Riesgo de Liquidez - IRL,0.3536247739609336,2.0758406229610156,0.3616918491310725,0.16776389676014253,0.7288940519188495,0.0,0.24564097183177364,0.0,0.5224127102525014,0.2906724328164498,0.0,0.8634004864743908,0.0,0.6183175854483983,1.053155687980214,2.0239535536225155,0.0,0.3745818496358172,0.27534641302062896,0.7400375637730762,0.0,0.5391621135178079,0.0,0.4541936513177361,0.18520444102023326,0.4525415366846258,1.0191861312589607,0.4778627795243843,0.3007025663450997,0.34700206594727434,11.500274096640162,0.4546674719748356,0.0,0.44434378529035656,0.44241028315311365,0.44959632384560083,0.7027970955038345,0.47654628372265906,1.0145755702870887,0.16188473787277669,0.43810117970049267,0.0,3.1471792183887954,0.3396958553618426,0.26789252780517003,0.6426813764067179,0.0,0.1872521822566445,0.23620805499447606,0.26594084655999695,0.3465349116377844,0.27098856384740816,0.2957009487454505,0.6682175235509963,0.16744199516841252,0.18197867066924484,2.965537072937988,0.5089802631773023,0.20943370637682152,0.38156900930225446,0.35155545345393197,0.0,0.4544168235066484,0.0,0.0,0.3343898671699085,0.8091210665265215,0.5007078101267329,1.7684526787060448,1.033113845316178,0.6753505668439381,0.0,0.708618252855934,2.4180692479407657,1.6352109093500342,0.0,0.41826202724168526,0.828108421418338,0.4194133493878603,0.0,0.4754358803226815,0.624880223093365,0.0,1.0375714192690721,0.709984208127698,0.4585383728831686,0.28141793941602183,0.4108469466591167,0.0,0.6560978563796708,0.0,0.9520119812827887,0.7468567341518394,0.8045079337347958,0.0,0.9204310937498209,0.0,0.5988210446918467,0.31250867347544997,0.5194963018240972,0.45138069154304145,0.4352230277681013,0.0,0.5391648606010612,0.0,0.8593136421278049,0.4672089835024982,0.0,0.33760667878042916,0.3031026172391029,0.30924615705316333,0.5399686724128353,1.4161418044546616,0.0,0.4219964551002441,0.9775329723319771,0.40027738055297074,0.0,0.814706453605803,0.26891497047417917,0.0,0.27627355158851247,0.43812172869948024,0.6558811444920157,0.3716613313465638,0.44770341473697634,0.0,0.32718359521757123,2.7049440530243873,0.24852431032434058,0.38481182177459333,0.0,0.0,0.33864000401346184,1.11743362344106,1.4872888243160551,0.0,0.40536147005386364,0.22749929914004646,2.6426239894860926,0.21102998346543966,1.4100587802179667,0.4435906642662059,0.3619971326098418,0.2424418958432685,0.5499418391942136,0.17922839294543194,0.8450669433768605,0.0,0.35397613249751486,0.4025756351202905,0.37541485785886947,0.18385946144381596,1.1192947328560356,0.4027861905456315,1.020549922544379,0.9259700367906523,0.0,0.3178460208507327,0.0,1.3616653676567534,0.2052903553137567,0.2876543071701036,1.1435562727312747,0.3252861078958596,0.0,2.2031320152887,0.0,0.0,5.656376905594925,0.248388881482407,0.9692460442092148,0.9505539967460916,0.3469302683449886
2022,11,Indicador de Riesgo de Liquidez - IRL,0.3668302438634254,2.3587775988623587,0.3159138709288594,0.1696603756561852,0.7372681617158775,0.0,0.21914041332853004,0.0,0.5701611700042705,0.2807403566165798,0.0,1.1747366813358715,0.0,0.5454245552598089,1.043187805761691,2.0122777151637736,0.0,0.37171296629398404,0.26440880252786997,0.8140942590453463,0.0,0.4955313944888196,0.0,0.4377985234715806,0.17306975731652596,0.515474522746087,1.0046185581964242,0.42063432633105474,0.3023981407669625,0.3231415260052942,156.8248845731193,0.42430509392567145,0.0,0.4769449207065076,0.41322200000410186,0.44880340301037963,0.7092587595644294,0.5181147597228083,1.092465637357765,0.18094502932850579,0.39662099903201714,0.0,3.1630875520475277,0.28116638761295276,0.25020744497505437,0.5346767879483094,0.0,0.1849387315004073,0.26383140262814375,0.25669960235611017,0.33709197368121374,0.255930819233979,0.3068757129423998,0.6569788354583918,0.16361625455268236,0.1752261705931267,3.036278751525939,0.5322365212829271,0.21419889172942408,0.34656228380775156,0.3216250031196062,0.0,0.43908374808249995,0.0,0.0,0.2847477634945252,0.8109569885488334,0.5177212447683582,1.6772270009591752,1.120726369281247,0.7532326692631598,0.0,0.665898129330442,1.9608220051081084,1.002105030365383,0.0,0.45175063909278473,0.8051815659330489,0.4751818721711062,0.0,0.44031318858774393,0.5623311223329616,0.0,1.0685196843557352,0.8091233877921961,0.4170910970141957,0.26637006791806417,0.42643285840153056,0.0,0.5518993525013485,0.0,0.7722800312861204,0.7474721524943677,0.934400113147141,0.0,0.7461483189849597,0.0,0.5656585151681748,0.33931066767308693,0.5179742960103039,0.5799990134054307,0.3864058304104561,0.0,0.4613464510906771,0.0,0.9848690738718512,0.4291498237704365,0.0,0.3404198993828713,0.31175140538254636,0.2717388181250374,0.8965558044567823,1.3131562078269279,0.0,0.4130057015309354,0.8655112626340591,0.3602699391169347,0.0,0.8365306378785369,0.2690055552875148,0.0,0.26386005502705395,0.4214048903074698,0.6479997379271879,0.3791358270320093,0.4914056478868129,0.0,0.3434497275681755,2.49067837879605,0.2580679640306767,0.33316094113151296,0.5991376140677354,0.0,0.36362361156501244,1.0629955136940976,1.3262062012821632,0.0,0.3645677223359516,0.1912143893152161,2.6793857762135582,0.31696109922980076,1.1684195989783948,0.2589045249558441,0.323935536168195,0.22959212016899583,0.5501755584983105,0.19271343110375522,0.6791976989565587,0.0,0.34767407294389974,0.3651123726237296,0.4481655128265872,0.17389501701752333,1.1331770275146387,0.43419137728766544,1.0949584200073792,0.9042306197861678,0.0,0.29363626588035435,0.0,1.2601874388277305,0.20953594097326392,0.2801613310707921,1.0467011467814198,0.3393366122985843,0.0,2.7596805387836802,0.0,0.0,5.421094511503239,0.2894916785467937,0.9032450226010212,0.92568756259277,0.34296978740338513
2022,12,Indicador de Riesgo de Liquidez - IRL,0.40868553884601083,2.6845713342369693,0.290850072373537,0.18059396142231007,0.709538905679988,0.0,0.20919024762607813,0.0,0.6105077068080892,0.268533967642455,0.0,0.6463243685015433,0.0,0.4883699263746293,1.062599114422634,1.8823240010988493,0.0,0.36221542606763013,0.21137368171525442,0.5783451137135078,0.0,0.4715581431401595,0.0,0.3489059029339329,0.16851320014998517,0.4704416613611885,0.9880012269054387,0.38755365824056626,0.2687570904241075,0.28891258729621927,112.95065704217672,0.34133589885287835,0.0,0.6881792995294708,0.47255730924582556,0.45978558499348043,0.7392928537751858,0.5781183039153417,1.0746932895206385,0.1637357986601436,0.3780617964716301,0.0,3.1446130215004775,0.34970947837427535,0.17265995930965772,0.5105245330391245,0.0,0.19630171604912036,0.2800732128569844,0.2978409368753265,0.28889597198773875,0.24456849351786966,0.32735081103619906,0.6177868516702738,0.198347167889624,0.17972398980609242,2.478096837542811,0.5474372955045411,0.22759044573509277,0.4887084624540535,0.29697647658195947,0.0,0.5494727563930464,0.0,0.0,0.26268428133903743,1.0642348328768452,0.37731298103271127,1.7505202265752209,1.2850326284353384,0.7988143621936875,0.0,0.6532568643246321,2.0212252412200824,1.1483661700075742,0.0,0.4322948053770122,0.793883933842991,0.4735230215723724,0.0,0.4243471238413825,0.580121323492867,0.0,1.1873846396853833,0.8201815147947289,0.39631601028359914,0.30965166440749403,0.44248095901124845,0.0,0.49194642129409577,0.0,0.7295279966713453,0.7524710587847239,0.8748518139856175,0.0,0.884502228100437,0.0,0.5596528376291827,0.42031323022145395,0.5497687003282058,0.6079596352714808,0.3619321743464678,0.0,0.3977196403481121,0.0,0.9498738735924475,0.39996682653151816,0.0,0.34927131627171265,0.3107132605881715,0.29302610759452374,0.7165848548183068,1.0695281079012542,0.0,0.40429689226887455,0.8470061739285693,0.253753591946464,0.0,0.8091525970100462,0.2536524674325721,0.0,0.29179465886732825,0.38101300728930654,0.6461081700273656,0.33921303242250145,0.6350272998650937,0.0,0.3091438886416792,2.330832207172487,0.3406672627309549,0.38565138886903005,0.5404793925170923,0.0,0.3066371298979446,0.7789980031320518,1.0138387910831137,0.0,0.4373835577548816,0.16712880014809328,3.6007647549007027,0.30254260359831,0.8999549909259281,0.46438664867051516,0.41158983755403694,0.21385881817878546,0.5999162508495915,0.1937719324642156,0.6930123439608881,0.0,0.43475264354681675,0.3490373102314408,0.3887172271208382,0.24757340736911745,1.0633201500347176,0.4504242721590299,1.120160549335485,0.9006303423651195,0.0,0.2716630626213707,0.0,1.3742044285743802,0.22447306085419524,0.2702774115387198,1.2516848196832255,0.2022006332107823,0.0,2.5305856231483044,0.0,0.0,5.986466708436035,0.4831861313535965,0.8854232945260067,0.6266409341515625,0.3640489567619659
2023,1,Indicador de Riesgo de Liquidez - IRL,0.43023977238723565,2.339925069932165,0.31758051897662504,0.1696574370104596,0.7130669398758326,0.0,0.23489192110937818,0.0,0.6492918886272552,0.2947851457029371,0.0,0.887933609762195,0.0,0.5174482034818645,1.0779890842104116,1.9670812140663958,0.0,0.41289023543150133,0.20687311175098683,0.8762407004000572,0.0,0.47924512398136015,0.0,0.35902965944274584,0.16632023123135314,0.4434840432604122,1.0066521054260855,0.3782014776898314,0.27210245425169133,0.3066442363368631,48.5997986678576,0.3103323300614995,0.0,0.7661812325810593,0.5447393138751083,0.49666754182219464,0.7899955199670645,0.5825495567273374,1.1569824520118297,0.17050259246661717,0.374077072728691,0.0,2.9644241694406728,0.3032465450968989,0.20879396489285917,0.5602764625175268,0.0,0.15847286526076487,0.2560064579750024,0.2659194798685475,0.3069379191545596,0.2483011714642519,0.38189882525030494,0.6798821832664034,0.23510632231301912,0.20548075429314677,2.4424649161649086,0.6307073714771316,0.24808480216169507,0.6061982133720291,0.3042879378848907,0.0,0.5891077554642437,0.0,0.0,0.21331865374133036,1.0864663581084528,0.31621172061360836,1.563137370180245,1.3120085360224234,0.8209739282887396,0.0,0.6588546641838591,2.0883802241265528,1.388028146466945,0.0,0.39390440099781726,0.849622018455446,0.5753647465527845,0.0,0.5449835119301091,0.7198754829879687,0.0,1.0071190004632162,0.8898222543811632,0.3889717905695672,0.32786824619877253,0.46706380742768505,0.0,0.4277012769486046,0.0,0.8118065321393709,0.6978066866787266,0.8355622191856359,0.0,0.8287519999535088,0.0,0.5936557319603267,0.35508227965573197,0.5170429217431675,0.5781817709446515,0.41426760875797863,0.0,0.39408381156997024,0.0,1.1214348960605265,0.4029215360070864,0.0,0.4482610328233316,0.3360696872262782,0.3359928775714421,0.7395811148428667,0.7796604753209162,0.0,0.3797831792390954,0.8256827092148125,0.3897897318872662,0.0,0.8446100577292188,0.28571238367972085,0.0,0.0,0.36124330419305295,0.6400557029925339,0.39367074532386165,0.5488993430409842,0.0,0.3324049180471608,2.4543296123464104,0.3313899149346345,0.3735955761308056,0.5082218936544813,0.0,0.33502670355575415,0.8054262601676927,0.7500314745600135,0.0,0.5296439365442287,0.24875088066070264,2.6562728368483834,0.3393522039441706,0.8356353813301418,0.3044814810714999,0.423220822138474,0.21839176635295993,0.5778867077610307,0.1990150713355191,0.664405293578888,0.0,0.4945339048939321,0.35896081780050254,0.45361116749163644,0.27582960434660425,1.0903768122230522,0.3931984255662022,1.0199627463288596,0.9025150800065083,0.0,0.2892937326997027,0.0,1.5038204862993365,0.2317136620231764,0.2535348189834958,1.2682336306653135,0.2650415144323158,0.0,2.5635004538197155,0.0,0.0,6.164954253094517,0.42282305575046536,0.8557540294468138,0.6324050738190158,0.31714344828616137
2023,2,Indicador de Riesgo de Liquidez - IRL,0.369009517761517,2.2801197948070784,0.345881966206856,0.1714543815958114,0.6880248058436103,0.0,0.315159885654786,0.0,0.7306084843404503,0.300756475957713,0.0,0.9397950193396762,0.0,0.4927098001778374,1.068512603794123,1.990258704477507,0.0,0.40868241962125557,0.2032083220479991,0.9459225375961248,0.0,0.4646033168707245,0.0,0.3360186816834219,0.16508466894172377,0.4302942685157168,1.0136134665284064,0.31333792553548206,0.27738797512260266,0.29966277490071097,28.266791757806367,0.328463777072994,0.0,0.6898105611764341,0.5773970060067033,0.6151036967835465,0.8002573238160702,0.5437399249684085,0.8965092879977529,0.181317603811049,0.35233492698270175,0.0,2.9271105587846127,0.3257084927541172,0.19801516762212484,0.7709496929476782,0.0,0.20402978468888675,0.2369523049443681,0.2913334475648589,0.3049378332146519,0.22635187153053857,0.36623779798035005,0.5982079824772419,0.20876431893597128,0.1848924167233363,2.549584890258899,0.6665406959361675,0.214800241604486,0.6244965889933346,0.2579810739829126,0.0,0.5695397918084496,0.0,0.0,0.18644871246031236,1.2289219362496366,0.3528092973779564,1.3762302783381837,1.3337224785428055,0.779884824842329,0.0,0.6893832107879985,2.1029467690342716,1.4960218909613971,0.0,0.35406479418126857,0.9753559100232675,0.9314901662327334,0.0,0.522826314517145,0.7670053747435517,0.0,1.018731581307588,1.0545260113538073,0.34617565885813145,0.2705205050616618,0.4245475932269611,0.0,0.44601199066061475,0.0,0.7870561022876219,0.678945970835993,0.6920917781292633,0.0,0.7212303893779604,0.0,0.591695855784177,0.509147504418155,0.5136762542786597,0.4598921671321315,0.43547549784986345,0.0,0.3322191650276359,0.0,1.07703473701253,0.46882132211580324,0.0,0.390806887021644,0.3490159977689019,0.3017988961831937,0.6160296763536128,0.6118576573261773,0.0,0.5241208862980871,0.8285351637294153,0.4830305147023957,0.0,0.8526377388715228,0.21124250889461788,0.0,0.3342333365063055,0.3218628910977688,0.6237232417721305,0.4069508775798645,0.5959593134411169,0.0,0.36390364259233116,2.8528780443675927,0.21992258826289257,0.3267076315032177,0.5036254813720799,0.0,0.3385164340891429,0.8319306925825353,0.625682619804785,0.0,0.4244248228419265,0.20515234588407807,2.169968860411011,0.2997399224167218,0.8399165504544885,0.4295276799163628,0.37940678446421205,0.23052489623933178,0.5617785040462019,0.1922158650117065,0.6101434050208994,0.0,0.4978634203363098,0.30812791413745844,0.4124800502605779,0.2953889521098214,1.0868921113902743,0.39259636444350854,0.8207163236157653,0.8966974846753824,0.0,0.29805633503869894,0.0,1.3562149773062113,0.22090250057365415,0.25926362534950953,1.3003094014605643,0.2359668433351215,0.0,2.4346405641499786,0.0,0.0,5.817038631502875,0.515097991600389,0.8471418926400436,0.6433779599632007,0.33542703171585536
2023,3,Indicador de Riesgo de Liquidez - IRL,0.3773327232105489,2.229444352416224,0.33615091562921967,0.1877700404986666,0.6805262427244292,0.0,0.2780171907667014,0.0,0.7120818661905495,0.27319877578229457,0.0,0.5618571818139328,0.0,0.4971550755776349,1.0620555425812481,2.113725315791989,0.0,0.37523244693147234,0.21203489442653775,0.7060616965404776,0.0,0.4853150768240871,0.0,0.3275441724861095,0.17494396497899062,0.6555274855131176,1.0848513470761394,0.41914988263188807,0.25560762638711837,0.4080068735678967,18.666483379993327,0.3596088423691766,0.0,0.8825369284646251,0.6522431844853067,0.6506061440886709,0.8167991868547106,0.7181180895453383,0.9870785306434755,0.183244133708805,0.3577948220501502,0.0,2.904998827683717,0.3715888528562484,0.27448523203534186,1.0194130844040503,0.0,0.24131239154121972,0.3571782851334168,0.3434186128348,0.30889882762208737,0.2301600438799888,0.320806505632323,0.647300429807002,0.21741075116625835,0.19311719038942216,2.4347358555044454,0.7048044115757948,0.21897950648953524,0.6276276442504688,0.27612066618822834,0.0,0.4579584870969589,0.0,0.0,0.1985257223640974,1.1778150671993108,0.3169462915393288,1.1211658937582758,1.1287123373690464,0.7618283705577897,0.0,0.6959035151376128,2.1143803653375626,1.9109427835856097,0.0,0.3823230657926873,1.0267538414142616,0.9731035211225082,0.0,0.5647393283542619,0.8335011462512723,0.0,1.037256781833872,1.3067871828512179,0.4545902747262668,0.3191318416107702,0.4965905276660851,0.0,0.40443537518581335,0.0,0.762194341857086,0.7634158946967226,0.6196493878119755,0.0,0.6422979199441153,0.0,0.5886690116327784,0.5074338165243962,0.4771786421383653,0.3521404480106203,0.4695183668279248,0.0,0.29839284439171476,0.0,1.0431553982724948,0.5798162827146128,0.0,0.41041681185331363,0.3403577934729793,0.31001605290757067,0.6155778992850128,0.4484019747435925,0.0,0.459918522671287,0.8185577120426897,0.4787199233569039,0.0,0.8478174527514423,0.2005511528319731,0.0,0.3653175633985949,0.30877918506109403,0.5980684607624158,0.4131568990112615,0.6843502852777551,0.0,0.35823720085098576,2.4147087474259914,0.21829190169096924,0.43799550906417034,0.527341436169382,0.0,0.2813671127365361,0.7722247933943042,0.46869159675470834,0.0,0.4321466836129734,0.237884866363103,1.9644546100745106,0.28133308706749316,0.6761265544112616,0.36927939452507447,0.36029512796339286,0.19348170740881684,0.5975262233778414,0.1796602512315803,0.5240999388375157,0.0,0.5021962595416843,0.3091196861519296,0.4471989871758974,0.3209515479337069,1.0019166660547434,0.4674447018120283,0.8050112101181408,0.8650256198814776,0.0,0.363074812854383,0.0,1.5077359778037918,0.2193575573637268,0.2800142632823991,1.2578216779403213,0.282100975339352,0.0,2.632812183418561,0.0,0.0,5.522824767171869,0.5822571639715098,0.8681836222320412,0.6412716962753267,0.4958591204620781
2023,4,Indicador de Riesgo de Liquidez - IRL,0.32672384239962315,1.3098349786018835,0.3776332740271143,0.18355769145120512,0.7064438229874971,0.0,0.2613330817254021,0.0,0.6685905696195382,0.29067648345905067,0.0,0.3526789206625993,0.0,0.4506814678834841,1.046488008345249,2.1905555075368452,0.0,0.3978051273929587,0.20401523670999508,0.7815815860738023,0.0,0.49051179501057335,0.0,0.3310096375795123,0.17158529845045442,0.5958467341585438,1.0970835123702027,0.4100690508006189,0.24880179334159164,0.42946426656391007,14.942817393997034,0.3632211750784991,0.0,0.5866663899151099,0.7197609495198181,0.6505243703072023,0.7949461372222437,0.596870163147929,0.7725053297768742,0.1606578224636841,0.36507791985764887,0.0,2.8588822011992616,0.4240148582515053,0.28809126788408534,0.9840723574098756,0.0,0.2580918871539277,0.3049411104895187,0.38720957585508936,0.3200275888838163,0.23392765197198187,0.3406838501592826,0.5948237193832601,0.22401447592728443,0.18521935911395745,2.644959771667886,0.7273536610707645,0.20213397180109247,0.6045479976759004,0.28144392833804305,0.0,0.42457493528276485,0.0,0.0,0.1861475047538371,1.0161665819187022,0.33086624962935646,1.2354522365108866,1.2091271643202735,0.7262688604944446,0.0,0.6821400743933651,2.0515850162775586,1.9345151819074118,0.0,0.4139764548092228,1.111059219097915,0.9821425589729967,0.0,0.5271754277905806,0.8890692419718235,0.0,1.1931667704690785,1.3810303553648664,0.4149651924357106,0.31092723316260534,0.6531178443675834,0.0,0.3839426095428402,0.0,0.8467743429133383,0.8573617334360308,0.8428416441100032,0.0,0.6216624800295141,0.0,0.5799420380764418,0.45937239700695964,0.5378392115916381,0.29544437341976476,0.47379650755057257,0.0,0.2937373999411161,0.0,1.1312289670517706,0.5423346031520873,0.0,0.4261631183472992,0.30802874989535606,0.32705499674573724,0.6144970561955355,0.48815528968393973,0.0,0.40252276147052984,0.8364150099348372,0.49949844503647345,0.0,0.8362176555712645,0.1947412842827022,0.0,0.3847574034487887,0.326341547246083,0.5702488067860843,0.39468676662285684,0.6564323888704575,0.0,0.377262524026221,2.2536565290391186,0.21068418998657837,0.41532360005033014,0.6056247718211322,0.0,0.2563053510082584,0.7981173601409597,0.43292081194594384,0.0,0.34867119077441305,0.24827381201011714,2.226829308171617,0.22248636122256144,0.6133237734648518,0.41589644600191605,0.3388420340259143,0.2098635317229724,0.6312329904634952,0.17836818263437337,0.5008991388183327,0.0,0.4854496098760946,0.3251211889055086,0.6406504247927497,0.3355165491670329,1.0127766461009022,0.5206241580142854,0.6929789154138694,0.8255792163106025,0.0,0.40497252069401296,0.0,1.2958249333541023,0.21332370430218098,0.3284732608594205,1.257908168592059,0.2701037090520812,0.0,2.606363869109406,0.0,0.0,5.698885966490487,0.5759749500769571,0.8947239636360604,0.6185250598368132,0.628246689612707
2023,5,Indicador de Riesgo de Liquidez - IRL,0.3616109193087159,1.3026667778607828,0.3658411438374097,0.1906999322576171,0.7525713203987384,0.0,0.22592756620943913,0.0,0.6316191168656112,0.2811139171140765,0.0,0.407240613252961,0.0,0.4333950975857731,1.0417204329959162,2.1646469179794696,0.0,0.3912411547978525,0.18603162279836863,0.9123309070076397,0.0,0.4930937717442307,0.0,0.38966247763063794,0.16619718270801015,0.5800878551470152,1.0947639152262378,0.3827023285305952,0.21824782607813575,0.46247980869751565,12.630891147766627,0.3715471945847066,0.0,0.570549627295265,0.697768033216311,0.6885822914548779,0.7756112621192104,0.5886845528362505,0.6692556537988257,0.15563035254519958,0.36302930751291307,0.0,2.8251116322487047,0.35060141973583464,0.24743241085995182,1.2815166428717404,0.0,0.21090540295708107,0.31325794349093794,0.3218143615280667,0.3252867091533756,0.24390239599207306,0.3969016147171037,0.6174596321353987,0.19379442581000517,0.1903078876311361,2.579035291948432,0.7336082727515164,0.20088599987745395,0.5844469481939758,0.27026256376683555,0.0,0.41070378337005287,0.0,0.0,0.20002373220842884,0.9751016142609661,0.3428346625843208,0.9452484524225724,1.220583711209934,0.7022871512935035,0.0,0.6570027610649664,1.9337157102795512,2.1217197168245505,0.0,0.37372387668677703,1.146198209047152,1.0642331916581242,0.0,0.47765492331301285,0.8835562823135243,0.0,1.2919622767901064,1.528543595161414,0.3713050885496565,0.2826396951539574,0.641923365550106,0.0,0.3467185441990049,0.0,0.7220738550772224,0.8870154400184025,0.8164840022412206,0.0,0.5766443891356162,0.0,0.5437235844572009,0.4050740228094215,0.6727658851861984,0.39436821002524725,0.4756361715013872,0.0,0.2923630436664655,0.0,1.054275416099817,0.5426347921450477,0.0,0.4132575466992066,0.31301531012468786,0.3304812316352498,0.666949901865835,0.42148687624211223,0.0,0.4208256858248819,0.8355301735196612,0.5154622472294778,0.0,0.7838781543854318,0.20872463860304077,0.0,0.4007786620886824,0.3374915151598853,0.5310652949307678,0.3965971988905525,0.5750526624069204,0.0,0.36144158614256805,2.307678534799636,0.19612387841143197,0.4497270493310538,0.7542956926567933,0.0,0.3178395895758894,0.8397853824499083,0.4846513109257262,0.0,0.3997789485194295,0.2981649723833812,3.3536230916693492,0.23950789362781116,0.7110987934302303,0.5642068393671256,0.27979260445428783,0.19306694175526604,0.6420931738648976,0.18212781340723636,0.5590786260464712,0.0,0.4594515150615722,0.30824084009639857,0.69114455028161,0.31540912323120457,0.9281138997277949,0.553842444488944,0.646608856845789,0.8334252792720973,0.0,0.43576479533398976,0.0,1.4467483935451244,0.21252092037152465,0.3390371870319588,1.291746038065293,0.27208863284444157,0.0,2.7711308480481813,0.0,0.0,5.827161982566417,0.5202333565075882,0.8870765930256763,0.6464804240417789,0.6152161288956213
2023,6,Indicador de Riesgo de Liquidez - IRL,0.3880973209538359,1.2828144953720215,0.41160164744308053,0.20500065645425344,0.8025047010297711,0.0,0.23091989072448213,0.0,0.6335950511573973,0.26568764582527504,0.0,0.34486872643938615,0.0,0.4684730567165277,1.03412961763561,2.145431700932786,0.0,0.45115820092560843,0.20092535362351013,0.8982682476587681,0.0,0.5045190622043301,0.0,0.40936944046812235,0.17157651863581208,0.5678803078682899,1.1070369566022968,0.4191132420742312,0.19767484990583653,0.4844503107784172,13.239932133792896,0.38850981323806605,0.0,0.7372086110973892,0.7157177956556134,0.6896281269688492,0.738408125964357,0.6971949813202061,0.758465734668274,0.17227563733245438,0.3700300866728359,0.0,2.933059982938755,0.34766833704325895,0.3048289429311118,1.3401460916782921,0.0,0.18285425015739049,0.3027951097718355,0.3547794685510536,0.32585146590651226,0.25317894096937466,0.38517385659604364,0.6237299079105818,0.2245476336843658,0.16943831877678217,2.722543972554373,0.7235868437576447,0.18189680494394067,0.48207032016304585,0.2249669891815218,0.0,0.4477343477229262,0.0,0.0,0.2029146552631633,1.086034879423175,0.3742898091178431,0.9458906189649988,1.3725700289739116,0.6507700390860296,0.0,0.6523055669330301,2.037138154770434,2.6324173206369275,0.0,0.385202147977543,1.2404437572482765,0.7884884438111727,0.0,0.5179991920255058,0.907350123876213,0.0,1.412492661295001,1.5989477653598767,0.4389074689750879,0.2877340740037854,0.6698477987837881,0.0,0.3518825230865056,0.0,1.1517775043900702,0.9691775219719768,0.6607317308315973,0.0,0.5994416325953562,0.0,0.503376011115523,0.46072668045796583,0.8034422439510946,0.511870985961224,0.4724756362723103,0.0,0.2493738957029849,0.0,1.1073472160427664,0.4847409573121273,0.0,0.41760233287788434,0.3279645153788472,0.3016433954436063,0.8528045484436421,0.4707256032643596,0.0,0.49700313106514393,0.8591828320309985,0.49717007826856824,0.0,0.7802556006607699,0.2275040177532545,0.0,0.40224849117650946,0.37512375166506223,0.5145910497281336,0.3951417460053096,0.515852590456975,0.0,0.3561594969158342,2.3685973436123686,0.2613351494812711,0.4211940910566493,0.0,0.0,0.37791950444106315,1.0071021041643275,0.6983822214829623,0.0,0.4988897826515793,0.30223187301159116,3.9975157059909225,0.20298671090865011,0.8300632226213465,0.3566633133936354,0.24734839139503226,0.23071137446615061,0.6893506103777031,0.19077508127367507,0.6332542455193217,0.0,0.4443275121987468,0.3602206322692051,0.6486926075332272,0.34481201026883773,0.9573120021699927,0.5725874442397808,0.7117389838318635,0.8510583985879641,0.0,0.45832537849964045,0.0,1.4211970422564784,0.21530418182634212,0.3464102747487298,1.37207431096586,0.28690962500574513,0.0,2.593074230074933,0.0,0.0,6.2754599603639365,0.5233188533169417,0.9310169167060504,0.5612048016260421,0.44942364571585064
2023,7,Indicador de Riesgo de Liquidez - IRL,0.4069583808237285,1.3861597574244138,0.4033623993618081,0.17619125404193225,0.860667759904987,0.0,0.23057416450674414,0.0,0.6526176101715324,0.2561675519299066,0.0,0.4739572331750186,0.0,0.48871924314081167,1.036318772392191,2.0952451572628608,0.0,0.3743443469330643,0.2107293776400565,0.8800433566871916,0.0,0.5090208761186356,0.0,0.40837758247018285,0.16266920833724682,0.5919326055340423,1.1129412195382702,0.47729709332223696,0.23811144376516777,0.47966969828054046,11.265664868559929,0.3988418250447831,0.0,0.6351732250182748,0.6950950973054574,0.732295942274012,0.7139025809215284,0.7058184232160815,0.6584523726945564,0.19338824680673322,0.39404094747046275,0.0,2.9284627595362585,0.43796830493039074,0.2865287392474,1.4837222404890138,0.0,0.217368106277709,0.2568725196344427,0.308828751937011,0.32764152841779404,0.2833129161033852,0.43894530936143067,0.7247756261648823,0.18441658809872497,0.17200855172776783,2.788518783646729,0.7119023971903456,0.15910131110452744,0.5518457393158249,0.2227947388515422,0.0,0.49428889410274596,0.0,0.0,0.1990502010202256,1.0594581413554094,0.36236559349716196,0.8676857281344226,1.3519373636644758,0.6125753313133371,0.0,0.6843309193902573,1.966293205419566,3.5450526220520318,0.0,0.34370997479102877,1.3156539866092176,1.0282668898963387,0.0,0.5690470735867624,0.9017801830513222,0.0,1.5725471606240782,1.4873854901185244,0.3960762957051703,0.3234208810593921,0.6011575046233628,0.0,0.3424574159688425,0.0,1.2820922825573358,0.9796545566621419,0.7628411506394204,0.0,0.602404621751834,0.0,0.47415190211883357,0.4031391179287268,0.7667423494468153,0.43258372804921885,0.480660747266576,0.0,0.25939840076599724,0.0,1.0217747141009725,0.5784394556267018,0.0,0.39366515982434497,0.3075826955555103,0.31493973258185853,0.5377131764770514,0.44546785041871956,0.0,0.5373662507874742,0.8331490568969468,0.46310175972291756,0.0,0.7679421823487395,0.255850285956016,0.0,0.4018215359306547,0.394107511508426,0.5025523481823956,0.3881196565950181,0.4672826210316062,0.0,0.3386623008703829,2.405277444743607,0.1936066080157408,0.34142200058971706,0.9248227877599798,0.0,0.365924679791701,1.0087717203162716,0.8853644645972519,0.0,0.5258071786468383,0.2400066454025424,3.735241728236784,0.2298212691217476,0.7156082634150986,0.3517934200759212,0.2445506470222594,0.23141686629334451,0.7155927517726755,0.18375861624984394,0.5926389790415969,0.0,0.40954180395219036,0.37034981821967444,0.5386046830396315,0.3722826871588697,0.9755086366464918,0.6192632765265312,0.759020959545787,0.8600169664193497,0.0,0.4813864413349069,0.0,1.444685563598628,0.22773246691686494,0.3330194490927439,1.4015102935319603,0.3148821061396215,0.0,2.445589373993046,0.0,0.0,6.658688162049923,0.6258833787566961,0.9167426566604341,0.5903272048592432,0.43075211897164895
2023,8,Indicador de Riesgo de Liquidez - IRL,0.38059495107552294,1.4155388350825928,0.37532646829211613,0.1668254406121622,0.8868632073654935,0.0,0.22099502469021987,0.0,0.649893743853696,0.26680205616139674,0.0,0.5037365162327132,0.0,0.4736900437105698,1.0526593106089264,2.086704063086283,0.0,0.37770784364393994,0.2070821285948201,0.7549676098959313,0.0,0.4848559480267824,0.0,0.4247074197011237,0.16188898005449015,0.5466765183736657,1.1123510509390167,0.500664894962516,0.29497955279978244,0.4300492818921158,8.957760845029938,0.43265665721569635,0.0,0.6651819065360655,0.6665276337166044,0.6424908478229688,0.6773211775330271,0.6890169281860528,1.3994120451856635,0.18200355113016264,0.4022559883315254,0.0,2.8586864947986914,0.48270130827366164,0.19784152023454707,1.5660720559533807,0.0,0.24389467294057868,0.2555602937171623,0.3041331448434535,0.29237671505278,0.26578690602642707,0.40705867972233234,0.7531150833928753,0.1852906039969762,0.17958902909920543,2.795684117981023,0.6613904069956573,0.17307822070048354,0.6330386887817833,0.2378475488247804,0.0,0.46789286809186403,0.0,0.0,0.2157824093205643,0.9991400680203102,0.3242244059960341,0.7479148960621151,1.3415841537675521,0.577124036380514,0.0,0.6444888647013098,1.8787301732552122,3.3619364064205373,0.0,0.3123895583447762,1.2329310450752855,0.8523525006970808,0.0,0.4834478927320619,0.8851917849647779,0.0,1.6602907971825371,1.488203471327362,0.41533195274820667,0.28648698453437443,0.5362643838878259,0.0,0.3720896564756792,0.0,1.6132558152152066,0.8699800213572765,0.7638147984339492,0.0,0.4954484410783156,0.0,0.4551487333288543,0.3306880764014545,0.7661868676249289,0.4057815845820979,0.46636348778281494,0.0,0.298046501370978,0.0,0.9039986304032249,0.5837157172493307,0.0,0.4053508304565856,0.30252296114275046,0.3216580063037407,0.46230572997228997,0.6378980512044623,0.0,0.4943041803077706,0.866549807997554,0.4444671697616249,0.0,0.7628547609285827,0.27582493652059825,0.0,0.39982444143925944,0.3936417355501535,0.48393096825587784,0.3797142174839634,0.4386445684952053,0.0,0.30558960356371273,2.352165339140932,0.19864755964187697,0.39458038573125925,0.9359016103271872,0.0,0.3262521492302562,0.8792987227602961,0.8312108219225002,0.0,0.47616416135474954,0.24874164658303213,2.5733008156627517,0.2480064110160137,0.7020146908805953,0.48012183094733757,0.23594002684505622,0.20301703817765995,0.6679846968264224,0.17688132109005697,0.49285511623889267,0.0,0.38921993900530444,0.3677905210850251,0.529509610776023,0.36094373723863865,0.9003662256484992,0.5983786918153634,0.9218991374347406,0.8127723374270072,0.0,0.5010225116930288,0.0,1.3601722437665207,0.2037504199940663,0.2990081351589455,1.4150125589100444,0.31701162461410337,0.0,2.184241503893593,0.0,0.0,6.218410718087915,0.5012750029953897,0.9818197608013969,0.5087440571604989,0.47415261805607833
2023,9,Indicador de Riesgo de Liquidez - IRL,0.38516836573310304,1.839998549287874,0.3624325923585739,0.16557408616425445,0.8844718172772844,0.0,0.19470102016242377,0.0,0.6835071498510783,0.26561551605864603,0.0,0.6060086966958415,0.0,0.503625050882342,1.0772157887286251,1.9157691712855907,0.0,0.33636839099248317,0.21087150432650137,0.8526724170997171,0.0,0.44629162679796486,0.0,0.3845585439721321,0.16153055494984822,0.5037269532266022,1.1052294610926765,0.5254638210432169,0.3201313356059399,0.4081189919701212,7.064986012126753,0.4330544987502133,0.0,0.5760441185246812,0.6371718695368737,0.6130987716605232,0.6309834415840493,0.6900849061694871,1.6179768937705417,0.17988199942137764,0.3839158972319042,0.0,2.987271695468372,0.46754895117184125,0.18570709739242725,1.6509801729650255,0.0,0.23861673015882282,0.2583844650749743,0.2996132629839613,0.277643750562042,0.26418141627692243,0.3992849738404222,0.6776379218428046,0.15181141514840557,0.17566619076210221,2.7847052361218623,0.6409402556198067,0.18345806528636546,0.5496002863840704,0.2732946718068881,0.0,0.4435641702734011,0.0,0.0,0.20996648247511818,0.880899334314551,0.3365772796754945,0.6674760682572866,1.1220713185239775,0.506640607172697,0.0,0.6380832950449876,1.7148282251430256,2.9686125746191814,0.0,0.3239588795919968,1.1673451824691208,0.7052032082152552,0.0,0.6535046400185872,0.9070184536254896,0.0,1.7114680200346226,1.560759979901044,0.41898562189987587,0.2792819652416317,0.5230054259483142,0.0,0.3918772061595048,0.0,1.397028846633691,0.7780712796203932,0.7388500974272069,0.0,0.460506256919356,0.0,0.45859823667584365,0.30056511654351964,0.7946282654993039,0.3451600796920895,0.4479716576864625,0.0,0.29358837402797533,0.0,0.7828394898904095,0.5767334420173703,0.0,0.43324435249819837,0.26928616454263365,0.41392790944969376,0.5018105587640277,0.6514000059220476,0.0,0.4763081155083848,0.8544535908305771,0.49574414778939885,0.0,0.7181841129586081,0.2958385567950272,0.0,0.44371070331259777,0.4007698096877945,0.49519195372940134,0.37818459437315255,0.4366371565502367,0.0,0.292862561567491,2.3276137497468787,0.2026343820673789,0.34891745825683246,0.9973177935522427,0.0,0.2696267907961531,0.994290776659059,0.8816186983216795,0.0,0.4566164833675774,0.22238397021842676,3.264382302402221,0.2711502234232824,0.5797233403525387,0.28982839684809697,0.23410483185573924,0.1845750696942903,0.6628130469701039,0.17585951376081196,0.40783957429320594,0.0,0.3715654487626342,0.3421315575862577,0.562967806150381,0.3792852324947168,0.9120653844233824,0.6041222098054153,0.9162168296799097,0.8053701448041624,0.0,0.5011367745031242,0.0,1.4058756414200617,0.21012566897736737,0.26665428835392047,1.4481758488570433,0.23942383951308144,0.0,2.2114757894323023,0.0,0.0,6.281945679316654,0.46179821346844974,0.9529600843581785,0.5769785006976053,0.5538551290574237
2023,10,Indicador de Riesgo de Liquidez - IRL,0.4318572462860692,2.4030028286343224,0.3205621605760085,0.16285915054191138,0.9201277658772313,0.0,0.20680518129467487,0.0,0.6928647919632697,0.24626683209254224,0.0,0.55378056413633,0.0,0.4848194891259533,1.0718288038784973,1.9567129516533075,0.0,0.36254009498351564,0.20890407008092512,0.8940855943000772,0.0,0.4339300617237038,0.0,0.37604173142364156,0.16350654329077738,0.6338393251529088,1.0963780551420463,0.5035741354143249,0.3287794289314515,0.40203458007931514,5.756910700769045,0.442564285507145,0.0,0.4625442814251405,0.6320800036499125,0.6357023804400643,0.626035009627644,0.7438971333360567,2.0275969426160065,0.17518756874750951,0.3936841239527879,0.0,3.031981512034573,0.5091207615170085,0.24839959688372257,1.6559545015672852,0.0,0.21029856928217827,0.27040047260956873,0.2849480070678532,0.2602701842195649,0.23166819402281338,0.37477947068137296,0.6841981050327541,0.1576565799668281,0.16335143394115617,2.646093627999939,0.6605630829864007,0.1734429286219554,0.5398091296861336,0.2985782409084489,0.0,0.4190044836339727,0.0,0.0,0.2291156108097913,0.8899639001211671,0.33060578225594156,0.7264197705469357,1.0917940970359956,0.5180827423909846,0.0,0.5920411637691532,1.4839919899773952,2.3503043801948196,0.0,0.39371083598063866,1.165343720314873,0.7561707068419569,0.0,0.36996687763769737,0.872082204074211,0.0,1.6743412886937303,1.797380588394788,0.4323525669584993,0.28567150635024985,0.44642942183042345,0.0,0.46230291691118225,0.0,1.6635083336593353,0.711256704916794,0.7666737263541752,0.0,0.5190035008756927,0.0,0.46684916813209143,0.34794813034434413,0.8020805468451949,0.2706729368243709,0.4456048944075786,0.0,0.2913503993052726,0.0,0.7269911660840358,0.668223252875473,0.0,0.38686892498575187,0.2739339498039661,0.4388643555809803,0.6352042486532796,0.6228541386758685,0.0,0.44925183191204526,0.8390103538843415,0.49753717897421246,0.0,0.706960983746601,0.3839632509994922,0.0,0.4418581024894161,0.4176553155192864,0.48618134679538155,0.37690325312954714,0.41099555477901767,0.0,0.27415318031902786,2.543029748269737,0.23506258968498472,0.36948795031493525,0.969339952119939,0.0,0.2677227378808977,1.7580527268771418,0.9434182060778844,0.0,0.3877703964214723,0.26523616415477175,4.535333019547254,0.26869946836498,0.43839519574230695,0.3038235525577511,0.25756403205779826,0.174077025780648,0.633310224511021,0.1954823212072624,0.4752359505877243,0.0,0.42126863310856344,0.31090790353377,0.5748635911227137,0.4031305648650364,0.7664005358746397,0.5804448907954847,1.1635741354499018,0.778905357939227,0.0,0.4910735507211839,0.0,1.3818816310035174,0.21365871759441274,0.2616391165908929,1.304202798399006,0.2452640695878038,0.0,2.3265000016746336,0.0,0.0,6.2235785179092735,0.5895924460315972,0.9938486960002735,0.6112126517944714,0.6861061033512276
2023,11,Indicador de Riesgo de Liquidez - IRL,0.420538002070114,1.951146038471756,0.3944684911755511,0.16232883080807023,0.9396500450783505,0.0,0.1799366399283162,0.0,0.7495444839034117,0.23924566836495822,0.0,0.7362646472240559,0.0,0.4924347610806447,1.0884610593486497,1.8147078358944928,0.0,0.3932472142172235,0.2085956972344378,0.796867474899495,0.0,0.41311493688721423,0.0,0.3331326425493146,0.15990376108115986,0.6108981063608239,1.0963545446331375,0.5041079092220476,0.3301265102625164,0.38301491925191594,31.088845686702644,0.4106631563320276,0.0,0.4615343352244319,0.5952680652745111,0.6650057164043399,0.6421644350216716,0.7206406755832093,1.6374823869447115,0.1639403312237329,0.3206596827715376,0.0,2.894645878121303,0.45183283912722194,0.1987745299275777,1.5456970269088441,0.0,0.18911081675696378,0.256865766278309,0.3127461150668124,0.2786087652876667,0.3134769166947749,0.3349979320150097,0.6810896143912738,0.150173307100017,0.1538088951715116,2.7438552157336997,0.6543101365030167,0.16885069685648518,0.47041625374415413,0.3167284028409371,0.0,0.41546228273000047,0.0,0.0,0.22041429025729314,0.7762804578922775,0.36848710059609074,0.711681181938005,1.0545560058275025,0.5139736611693363,0.0,0.582150964765571,1.0961128199832348,2.214776502482863,0.0,0.2885460855076945,1.179571107341094,0.7413189170682446,0.0,0.3953451219566,0.8298528895014262,0.0,1.6924633554883364,1.6949417286605812,0.4235041683461318,0.2843063509238166,0.3870357639928075,0.0,0.4020329503541777,0.0,1.0471000189172248,0.6360089975525033,0.6925317671541588,0.0,0.46420353877629256,0.0,0.44101764750775646,0.4406512177450654,0.8005294341027875,0.26789813370279003,0.4374048951507419,0.0,0.30564204895166003,0.0,0.5956689619061495,0.6400512859400298,0.0,0.40024011288866884,0.2656635411711676,0.43489591413995127,1.117877669092541,0.5797755727447451,0.0,0.5232711934280735,0.8707132891288724,0.5158258457519631,0.0,0.739815986715833,0.4033435141139253,0.0,0.4431755114996167,0.43007752380219566,0.48082921362281567,0.37914031830439926,0.4343042619207932,0.0,0.24552169755330605,2.6087037309329215,0.2298920644578845,0.37934194594274023,1.0391020872414476,0.0,0.2773890524207818,1.6350007712072885,0.8660848980804107,0.0,0.453023016596403,0.2725320183769794,4.56547766015518,0.2498390835484846,0.35568787982312705,0.312692710149095,0.23095501430528684,0.2088333945180463,0.6177245924070783,0.1969429226784101,0.5374679480982428,0.0,0.411042098693196,0.3081143323624012,0.5358703271089886,0.38687613930483444,0.8385490408667995,0.6817584698912731,1.3193489694451366,0.7699596093472525,0.0,0.4776692899016363,0.0,1.3511381176962136,0.21101117060249652,0.2614890187967588,1.2429273917318926,0.2292365177906245,0.0,2.3564361896928965,0.0,0.0,5.992967061281631,0.4506486539036026,0.9819667794370711,0.5308877779584862,0.7574388687593131
2023,12,Indicador de Riesgo de Liquidez - IRL,0.39520393315422275,1.5704066447594864,0.33918017144843104,0.19327286411248257,0.955545154046838,0.0,0.22028863192263998,0.0,0.8575096482164027,0.2503607593100204,0.0,0.6804714289916288,0.0,0.47012675768774553,1.1012856075585822,1.8006193700690973,0.0,0.5110674500034215,0.2211462933226405,0.7478907895931234,0.0,0.4116616179684794,0.0,0.2684085573210354,0.16092078259013928,0.4615608819253996,1.0507820245743051,0.4126460430809882,0.37318615520029663,0.36031947392389996,67.1456669376986,0.3403474122118541,0.0,0.7116289067597111,0.5769760776915446,0.6480700678055351,0.7248101873279417,0.8173808093625804,1.371751818308963,0.160446966430561,0.3024173174296894,0.0,2.764449291215411,0.4036023319206353,0.2230227670188838,1.4107831327089335,0.0,0.209318357613096,0.24158911446471304,0.30543945757167607,0.24447666367000698,0.27423109818196445,0.3291493077505311,0.6119367788709259,0.17032274790548885,0.1727476277418592,2.2815015773710234,0.6465638052764815,0.16409293321022603,0.5505598664318765,0.2909114205028437,0.0,0.3979749011491944,0.0,0.0,0.22510718812855302,0.8416187181701378,0.3405407471594267,0.9140275613655084,1.0183127219146897,0.533981766468515,0.0,0.60025470610246,0.8981936934803133,2.257996637983814,0.0,0.283992035236677,1.4251276000439712,0.8600913445949009,0.0,0.43582017703561027,0.8705274213926901,0.0,1.9266218553436818,1.9779737612966515,0.4676476753610566,0.3102172853924764,0.4010223785090043,0.0,0.43116157945562245,0.0,1.2744416016503008,0.6463723212806733,0.7920598806065329,0.0,0.9450521390757421,0.0,0.40322507723834844,0.47191035069737947,0.8903785431621677,0.2616928806877855,0.4227811070957283,0.0,0.30304095699129874,0.0,0.6831625236273348,0.49188403224821303,0.0,0.37861166228755205,0.24345031728546948,0.37522508299219165,0.7598184439763502,0.674666622261722,0.0,0.47745725213663837,0.8228892670239047,0.499437630635844,0.0,0.7223893418520664,0.4320166025120477,0.0,0.41823957625646835,0.42069117074748086,0.47950287589903423,0.36497904256661845,0.5439779164013885,0.0,0.26883684453806916,2.6142994110406566,0.2321669752839833,0.4722620991994467,1.001293640895494,0.0,0.27992303108658295,1.1823842989595144,0.9272212117677365,0.0,0.5170306057785653,0.21246749016181732,8.195016239877857,0.26326466874970256,0.6138418553024322,0.26451298546507146,0.21837097025374386,0.18330510449030293,0.6395103904948364,0.19486817394131445,0.814814352238791,0.0,0.49371754415223423,0.30275383482063045,0.7227312102473381,0.3150913516948549,0.8621603497182783,0.6730861077373951,1.4256895191388812,0.7504829443765345,0.0,0.45110138251872267,0.0,1.2920339875068971,0.23681904255781905,0.2789586610523229,1.337968770043466,0.27840076740275255,0.0,2.4390809205993613,0.0,0.0,7.562814389622985,0.4524818235260833,1.012627203334969,0.3937472363796555,0.8243717375600897
2024,1,Indicador de Riesgo de Liquidez - IRL,0.40909878131709576,0.9649809783309828,0.4126298110346024,0.1897286487949602,1.0691554423078646,0.0,0.23558872635203343,0.0,0.9122556255435466,0.2648826312046825,0.0,1.0503417928661591,0.0,0.497967788672051,1.1007318562941752,1.872059418805325,0.0,0.4173591238403292,0.22463992926224183,0.8893336980531807,0.0,0.4285633709853216,0.0,0.30026436382495336,0.17401607999034033,0.561198816339998,1.116726356972975,0.4163176232019834,0.41886063553370656,0.3786386964268405,20.191914505609184,0.39229083039143686,0.0,0.7815132564117869,0.5863071276085605,0.6792453060720353,0.7970193562236644,0.9049536113417148,1.6651669046908883,0.16873377969663308,0.3302636150986581,0.0,2.9310953117433605,0.341742248672943,0.23614393002123332,1.4451317518267242,0.0,0.21692762333281682,0.23519355621811902,0.3123494652937088,0.3166232695489261,0.310494922981478,0.31799867964834533,0.5685243376258846,0.1729166678366045,0.18242077186216035,2.3999632161693323,0.7307136276351655,0.1750634398776093,0.7089634309211503,0.27988061547566967,0.0,0.3962618838713953,0.0,0.0,0.2403791289737042,1.0746766362483797,0.3306801398389478,0.9343020140251935,1.0212444027792131,0.5432718938478119,0.0,0.6281656146799458,1.075376881531869,2.419291243568628,0.0,0.33619008054145094,1.5455012843772802,1.0121687120940588,0.0,0.48650290679360314,1.0246752533145795,0.0,1.711577632261409,2.0301764284085992,0.40382340500927255,0.34591813378658004,0.3784803807294918,0.0,0.4178992426507067,0.0,2.1121645418928243,0.7603119933489121,0.5223280339781098,0.0,0.8125275248524265,0.0,0.44214332388419375,0.4156908214121155,0.9641844550332673,0.174436399717399,0.45913641464884625,0.0,0.3724626971290001,0.0,0.8305780180529051,0.4189125265743473,0.0,0.3719881563560755,0.2049279477951088,0.38377598321237055,0.8266149197831562,0.8324859248134814,0.0,0.528851310171866,0.8670055374435517,0.5793341518471742,0.0,0.7138241689178291,0.4534840929841448,0.0,0.26251936082844146,0.4518460241785918,0.4953490767511504,0.3918844487847224,0.4500927442013345,0.0,0.2828235091537045,2.640278640071995,0.21630261561998382,0.38893768072014023,1.052298035075976,0.0,0.39113742734292256,0.9240142222956471,0.98777743278223,0.0,0.43009996085006963,0.1844412283239866,7.3101954142038155,0.32218348480409315,0.5721450307857536,0.37295709993964155,0.24110034219344814,0.21498186536244882,0.6442662724574444,0.19775588158078963,0.8065113224857433,0.0,0.5193834019379187,0.31116433361068924,0.5797085520106987,0.30318689419312644,0.9864650236577112,0.7649910020840983,1.4209338699672498,0.7863753087751325,0.0,0.5091570604773064,0.0,1.3014163158957452,0.2758906717037496,0.27838946778438195,1.389783100611415,0.2636614296568548,0.0,3.3226924657158774,0.0,0.0,7.663845173879976,0.5039256707736213,1.0976900614033762,0.4828819218512255,0.9950208385743933
2024,2,Indicador de Riesgo de Liquidez - IRL,0.3889535002217701,0.652508860092397,0.3778771511856069,0.19290095207956104,1.1591476719599076,0.0,0.28128660738965466,0.0,0.9528238357586443,0.23565191790237727,0.0,0.0,0.0,0.5480530823543157,1.070440919420761,1.961566443808652,0.0,0.429921423463743,0.22378653523421013,1.2210471989227982,0.0,0.4187036023767277,0.0,0.28654352445431513,0.1691897768983243,0.5792401899545917,1.1326712263024346,0.39559050683833835,0.42067455448559365,0.43856745487112136,13.26735105511507,0.41721265133047847,0.0,0.5723517690341308,0.552712940957878,0.6728287063002771,0.7765815534545738,0.9184253275382335,1.661558540890042,0.17636064119404682,0.34925711575935936,0.0,2.9659650299014406,0.3474607304728896,0.37665932115657275,1.4696143230049148,0.0,0.2406260740861098,0.26168884399277786,0.301949508361956,0.3409241292102496,0.30158242557696163,0.28023465035229195,0.5042195669588326,0.18825925379677327,0.18560003501982117,2.3749661597827956,0.6965288651746067,0.17621339924573756,0.620771588332992,0.2664293023974748,0.0,0.36972778275019197,0.0,0.0,0.2130192047680992,1.072777032585794,0.35492187644929535,0.8168817017990757,1.01672632073032,0.5218120014829803,0.0,0.7135708794761559,1.1564206229317477,2.514469373014372,0.0,0.29831394746267753,1.6258586002937638,0.8494521021110346,0.0,0.48089951621126487,1.0450536422663976,0.0,1.7482886240626843,2.058513820875119,0.4893757597188724,0.3478733051435313,0.38894000847975196,0.0,0.4573702578388674,0.0,1.8648290501133733,0.8367793034893583,0.4932114851996721,0.0,0.7696659616076652,0.0,0.4778906885329947,0.4581931236622498,0.9421069502010189,0.15837271631147767,0.48446472793726564,0.0,0.4242817711531183,0.0,0.9039343000973677,0.5761408436986436,0.0,0.3216040188108797,0.2086622174332264,0.4001517372187521,0.7765744560689584,0.7907887238289575,0.0,0.571495793469742,0.8644060012986606,0.592964095334966,0.0,0.6699047176163563,0.4429096958056119,0.0,0.28979990180230863,0.4709003194095934,0.4856383519386271,0.42666338877121535,0.45031617157178955,0.0,0.2892822383148672,2.938972182328106,0.2083265399569587,0.3257900235310027,1.180395089255574,0.0,0.34441619050788663,0.9490058668823896,1.0117046085986663,0.0,0.4789526037560559,0.19245892814580068,6.521529683387762,0.3233787487695982,0.6704146926560972,0.3984299492033796,0.23839147516150022,0.19780911073323112,0.6953553572831512,0.2044051362112655,0.8629508707144681,0.0,0.47834096601297277,0.3014462947061675,0.9033347743801763,0.37166649244259886,1.0545740145947624,0.7414261775191892,1.4442678780089502,0.7896470876665891,0.0,0.5047807373697023,0.0,1.3250185939448373,0.2785841625903127,0.2615568805158986,1.4680502642450233,0.25233967449499867,0.0,3.399174484257074,0.0,0.0,7.286376642466866,0.4163620899349631,1.1469420800578325,0.4585028700453587,1.1656669794289887
2024,3,Indicador de Riesgo de Liquidez - IRL,0.40239438660724414,0.6999858726759737,0.37060825553184845,0.1960080845483913,1.2329893742906097,0.0,0.2473892474872192,0.0,1.010208390779986,0.2608208091136921,0.0,0.8135999352919965,0.0,0.5622684267728655,1.0822261253072512,1.9737284564052318,0.0,0.40224596206327673,0.23804209016294883,1.1247582250025325,0.0,0.42651453312989884,0.0,0.29654587154851547,0.16647259599698044,0.5768132160155819,1.1480965978144322,0.48329674402564804,0.4561923502752862,0.46357555101153514,11.43542335978367,0.4356355369298364,0.0,0.6642314289573833,0.5271159186796657,0.6376123916026406,0.7683815757011291,1.061047734009362,1.765974997863181,0.19749103252056108,0.3618247416040283,0.0,3.001407122274491,0.33031281611131935,0.368948867199024,1.5230723423523203,0.0,0.18776568341616254,0.2698053207662043,0.3029902403675854,0.38062273056503854,0.23027118747371234,0.32764560757075645,0.4567603381466206,0.31071104182114984,0.16288335386369004,2.5038853627565554,0.7083075118656569,0.16959810273896417,0.6022796993341751,0.2366320972511346,0.0,0.36825712464641336,0.0,0.0,0.19735232937964373,1.1864528168997162,0.3763425748038013,0.7918587435251614,1.0275554741952615,0.530269002466701,0.0,0.7551558936282909,1.2300685661662254,2.311095919682189,0.0,0.2609279420207659,1.7067527958123323,0.8689797210615872,0.0,0.4825649101861491,1.0703305013552846,0.0,1.8897810372367287,1.9303460165956023,0.449948706982973,0.3148344956018477,0.39307942325562617,0.0,0.49832384354037873,0.0,1.837257414578668,0.821567457365698,0.4832437363955669,0.0,0.6742835847597534,0.0,0.49411482596171635,0.4871232836120283,1.0287667564159475,0.2397558687782995,0.5233277398439506,0.0,0.4818589203584461,0.0,0.8564938986141957,0.6366660985888,0.0,0.31113854162218607,0.22731693550639503,0.38546800970350514,0.9584457719463142,0.8576790601696231,0.0,0.5077464483308725,0.8874910294239164,0.5360574697330799,0.0,0.6025189099932177,0.446101350295287,0.0,0.34762801100249596,0.4949557347006758,0.49222246217281407,0.4386454032230773,0.43018827634609086,0.0,0.2312664288772041,3.0969457958935136,0.21884672322310705,0.374150815790873,1.1962979646449405,0.0,0.35650271423719493,0.7944744914495561,1.0658255852817706,0.0,0.4012565149142635,0.28655807142272033,6.024482664155391,0.3488285988826115,0.6220044467429316,0.41091280088417215,0.24652675521212566,0.1776775546610668,0.721516985424617,0.20511630038134301,0.8791862874977658,0.0,0.503749409417005,0.31209043180842444,0.9530285937762427,0.4066873038102164,1.119697797886635,0.8292592940283704,1.5373259169794349,0.8013660896521541,0.0,0.5083680756720372,0.0,1.260567745738558,0.29576584315385834,0.2574604543562009,1.4657916381032448,0.32534069955499423,0.0,2.6589528580866872,0.0,0.0,7.075144574971428,0.41802055707981095,1.0871870598523214,0.5398139231527179,1.269101509631602
2024,4,Indicador de Riesgo de Liquidez - IRL,0.4428928753587379,0.797241466413111,0.33910267049878395,0.18226389005969992,1.3146614487110182,0.0,0.22884578464137686,0.0,0.9905676540370123,0.2576883509093809,0.0,1.1074319051879857,0.0,0.5606584196865325,1.0689755459197605,1.7914654705343975,0.0,0.41072555411942774,0.24872612015573958,1.1368132131402757,0.0,0.4557852169457337,0.0,0.29319014300193236,0.17702722985191452,0.6218994098026753,0.864001700938507,0.5421854582991671,0.5061717461289936,0.44046924226403933,9.512052261441516,0.44748677082734073,0.0,0.6381192475069701,0.45568307535642605,0.6284512285126723,0.7758460150547674,1.0064375954635771,1.9791458876202734,0.205306913205494,0.3599762187354488,0.0,3.1159092840732323,0.35368100230601623,0.274433669845808,1.2170766480243316,0.0,0.16482108919323996,0.291866657306627,0.3388767928590289,0.41344989111800695,0.2799268481420477,0.31338431641904274,0.4950007515898072,0.36278525747175533,0.16553444840149353,2.6969363043453236,0.7201972092256195,0.1757664964663821,0.5048713878884359,0.23106328296357645,0.0,0.32480984762682563,0.0,0.0,0.20094805800509488,1.1554778627290336,0.35135281797037143,0.7888164043103916,0.9228460658227386,0.5115952185549203,0.0,0.7722210197662567,1.2418229834996806,2.390625043297197,0.0,0.25868616190517646,1.7284000691079364,0.797275814316673,0.0,0.5998162816922346,1.0159794752821014,0.0,1.9024174960882871,1.952640171132628,0.4042097699111588,0.2958302846367568,0.4003892381955497,0.0,0.5495155645093285,0.0,2.1012102204516587,0.8252924730645199,0.5053503790744962,0.0,0.6718362924272543,0.0,0.5111751112978985,0.468194269888508,1.0365697070075464,0.26394726149448,0.5331507061597588,0.0,0.5339787186005148,0.0,0.9781581818054528,0.5905175461544183,0.0,0.350587932376922,0.2359365539452531,0.3911168497395333,1.122292967916999,0.8629871096647204,0.0,0.476220213303797,0.9358909922988242,0.5224052102425915,0.0,0.5462227269047233,0.4324834387452582,0.0,0.43966636465738734,0.4890425997748808,0.5087758309268794,0.445749258439804,0.44206754278538973,0.0,0.22157003573379774,3.2115961884286786,0.19820922454332682,0.43937580224662554,1.1516882314235415,0.0,0.4226222313199958,0.8010956277132922,1.0825698172717233,0.0,0.3560048326924601,0.19293375434825064,5.547339155338569,0.3591187669801468,0.7250733220084823,0.39370688102104207,0.2428896660723032,0.17724868440771435,0.7162854155912112,0.20988815598540472,0.7813387437806393,0.0,0.47595750737389564,0.34688336491353,1.1093159996423763,0.37354359004577586,1.1750045908315092,0.8153400567860004,1.5830206435833305,0.8082359695751712,0.0,0.49839359617527756,0.0,1.2771761427561144,0.31971954589972384,0.25331749689178884,1.4512440241893811,0.3060046607458588,0.0,3.076735346603945,0.0,0.0,6.328554292430141,0.6320188317561767,1.0977361264397658,0.581315772421793,1.3191453666415396
2024,5,Indicador de Riesgo de Liquidez - IRL,0.39770877738441607,1.076174477927738,0.30884684643421373,0.19561146612437175,1.3451595567908676,0.0,0.2048831698371307,0.0,0.9761558557973167,0.29061548378352803,0.0,1.1683185716805993,0.0,0.561829476287114,1.004202874391939,1.77504604744651,0.0,0.34501437105922916,0.26015969539865536,1.15370046321673,0.0,0.4675762222237332,0.0,0.3473214345244865,0.1911664872198366,0.5705890736925344,1.003553751983831,0.4746962944427712,0.5247194193974413,0.48770617087731155,9.285602537670485,0.418197603086832,0.0,0.6424410093688401,0.42927077634756816,0.6411604405126464,0.7003449935128941,0.8885332045101472,2.088939929762946,0.20385640446898934,0.32560012305465996,0.0,3.0906476525631965,0.33859349882431566,0.2453739084230696,1.0486462186903007,0.0,0.1633868858371601,0.30642309769334436,0.3241356473824867,0.46615903740732195,0.30642051540555876,0.35892139592696964,0.45792360803347076,0.3906978739839786,0.18901538724961797,2.8820682531954196,0.6656234605911133,0.17139476181710053,0.44039400416703456,0.24435588549110757,0.0,0.3630060074067488,0.0,0.0,0.225276617252105,1.1002703421965752,0.0,0.7636792734343082,0.9693864289695767,0.5105517910621601,0.0,0.759901574126907,1.2647668279157271,2.498017223087939,0.0,0.2747445996399258,1.75060917662028,0.7276841077309675,0.0,0.6490986573680403,0.9762077420391109,0.0,2.053487593626383,1.8428640305200317,0.49803147306773876,0.33000703652277497,0.4060070534408272,0.0,0.5735190304112603,0.0,2.208313073959839,0.8056575832229453,0.5190302200158479,0.0,0.5335679599441929,0.0,0.47423617716937616,0.4671347886833927,1.0287109535273549,0.4037112068629672,0.5181930303622879,0.0,0.5646347495001197,0.0,0.7342707396236297,0.5871422883801368,0.0,0.3834053393623061,0.2552839843786233,0.39272097423643954,0.946850929018986,0.87466517164543,0.0,0.4806698089033744,0.9155467841427628,0.5464219256820145,0.0,0.4847657366409025,0.46177057915324105,0.0,0.4508795515957074,0.48834734614787356,0.49882652376505493,0.46423398097967267,0.4208172042447071,0.0,0.20709829001839766,3.3284598446859373,0.20552268514532193,0.5924628792898757,1.13929441767308,0.0,0.4280233676682709,0.9854542424876516,1.075049385194921,0.0,0.49560168182066616,0.3471142873476812,6.326090308005269,0.41911438902570725,0.7468311990923535,0.28338050422971856,0.23577280790468993,0.17486235865300076,0.7429766374322887,0.2046537850024842,0.7029918723120495,0.0,0.43762160308483494,0.3463868706887066,1.1179002176370356,0.4483115492480993,1.2238682800871639,0.8081341116676264,1.6102741007670973,0.8002327950768794,0.0,0.49592181284495135,0.0,1.1856627175260357,0.3386741654633877,0.26953686514182373,1.4239604135703479,0.33403383368810025,0.0,2.563871577496972,0.0,0.0,6.338082381488568,0.4093122425704397,1.064698489638803,0.5807719983778719,1.2969300485250117
2024,6,Indicador de Riesgo de Liquidez - IRL,0.39966573614674933,1.1161572156790536,0.37082986442371074,0.18862034422945614,1.3905583405029573,1.3664392821033646,0.21076412050831175,0.906088851766771,0.943383629971886,0.29206908920934627,0.0,0.0,0.0,0.5189843571868776,1.0041991036628806,1.8643554316592035,0.0,0.3959504438748102,0.25515478462753866,1.0657097101924602,0.2472955051180661,0.503752940865867,0.0,0.3378057953703987,0.20897039769022757,0.567414488262241,0.8481710051244772,0.4710675353359436,0.5548231369140773,0.47663505886506013,10.106799497552522,0.0,1.1414974433668867,0.5446075333962723,0.42095231414454154,0.0,0.6245308409125909,0.7336621222045758,2.509193448123171,0.23365015503142222,0.3516799451958673,0.47484842173300523,3.1009810085153933,0.3149778913789037,0.2530748455113044,1.0532189789857833,0.22351702633061113,0.17718216217519292,0.35918414919217145,0.4070781389611652,0.488371151461207,0.31423599365184474,0.31270278523910927,0.0,0.0,0.19855786637704292,2.9128261548115613,0.6348237373538974,0.16390959456841597,0.4004732391254912,0.37151761557499907,0.6042611314761439,0.3924829504268335,1.5758607131091884,0.0,0.2278350203924754,1.0961399961644964,0.3619779915354893,0.7065012563977526,0.9613299283305092,0.4892938374742154,0.22324378894289337,0.7854642568744472,1.4871411591639467,2.3232997032056795,0.0,0.28861715779768743,1.8523852857101644,0.8908731365976962,0.0,0.5764113050472631,0.9187060721031952,0.0,2.2294892857823383,1.7708300420687377,0.5290701475229508,0.3216189558654482,0.46494648122157667,0.0,0.5733794854641244,0.0,1.747399230315395,0.8274141283169574,0.5031182457556815,1.4911133831013081,0.5038964263029175,0.0,0.4184829050745702,0.4636041161768384,1.162229922761754,0.3248889519006752,0.5053217678696033,0.0,0.5902019096824178,0.0,0.7130225755260421,0.6133968604574013,0.0,0.4031157680746688,0.0,0.3904348917528213,1.5045207183379232,1.0262125895115435,0.3614955083978802,0.5335233936303975,0.9259697092223004,0.5494855743861295,0.0,0.48311418737115575,0.5112942147615426,0.0,0.4422495448746037,0.4954987331130854,0.5131243216383031,0.47012963590842294,0.3841407037822546,0.0,0.2582466392601971,3.2840148478193796,0.25907788577246793,0.5767741826127869,1.1744216699571686,0.0,0.3836916406126805,0.9683836352922635,1.1131313744619378,0.0,0.6501201291657346,0.29412402194705484,6.391709930519304,0.4364441581307627,0.0,0.36220011584643286,0.2708497036577952,0.21270937262430625,0.7546995894271995,0.18073156678042734,0.7501607698118257,0.0,0.4502581181086993,0.34159137458100813,1.0160010333705367,0.48461385615679564,1.3064466359375801,0.9065982688773937,1.5559594356868676,0.0,0.934645411208013,0.4928332044938303,0.0,1.169134155118692,0.34772238355314,0.26598569280114887,1.4027923418139308,0.39462728306228556,0.0,2.380982993699737,0.0,0.0,6.428890693825814,0.33658517462444415,1.0502955425254452,0.570335671888203,1.4329300323039404
2024,7,Indicador de Riesgo de Liquidez - IRL,0.46027128074404616,0.6540076127560057,0.3689023308385084,0.1794766941784119,1.3796971347938511,1.3681591663019104,0.16742550969605044,0.9253387654300914,0.9947443697494837,0.32051728686809416,0.0,0.0,0.0,0.4770748486872881,1.019158267074948,1.881864074311466,0.0,0.4126031315995072,0.24953717006366288,0.6177768420085785,0.25081282697673635,0.5242103334166085,0.0,0.33060630375386035,0.19897393374869107,0.4995691641079003,0.9080346835003928,0.49089666171025725,0.5571513038712745,0.42338942653314504,8.572654613696441,0.0,1.233274780890698,0.5638163128864655,0.4627877443016008,0.0,0.5382691482227854,0.6210437904914802,2.273051426432073,0.2524020390123023,0.35680230898688475,0.4027056111292479,2.9925586208908714,0.324131638977401,0.28213339299743745,1.008786215796509,0.24156052119344676,0.19966261635940163,0.39304881418935034,0.31918095379559414,0.49626021645461543,0.2856705550733913,0.3773019104949777,0.0,0.0,0.19595485007071176,2.9077196156590257,0.6376912877497644,0.1591214275610393,0.49458229120120073,0.43197872019416483,0.6243313592280477,0.38536913249083876,1.4012455533842583,0.0,0.22987300237496153,0.9263464327428166,0.3483044238414807,0.570236075935951,1.0322402239351745,0.46080919027529965,0.23817684013602,0.78515319899296,1.4541573629409927,2.3218264526102614,0.0,0.3486072912825119,1.8312372512384727,0.8303303534550517,0.0,0.549422145261763,0.7962721267308518,0.0,2.279167416764218,1.6026242481783006,0.5078449593303984,0.4028571237441334,0.4200244842746687,0.0,0.6207632281569736,0.0,2.005161798931627,0.8398809715170158,0.5035175585240298,1.4587229277411646,0.49376201737269537,0.0,0.3796962558609891,0.45384524735084447,0.9774942276396754,0.340466036249555,0.48537396894858653,0.0,0.6866942191460158,0.0,0.6382550476308577,0.6950261151559237,0.0,0.40140417531484757,0.0,0.4020069551219322,1.2143576444397004,1.0709208814696238,0.36454276509773037,0.41934412277994365,0.9545403549603829,0.5737179181687594,0.0,0.49403726625748323,0.5542416481371818,0.0,0.43383020778369,0.5172243707814782,0.5034284194222004,0.47274428069688124,0.38132449046583095,0.0,0.2672989876839904,3.3448812286632723,0.2461370579397068,0.5641129780729853,1.135948358536346,0.0,0.3965186144557636,0.8119239023519335,1.0820007437670875,0.0,0.5381139788343782,0.22677158845261136,5.536603667664031,0.5181658208636556,0.0,0.3843288359910674,0.2722614348656287,0.23741612949244337,0.7837532550565027,0.1982410843797825,0.6149604548275099,0.0,0.45114471588733945,0.33500210770786076,0.9624401359137215,0.5517364698381723,1.1968881513874121,0.9305103844977363,1.570707460876915,0.0,0.9893262497332856,0.4937476256304384,0.0,1.165389869394542,0.37014221708059,0.2824093155491889,1.333704450155006,0.3762534921435415,0.0,2.4396953819784684,0.0,0.0,5.06413418538373,0.5232805549687901,0.9442482863929955,0.6428102080322825,1.3154268961928142
2024,8,Indicador de Riesgo de Liquidez - IRL,0.49593306591719966,0.591534261436219,0.37034329066435473,0.17562843081831545,1.3906281388336674,1.2081384391139385,0.15816530178711163,0.9051437779026376,1.0183333215081338,0.31740909537824263,0.0,0.0,0.0,0.48397978112907486,1.032796147660577,1.8554641341808096,0.0,0.4080712583168919,0.2504157289689665,0.60133573106492,0.2761043473943334,0.5003066412928804,0.0,0.33573674590566505,0.19714300566802945,0.5160249215124815,1.0139513475356567,0.5169451243730895,0.5674218197309168,0.4274359524394649,7.994939152362347,0.0,1.2395723698937593,0.5208592061888747,0.4690743728820764,0.0,0.48259187518525315,0.5979906212142633,1.8431114053051278,0.2548415784066742,0.36802876952257596,0.42587783308671096,3.1368532566057583,0.28156199494695905,0.25279425390242033,1.123670741907396,0.23206289372635752,0.19461316624968122,0.4334994740858572,0.32988168287296804,0.5094571807142733,0.26563158190209507,0.37593559019786127,0.0,0.0,0.23114335165219638,2.9338136377041226,0.6141928181550496,0.16221167688589772,0.619880872365529,0.4173404036944122,0.6534638518392465,0.3563380115861848,1.3607209782608998,0.0,0.24701788159824534,0.8614807127504717,0.3636323696807628,0.6075605852950755,1.0080911040372498,0.4468146259111467,0.23442353353394751,0.726356870105747,1.4991056374074057,2.263519416522536,0.0,0.3085973328804807,1.8205531342595984,0.810001507003086,0.0,0.59444610242764,0.829232421621881,0.0,2.3917164024560393,1.6070925960861118,0.5608304646379816,0.4321745653373796,0.3905879628941468,0.0,0.692352460453334,0.0,2.0350990044073427,0.8692977101448603,0.4696200468402334,1.4486529494720075,0.5941811920794923,0.0,0.3435094033845101,0.41420515636335964,0.8932096164717322,0.385283881953708,0.46269531258886276,0.0,0.7140444601450004,0.0,0.6503851276018111,0.699596878122076,0.0,0.3744580205644561,0.0,0.33990330216444087,1.0841932188238486,1.0432038681167808,0.34806434277165016,0.38298750840937196,0.9324556409287658,0.5271435104775724,0.0,0.5434627677063493,0.5183239322841621,0.0,0.44234173568157487,0.5114755711349425,0.4779138436339245,0.4608047212997611,0.36402707062978745,0.0,0.23853247990439566,3.9622843334098303,0.22402131710350642,0.6118097160588044,1.1447852920134947,0.0,0.4100564687082691,0.7601311215823514,1.0639482872549122,0.0,0.35328098559240617,0.33109428565116794,5.552862801714891,0.5362966884177625,0.0,0.42464034710623627,0.28790892864140605,0.19727786988621496,0.7870643307243199,0.19172277799386123,0.520303435028057,0.0,0.43566057753572385,0.39922416999731497,0.9727315250748657,0.5733670883499298,1.0884395713873385,0.9631083769510628,1.543465128425691,0.0,0.9488272369075207,0.4916124146514305,0.0,1.1711582291195182,0.36913114888580373,0.2904170608807668,1.284336676422051,0.3437711540103108,0.0,2.5196802816352104,0.0,0.0,5.127062096984133,0.5446333010180816,0.90250921641914,0.7473072438128547,1.5549456069092524
2024,9,Indicador de Riesgo de Liquidez - IRL,0.5103053654261042,0.6293081282572133,0.38385356548389643,0.166033740350453,1.3840525823904688,1.253322769000057,0.17486327700201584,0.963338616274665,1.039082847721895,0.29164350102302106,0.0,0.0,0.0,0.5005848225803502,1.0548428268624508,1.917412681720084,0.0,0.4354166454836398,0.2559392853839765,0.46674511269598556,0.271267336316218,0.472479645053394,0.0,0.2948991524989106,0.18920029834838425,0.5778994820764726,1.036720139248074,0.5607508079321702,0.6164430059121889,0.4201742681761791,7.732662762046721,0.0,1.2543921944101795,0.5320536074622381,0.46328638500965075,0.0,0.45791677278390525,0.5033917804855002,1.8403765187707841,0.27118580181170915,0.3400134729130962,0.48763533612456733,3.3149786535436325,0.2200568229032674,0.2666117764917785,1.067238617823132,0.2091143786762835,0.16075189129950046,0.4385412560233286,0.3034728564039531,0.5281549086425733,0.2753425875883879,0.39245708956083786,0.0,0.0,0.25461975999072817,2.7723913057524707,0.6210375145566084,0.16973420350930574,0.5955963053421593,0.4466242501089299,0.6968347821038452,0.32650975815727323,1.3642122442583144,0.0,0.2787785840630985,0.6604740264802673,0.3756075059029358,0.687199418998162,1.059256499181019,0.4784191620068096,0.25127768152718266,0.7279426585038028,1.5434730062823308,2.1177474220892556,0.0,0.3118821552780557,1.8373634162652779,0.7645308091750765,0.0,0.524259176071482,0.9100650368851291,0.0,2.4801513389729135,1.5955779888912167,0.5421516411047748,0.4429000699755787,0.351872318849105,0.0,0.6930474689109315,0.0,2.176150243639141,0.9317971237219407,0.5151117696304051,1.431990953264411,0.6842906565510843,0.0,0.34051152200522494,0.3974863148126249,0.8181490511338879,0.4366566003254228,0.4426219746276132,0.0,0.7046547889161908,0.0,0.6170225257955105,0.6932673237433822,0.0,0.4346453541099832,0.0,0.38522415173085806,1.3517759586638343,1.1546096942548318,0.3362819427251976,0.47558341920521047,0.90422570572558,0.5817072970469677,0.0,0.5369099118484052,0.5215448902252084,0.0,0.4980771892329909,0.5193090057454144,0.44298088164300714,0.42831002583321987,0.3736545829451683,0.0,0.23081088541250838,3.9069552644993184,0.23101812043039194,0.5554492377298035,1.1212321168907464,0.0,0.4116487839077585,0.6970492567403681,1.029145628613436,0.0,0.33503184871924946,0.24096686702292489,5.836552276698755,0.5511740891651431,0.0,0.36068360932484533,0.2962276306957768,0.2103774502523883,0.8141504071376825,0.2005852497744739,0.5696813614300307,0.0,0.3832195010270022,0.39520550964163614,0.9271642244767159,0.6083345182877038,1.1192606718317202,0.96156730621502,1.5434535269797918,0.0,0.9124325607983751,0.5061513292082045,0.0,1.1838398480999601,0.3788963095580005,0.2797552910622132,1.2932909702596145,0.3291038967101589,0.0,2.616030203793118,0.0,0.0,4.691446714229328,0.47151012171459167,0.9071207370077552,0.7853552944505847,0.8884352632788989
2024,10,Indicador de Riesgo de Liquidez - IRL,0.5108740358275881,0.6701312522030285,0.3415330755394788,0.1738505702600979,1.3901666126176087,1.2167141350531567,0.23954661034929198,1.117249512983828,1.1452612603128836,0.2883083263915907,0.0,0.0,0.0,0.49308114699266137,1.0528091923303913,1.8949080231711346,0.0,0.3836966441806008,0.2820363102540901,0.7477339056946928,0.2621905212777289,0.4826039035163152,0.0,0.3013092014640827,0.17346215385786468,0.62440899391831,0.7995014028543036,0.5200853556881078,0.0,0.37318497523179356,7.1820113632162625,0.0,1.2525813516845212,0.5425806064678139,0.46700165721663695,0.0,0.46803807057459124,0.4808980586807265,1.8996139667274585,0.2667271349133819,0.30897070684514616,0.47892779513044687,3.388442538085467,0.23616592717201762,0.3418368662201401,0.8160700446274586,0.23658716779195663,0.18382115802492982,0.46965732828855633,0.304940143626093,0.5084824206816628,0.3015147981329701,0.32360684901579234,0.0,0.0,0.2512941901303917,0.0,0.6410763358069872,0.16919315165089654,0.6116209537233721,0.4807152062849309,0.7404144619501023,0.3100074572281688,1.369108097657994,0.0,0.30319848403932353,0.5990759703300479,0.3830010638289944,0.6742126335470606,1.0973495568665954,0.5521525058194711,0.259959993958302,0.737155034460658,1.551291648892832,1.6987802146973408,0.0,0.32323430093823297,1.8496364845128677,0.819673294121256,0.0,0.5711302736676602,0.9639849663956885,0.0,2.61673668072939,1.5565005878139575,0.5022302323344,0.4814488670115227,0.3206424697019029,0.0,0.7114807875997792,0.0,2.145299491837462,0.93717639624922,0.49089143273659097,1.4596659000728853,0.7879373119448945,0.0,0.30617733359926896,0.3940229344125352,0.8259218761648902,0.3615783404149991,0.42698132395116073,0.0,0.7258045454680945,0.0,0.6100134246178908,0.775163902428761,0.0,0.39196397851036313,0.0,0.5411944049916262,1.2583262154277972,1.2564871040987735,0.3477855841296688,0.49322741621888344,0.8949598020864996,0.5388543654462387,0.0,0.5596281672147913,0.5118652246612624,0.0,0.5032357556957963,0.5512946880942542,0.4551225272538582,0.4416923475211,0.38888051169581783,0.0,0.2362069519669398,4.566016681093805,0.24943531469296398,0.699969963273288,1.175206791775593,0.0,0.585593029983386,0.6276797656766516,0.9942131271539265,0.0,0.27892227048164747,0.3717263888293395,4.628773026748892,0.5745699566114377,0.0,0.3262147283664561,0.28642895818385056,0.19821093337482124,0.7586387180464301,0.21742111704338918,0.4885908487023606,0.0,0.3687227992964468,0.36938219176293524,0.7351657569975351,0.6774451646769764,1.06379938406327,0.9786078732270596,1.5278365687686364,0.0,0.8778889499455621,0.46586828603734576,0.0,1.1218574986086909,0.3950537689785317,0.271535369388693,1.2243691321941772,0.3570814311259385,0.0,2.682463306361121,0.0,0.0,4.556296758805036,0.43617299962336215,0.9243947612178756,0.7891134796665149,0.7292574050369878
2024,11,Indicador de Riesgo de Liquidez - IRL,0.5409851393370423,0.7653025465693677,0.4014979036934512,0.17723718961338905,1.3808595365954421,3.8212297970535443,0.16557802415216075,1.1921818370217554,1.1905194822311957,0.2642263283253623,0.0,0.0,0.0,0.4912466756589528,1.074468246864605,1.8716377698598452,0.0,0.4074643295514893,0.2787228121602915,0.6578899085023228,0.2909756608963624,0.4777097881104753,0.0,0.27311732102345665,0.181799645837717,0.5533225598463447,0.8780812348517213,0.41445044265766123,0.6402544737663194,0.3220862685680993,0.0,0.0,1.2050929892051938,0.5927526863492935,0.45441129106889244,0.0,0.46427879732771726,0.5031093175460366,1.941623036584954,0.24698633361969233,0.29014673837597865,0.4893850923244503,3.3286301586145597,0.22582228193290677,0.31916909805833593,0.8888442336101201,0.4667169607951486,0.2029214312519835,0.46470636901826334,0.3380755624417611,0.5270732115072785,0.2891317248838196,0.37905554962506116,0.0,0.0,0.2235653366161128,2.8872710075693004,0.6685928497409904,0.1751090023788846,0.6866672962505933,0.4596976246334277,0.7563930387809316,0.3260062974304256,1.8756704260770793,0.0,0.3251911652596584,0.6491041261113912,0.399015871417687,0.7438665186934147,1.0326193416684952,0.7235401269754208,0.25544630275737723,0.7291416589064313,1.5036212618903007,1.707023492483824,0.0,0.34458138860714244,1.7517057739082618,0.7977535708277244,0.0,0.5617808858815282,0.9690924899463755,0.0,2.763798472552355,1.5133672729211316,0.41454186227332934,0.5192208019302117,0.3144207344004849,0.0,0.708510130909525,0.0,2.771821438916498,0.948333323438988,0.4617149542724395,1.4532792102324064,0.831351156329332,0.0,0.3007178419067467,0.34992474935188356,0.6942447779616869,0.4595283649591566,0.4422055150612114,0.0,0.7676776467121557,0.0,0.6388328820876382,0.765066576002219,0.0,0.4002300565039118,0.0,0.5112567079891845,1.8164324254227435,1.2884090432870763,0.3379234317137411,0.4958825161820778,0.8936479273513648,0.5270810640344017,0.0,0.5250796113187036,0.5541741980238888,0.0,0.47697315262046913,0.5222881225120982,0.4631965219733169,0.4499038908664923,0.3611257446651087,0.0,0.22901441441746392,4.903556254900881,0.28010339725137084,0.44054026555623477,1.0832186395858676,0.0,0.5835829793078774,0.9928675264797974,1.0778640765024583,0.0,0.3094291191623588,0.36364179972138544,6.552519776566828,0.5656048811560803,0.0,0.37457562864186406,0.2721983116893151,0.21296422466818823,0.7225779012404379,0.22200881901389713,0.4099682829862062,0.0,0.3948456492124559,0.3535301736521872,0.6561551474312199,0.6680118861224,1.1513107676247836,0.8642351280872587,1.4760674825822955,0.0,0.8994323508992853,0.4569701452124257,0.0,1.2083694103710594,0.38158226772812215,0.3065041302171317,1.1995380862012073,0.36045995783179496,0.0,3.19908345825458,0.0,0.0,4.20398430582376,0.4267840415667611,0.9424362978341462,0.6494182067213332,0.7000041500217151
2024,12,Indicador de Riesgo de Liquidez - IRL,0.5388789505968706,0.8374946364002704,0.38687268749645165,0.1751259111007019,1.44445985062537,1.4538372031785078,0.17617265000799856,1.321754470384474,1.3776189230158837,0.3283319199511532,0.0,0.0,0.0,0.49342722352127766,1.1021852513244572,1.9432328569507717,0.0,0.5346053387053376,0.2504345799421997,0.6427453396955549,0.3111105005142444,0.48391139553863416,0.0,0.23597623204977322,0.22646375099971183,0.5329576651822234,0.8345980800436303,0.4594943219796398,0.6769811824312554,0.2804236678178727,76.59358069132311,0.0,1.188937765814812,0.7981680401534998,0.4238956990977188,0.0,0.4803278444778245,0.4994455692701611,2.0957333934788434,0.21390093248806963,0.2982937451428982,0.48176151784938626,3.388997542034532,0.1931695265191664,0.3383004981529499,1.0307843419980014,0.6778457141820444,0.17684431322304794,0.49489973186996705,0.38274871907886426,0.554339800092744,0.2382111818835238,0.3365982575240149,0.0,0.0,0.19769132812998239,2.490932304692097,0.6859228861997407,0.17535477793530174,0.679523452023243,0.5028261829717465,0.7624600828840327,0.3362664334984493,1.5058196288786827,0.0,0.35656847885695264,0.7486475275133512,0.39777698798646216,0.825510572937736,1.0228352284020246,0.7992296668320529,0.2791556318696777,0.7624979096575977,1.6408206848227553,1.8576039953467864,0.0,0.3173801541247763,2.4305841093245415,0.8999668460893709,0.0,0.6755360573024248,1.0591408493741632,0.0,3.046765126686835,1.5924821907602866,0.4331667177944403,0.5360064801709881,0.34487812070011337,0.0,0.7119876928919359,0.0,2.262679073094639,1.0587959149040993,0.517398332963992,1.5136100419454555,1.0432694522394454,0.0,0.2814700750677629,0.43080810525033386,0.836393755606258,0.30644191575211804,0.42968038893630595,0.0,0.7542171895608102,0.0,0.8081004146628725,0.6138047608768799,0.0,0.435927189916973,0.0,0.4559628463246481,1.1843784860236424,1.3245898678201269,0.3553136318713261,0.4831646323777601,0.9177255168891819,0.545095021104962,0.0,0.5552888177299586,0.6284486608740516,0.0,0.41656328478942223,0.5248400430563526,0.48774366113863105,0.4256020685940585,0.3310237261072229,0.0,0.2676005164311665,3.9145507505618196,0.32509614729659375,0.6586477755822131,0.8741097934156625,0.0,0.6491159092845593,0.8954160517502986,1.2348907452606424,0.0,0.32801346545776,0.29219259294083166,7.336578623792766,0.5609471846848184,0.0,0.33944757121811514,0.25760701637221467,0.2210997868030416,0.7094243559908295,0.22504800963289642,0.46896096852830066,0.0,0.4005586177257558,0.341915977392034,0.6806325518214319,0.700512021811197,1.168580929743053,0.8347080701335788,1.543693870663025,0.0,1.022268908575869,0.4690987550714966,0.0,1.1580902813773033,0.40367835055559437,0.3366135637113464,1.3826463339264206,0.3110852255102507,0.0,3.154342848343804,0.0,0.0,4.293111835855253,0.5142818264404275,1.0580409507726511,0.5251273472345784,0.613944633545567
2025,1,Indicador de Riesgo de Liquidez - IRL,0.5852689405300016,0.8537032903860389,0.4340604698965178,0.16334598078737014,1.4472326663861041,1.5122387132367516,0.25070575220150076,1.4535322264215702,1.403629760591056,0.3830301442326366,0.0,0.0,0.0,0.5305679372876176,1.1665857114536606,1.899688549256802,0.0,0.4801332686997849,0.2520258855272064,1.0065996363795247,0.2549890595669261,0.508700573299823,0.0,0.2267959334614474,0.2231630031104296,0.5150591192329184,0.8753095407407211,0.6009715562000145,0.7418105930861161,0.3099577184785738,34.15294270779221,0.0,1.2248915308694879,0.7768406572592307,0.4083397780308896,0.0,0.5590534889978825,0.5013684530491533,1.9839619811829379,0.23296588759153605,0.306115874283804,0.4506486855732485,3.489946601985964,0.2119070530623444,0.40699025283690365,1.1600514605281025,0.774883047269785,0.17483700901911992,0.5140941707520658,0.33592187450950706,0.6773803918561481,0.30742136262996206,0.3293618684168771,0.0,0.0,0.2095162570798848,2.6012248865176777,0.7370544601220002,0.21860060396703784,0.782448918334882,0.49606596774570866,0.8016061544023451,0.4016741701937985,1.679761304209751,0.0,0.405802638605695,1.0227438151155464,0.419641907427313,0.9357751364347667,1.0381584583862153,0.8588747530321887,0.31177094115088294,0.8176145927709435,1.6619825895228466,1.7938823231245133,0.0,0.316416249730659,2.437781113098452,0.9800188319653119,0.0,0.7149553168209576,1.1299441851762089,0.0,2.3995325151121327,1.5550565089531332,0.5175170853255289,0.5369338198160215,0.3176659114318258,0.0,0.658824560556615,0.0,2.025784697145555,1.0810356539025279,0.5122348604229078,1.544465486719673,1.0218798513558938,0.0,0.3615217449335489,0.3359324595443674,0.844644463116619,0.41275565932780006,0.45688100857070496,0.0,0.8075933381477671,0.0,0.9766641898611126,0.5612083619065198,0.0,0.4446386162769163,0.0,0.4636772382873296,1.0183321390731717,1.4462843865922168,0.3887374482826483,0.5971816687086564,0.9985998704610057,0.5793682190226287,0.0,0.6483891694336625,0.6559537217252155,0.0,0.4221726814081007,0.5053689334625694,0.5143136610664366,0.46180322516188954,0.3002400559655089,0.0,0.24841803278513466,4.585559709062758,0.30367457851419727,0.6237545830837893,0.9011355169530649,0.0,0.5270755505434156,0.7555852443406743,1.2469499260689292,0.0,0.27994920074846574,0.2975172832553523,7.681068670970197,0.6115872145822103,0.0,0.3558577623853502,0.2920734554255764,0.2282095743949898,0.7201471745999083,0.22556576143614238,0.42096576669322305,0.0,0.4585708989671543,0.3668898591615336,0.7561951874107331,0.6701996976946617,1.231874111255006,0.8552462316610027,1.5207500781459158,0.0,0.9681413490430304,0.5041093857220943,0.0,1.1886424572100482,0.4451815992908643,0.3705391952078009,1.3328219589448247,0.28703020580473887,0.0,2.6517953761274335,0.0,0.0,4.8309590436204894,0.5452379687920258,1.1557966468071725,0.5628741460694348,0.6219271479930338
2025,2,Indicador de Riesgo de Liquidez - IRL,0.6234440425402532,0.7931249073089355,0.4719453982252635,0.1654715957709055,1.483554861256844,1.6079372195753767,0.33680278877802494,1.4629556993850705,1.3557979055902492,0.3844902470152767,0.0,0.0,0.0,0.5551781059870293,1.1903070324672074,1.91007735820902,0.0,0.4836086210871913,0.26265398368491105,0.6974897324131677,0.2755208121141741,0.510448376395974,0.0,0.23350544647441418,0.22069164957366905,0.4722387094238868,0.8883193271007029,0.5959338355037582,0.7618123622472518,0.3584508458866035,24.067988508824104,0.0,1.2215261715164076,0.7238731174669728,0.401640611039863,0.0,0.5530463556135015,0.4645770154406057,1.9431276844139045,0.24985153304711188,0.2889809043531731,0.37348256385049283,3.632312208743925,0.21611608610551206,0.5191599063019741,1.297775365365931,0.8148815193501824,0.20640489524530056,0.5147885231085397,0.3233920934703918,0.7211184265889306,0.32967348771552546,0.38141588210578964,0.0,0.0,0.21103637598398367,2.655555872528317,0.7296834373415992,0.23397338542869012,0.7136639601616215,0.4693172576137171,0.8150326606997567,0.33289800788348,1.5183627621363294,0.0,0.429322425996677,1.162469925923542,0.4329835331449966,0.9302014500180222,1.0759806889641916,0.9013260096696629,0.3312424489248754,0.8907481426865885,1.695851404174063,1.936218167228106,0.0,0.26912718985023354,2.4520494693929336,1.0355382769810457,0.0,0.7633630011674143,1.1562314741403819,0.0,2.481941790031893,1.5903344431294701,0.7976220197998387,0.5130398955025495,0.3459973510408636,0.0,0.6136950707025535,0.0,2.7009718687128372,1.0196345701778147,0.4396928598005858,1.5928844088598333,1.0660550277708993,0.0,0.3547655253094373,0.3555189850181084,0.8420824309725434,0.4033421315088173,0.488148517334305,0.0,0.8441333721678196,0.0,1.0137721781886115,0.6665976094405153,0.0,0.46024306470459,0.0,0.4441141129548603,0.9482170498869277,1.3857263273982108,0.39446817725127237,0.5871447182399728,1.0216717597392722,0.6185648853752913,0.0,0.6683640927780548,0.7025749332795479,0.0,0.4443479720375148,0.4810376526046077,0.5518060451602511,0.4950775362274195,0.33397209063105365,0.0,0.2798752024755869,4.846033716600972,0.24358368633442756,0.5653727712625433,0.7806314726229885,0.0,0.5397343156695733,0.901148043147703,1.4054076690703503,0.0,0.2841373760933502,0.24896593017971771,6.584604468892136,0.6138412575346008,0.0,0.38193640533944073,0.28919103533377516,0.2143218879129455,0.6926286688894995,0.20150563854294362,0.39870527075491785,0.0,0.4483630683611273,0.34505110736868366,0.6826116678559588,0.7270077908184881,1.3706716165479773,0.8922434880327337,1.5117758461000028,0.0,1.0490106204558312,0.4979978335573617,0.0,0.0,0.4326192342690019,0.3302564063935765,1.3339765331827675,0.22053867862117482,0.0,2.632933475708678,0.0,0.0,5.17776856257775,0.45850914539641424,1.1977599549252618,0.6061371344397303,0.5790954898760848
2025,3,Indicador de Riesgo de Liquidez - IRL,0.6565098997451373,0.6440728376276371,0.43302077854860505,0.17191198744976888,1.5071763610402429,1.6605203642620463,0.3806240645031993,1.4458416520698154,1.3314005918278093,0.3950040031017386,0.0,0.0,0.0,0.5601596864820515,1.2052507418968288,1.8999084360002219,0.0,0.4220547312075639,0.27781064194149163,0.7028677616958255,0.2337538793372367,0.5202286142940352,0.0,0.28446799984991195,0.22873038630820594,0.4575830034273292,0.8946264754311547,0.5920697390368742,0.8036262159125578,0.3639747697495012,18.637056662782662,0.0,1.1851990614096501,0.8643977815663363,0.3748250375730581,0.0,0.5717696786568387,0.4712363420669436,2.02369962663731,0.2508895838959641,0.3142069665733949,0.34485097571350415,3.718598041354755,0.19796766756542544,0.4959255464484617,1.6362918196867116,0.8413072967590647,0.18273359914498447,0.531529467793831,0.32599055572346536,0.7056614221234878,0.3570938926434477,0.3950388403940857,0.0,0.0,0.22566300045947796,2.6009475241384337,0.734052521092447,0.25844060934353724,0.7230926606374467,0.44715605321603036,0.813545919985961,0.3200041300687829,1.460198897675168,0.0,0.44347660211867707,1.228328346002722,0.4381309685916114,0.987821167620434,0.9513173695974544,0.9365417526738523,0.3536399051855531,0.8825499386890023,1.7400139731268645,1.9484008446113974,0.0,0.2693855108141693,2.4775856237857288,1.0954779600456672,0.0,0.755467792784559,1.1826820855528841,0.0,2.814592708584606,1.6202812098051027,0.6945587492254721,0.5456386791950314,0.3763630420353162,0.0,0.5697434870529523,0.0,3.028852167945047,1.0214486450604998,0.46464497455999976,1.5998064946047486,0.9505744617556365,0.0,0.39453560483819816,0.3246390751703632,0.8785869025960737,0.3744625956925489,0.5186326129522838,0.0,0.8687916627510074,0.0,0.9719051978031755,0.6544379796800184,0.0,0.44054160826476074,0.0,0.434632801287668,0.8569605233639946,1.4782846934157525,0.39911790633475414,0.5536446380319712,0.9791782618939757,0.5804619433737525,0.0,0.6290106927107239,0.7412306470905418,0.0,0.4584753832757096,0.48628427816945624,0.5840392122618892,0.5098443622922079,0.3984243230567087,0.0,0.29160812864006785,4.680333208780897,0.27494738783735334,0.5428885675539166,0.329627019772355,0.0,0.5592166820858959,0.7177337127666592,1.4761766454385783,0.0,0.24751851335095473,0.2579566781645831,5.801839418389866,0.6164335353248053,0.0,0.43687826566016824,0.29449884001510096,0.22558422758057972,0.6571703964584544,0.20142733263874538,0.32743593594867076,0.0,0.4728154441985696,0.3563695650704758,0.6694930531518825,0.7287222820985082,1.315673520674666,0.993734278915594,1.3513752353831643,0.0,1.0480766752490394,0.4640086022198736,0.0,1.364087190602321,0.4142437689595522,0.34385467744612186,1.4357954411539198,0.3540552078427776,0.0,2.747867258112335,0.0,0.0,5.465271260479992,0.53364652787613,1.2617004453268812,0.6958011218830947,0.706422940516936
2025,4,Indicador de Riesgo de Liquidez - IRL,0.6248515792262007,0.69021774644543,0.37656504174413225,0.18160603920517898,1.562121275054169,1.7601097102168153,0.3719063300474045,1.4346575303094569,1.3198521965201813,0.3634571508703536,0.0,0.0,0.0,0.5872511353540024,1.1943579029436415,1.9375955498931015,0.0,0.4378701457586477,0.2944597905954775,1.1639046961573052,0.2589454057701665,0.5279162601128182,0.0,0.30241868591950116,0.2320880894921109,0.4614345296621219,0.8761353030713576,0.6875641448379904,0.8414091705447666,0.41233750656391005,14.717017934101527,0.0,1.172260773038935,0.8626540312952025,0.33689801528711083,0.0,0.5730332069487134,0.47077531416734564,2.2246277662077967,0.24486857581331287,0.31065861736767225,0.36113660861503055,3.9092942421294263,0.17458973649031942,0.3565000599658457,1.7116735276774306,0.8421080520925095,0.3277247350407605,0.5640953243253473,0.32105260740455627,0.7101851459326989,0.3178007041452018,0.40009654758719804,0.0,0.0,0.22847464502517434,2.621171821505737,0.7448963633725513,0.2724983152615698,0.685749061705279,0.43502599014864385,0.8322696836945788,0.33923066851344047,1.4999603222657438,0.0,0.43935770993669676,1.290737706181292,0.4312850859954592,0.9453721958993841,1.005736913217941,0.9397191690968472,0.3732081906767853,0.8911466453801686,1.8075067766557011,1.8365265858989603,0.0,0.2574928106864046,2.468828472490623,1.0715263873053638,0.0,0.7423266216939899,1.2012840287730733,0.0,2.981930475166999,1.612931955657171,0.5261537143807559,0.5673494015355558,0.4101803811445298,0.0,0.5414294598287683,0.0,2.6405374924291105,1.035779109844851,0.528591982523132,1.6472467946989193,0.912801588394779,0.0,0.4476344436282095,0.3349050514596658,0.8858882833317244,0.40106895970581696,0.5279052006166313,0.0,0.9012281125553403,0.0,0.9513864442694583,0.656667973845048,0.0,0.3399707896049163,0.0,0.40507437584986494,0.8276230733567415,1.7487355573513117,0.3918277349785484,0.4952573832312309,0.9815891982199509,0.5956486918756999,0.0,0.626706800903854,0.7346756452701028,0.0,0.5332649403564698,0.48384347534964806,0.5945443310291162,0.536603365282045,0.4273290080181357,0.0,0.2621047515819901,4.687691220499833,0.24855787325393056,0.5657368720635624,0.5847636728331845,0.0,0.45902606317139655,0.8254871565838162,1.524508047594568,0.0,0.3462266943491525,0.33555580507164484,5.541580761983308,0.591868257972951,0.0,0.5033786073772634,0.33645560742247266,0.19949263463286074,0.6489096476408234,0.18846530610594,0.31916056442649254,0.0,0.4996975771165531,0.3557592907888022,0.5728424504182462,0.6621400052446902,1.3802076140717277,0.9387539423102873,1.4645686091661523,0.0,0.9689459006287343,0.49428895252175253,0.0,1.3440861865761264,0.41014152746185734,0.34930366403422325,1.5230621301445646,0.38599429999536783,0.0,2.4106916022160547,0.0,0.0,5.508612342103152,0.7113626919533745,1.3281506018078455,0.6482179450550322,0.6567124850474938
2025,5,Indicador de Riesgo de Liquidez - IRL,0.6080023436263444,0.7292351095354689,0.3879792172196773,0.1827648755167494,1.629359563332588,1.7543781890603145,0.3477948527923586,1.1836505794547572,1.3127298295032304,0.32855591031762227,0.0,0.0,0.0,0.5940695483989521,1.1738642012736327,1.8500963910313593,0.0,0.496416366313389,0.28283225347035246,1.4989446655012353,0.27943746125629576,0.5326085040496843,0.5156222700679023,0.31692223236557177,0.2453432762423405,0.4877698490863604,0.894597372486227,0.7585470001877587,0.8304420992432757,0.40267093859182707,13.860361581956383,0.0,1.129964118660017,0.7185671407758933,0.3047509419794233,0.0,0.5937409056869716,0.4745318778837833,1.7496398592058802,0.22433154233708738,0.3226500632302186,0.3535224875052158,3.6890501536224822,0.15620438379873253,0.5947212682731841,1.9177954549000071,0.8102814823705429,0.29102389141319657,0.5383564536599504,0.37862985124628695,0.7209596338484789,0.3075317722224368,0.4053649661634654,0.0,0.0,0.22707448345374098,2.5389405920506993,0.7456108882576987,0.2659743857527899,0.6698018261442674,0.4563265058129513,0.8517446541776007,0.2943252449746873,1.3120910948172049,0.0,0.4383532182035802,1.204594239742653,0.41556847584311457,1.0093315791449582,1.0615723447875105,0.915256055203311,0.3745518532170161,0.8525724085896649,1.8580858713641286,1.8489254667375434,0.0,0.2580360091365879,2.499793689150774,1.3066056229086849,0.0,0.6911423281201775,1.2125408554963373,0.0,3.2503915434548496,1.574906591254762,0.6606292259344718,0.5420970164168576,0.4042896731565229,0.0,0.5773144961590008,0.0,1.4406090564247285,1.0797326606606903,0.5532052603989244,1.6465945954598955,0.8221126323338733,0.0,0.4725856868404573,0.3688271388495888,0.9011530317599769,0.31515187250483495,0.5220472537929912,0.0,0.9538934280346049,0.0,1.092558231161391,0.6243960575648084,0.0,0.3327067714080426,0.0,0.40771007136991844,0.7318489977990207,1.7014127189077886,0.38411064528029404,0.4291112002039768,0.9404592115866376,0.5961457147809996,0.0,0.6087063950743802,0.7839759333425144,0.0,0.537484226064628,0.49969808767904594,0.6152716621599498,0.5210669798762182,0.3975785324540586,0.0,0.27563181949844323,4.727800502772462,0.307381123285863,0.5440874964553606,0.5679410465819412,0.0,0.5099058194628482,0.8549277228788342,1.4683522426296693,0.0,0.33634293920562486,0.30443731561569587,4.990494320468173,0.584761779275252,0.0,0.3319432334190827,0.3405857565877737,0.1989809022545271,0.6338054618625474,0.21862839795462127,0.3774068179672531,0.0,0.49042088123303823,0.3265828674216814,0.5556354128397942,0.6683299364570108,1.4144641408074985,0.97960933345092,1.4896117028797262,0.0,2.3896335467562073,0.4627062651497421,0.0,1.338152744395804,0.3965201883894645,0.3459208481184691,1.5462424611344479,0.4096952429740804,0.0,2.402476029734036,0.0,0.0,5.400061937852525,0.7702625498613365,1.3368989287335094,0.5485816260539202,0.6189216191705954
2025,6,Indicador de Riesgo de Liquidez - IRL,0.5573152618226593,0.6620293413344376,0.45399479639465395,0.1731974546300971,1.6867730919841346,1.789502525891573,0.3891759469937648,1.331719916329632,1.334893038116692,0.29982293162881185,0.0,0.0,0.0,0.585067754282758,1.114913968366125,1.8411111625236212,0.0,0.5080401260639504,0.2772685993405095,1.5720830740665066,0.3500552046840193,0.5595354560341004,0.538130812488842,0.33485529863252267,0.2554250487048771,0.49611466010224653,0.8164096008841576,0.793023501421308,0.8523604458696292,0.3758630203062358,15.783683555997781,0.0,1.144603678275049,0.7210554406417147,0.2788594556610714,0.0,0.6193636749333937,0.5292795731756992,1.9120680630971085,0.21588836955614535,0.3251371017437164,0.40684054632459127,3.627146054456664,0.14675474160832205,0.6670888810760713,1.8481892955830916,0.8105581839918194,0.3900139367459596,0.5593786616792202,0.4083653939615922,0.7309881589200422,0.31731603176828516,0.42008036742411137,0.0,0.0,0.2378271087321669,2.554444833684988,0.7499174606755675,0.25535881786101383,0.6898463966755439,0.5243902025647105,0.8518632981780108,0.3331092148038191,1.597496071925043,0.0,0.44096977015637384,1.1988835466691758,0.4354729952666528,1.089667121448674,1.1410693077333063,0.9279087776766389,0.3646604911989422,0.8498672690038842,2.0006682858689735,2.0879682846737295,0.0,0.2682784068481617,2.4816895374711185,1.4034081637807183,0.0,0.8030212650498985,1.2217178129417487,0.0,3.0560881615941917,1.6094858372723075,0.5480031920065043,0.5351585701804208,0.44313782814047337,0.0,0.5835221931842347,0.0,1.6008803604004158,1.103844140198335,0.5809191469084276,1.7474613760706061,0.8586161536440421,0.0,0.49881192763142507,0.36671405760438913,0.9672993118461615,0.2752857945575004,0.5159347144256712,0.0,0.9781587534847522,0.0,1.1724150939166655,0.5980604724399575,0.0,0.3513027590377611,0.0,0.3723391147995455,1.0181526722966767,1.727716590348837,0.36809425154236997,0.5079786312758664,1.0089203411253522,0.6040658855909579,0.0,0.6271473001532589,0.7859038403474086,0.0,0.5625017332539475,0.5365583992979387,0.6162629909200654,0.5302217150359424,0.3746908441792082,0.0,0.29881124416987104,5.023482367215468,0.334339010151744,0.4291167363216093,0.621522896041475,0.0,0.4751480401537815,0.8164893868956642,1.6081604117788009,0.0,0.40369464146700773,0.2587090761481372,5.3454571373399276,0.5769125287759413,0.0,0.42816705071509886,0.3291176578848817,0.20917274006723288,0.6666128188037729,0.24367826400732448,0.4785542205064041,0.0,0.47046775917613604,0.3274022349629117,0.580272731318786,0.6387227257858547,1.4919145076192062,1.0443005312479512,1.5577485189829259,0.0,1.862946025607972,0.42912761735305593,0.0,1.3963224742730944,0.39982051251868234,0.3732760047536548,1.6234838725365741,0.3973441828405106,0.0,2.7731644916205833,0.0,0.0,5.569047693308409,0.7079020597502708,1.3908180376802275,0.5976675072846769,0.6483966317348314
2025,7,Indicador de Riesgo de Liquidez - IRL,0.5585522962493891,0.7121264843650632,0.5110116606252348,0.19558644780933934,1.698158990760764,1.697847886017988,0.36068096396830096,1.4177233093550294,1.3521889747069558,0.24331443625342816,0.0,0.0,0.0,0.6012109113700206,1.1341580976912689,1.8491243438229445,0.0,0.4600404292980842,0.265553638545494,1.4401131553061404,0.3621839654062124,0.574827235257248,0.5301565933891558,0.3657518406430054,0.2503526831496348,0.4232540109311596,0.8609566350808696,0.832243483102506,0.8459012348849896,0.34902414186265734,14.30391336536069,0.0,1.156105107438674,0.5730125634049055,0.2797427879404561,0.0,0.5973804636491277,0.5231156325375209,1.5718389071155063,0.20740157960357122,0.32463763050438565,0.3444508858365517,3.6758541490135563,0.16472458023761638,0.605987147594872,1.3021789891390398,0.822590613940013,0.39259014360428246,0.5370999115622563,0.3854718371785287,0.7502717225462613,0.32680405761292464,0.3704230527648682,0.0,0.0,0.25312373308811204,2.3728827062965046,0.7402661050073881,0.24144308743464546,0.652159640554183,0.5816673957641871,0.8234227504862068,0.348150682108707,1.4207409384336271,0.0,0.45583136525741086,1.133678152653644,0.45767677203235346,0.9565373218978848,1.1686736095376526,0.9189039957558645,0.37752523585067926,0.839268862138279,2.0039559697943283,1.938629997424268,0.0,0.24016314591443963,2.3391533273453042,1.305051967591207,0.0,0.7680326419717249,1.2360711484655174,0.0,2.995350538209759,1.615823193834033,0.6237366708012715,0.5347539454182731,0.4220365203606261,0.0,0.6029313933310207,0.0,2.6443690608685992,1.1083375805359073,0.5640031921042827,1.7894067576597334,1.0577007294309304,0.0,0.5028877127128194,0.3778279179852655,0.9282216748006655,0.3127279413598292,0.5089846414415776,0.0,1.0173945685179029,0.0,1.3032595671707463,0.5139333995492426,0.0,0.40654571104495957,0.0,0.3177853030587523,0.735529354323338,1.8103518062131825,0.331575807243694,0.47308712692908556,0.9772930590301204,0.5576877345231267,0.0,0.6335713176268589,0.8317407528514373,0.0,0.5716723077118823,0.5804556464661506,0.6196000981564213,0.5144361019208736,0.3635158430014736,0.0,0.24845281233526098,4.668530527610185,0.3552390506151175,0.48621309745406693,0.7939504504522834,0.0,0.5991804578079853,0.6910282257661726,1.5588905024538968,0.0,0.4263090472406054,0.23276445525253286,5.268971835060851,0.6255770222655593,0.0,0.3719703708449746,0.3405518963552223,0.19272437850333357,0.685550500606822,0.28462959544474853,0.48125326414069086,0.0,0.4748377154861868,0.3013362000889449,0.4891596200622347,0.6447095671833333,1.4394641770547776,0.9805079549716575,1.5970250800364743,0.0,1.6628908222093872,0.42992576655415055,0.0,1.2912060382679549,0.3889083267991658,0.38743548828491703,1.62350746872436,0.4226398194614971,0.0,2.7516608115596153,0.0,0.0,5.192893803315809,0.7346143195152963,1.3848067132190278,0.6070585790511744,0.7403009297346907
2025,8,Indicador de Riesgo de Liquidez - IRL,0.527676094247159,0.779061619140628,0.4889598882374613,0.18008571411223218,1.631293903944401,1.7193397147643528,0.3220589933152733,1.351952997281704,1.3833317912877139,0.251044949827663,0.0,0.0,0.0,0.6016403211449071,1.1666542595786384,1.8715026992932626,0.0,0.5142702087080436,0.26906392539303214,1.2405819594084715,0.2953133955620229,0.5825757075979872,0.4919687689601199,0.36532631924755316,0.25148576846146686,0.4412686401810385,0.8428297473031937,0.7981158077634997,0.9054908569272131,0.37178625794376524,12.163320360290596,0.0,1.0060471487286435,0.5694196253123212,0.30693685192852044,0.0,0.568589843538826,0.5043644205430442,2.254864534594684,0.2059730398393299,0.3047981717385939,0.35277489606384094,3.4968587318536692,0.20139400574676936,0.6552714389040544,1.4535727578888702,0.7901657054540372,0.3567794148017951,0.5208033067720949,0.3018848664593266,0.7629379824402105,0.33806479864212335,0.36844438551767955,0.0,0.0,0.296330941255343,2.2585523830094463,0.7351168098222598,0.23058189585358202,0.6826091952470408,0.6376453998190501,0.8327995759404195,0.3566435403853928,1.3175429655734416,0.0,0.463328755108931,1.310284283076196,0.4207394764059575,0.8468511108940725,1.1665964155364252,0.921847352637861,0.38810586008318504,0.8242328657632599,2.11106236131884,2.0379355285084118,0.0,0.22397514418900558,2.280123610972177,1.2127747080539788,0.0,0.8170341228797006,1.2603938531348469,0.0,3.2847976006472788,1.7645391537956294,0.6195304536061269,0.5263471222365061,0.4118993413925453,0.0,0.6026872063054498,0.0,2.860192150113318,1.0910690886258023,0.6116121941103417,1.7810282141920843,1.0193807106043462,0.0,0.5110429464421534,0.324730169069765,0.9472028694965655,0.3747475516212204,0.5224623412625851,0.0,1.0617900311027904,0.0,1.4745237918553857,0.3985161687968912,0.0,0.44791212507361783,0.0,0.30769868666469163,0.6630224973645862,1.753498089957686,0.29810432371321693,0.45655469241531826,0.9364094452629962,0.534805370769397,0.0,0.6186152039017525,0.8197599581210132,0.0,0.6005316188196524,0.6167158334951891,0.5973346086754368,0.4926676990575117,0.45040147938052205,0.0,0.2932067749382717,4.825438640389869,0.47258854130590633,0.5013341331209864,0.996319564931106,0.0,0.5553063499092168,0.618039860292572,1.58184260589536,0.0,0.3848229759330095,0.2942463529430313,6.445188033603197,0.6341902802750738,0.0,0.3936148001360755,0.36321072497928736,0.17456658118043872,0.738791527070573,0.29680810289756515,0.504228906033191,0.0,0.464820357288552,0.3422583442668964,0.5563949543229946,0.5548153510158673,1.3032604374533827,0.81514567495931,1.5991824529861354,0.0,1.6027825436543892,0.4403850887662558,0.0,1.3313531413773791,0.3796734407429473,0.36884582954474776,1.628598870155483,0.38296689566855,0.0,2.7804766068908293,0.0,0.0,5.264937130261148,0.7691963022410004,1.3701919237542908,0.5970283461652038,0.7719281640806591
2025,9,Indicador de Riesgo de Liquidez - IRL,0.4931063169016375,0.6748835449713014,0.4807388432445606,0.1952298807551724,1.5882042517781123,1.750783447883089,0.2788191527721606,1.3201949274416804,1.3752500024170882,0.21788384548307427,0.0,0.0,0.0,0.5835546382072953,1.136584537873959,1.8641985374331458,0.0,0.47605827264979134,0.273852538700413,1.0608712192508838,0.2626263717008698,0.5875634176645284,0.4815022008538413,0.30053583095227715,0.24450846794808898,0.45455502994250724,0.8072137728845847,0.8677011679906643,0.9157196514569125,0.34886173560516254,11.256037573815743,0.0,1.03517471612412,0.45855719268363276,0.3427444538178462,0.0,0.5571102694941727,0.486413670388226,2.1028206540592294,0.2083142783776055,0.2916593804457282,0.28517445280451653,3.335997539998627,0.17463741769414445,0.44579380466784724,1.366215708309151,0.8188174630570633,0.3349268365427854,0.4807645260477437,0.3000595935083051,0.7614951393631308,0.34209576043773415,0.35987929997015394,0.0,0.0,0.32734809261737435,2.206695442887016,0.7128000404382228,0.21934562904835578,0.4975484468611671,0.6563454422714626,0.8437856027050497,0.3416076145459578,1.4123860381024897,0.0,0.4529549216979655,1.1214723952437196,0.43224068968305296,0.8677095048363325,1.1708056946912389,0.9099484334336587,0.3930272902971804,0.818712461809072,2.194789481980502,1.8928032546421438,0.0,0.22628954736029913,2.1968881266880014,1.2975431066240277,0.0,0.6984946751405187,1.285893107332057,0.0,3.260374313651476,1.8338221870555065,0.6589569132096846,0.48441091817127374,0.39722652639849565,0.0,0.5731661338515456,0.0,2.8227003533683166,1.1135145829166735,0.616203888560141,1.7213563145788173,0.9837062563357564,0.0,0.5043823720226135,0.3206704739863549,0.8539733500402722,0.2262560571066985,0.5045703612773628,0.0,1.0688070708011734,0.0,1.3625107113055217,0.40200049959404544,0.0,0.4412752567693053,0.0,0.362554446112812,0.6802264562995847,1.789991601045746,0.29034988931289657,0.46740670378699467,0.9421852222742383,0.6049728832832924,0.0,0.6319715002218723,0.8133367870235175,0.0,0.6050990718438325,0.6181900775352498,0.5873060122065235,0.4779039294103825,0.4378153516708615,0.0,0.24019714263331074,4.769692827020832,0.466606536498564,0.4612713808858648,1.149408383057398,0.0,0.46278624006598995,0.7292055981768938,1.5647488375279301,0.0,0.35023176480830714,0.37836282553550465,5.9499828926478635,0.6795531786138687,0.0,0.4285433347178088,0.39192655524188647,0.18987416242450017,0.7868296798193513,0.2992640951572215,0.5034945750884279,0.0,0.4668915577563877,0.32470808038184235,0.7021012403164443,0.5597345784802427,1.2519478843092953,0.707821772592278,1.6472500307246039,0.0,1.6845108307203212,0.44354618750107083,0.0,1.3265520013599026,0.3590735560642607,0.31365056071323233,1.5764313721809387,0.328670567176659,0.0,2.984426692502253,0.0,0.0,5.497662311912906,0.7313994031942996,1.3796788801650026,0.6682158077307372,0.7100295123644722
2025,10,Indicador de Riesgo de Liquidez - IRL,0.4814041061331325,0.6661839003277029,0.49205637794699475,0.1754647864530128,1.63708226446283,1.6272141164281118,0.2465963761706464,1.3474126355994618,1.3165282114221537,0.23868104687447886,0.0,0.0,0.0,0.5839138708157389,1.0935016046821049,1.8629798484214297,0.0,0.5231987928332882,0.26432281170603317,1.1692292735721226,0.3094501655850952,0.5981671540174177,0.47854648000460365,0.2794736919050964,0.24017980170985526,0.5445653446836962,0.7983284811234883,0.849445664285899,0.8774080467673357,0.3265743812944018,10.15062931411415,0.0,1.0420081418542695,0.4901404494615472,0.40339431138249593,0.0,0.5640029606805305,0.47321620813667964,2.276999707180988,0.20183148528053316,0.2709931789180759,0.3704031803433424,3.1896092546055734,0.1775108317782507,0.8536453840524825,1.1509186265428384,0.8224554351672108,0.23348162977662965,0.5087946744779595,0.31546552031537006,0.7706111669982216,0.3451108302588638,0.40015160550849127,0.0,0.0,0.3224375670409124,2.167652499526353,0.7088421417443006,0.21520721024929956,0.4495819426312739,0.6691889089114186,0.8432335438183871,0.3027774149062139,1.4585331908097021,0.0,0.4651108544898058,1.1456563500352144,0.4330884259580556,0.9141146661164723,1.0527376307927276,0.9053471648513738,0.40857663777537695,0.79110668885214,2.1695774881506438,2.3435940745767305,0.0,0.2150756140326281,2.102134200359837,1.2452564536641633,0.0,0.536201615601307,1.2000719278505463,0.0,3.0660076153619196,1.7888696695533413,0.5475242584694138,0.4300266993804021,0.41388938706423734,0.0,0.5133572366009248,0.0,3.293840226776732,1.182063489915435,0.6258125482523916,1.7035251480309141,1.0033094861958436,0.0,0.5188130106040343,0.35228304429669494,0.8396441036438326,0.5002171687966717,0.5031470430399895,0.0,1.0697956346350013,0.0,1.3670885626488831,0.3977590689369245,0.0,0.423172804438204,0.0,0.3503167547103365,0.5998449669393443,1.6008027860481653,0.2749559117806052,0.3905701901619629,0.9203291638588375,0.5874563346175464,0.0,0.6726172622063874,0.759077372537806,0.0,0.5899628464004181,0.6568921229299135,0.5942003715153362,0.46034371216401865,0.673239298515876,0.0,0.24874786833915366,4.761144462853718,0.4903974655473786,0.5198789484046122,1.1287511766171745,0.0,0.44090008553776655,0.5724024699416713,1.4791280778638007,0.0,0.3482389904017212,0.2725238913203817,5.978786629146345,0.6685651149509506,0.0,0.49569565613379024,0.37039516509534115,0.17819642338800534,0.7534673940054597,0.30603013406501683,0.5594646145189044,0.0,0.48767264159342943,0.32230223171172784,0.7153730756794536,0.5409267529270099,1.2055550894450902,0.7109508551636096,1.5933489084334413,0.0,1.7247469223640797,0.4357723030425566,0.0,1.3248616496080317,0.3404234904112979,0.27421067677074795,1.4894335751821715,0.3481804753236114,0.0,2.8830507720788177,0.0,0.0,5.199214940292949,0.7516344871688457,1.4022620916399129,0.6066332306288866,0.6394813890587007
2025,11,Indicador de Riesgo de Liquidez - IRL,0.48368241698159914,0.6950071418628724,0.4525541490842698,0.1616104244865751,1.6692803921803074,1.8956089367721685,0.21440800098780174,1.2662762940932728,1.3513129226355973,0.21194448673012284,0.0,0.0,0.0,0.5505340714390691,1.0888920256396428,1.8525379263562451,0.0,0.5910046808794283,0.24580944763600615,1.8819047637544897,0.3315398835824506,0.5968594245537189,0.4957273253125287,0.2878193839205984,0.22436072288122647,0.47082830051927826,0.7801498429053253,0.8476171409921421,0.8813870812913384,0.314600132973505,9.637051387119655,0.0,1.0392343211132473,0.45172796243360164,0.45674119222417253,0.0,0.5475108638133618,0.47143187683748994,2.6330923097055927,0.1937233079075956,0.25391819857798564,0.38275052130478193,3.052611973274487,0.18525713846046862,1.1999759086986461,1.0915093574483612,0.8708292897966868,0.2681468347906877,0.5022311243832998,0.3657934804272819,0.7718330216051642,0.36810653176171954,0.41194347363835454,0.0,0.0,0.30583723764864085,2.173937761874627,0.7289613651932616,0.19912982963497128,0.4769443786092362,0.6710477863901082,0.8370155107144149,0.3219059164653249,2.1656164412242482,0.0,0.4852956158167522,1.0877797456822134,0.4324732054859027,1.1321103217526807,1.0012701757168212,0.9478886177508814,0.3959252424840595,0.7842675032630081,2.1703435280292402,2.1551189610789834,0.0,0.1988005943931566,2.0450871472837426,1.174738025087786,0.0,0.5579199696912833,1.1992987744877468,0.0,2.9452697689937177,1.7135150523382179,0.49165965824483826,0.3632521586943347,0.4425895323626059,0.0,0.49639404494223566,0.0,3.122772522381249,1.2547425324654302,0.6484790373476342,1.7046839043551492,0.9799013963041793,0.0,0.5179946638134407,0.28513636103576934,0.6205657179206433,0.5062977384956309,0.5100458288275282,0.0,1.0827479186487363,0.0,1.338236456798042,0.294447208240706,0.0,0.48428664764814316,0.0,0.3501871861770727,1.1205257609163006,1.2416148238578955,0.25968785976425596,0.42457685208558543,0.8889083799337533,0.5998118359523626,0.0,0.7135329880637701,0.7120199100721496,0.0,0.5794743215145455,0.6509714854788633,0.5821242833568704,0.44965748578119596,0.8486207821096239,0.0,0.2947197109626301,5.02789415765134,0.5005564058452644,0.4831773421189104,1.1786604597672858,0.0,0.4205516823998942,0.6552834182356222,1.408693455385657,0.0,0.3285642777477584,0.21415049225516866,4.566261273018452,0.6061447377872882,0.0,0.5150579742739763,0.34890756806447654,0.21239760399544647,0.7392297098696824,0.30251804136254695,0.6173196525711474,0.0,0.48274309273144345,0.3059189645919059,0.7326785161560281,0.5160431939058115,1.2511705621890767,0.7458907554222903,1.5716913940715769,0.0,1.6981158752854777,0.4206152902346403,0.0,1.196211599235577,0.33868049807121586,0.27165894101652754,1.4162882618732773,0.35017431401704474,0.0,2.710607295719713,0.0,0.0,5.660539538455006,0.8431061601646286,1.3881917281429643,0.4956605648468317,0.602879877191034
2025,12,Indicador de Riesgo de Liquidez - IRL,0.3997921098262268,0.7614093225392969,0.3493022095287766,0.18494480406164523,1.6747640601125322,1.887031761861498,0.19031592759476149,1.408731381270928,1.3646494732022456,0.263118567051355,0.0,0.0,0.0,0.4607991424116343,1.0850970245186733,1.8585929160816725,0.0,0.5687946476143241,0.2572681205877952,0.0,0.2985514560718348,0.598539322025469,0.49284100310205814,0.25756565518339436,0.21712152868991705,0.38965547444790066,0.7679028780332932,0.7991814391084381,0.7814837225744888,0.29114296618454044,119.08202113090792,0.0,1.0264976657665272,0.6429535950586075,0.5342495698544403,0.0,0.5390131855064793,0.5161109224295262,2.422641532106832,0.16779262881225426,0.2560993241219924,0.4199900605852083,2.906964489387124,0.18361572009212876,0.9110442868039367,0.9610601771008284,0.9005957128913806,0.277109420685612,0.5120001670865718,0.38595021981097205,0.7150590736352995,0.38313995315825844,0.34529726648801845,0.0,0.0,0.29205991670399756,1.916732331567432,0.7378048301108749,0.17827379152859138,0.4228514622167742,0.6552828794704287,0.8307503527009265,0.2750151063264119,1.722383105979832,0.0,0.4845904655285011,0.8838334787109577,0.46717105592413916,1.2041977910407313,1.004978421948724,0.9721188407525302,0.40739261182921593,0.7625706007455305,2.2503091487565205,2.0305305006325467,0.0,0.1795583385329469,2.7174199144406637,1.224636872812908,0.0,0.6073356818189661,1.069810164833173,0.0,2.999550694849493,1.7430589925813633,0.5038062069892317,0.3357699780342983,0.4090311058859327,0.0,0.5727471205046623,0.0,2.956805957599582,1.3355736893225787,0.6757908822347007,1.8150315011255176,1.0392210425777992,0.0,0.45905412750052954,0.3306566699262909,0.5701513520324204,0.5481685773835457,0.5279243759119008,0.0,1.1023971356180695,1.317398873640793,1.3673887540679588,0.2824585534243163,0.0,0.5243837485839001,0.0,0.2633539388995022,1.0441059731354154,1.1870819193924431,0.26167216697734835,0.3942329146826596,0.9011206977540911,0.6168801764365053,0.0,0.7859485972242732,0.681462610050273,0.0,0.5507897663441221,0.6174777520781698,0.6051891188645903,0.42380490324990044,0.7858849797051232,0.0,0.25985045163624965,4.1579836464544515,0.5432197647023602,0.5551911853048964,1.2269228318503924,0.0,0.342396392263991,1.2299228176427883,1.5647466774418242,0.0,0.4402453618803023,0.30354111270682677,4.570060271915491,0.5257533815479929,0.0,0.34444784211183804,0.3611420935159708,0.2179621754955024,0.7605990975189268,0.2824744439876285,0.7336674143628357,0.0,0.4835938094815862,0.3013250261550959,0.6636680865585427,0.529203624954424,1.242576344890032,0.8247574212798129,1.6796360771930088,0.0,2.0989386872015565,0.39600623269358143,0.0,1.139077960409236,0.31390580202979396,0.27914023558282614,1.6623766608419233,0.3316659719970991,0.0,2.6820357787024296,0.0,0.0,6.291838309602188,0.7574000397484609,1.392788307052025,0.35052746860367073,0.0
