Año,Mes,índice CAMEL,AVANCOP COOPERATIVA DE AHORRO Y CREDITO,CAJA COOPERATIVA CREDICOOP,CAJA COOPERATIVA PETROLERA,CASA NACIONAL DEL PROFESOR,CESCA COOPERATIVA DE AHORRO Y CREDITO,COMFAMIGOS COOPERATIVA DE AHORRO Y CREDITO,COOCERVUNION COOPERATIVA DE AHORRO Y CREDITO,COOINDEGABO,COOPANTEX COOPERATIVA DE AHORRO Y CREDITO,COOPERATIVA AHORRO Y CREDITO GOMEZ PLATA LTDA.,COOPERATIVA ALIANZA LTDA,COOPERATIVA ANTIOQUEÑA DE TRABAJADORES GRUPO CAFETERO,COOPERATIVA AVP LTDA.,COOPERATIVA BELEN AHORRO Y CREDITO,COOPERATIVA CALDENSE DEL PROFESOR,COOPERATIVA DE AHORRO Y CREDITO BERLIN,COOPERATIVA DE AHORRO Y CREDITO CAJA UNION,COOPERATIVA DE AHORRO Y CREDITO COLANTA,COOPERATIVA DE AHORRO Y CREDITO CONGENTE,COOPERATIVA DE AHORRO Y CREDITO COOMPARTIR,COOPERATIVA DE AHORRO Y CREDITO COOSERVUNAL,COOPERATIVA DE AHORRO Y CREDITO COOTRAIPI,COOPERATIVA DE AHORRO Y CREDITO COOTRAMED,COOPERATIVA DE AHORRO Y CREDITO COOYAMOR,COOPERATIVA DE AHORRO Y CREDITO CREAFAM,COOPERATIVA DE AHORRO Y CREDITO CREAR LTDA CREARCOP,COOPERATIVA DE AHORRO Y CREDITO CREDIFLORES,COOPERATIVA DE AHORRO Y CREDITO DE AIPE,COOPERATIVA DE AHORRO Y CREDITO DE CHIPAQUE,COOPERATIVA DE AHORRO Y CREDITO DE DROGUISTAS DETALLISTAS,COOPERATIVA DE AHORRO Y CREDITO DE EMPLEADOS DEL SECTOR FINANCIERO,COOPERATIVA DE AHORRO Y CREDITO DE ENTRERRIOS LTDA,COOPERATIVA DE AHORRO Y CREDITO DE LA PROVINCIA DE VELEZ COOPSERVIVELEZ LTDA,COOPERATIVA DE AHORRO Y CREDITO DE LOS TRABAJADORES DEL SECTOR EDUCATIVO,COOPERATIVA DE AHORRO Y CREDITO DE PROFESORES,COOPERATIVA DE AHORRO Y CREDITO DE PUENTE NACIONAL,COOPERATIVA DE AHORRO Y CREDITO DE SANTANDER LIMITADA,COOPERATIVA DE AHORRO Y CREDITO DE SURAMERICA,COOPERATIVA DE AHORRO Y CREDITO DE TELECOMUNICACIONES DE CUCUTA LTDA.,COOPERATIVA DE AHORRO Y CREDITO DE TENJO,COOPERATIVA DE AHORRO Y CREDITO DE TRABAJADORES DE PELDAR Y OTROS DE COLOMBIA,COOPERATIVA DE AHORRO Y CREDITO DE TRABAJADORES DEL SENA,COOPERATIVA DE AHORRO Y CREDITO DE TRABAJADORES UNIDOS POR EL PROGRESO,COOPERATIVA DE AHORRO Y CREDITO DEL FUTURO,COOPERATIVA DE AHORRO Y CREDITO DEL INEM DE PEREIRA,COOPERATIVA DE AHORRO Y CREDITO DEL NUCLEO FAMILIAR DE LOS TRAB.DE ECP.LTDA,COOPERATIVA DE AHORRO Y CREDITO DEL PARAMO LTDA,COOPERATIVA DE AHORRO Y CREDITO FINANCIAFONDOS,COOPERATIVA DE AHORRO Y CREDITO FINANCIERA COAGROSUR,COOPERATIVA DE AHORRO Y CREDITO FINCOMERCIO LTDA,COOPERATIVA DE AHORRO Y CREDITO JUAN DE DIOS GOMEZ,COOPERATIVA DE AHORRO Y CREDITO LA GRANJA LTDA.,COOPERATIVA DE AHORRO Y CREDITO LA PLAYA DE BELEN LTDA,COOPERATIVA DE AHORRO Y CREDITO LIMITADA,COOPERATIVA DE AHORRO Y CREDITO MANUELITA LTDA,COOPERATIVA DE AHORRO Y CREDITO NACIONAL LIMITADA,COOPERATIVA DE AHORRO Y CREDITO PARA EL BIENESTAR SOCIAL,COOPERATIVA DE AHORRO Y CREDITO PARA EL DESARROLLO SOLIDARIO DE COLOMBIA,COOPERATIVA DE AHORRO Y CREDITO RIACHON LTDA.,COOPERATIVA DE AHORRO Y CREDITO SAN LUIS,COOPERATIVA DE AHORRO Y CREDITO SAN MIGUEL,COOPERATIVA DE AHORRO Y CREDITO SANTA ROSA DE OSOS LIMITADA,COOPERATIVA DE AHORRO Y CREDITO SOCIAL LTDA PROSPERANDO,COOPERATIVA DE AHORRO Y CREDITO SOYCOOP,COOPERATIVA DE AHORRO Y CREDITO SUYA LTDA,COOPERATIVA DE AHORRO Y CREDITO TABACALERA Y AGROPECUARIA LTDA,COOPERATIVA DE AHORRO Y CREDITO UNIMOS,COOPERATIVA DE AHORRO Y CREDITO UNION COLOMBIANA,COOPERATIVA DE AHORRO Y CREDITO UNIVERSIDAD SANTO TOMAS,COOPERATIVA DE AHORRO Y CREDITO UNIVERSITARIA BOLIVARIANA,COOPERATIVA DE AHORRO Y CREDITO VALLE DE SAN JOSE LTDA,COOPERATIVA DE AHORRO Y CREDITO VILLANUEVA,COOPERATIVA DE COMERCIANTES COMERCIACOOP,COOPERATIVA DE EMPLEADOS DE CAFAM,COOPERATIVA DE EMPLEADOS DE DOW COLOMBIA,COOPERATIVA DE EMPLEADOS DE LA UNIVERSIDAD TECNOLOGICA DE PEREIRA,COOPERATIVA DE EMPLEADOS DEL SECTOR COOPERATIVO LTDA.,COOPERATIVA DE EMPLEADOS SURAMERICANA,COOPERATIVA DE FOMENTO E INVERSION SOCIAL POPULAR,COOPERATIVA DE LA GUAJIRA LTDA,COOPERATIVA DE LA UNIVERSIDAD NACIONAL DE COLOMBIA,COOPERATIVA DE LOS PROFESIONALES DE LA SALUD COASMEDAS,COOPERATIVA DE LOS TRABAJADORES DE LA EDUCACION Y EMPRESARIOS DEL PUTU,COOPERATIVA DE LOS TRABAJADORES DEL INSTITUTO DE LOS SEGUROS SOCIALES,COOPERATIVA DE MAESTROS Y EMPLEADOS DE LA EDUCACION DEL TOLIMA,COOPERATIVA DE MUJERES PARA LA PROMOCION INTEGRAL,COOPERATIVA DE PROFESIONALES DE CALDAS,COOPERATIVA DE PROFESORES DE LA U NACIONAL DE COLOMBIA,COOPERATIVA DE PROFESORES U DE A,COOPERATIVA DE PROMOCION SOCIAL,COOPERATIVA DE SERVICIOS MULTIPLES MOGOTES LTDA.,COOPERATIVA DE TRABAJADORES DE BAVARIA DIRECCION Y VENTAS LTDA,COOPERATIVA DE TRABAJADORES DE LA EDUCACION DEL RISARALDA,COOPERATIVA DE TRABAJADORES DE LA INDUSTRIA MILITAR,COOPERATIVA DE TRABAJADORES DE LAS EMPRESAS DE LA ORGANIZACION CARVAJAL,COOPERATIVA DE TRABAJADORES DE LAS EMPRESAS DEPARTAMENTALES DE ANTIOQU,COOPERATIVA DE TRABAJADORES DE PINTUCO LTDA. A Y C.,COOPERATIVA DE TRABAJADORES DEL SENA,COOPERATIVA DE TRABAJADORES DEPARTAMENTALES DE ANTIOQUIA,COOPERATIVA DE TRABAJADORES Y PENSIONADOS DE LA E.A.A.B.,COOPERATIVA DE TT DE EL COLOMBIANO LTDA.,COOPERATIVA DE YARUMAL,COOPERATIVA DEL DEPARTAMENTO DEL CAUCA,COOPERATIVA DEL MAGISTERIO,COOPERATIVA DEL SISTEMA NACIONAL DE JUSTICIA,COOPERATIVA DIOCESANA DEL CLERO LTDA,COOPERATIVA ESPECIALIZADA DE AHORRO Y CREDITO AFROAMERICANA,COOPERATIVA ESPECIALIZADA DE AHORRO Y CREDITO CANAPRO,COOPERATIVA ESPECIALIZADA DE AHORRO Y CREDITO COINPROGUA LTDA,COOPERATIVA ESPECIALIZADA DE AHORRO Y CREDITO COOPERENKA,COOPERATIVA ESPECIALIZADA DE AHORRO Y CREDITO COOPIGON,COOPERATIVA ESPECIALIZADA DE AHORRO Y CREDITO COOTRACERREJON,COOPERATIVA ESPECIALIZADA DE AHORRO Y CREDITO DE LA ORINOQUIA,COOPERATIVA ESPECIALIZADA DE AHRRO Y CREDITO CREDISERVIR,COOPERATIVA FINANCIERA CAFETERA,COOPERATIVA FINANCIERA SAN FRANCISCO,COOPERATIVA FRATERNIDAD SACERDOTAL LTDA,COOPERATIVA FUTURISTA DE AHORRO Y CREDITO DE NEIVA LTDA.,COOPERATIVA INTEGRAL AGROPECUARIA LA PAZ LTDA,COOPERATIVA INTEGRAL PARA EL DESARROLLO SOCIAL Y ECONOMICO DE TEORAMA,COOPERATIVA JUDICIAL DEL TOLIMA LTDA,COOPERATIVA LA ROSA,COOPERATIVA LATINOAMERICANA DE AHORRO Y CREDITO,COOPERATIVA LEON XIII DE MACEO LTDA,COOPERATIVA LEON XIII LTDA DE GUATAPE,COOPERATIVA MEDICA DE ANTIOQUIA LTDA,COOPERATIVA MULTIACTIVA AGROPECUARIA GUADALUPE LTDA,COOPERATIVA MULTIACTIVA ANTONIO JOSE JARAMILLO TOBON,COOPERATIVA MULTIACTIVA CON SECCION DE AHORRO Y CREDITO DEL CENTRO COMERCIAL SANANDRESITO LA ISLA LTDA,COOPERATIVA MULTIACTIVA COOMONOMEROS,COOPERATIVA MULTIACTIVA DE EDUCADORES DE CASANARE  LTDA,COOPERATIVA MULTIACTIVA DE EL PAUJIL CAQUETA LIMITADA,COOPERATIVA MULTIACTIVA DE EMPLEADOS COLGATE PALMOLIVE,COOPERATIVA MULTIACTIVA DE LA AVIACION CIVIL COLOMBIANA,COOPERATIVA MULTIACTIVA DE LOS TRABAJADORES DEL ISS,COOPERATIVA MULTIACTIVA DE PROFESIONALES DE SANTANDER LTDA,COOPERATIVA MULTIACTIVA DE TRABAJADORES DE GOOD YEAR,COOPERATIVA MULTIACTIVA DE TRABAJADORES DE LA CHEC LTDA.,COOPERATIVA MULTIACTIVA DEL GUAINIA,COOPERATIVA MULTIACTIVA DEL INEM DE IBAGUE,COOPERATIVA MULTIACTIVA EL BAGRE LTDA,COOPERATIVA MULTIACTIVA EMPRESARIAL COOVITEL,COOPERATIVA MULTIEMPRESAS,COOPERATIVA MULTISERVICIOS BARICHARA LTDA,COOPERATIVA NACIONAL DE AHORRO Y CREDITO AVANZA,COOPERATIVA NACIONAL DE TRABAJADORES,COOPERATIVA NACIONAL EDUCATIVA DE AHORRO Y CREDITO,COOPERATIVA PARA EL BIENESTAR SOCIAL,COOPERATIVA PIO XLL DE COCORNA,COOPERATIVA SAN PIO X DE GRANADA LTDA,COOPERATIVA SAN ROQUE,COOPERATIVA SAN SIMON,COOPERATIVA SAN VICENTE DE PAUL LTDA.,COOPERATIVA TELEPOSTAL LTDA,COOPERATIVA TEXAS LTDA,COOPERATIVA TOLIMENSE DE AHORRO Y CREDITO COOFINANCIAR,COOPERATIVA TRABAJADORES INGENIO MAYAGUEZ,"COOPEREN, COOPERATIVA DE AHORRO Y CREDITO",COOPERTAIVA ESPECIALIZADA DE AHORRO Y CREDITO TAX LA FERIA,COPERATIVA DE AHORRO Y CREDITO LA BELLEZA LTDA.,COPERATIVA INDEPENDIENTE DE EMPLEADOS DE ANTIOQUIA,COPERATIVA MULTIACTIVA DE EDUCADORES DE BOYACA,COPROCENVA COOPERATIVA DE AHORRO Y CREDITO,EL ROBLE ENTIDAD COOPERATIVA,EMPRESA COOPERATIVA DE AHORRO Y CREDITO SIGLO XX LTDA.,FEBOR ENTIDAD COOPERATIVA COOPFEBOR,FINANCIERA COOPERATIVA COLOMBIANA DE INGENIEROS,FINANCIERA ENERGETICA COOPERATIVA LTDA,FORJAR CAJA COOPERATIVA,GRAN COOPERATIVA DE ENERGIA ELECTRICA Y RECURSOS NATURALES,LA COOPERATIVA DE AHORRO Y CREDITO SUCREDITO,MICROEMPRESAS DE COLOMBIA COOPERATIVA DE AHORRO Y CREDITO,ORGANIZACION COOPERATIVA DE AHORRO Y CREDITO NORTE DE BOYACA,PROGRESSA ENTIDAD COOPERATIVA DE AHORRO Y CREDITO
2022,1,Estructura de Balance,1.7414449721681196,1.8135105228462427,1.4869472745995675,1.1914370868247344,1.8317092197723097,0.0,1.2884555564184612,0.0,1.3692429365231953,1.2568221759575728,0.0,3.059852086103712,0.0,1.1055469653996197,1.7426739951871941,5.094700336554292,0.0,1.0559460738117075,1.2359746700100218,3.2020322516486868,0.0,1.5662748446877794,0.0,1.3270322124566931,1.1252450354392012,1.129129353761975,1.010709954370344,1.7490313718285613,1.4198543924169846,1.0894844672100128,2.7013077823415585,1.4146568740850514,0.0,1.8347060084232136,1.4177886142883167,1.1293949334889244,1.5138662277589738,1.3219218291348978,4.166088991132089,1.2396771757447895,1.3395891698430031,0.0,6.255133235684686,1.429377566755024,2.785649892399136,1.8033631611236896,0.0,1.525035826684877,1.3535182875939655,1.2553454406558668,1.091365738938669,1.5654130461737774,1.3696526163908602,1.6189305795503832,2.0592653392775744,1.3136774396381672,1.0817556480792818,1.0729000433166225,1.1819765832167,1.6045732146441922,1.2579027939286584,0.0,1.2539757098667408,0.0,0.0,0.824227837880917,1.2938194987434073,1.1952999297919236,4.577238726694853,1.3813821023272261,1.0704477823920153,0.0,1.1674123805812693,1.5885172411196298,1.5869435037008517,0.0,1.5098365031602297,3.4957268082912623,1.481923839018145,0.0,1.796503896017458,2.6953693239821934,0.0,2.566063852841848,3.986145966864406,1.3123434937887206,1.5235750820670346,1.1756384055012181,0.0,2.430584614595269,0.0,4.955639311123792,2.032234368676238,1.5411230244396532,0.0,1.8552157600613912,0.0,1.634042458902819,1.4674270893556007,1.7864443271401558,2.9309000113589088,1.4622145737301282,0.0,1.5175391716034685,0.0,1.2662797377184747,1.596408434744285,0.0,1.320463740629345,1.5018770757419608,1.312609780830544,1.5123610916928345,3.982240390961124,0.0,1.0923543531398046,1.3888584709235061,1.1910211538067108,0.0,1.2730960044194806,1.173131904687844,0.0,1.2126624836975894,1.3214681925563327,1.1015574324701618,1.2783319152288632,1.424108651423458,0.0,1.192630740432513,2.495838470184905,1.5584311335630048,1.3521296618238279,2.32429743377073,0.0,1.7514091694179654,2.562072759108961,3.8206102051666893,0.0,2.9491879416637263,1.5624561450662893,5.925722869759779,1.6837189309096243,1.754761021492195,2.4115005405170162,1.0110197679736643,1.000758876120779,1.2741559117392829,1.275616655194241,2.06362467517317,0.0,1.1087348423632264,1.1086726927888078,2.436219187356804,1.3329976758551056,2.7328757432785387,2.2591187467304596,1.6686141779095058,1.26329992305304,0.0,1.0911300097732184,0.0,1.3382027051805496,1.2594801426049878,1.3509940426255398,1.8263626634065457,1.7939262747719438,0.0,1.6295691155657424,0.0,0.0,2.689427294842158,2.252839889435059,2.1904574235867993,1.2601143048563275,2.353618982235559
2022,1,Indicador de Margen Financiero de Operación,0.864168189571045,0.8351376391966677,0.7456470946984243,0.7066113582835641,0.8641089756881938,0.0,0.6674357350524827,0.0,0.719168251158528,0.7552237082466774,0.0,0.8764982232368279,0.0,0.7336439877726743,0.7814825263776078,0.9633252654882711,0.0,0.6000801127982877,0.7728535006766488,0.9192356547775976,0.0,0.8883769545479074,0.0,0.5932005447831362,0.7968497479920114,0.6883318280771803,0.8521417126975744,0.7759622616808943,0.7463855549557875,0.6875566642198719,0.8703307924323803,0.77359786663385,0.0,0.7732486097736315,0.688285001253903,0.6927717840646203,0.8333812188563803,0.7671221563599159,0.8985911263034719,0.8991433981775276,0.8361083600932254,0.0,0.9804824533753167,0.6733859720962247,0.774918234000259,0.7577425988284655,0.0,0.814065537707563,0.8592653225781767,0.7817613927616052,0.7633981474783678,0.7836025073906419,0.7830626572496676,0.8804826666739459,0.8267881870962744,0.8303628416958116,0.595528328370268,0.8110992778957893,0.7037267221800995,0.9040905422454445,0.8907084771139151,0.0,0.8475321571914854,0.0,0.0,0.7186236480526795,0.7894196601479193,0.6754187338272954,0.9336337013920992,0.7839667431380141,0.5633484129551909,0.0,0.8682460382206523,0.8498140809395819,0.6855032779991462,0.0,0.7552125419974565,0.8923439033027576,0.7219692288611578,0.0,0.8046915163670451,0.883592511495469,0.0,0.767317223830334,0.8708866380655885,0.7878653840297929,0.8988111486499365,0.7034820263785656,0.0,0.8687620278727518,0.0,0.9137653668203589,0.7815207442368111,0.7427622919563253,0.0,0.8587953828441948,0.0,0.8827968355693487,0.7801396968080542,0.7610466972573965,0.8864018175440975,0.8020409910343163,0.0,0.7440995497135622,0.0,0.6066749214185188,0.7233269666260621,0.0,0.6917703176416058,0.8087559180932935,0.8373471184377488,0.7221031016223767,0.9436422032290661,0.0,0.7847597915500805,0.9358181756931211,0.6392051038597606,0.0,0.8393904469206406,0.7070381252117702,0.0,0.8108564765923422,0.8509943623837024,0.7434084347933921,0.567133278899403,0.7426903381168145,0.0,0.7590938875814309,0.8152247677850097,0.7270640058959311,0.631460525151121,0.9111581593538101,0.0,0.7364679086047528,0.7927966297047161,0.9234244525027779,0.0,0.893955677067069,0.8382134107431078,0.8946026051735995,0.8733390274516287,0.7928442855543281,0.8033991152246457,0.6592823487737085,0.6884204227098146,0.6739449270785577,0.8027068625597785,0.8814601482793432,0.0,0.7493602149105201,0.8322504603796272,0.8897379892912013,0.7221830436548026,0.9442597115029312,0.8701887682802616,0.875595341840786,0.8036459509125755,0.0,0.8200646768241346,0.0,0.7067517559078109,0.6400709023159021,0.8101271629193156,0.8912117462688436,0.8715341743217547,0.0,0.7639387495788471,0.0,0.0,0.8398395502388879,0.8399770350494331,0.8893571856400007,0.7962322212050524,0.7655264211709504
2022,1,Indicador de Margen Operacional,0.2065820678378749,0.10066098168685358,-0.11653927668684921,0.09905838626900285,0.378365870091034,0.0,-0.6689432185912281,0.0,0.18286572864061396,0.10986537468781027,0.0,-0.28685194018663585,0.0,-0.04874173393546508,0.26996880815633856,0.13415566016849545,0.0,0.052346310218274954,0.04105230561242688,-0.3764063748039753,0.0,0.18407806488324627,0.0,0.410031187946219,0.08189934211257734,-0.2944574968652621,0.33541002714585644,0.2919468915194124,0.3302604814771127,0.3096064966403308,0.40788734400298066,0.26485966450349496,0.0,0.17758457749472442,0.11323584097265497,0.2406770771677588,0.18083898226708323,0.07927923785155967,0.05895944345141641,0.05940400211102657,0.43483189767328057,0.0,0.38098086163719563,0.22728447015603906,0.19736927024330228,0.4174628367266922,0.0,0.1079628887169785,0.296788492527769,0.12178148902601905,0.3328278688543095,0.055225116570973135,0.1406903189845061,0.25563994280799784,0.11699985215393699,0.21764243526893173,0.01211726622140609,0.19654405919849274,0.24070753370546877,0.24987660399426828,0.25502795622288493,0.0,-0.04490574066395809,0.0,0.0,0.19419445624235307,0.05677128794338823,0.4125496712284218,0.20173767745022492,0.18959147413719094,0.1323573914503701,0.0,0.263745958149216,0.13257952826013086,0.3569692773319287,0.0,0.07494936810173547,0.504921399578142,0.26454242836584824,0.0,0.0445489172627314,0.23297295460885267,0.0,0.07886310145220525,0.15988660433178076,0.0787815897677125,0.35963317186267524,-0.13654367910362022,0.0,0.1899062106344267,0.0,0.40949306212392306,0.3354922493096518,0.005736720178889536,0.0,-0.16753769516817288,0.0,0.02570430904757711,0.2819082525780815,0.23046003156412845,0.11219062218781278,0.35891366080560355,0.0,0.46495316242062223,0.0,0.16325837619211803,0.17901986364469455,0.0,0.5086977450818614,0.018955962477546884,-0.08440184096173908,-0.07048181325601136,0.2668958450239841,0.0,-0.03515234683554528,0.24704179985432292,0.25372760946716927,0.0,0.5381655397982705,0.20341150158226254,0.0,-0.17201894381649718,0.08821845316469318,0.3067682158598449,0.34757509383856305,0.10457734591718311,0.0,0.13475579574362717,0.021246588597360876,0.19052263344452758,0.050432457495360926,0.047090664869215544,0.0,0.26053971802436293,0.07916931659323373,0.1538457415734682,0.0,0.04039691368797177,0.024291565011702064,0.39003408847802506,0.3333404373384023,-0.10483977988294738,0.21779104938799765,-0.4722433370625934,0.06802712300757857,0.29944931937524405,0.1425259092689448,0.13190360488725508,0.0,0.09273196642357472,0.16449623599144902,0.46239227643962566,-0.0692482038151371,0.48507719018055484,0.2239007144522125,0.1829926724863934,0.15288327242695265,0.0,0.355207961220812,0.0,0.06668178137572434,0.2149997842260051,0.08028235138598346,0.1561715357850869,-0.08006399314543747,0.0,-0.32277032686690665,0.0,0.0,-0.02980836384571448,0.21540121109767835,-0.1278704134005351,0.3833507826162857,-0.22363142962079194
2022,1,Indicador de relación entre las obligaciones financieras y el pasivo total,0.0,0.0,0.04695115829069406,0.11317830731912025,0.0,0.0,0.0,0.0,0.0,0.008226733620856323,0.0,0.0,0.0,0.05086676994895715,0.0,0.0,0.0,0.1197748650658049,0.1628718685216035,0.18034244226239984,0.0,0.0010599389531186602,0.0,0.0,0.013545903979991517,0.22054376818234184,0.010095233050412697,0.00776752374333772,0.00016915261665968116,3.78637145311824e-07,0.0,0.0,0.0,0.05381234933772715,0.005211100868033453,0.0,0.06839163686193973,0.0,0.0,0.024095341041023788,0.0,0.0,0.0,0.0,0.17995884900779308,0.0,0.0,0.0,0.013750360389664111,0.19722852713255112,0.0,0.2778425568358653,0.0884617569143874,1.3221148755031285e-05,0.0,0.1858558997589617,0.0,0.03296697301370297,0.040602139405703834,0.03754989717397924,0.08983450951222251,0.0,8.221048820050028e-06,0.0,0.0,0.03661824680334887,0.035594237672324364,0.02285320471174619,0.0,0.0,0.0,0.0,0.0,0.0006179284747007796,0.0,0.0,0.03098299553305679,0.0,0.23447613636700132,0.0,0.0,0.005168485237551985,0.0,0.0,0.0,0.054302722725927406,0.02466558604828004,0.0,0.0,0.0,0.0,0.00010197386738372114,0.0,0.0,0.0,0.06957242818978085,0.0,0.0,0.1435472263703796,0.0,0.0,0.0,0.0,0.0,0.0,0.0,0.002342921478035897,0.0,0.0,0.0,0.0,0.1396762323956138,0.0,0.0,0.09182370858028178,0.0,0.0,0.0,0.0,0.04477920155681102,0.0,0.0,0.018060858514805683,0.0,0.0,0.02415911217156859,0.0,0.0,0.0,0.04909775227888656,0.2861875010178456,0.0665484248905794,0.0,0.1552283242539523,0.0,0.0,0.0,0.0,0.15061276528928294,0.213439022063599,0.11924411337162157,0.23313222875529566,0.07934890171638637,0.0029156201731226753,0.3165659023591078,0.06209179965954748,0.0,0.0,0.0,0.039998998698243596,0.0,0.19210383853567617,0.0,0.0,0.0,0.0,0.0008033033853691411,0.0,0.0,0.0,0.0,0.0,0.03850483074363335,0.0,0.0370822912771285,0.0,0.002102813558469611,0.0,0.0,0.0,0.2524821714608722,0.047206991549965244,0.0,0.16832804012809308
2022,2,Estructura de Balance,1.7701123720835068,1.807163458251743,1.512947305103468,1.1839717657377684,1.8490336508733793,0.0,1.3090882408647064,0.0,1.3523436193345055,1.2724269052918395,0.0,2.9391390946057068,0.0,1.1115532525356062,1.7508400733521623,5.081717196210179,0.0,1.0520159237308937,1.2434118404757506,2.999900018517149,0.0,1.5655205216033157,0.0,1.3634178131960237,1.1349029853229864,1.116410987964818,0.9953096343250826,1.6107651755473509,1.3986626457315403,1.0849745877952297,2.706097137853215,1.420072877396106,0.0,1.8332393745533104,1.4295419798262496,1.1174587062453611,1.5125658810677465,1.3520858938539142,4.122340726704122,1.235040927734666,1.33473674208639,0.0,6.46222964089099,1.4904500297146046,2.9018685762754726,1.8776960867095778,0.0,1.528118953767722,1.374467635459338,1.2503483025994606,1.0534545484126336,1.546875608801034,1.3601836813486576,1.6498733970722455,2.0689873476133296,1.319179188661664,1.097794003515452,1.0752859503105363,1.203106577474128,1.5894722088692943,1.260554824343163,0.0,1.2976733681587425,0.0,0.0,0.8135107112375285,1.2700531363561647,1.1791661331859817,4.619343732166994,1.3830029824356374,1.075880711673683,0.0,1.169288506679451,1.5693364548096342,1.5656333374206157,0.0,1.5079105015878198,3.480045051918256,1.484272902327691,0.0,1.8125031496639843,2.726369834126273,0.0,2.5221088818914783,4.040200756811466,1.2934276272230514,1.5579104647981974,1.1652727809375494,0.0,2.405057361755599,0.0,4.898641682128268,2.045658152413489,1.535317147979162,0.0,1.8609390237409185,0.0,1.6221436688007602,1.5305545361567192,1.798393858640187,2.631132089768291,1.4566455754751904,0.0,1.5325624740849013,0.0,1.2210363222379632,1.6361018985058586,0.0,1.2233078602706702,1.5349240697682363,1.345117689590474,1.5222533423918696,4.0571169176465744,0.0,1.0896472031452253,1.368109452750243,1.2014365797150066,0.0,1.2353040534386277,1.1814804269809633,0.0,1.181991641391362,1.330177522955332,1.1175566680588944,1.3166480677854817,1.3866812157831372,0.0,1.26430890721853,2.5881024373160573,1.5339324112059434,1.387769730908639,2.3494303804062215,0.0,1.751477171948656,2.3208606914340466,3.882598671442277,0.0,3.1024731431313093,1.4814038690864348,6.400762973125856,1.6525235715101902,1.770431816180995,2.260160123672704,1.0115389318567172,0.9970876801107021,1.2803241623618584,1.3043118180976194,2.0699894505136642,0.0,1.1162617231745844,1.1493847520975862,2.4553779708213015,1.3260463246775929,2.796139279379958,2.2863902847572497,1.6976805949091,1.2864200901893228,0.0,1.0968436336292453,0.0,1.3066542204193399,1.2485091444124858,1.3643710123668829,1.788357735746089,1.836864909167448,0.0,1.8552341409564332,0.0,0.0,2.7171517894608717,2.202339641170231,2.217526823640001,1.2372485471435262,2.3582423742118337
2022,2,Indicador de Margen Financiero de Operación,0.863696047777111,0.8447240479834923,0.761266869688142,0.7099107088398491,0.8453593375850654,0.0,0.6610102493433494,0.0,0.7182291407466894,0.7551947757687167,0.0,0.8796049175820326,0.0,0.7436750037239271,0.7849228801874754,0.9612212730239872,0.0,0.6157024297780697,0.7722771152016359,0.9379152638977005,0.0,0.8907935725030484,0.0,0.5840780953940959,0.8008042976483027,0.6899014209001195,0.8072678440982577,0.7925672436455327,0.7444052025834889,0.6685209565289313,0.8708442399610125,0.7846546151458451,0.0,0.7803739094546699,0.6857948047124626,0.695614474632509,0.839071824662556,0.7824849341191834,0.8964852441871689,0.8972046137126557,0.8370858281218269,0.0,0.9790102862982205,0.6965045575748912,0.7983520075286388,0.7780598895415186,0.0,0.8182830324138842,0.8645352488510163,0.7783906514656312,0.7755309511779062,0.7864940264655618,0.783978436893394,0.8941404691522656,0.7872039869474791,0.8255924376026125,0.5942469675215406,0.8126391469533593,0.7049012546499136,0.9105579146558869,0.8856256297727891,0.0,0.8505392043927745,0.0,0.0,0.7315538071454579,0.7844818636751192,0.6893218382862493,0.9359223450054366,0.7903144683017145,0.5444995784664391,0.0,0.8701017987657734,0.7815076894101319,0.6659870188172557,0.0,0.7503555476750158,0.8908928019964846,0.722537947286554,0.0,0.7694715945299854,0.8833691788271192,0.0,0.7697730559840436,0.878676612962549,0.7927966261047955,0.8989583995301109,0.4675535335231857,0.0,0.8723894159387506,0.0,0.9614415975057894,0.7814527262650001,0.7743582485808314,0.0,0.8472284299115803,0.0,0.8806210729993291,0.7835016191394126,0.7512769529993106,0.8891461899442646,0.8028034269963132,0.0,0.7518735374504174,0.0,0.6158610465113432,0.807139687812263,0.0,0.7049565879798889,0.8050708749224488,0.8476611470966375,0.7204159435605368,0.94174089708769,0.0,0.7809017842170186,0.9387632588081501,0.6409428902334431,0.0,0.8432731964608825,0.7226547998001152,0.0,0.8086289305089033,0.8445313297617028,0.7433763400287898,0.572253004201313,0.749271994353621,0.0,0.7571083028713136,0.8093907837591517,0.7270648868361392,0.6451633377344884,0.9203385127256853,0.0,0.760090130856184,0.800371677564512,0.9245578702662286,0.0,0.896542020479791,0.8460295395490794,0.9327373710961634,0.8629333383669797,0.7825801022597312,0.7992994987618093,0.6791893701310533,0.701933391740372,0.6807642398306373,0.7961822090561601,0.8856771877949913,0.0,0.754328112128157,0.8419780875464336,0.8859073332697136,0.7225950882780545,0.9420907906643953,0.8764879479137189,0.8704350112278749,0.8580856041197643,0.0,0.8384101717659316,0.0,0.72073030864405,0.6494455483442203,0.8114624740762248,0.8891832315065488,0.878835514493116,0.0,0.7826180247024366,0.0,0.0,0.8324325264768411,0.8453534530578867,0.891144433411351,0.7931816409055696,0.7866552290076078
2022,2,Indicador de Margen Operacional,0.1998069520096103,0.06318623678819697,-0.043413853452735615,0.1870327221031071,0.33564004984134793,0.0,-0.46195961085704673,0.0,0.1560044901646597,0.1353205419308482,0.0,-0.4112764818248461,0.0,-0.020708452517225865,0.04874856790643956,0.12525911913527474,0.0,0.11499837096267229,0.05080651467204545,-0.136787394501398,0.0,0.10053017595945975,0.0,0.2432119247828317,0.1566916954690124,0.009038447422377045,0.22949428317408038,0.01966266347292089,0.24359256773146012,0.3149247722835972,0.37564417661614685,0.2483557963528787,0.0,0.16793225325913208,0.1515831697260116,0.16795657572056594,0.2056528788351422,0.07489377070058457,-0.03739985356662845,0.026790886581288996,0.37303760757809773,0.0,0.39645867491103076,0.13744253508830626,0.06196123248295462,0.35061200015617894,0.0,0.08826252112699012,0.30208170680982827,0.12909428066909512,0.29686432517807115,0.09912842200610883,0.1973782869786685,0.28033423790106976,0.08867826073946863,0.1523821865434548,-0.002978596481442273,0.18558937266726266,0.1378493056449697,0.33415349618176726,0.2259554901729717,0.0,0.07524407374273323,0.0,0.0,0.19414863323788767,0.038546293014881064,0.32272706790243744,0.21791127142795522,0.03895629024440595,0.21212753524848502,0.0,0.20021798157709497,0.08660411253832963,0.3321260678174101,0.0,-0.03812878149139259,0.4501936462285605,0.2686584771418676,0.0,0.08813741108728501,0.15106676974773242,0.0,0.055984071867469745,0.2544915560638054,0.12700963457028414,0.3514612411528977,-0.14260569361390535,0.0,0.052185405802573775,0.0,0.4530354697620954,0.31267911455458824,0.1714350954382576,0.0,-0.3650731371975388,0.0,-0.11785102259506636,0.27650109493023195,0.2293025562971888,0.0904963743653757,0.31896849773590624,0.0,0.3790045574264806,0.0,0.10234731239324431,-0.06591463940101841,0.0,0.342015437955387,-0.014001501195291099,0.05290894338903,0.09670022009284114,0.206051568172217,0.0,-0.02603229891164479,0.016708252927370038,0.20915398256971413,0.0,0.2773916355134891,0.18838497183098218,0.0,-0.25000995065411763,0.12130055141889999,0.2470562842005309,0.27957740186635915,0.06788746672426445,0.0,-0.02173025740129179,-0.07776869954859143,0.23236820920680668,-0.023210547708460684,0.08733645205131473,0.0,0.31385222377878247,-0.45442199764477037,0.11531368777602494,0.0,0.1445933239856386,-0.0008556734502937938,0.22935426127507783,0.28417894118144366,-0.111400834685688,0.23136794064309876,-0.1640163439702646,0.05466376535851549,0.2473759398382352,0.11469391261057987,0.17378721673342432,0.0,0.10019434878439726,0.06542719744328969,0.31367420820592884,-0.03297042840750009,0.24414235743426943,0.20681808389339568,0.08941019579801511,0.16731500891077317,0.0,0.28239164296884695,0.0,-0.012609981390631873,0.13129217867579107,0.0860243481204418,0.10703395846193513,-0.05667436181653232,0.0,-0.25669349476373315,0.0,0.0,-0.17335580436242445,0.1925601693772773,0.039345047795862,0.10486007661068988,-0.15219794169748715
2022,2,Indicador de relación entre las obligaciones financieras y el pasivo total,0.0,0.0,0.04678333002777453,0.12563494187553662,0.0,0.0,0.0,0.0,0.0,0.00908619885098902,0.0,0.0,0.0,0.062409913467826476,0.0,0.0,0.0,0.13347138227309507,0.15577524618066324,0.16534217322256764,0.0,0.004574793861411138,0.0,0.0,0.01304498409771074,0.22048032114886604,0.009510589812211721,0.07686993950139649,2.5575655010942646e-05,7.582463498117347e-07,0.0,0.0,0.0,0.05195653733488254,0.005137166567488914,0.0,0.06778296386727105,0.0,0.0,0.022194183091184004,0.0,0.0,0.0,0.0,0.1317593339271271,0.0,0.0,0.0,0.013054009617735283,0.1851888408816886,0.0,0.2560968287604959,0.08581744918926822,0.00022110507396910607,0.0,0.18015731382241254,0.0,0.03285781727341944,0.031009925152106266,0.03505216469886708,0.09401094853490274,0.0,1.0381845725986133e-05,0.0,0.0,0.03523585468776978,0.07064462278203636,0.022891539353486832,0.0,0.00018310988458720534,0.0,0.0,0.0,0.0005921722133931153,0.0,0.0,0.029873146357729273,0.0,0.22686554687958382,0.0,0.0,0.009516109877742079,0.0,0.013984129400064013,0.0,0.07720291312818582,0.022591657526440965,0.0,0.0,0.0,0.0,0.00010392763161334765,0.0,0.0,0.0,0.047857966151594655,0.0,1.8030865785955998e-05,0.13720846315780014,0.0,0.0,0.0,0.0,0.0,0.0,0.0,0.0016268233856000965,0.0,0.0,0.0,0.0,0.14594505410272365,0.0,0.0,0.09849863978313081,0.0,0.0,0.0,0.0,0.04427811333021994,0.0,0.018197232166975996,0.0179084943118818,0.0,0.0,0.049788564516772174,0.0,0.0,0.0,0.0608538285944369,0.2811114958090218,0.054785105913719045,0.0,0.14459624771959398,0.0,0.0,0.0,0.0,0.1919632176592408,0.2127616525153165,0.11310183003765835,0.2252078514712841,0.13560091924266782,0.0028235336729572147,0.31960589984709165,0.05938628736331283,0.0,0.0,0.0,0.030176015855747935,0.0,0.18660251407840486,0.0,0.0,0.0,0.0,0.0007712691944866296,0.0,0.0,0.0,0.0,0.0,0.052373789865083155,0.0,0.034795164421353705,0.0,0.006543254450210676,0.0,0.0,0.0,0.256024230897701,0.04239079869462714,0.0,0.16691829089457116
2022,3,Estructura de Balance,1.7706864362137107,1.8492572266420266,1.4848714301450876,1.1854863374623177,1.8981872045938444,0.0,1.2737529462593862,0.0,1.3874056762877947,1.297643086279654,0.0,2.691576995500146,0.0,1.1166878976210393,1.8211944775569195,5.136484308600122,0.0,1.0936156551694673,1.2365094704044386,2.864384699123785,0.0,1.5944202357819903,0.0,1.3041044453317625,1.1297899149555655,1.126499898854807,0.9849495535150977,1.6801456373923398,1.3244324774812568,1.0822386729110347,2.939321235604238,1.4240035339534929,0.0,1.82797822051322,1.4438031825802402,1.1263316401343477,1.5142241319164802,1.3953992337023022,4.206020944572995,1.2198180132928984,1.3322316560391423,0.0,6.403430613240641,1.5232971170606433,2.7940195574724482,1.8953385440834118,0.0,1.5767112802204073,1.3145960851660072,1.2646447009398898,1.0779669869128718,1.500548563467888,1.342859582903801,1.6582258272000756,1.9845652220269554,1.322051575617399,1.0956124296441192,1.0844791614988791,1.2099360393953147,1.5238866568941847,1.292194710876689,0.0,1.320659230272214,0.0,0.0,0.8095280109105757,1.2539554123064978,1.179158136575546,4.43776539630902,1.405944466244523,1.098254705901299,0.0,1.2076396514958179,1.576393368081924,1.5704809006041227,0.0,1.540410660527304,3.380833254860679,1.487934634532547,0.0,1.8696065575996383,2.7012657034267713,0.0,2.5043682600015664,4.074152422651322,1.292524416606012,1.5932114772843278,1.1892837424192462,0.0,2.2611176099490664,0.0,4.81330807664856,2.072866375256091,1.500999769866695,0.0,1.8455750085836722,0.0,1.630650472154891,1.4780768208243547,1.8314094308097328,2.660403752955421,1.4821899864208163,0.0,1.574118732636225,0.0,1.2793277866261632,1.4064623428767082,0.0,1.25443860740305,1.5541046817930058,1.3475732698836673,1.5081617538223095,4.136353224735313,0.0,1.1206690743935304,1.3441994271631874,1.2163257000702845,0.0,1.2393546666445836,1.2191017979354057,0.0,1.18127170504835,1.3486392908901812,1.0789165201460664,1.312991543975112,1.3868332986416225,0.0,1.2509467732101345,2.6985558675514136,1.5451258744962018,1.4229624153273879,2.439242292622139,0.0,1.7474852858073766,2.4498849787004446,3.7066809713515987,0.0,2.898656386217942,1.4888935555084486,7.957335733891612,1.629188224219255,1.7764028742757458,2.1564028190213858,0.9936227334117321,1.0717108233082606,1.2820211746876113,1.3123592747625399,2.073961122561912,0.0,1.1202517652862733,1.162537084456735,2.5518162136633746,1.3122853962825496,2.837678009277291,2.368980570748186,0.0,1.2983354591597107,0.0,1.0987684650429368,0.0,1.3064215991055437,1.2664572217199563,1.3685195768425442,1.838516207472466,1.9092655684582822,0.0,1.8655763514747978,0.0,0.0,2.6956733320969626,2.1856766077863288,2.266713211972379,1.2423649399898156,2.3176354564930963
2022,3,Indicador de Margen Financiero de Operación,0.8616732174440176,0.8469716532775883,0.7551269676530288,0.6935831273655357,0.8526173624996121,0.0,0.6509239738916541,0.0,0.7185016213586038,0.7552470469255916,0.0,0.8801730635516889,0.0,0.7326901171018074,0.7835646496966102,0.9491310466341172,0.0,0.6093212221329709,0.762702200869793,0.9267286671138708,0.0,0.8902121512827844,0.0,0.5827675230134175,0.8018909632066265,0.7462516366908238,0.7850303002086059,0.7901232276111431,0.7394116079333617,0.6780125448328436,0.871771336135119,0.7814472508194243,0.0,0.7788157415669064,0.6773752918939617,0.6989755298638647,0.8326767214080855,0.7820173401114536,0.8953861367367532,0.8943104285217891,0.8341160436971581,0.0,0.9778946957025594,0.675744544687631,0.8101776621340918,0.7898017580486797,0.0,0.8037291092141686,0.8585148086064579,0.7781666433615735,0.7663565551285474,0.7559185441313269,0.7777133858243871,0.8913971106591609,0.8036429231963415,0.8243525049618806,0.589123993927296,0.7967041800555487,0.7028783842434335,0.9096235521194327,0.8823449743377071,0.0,0.8475624632903132,0.0,0.0,0.7284448726973087,0.7830415934734122,0.6960494422814729,0.9358876910523236,0.7886410461191237,0.5382977817924395,0.0,0.866681861765876,0.7620685382375644,0.64254196094637,0.0,0.745837678408282,0.8863621082912508,0.7194498788479956,0.0,0.7773958358778101,0.8844728131881576,0.0,0.7669791497838275,0.8778650700208419,0.786789738454499,0.8989090122492851,0.5219896563905131,0.0,0.870426836981043,0.0,0.9605876830833332,0.7781567811605777,0.7310342810978557,0.0,0.8575075714384811,0.0,0.8791214541760699,0.7790409631392511,0.7705068625628383,0.8855953353476799,0.8022551672748173,0.0,0.753670961896143,0.0,0.6254964519584416,0.8360791465597792,0.0,0.7033721914099592,0.7991952865349711,0.8525256364749749,0.7258008134359535,0.9416774595922733,0.0,0.7756140885075586,0.9513091432907579,0.628108648490222,0.0,0.8378934525490626,0.7211664456115632,0.0,0.77929830328722,0.8395609124372289,0.74173567220521,0.5725381909669627,0.7475032915640084,0.0,0.755085641928229,0.803912373933132,0.7273023342947332,0.6523708869743624,0.9251349967228288,0.0,0.7547142181889742,0.8007666457221776,0.9203866782646235,0.0,0.8997782591730673,0.8442436039163033,0.9362009068643623,0.8748396245254975,0.7714221607138042,0.7929093484460633,0.6873835422853234,0.6982059702499998,0.6657223309894853,0.7935426071606041,0.8870039109241801,0.0,0.7498316012620571,0.8410525058796491,0.8803018714866313,0.7225193270516601,0.9342980345542651,0.8733779610756297,0.0,0.8480659931853731,0.0,0.8401498611272488,0.0,0.7164443866718606,0.6423430901697268,0.7947876622306512,0.887847837431486,0.8821346235030529,0.0,0.777643277073409,0.0,0.0,0.8365394111159395,0.8419905692048653,0.8878287944140172,0.7908644814718814,0.7865870445930297
2022,3,Indicador de Margen Operacional,0.20827031901703016,0.08152703839107726,0.02978557229402943,0.1518998271236176,0.2697965346169386,0.0,-0.4706637951125584,0.0,0.1602282902678036,0.09935203053120771,0.0,-0.6045697191161846,0.0,-0.06810641655114515,0.06671544273971246,0.14169667939288186,0.0,0.11536568801658505,0.052768380384857365,-0.2838607266196951,0.0,0.08436934929027066,0.0,0.30196474346763913,0.1646641718133738,0.018352093463699256,0.1949935091374285,0.11601683595154366,0.18603603417454204,0.3428553359676392,0.35073253315229774,0.24838299404909658,0.0,0.13184423767277867,0.13520635283918525,0.2651758590051336,0.18624719016196337,0.05583535463571818,-0.05142037496191233,0.07396221984454629,0.3393898630976636,0.0,0.35792664588036927,0.11732148378823047,0.12616254594909163,0.3239082272369075,0.0,0.02329724402530458,0.3170700729951063,0.13918495787072452,0.20774875761691783,0.04020644371112973,0.16902493674914867,0.2072118666202116,0.11357150528935249,0.1328417286128268,-0.019313938242240845,0.1909802730507992,0.1600735393888802,0.2853945578495052,0.21654157926880493,0.0,0.11378014268570398,0.0,0.0,0.13096372994830957,0.03220513499276827,0.2698889581614705,0.33102931170170063,0.029696168792542003,0.2940454986240719,0.0,0.19991998981173506,-0.02084181842267079,0.17514464955037828,0.0,0.07422340703361348,0.4164301808522002,0.275306037693975,0.0,0.09166788569062007,0.16593430220376917,0.0,-0.0031679744742572576,0.3134263800265847,0.13862021995268098,0.2822138304821365,-0.17348433890835918,0.0,0.053472337573786576,0.0,0.4570709675369393,0.24534958551857272,0.11721885116222262,0.0,-0.26988787257265734,0.0,-0.05575735346464312,0.2553093997453318,0.2425907557600824,0.01891533340693121,0.29528601674706234,0.0,0.3230939004095341,0.0,0.03299194472923068,0.10064755557326846,0.0,0.21500400267567318,0.0502889210127124,0.06890054721984552,0.10032038907301612,0.16552785306286014,0.0,-0.010908084949676022,0.297439101797509,0.2159166018075434,0.0,0.36671896151946126,0.17002028935059582,0.0,-0.2529596906013848,0.15193004451850828,0.2063129581496113,0.25013805839896514,0.07160955182017592,0.0,-0.0023110816096207853,-0.11562672907465144,0.19849436815529287,0.22404599254449792,-0.12548455691735094,0.0,0.28704680771138325,-0.5691787158967611,0.17717488871797143,0.0,0.09974919810889404,-0.018240535935416458,0.03901275256460426,0.1501255141087233,-0.0991916339703644,0.23541987778661738,-0.1417189422129741,0.10175431223946763,0.2002379578656156,0.09380764634228003,0.11948154277028337,0.0,0.07375093276237646,0.09967404704546699,0.22603145134775088,-0.012655431348216162,0.3815752295248809,0.19800581646305085,0.0,0.1376977455154304,0.0,0.3004085050058047,0.0,0.027471386937687376,0.09602427347666745,0.07588843223517845,0.0005922987584176647,0.009405045710300736,0.0,-0.27010599151215703,0.0,0.0,0.04159322419254575,0.20287474029796854,0.09039830907354961,0.12837224893181923,-0.161952051926225
2022,3,Indicador de relación entre las obligaciones financieras y el pasivo total,0.0,0.0,0.08089317587399907,0.12021159627103159,0.0,0.0,0.0,0.0,0.0,0.008986310075486819,0.0,0.0,0.0,0.06026763292185896,0.0,0.0,0.0,0.13581389138152403,0.14791419762252572,0.1547366750550217,0.0,0.004488688995787563,0.0,0.0,0.012221645144304683,0.20660482009898512,0.009216470419813879,0.07563217957135017,4.4359078468775436e-05,1.113006456103239e-05,0.0,0.0,0.0,0.049391608794845686,0.005035529311722423,0.0,0.06597091347421047,0.0,0.0,0.020538725186378486,0.0,0.0,0.0,0.0,0.1629863115619645,0.0,0.0,0.0,0.039004864991915696,0.158597225975327,0.0,0.2296216217153542,0.07963469759647603,3.8204854579561875e-05,0.0,0.17231362627917268,0.0,0.03335276506866943,0.02911701366219859,0.032011844262472985,0.09964344005056208,0.0,3.4102252324279516e-06,0.0,0.0,0.033826522009629406,0.06491428290390662,0.022635848265326972,0.0,0.0002900955620769934,0.0,0.0,0.0,0.000558551128605499,0.0,0.0,0.028978568548300405,0.0,0.22821008055086167,0.0,0.0,0.005588125208093071,0.0,0.012610355054527138,0.0,0.07560305573290672,0.020366184646867343,0.0,0.0,0.055784077415868764,0.0,9.725457742134948e-05,0.0,0.0,0.0,0.036347740200920894,0.0,0.0,0.17895944952126253,0.0,0.0,0.0,0.0,0.0,0.0,0.0,0.0032521546061834708,0.0,0.0,0.0,0.0,0.1779641910375951,0.0,0.0,0.10597765744093138,0.0,0.0,0.0,0.0,0.04364857201611261,0.0,0.01756106017462809,0.017491238731950902,0.0,0.0,0.0632311193701327,0.0,0.0,0.0,0.05944254064038523,0.2706758340322018,0.05622943152977045,0.0,0.13496110272568065,0.0,0.0,0.0,0.0619791858350082,0.18077627312153513,0.0,0.10761538336851502,0.21180391931841747,0.12395763085570224,0.0023584272876040163,0.25486505883279037,0.05575293700980341,0.012128335760054221,0.0,0.0,0.027991803255853487,0.0,0.17942019308860221,0.0,0.0,0.0,0.0,0.0007166546414062,0.0,0.0,0.0,0.0,0.0,0.05480460840916846,0.0,0.03278816320160913,0.0,3.890538075703972e-11,0.0,0.0,0.0,0.2540756180334236,0.03634254398175426,0.0,0.19764881276820007
2022,4,Estructura de Balance,1.7448374294074924,1.827193828668303,1.5220836202061812,1.1937135043392697,1.9044494294839684,0.0,1.2548370980235999,0.0,1.3704190163025443,1.29743394891504,0.0,2.5346251795457917,0.0,1.0911828156169012,1.849200461774932,5.258556316453441,0.0,1.0861509294289615,1.2605341097084506,2.7577364049690796,0.0,1.5885805896269605,0.0,1.3187008748984241,1.1377962150314738,1.1195065472047563,1.0000741759943652,1.6396593646217075,1.2725345390367215,1.0980305432350055,3.0032511668624,1.436313267037396,0.0,1.8438298062247462,1.4337170765088076,1.1458127136612146,1.5129406472801634,1.415660446556863,4.331030903752105,1.222933205490888,1.3351151996945367,0.0,6.532905670194719,1.5623342033850942,2.8893137675852003,1.8125288458856679,0.0,1.5849399694912936,1.329475720249941,1.276356387308385,1.0894895030009704,1.5503448024460276,1.3173774483469254,1.6753017919970392,2.1493216826077615,1.322881429472949,1.1022521724841268,1.1046431893831816,1.2045365084380057,1.5661110275479524,1.3040016472874378,0.0,1.3139828658087693,0.0,0.0,0.8358385209361245,1.2684853042177426,1.1916032196460864,4.364791572211783,1.3670637205334188,1.1510192281537757,0.0,1.2127736805271405,1.5715468742615424,1.5862291841742004,0.0,1.5473127083249854,3.27925619378367,1.4822874699222157,0.0,2.018454164332765,2.7037516871162293,0.0,2.4959145262761684,4.109463851025005,1.2940925683361164,1.6236879613097006,1.1781364414415703,0.0,2.283034881591145,0.0,4.839848303643466,2.108273855479556,1.5633879892798785,0.0,2.020660805007575,0.0,1.638489449681165,1.4876975341832532,1.8323788074075276,2.6423671522821386,1.5061790704008402,0.0,1.5966863857555584,0.0,1.2671384810985402,1.3634567506187272,0.0,1.2501554918978346,1.5743830954001028,1.3781278533881436,1.4944671424730633,4.155243410715345,0.0,1.148456989269047,1.338726792459401,1.2365101480811898,0.0,1.1706365151687652,1.1457226267571337,0.0,1.1804762192665834,1.3702221223815991,1.0775614826734865,1.3115027304424778,1.3796160925143262,0.0,1.2874499050688157,2.892365382434256,1.5228642799135632,1.4995277429612095,2.536371790313474,0.0,1.7664204645498458,2.4560390734451,3.7263490817698677,0.0,2.8167599459201162,1.5323079542147244,7.465836625608995,1.6949282198484266,1.781752765148537,2.2418885962783577,1.0139555062599412,1.0880064063875055,1.2838156764110447,1.307442703462419,2.110857142318341,0.0,1.1234342939978317,1.2101055007071904,2.564112018293637,1.3282291405074687,2.843283115637553,2.472562505194928,1.6752763685097165,1.2903063549462372,0.0,1.1090710751463726,0.0,1.296774583191281,1.262824215146204,1.3787530057673525,1.8890088797080888,1.9625214638904365,0.0,1.8413412509107285,0.0,0.0,2.724823654888172,2.0545592003294435,2.312490581757192,1.2581650916396678,2.271679013688549
2022,4,Indicador de Margen Financiero de Operación,0.8601772899902941,0.8473514455896869,0.7539518339449993,0.6896979084859153,0.8563718231942931,0.0,0.6505812803333725,0.0,0.7156230959397077,0.7558658420044897,0.0,0.879590816386506,0.0,0.7347341489024354,0.7857465929145976,0.9491088802486156,0.0,0.6067158927366066,0.757445004797102,0.9253037527602644,0.0,0.8880114399306435,0.0,0.580523161318199,0.7992306359765283,0.7195227331429742,0.7765796943053497,0.7965189179713686,0.7336026009964415,0.6802915617514123,0.8724162655834098,0.7807379190362903,0.0,0.7786492195983544,0.6767446360316295,0.6991032853064961,0.8272912963131454,0.7819126177353285,0.9005819736137733,0.8899342524780114,0.82999302573525,0.0,0.9779296957012343,0.6746510808053015,0.8072902464446443,0.7998861807746558,0.0,0.7933334647065935,0.8538606810819176,0.7736091403338659,0.7626106289920859,0.7528852301644733,0.7701480362838036,0.892082552148847,0.8026967534142728,0.8219006882398473,0.5853959822015072,0.7903037911559103,0.701022900233513,0.9096625635181314,0.8760402080295754,0.0,0.8460911602713379,0.0,0.0,0.7300823388624904,0.7772624661404524,0.6935462362066102,0.9345225570574318,0.7922426308805643,0.5338955750144165,0.0,0.8615752659443661,0.7575629950164381,0.6194375095881993,0.0,0.7384782149711447,0.8813286038903895,0.7077702659931415,0.0,0.7868423647463721,0.8804871572562163,0.0,0.7658139857435533,0.8770848394688449,0.7846007854881035,0.8973758839271961,0.5569037418074725,0.0,0.8681367758910049,0.0,0.9591049020968911,0.7780600000798286,0.7290845605375444,0.0,0.8559931541380096,0.0,0.8776051779200029,0.7763233338269645,0.7817562440551963,0.8852009501032532,0.8017275618343757,0.0,0.7551807600220165,0.0,0.6187617513626196,0.8436205898023272,0.0,0.7050553676794299,0.7987569190019679,0.8573844947275914,0.7185575203185967,0.9393655423815362,0.0,0.7711329499553946,0.9476313188628016,0.6322258940467663,0.0,0.8408484796788621,0.7217623114969022,0.0,0.7763155490985015,0.8307894983472386,0.7463273210860167,0.5801972988814297,0.7369693188322171,0.0,0.7547971335877759,0.8044769957941595,0.7101807956725636,0.6577730170823033,0.9037276910697356,0.0,0.7189906101752084,0.8049811095832864,0.9181516355681394,0.0,0.9002679205710999,0.8374836156996536,0.944746425062009,0.8767400827094406,0.7624701585944569,0.7869860247334463,0.6921611450490662,0.6913280339777076,0.6582498327743862,0.7908855079874781,0.889053627676831,0.0,0.7479243867945731,0.8414120993972569,0.8789226610299424,0.7219103010227983,0.9286058284732153,0.8754891798774014,0.8674988239083452,0.8101350030624456,0.0,0.8418502627239506,0.0,0.7161139755397169,0.6444389537825969,0.7845779143209538,0.8897277947125398,0.88491097835326,0.0,0.7767042924970846,0.0,0.0,0.8342168118042705,0.834348492978984,0.8879898964200953,0.7823147133607758,0.7804873178277214
2022,4,Indicador de Margen Operacional,0.201745530340889,0.018556205096545084,0.03577289534466177,0.165944472216962,0.26854967763347776,0.0,-0.5681565085935412,0.0,0.1384971568848363,0.14535608017337429,0.0,-0.5334032325591186,0.0,-0.11733200653480431,0.048278462954143536,0.13536537016452824,0.0,0.11236683296951322,0.05342823762250005,-0.19242758009080388,0.0,0.08855576480890887,0.0,0.2394919224533879,0.16401567701235417,0.026293257879028864,0.16550006335942466,0.20904465783554813,0.1850709481841064,0.330788106898474,0.3802157994428124,0.2655738199394334,0.0,0.14857985413725644,0.1456290695422697,0.2700234342321151,0.18262591872413805,0.06086940409600421,-0.0016481265582697232,0.06235230708321271,0.33790207544855977,0.0,0.34473336500371216,0.15790377618962423,0.13499220758062286,0.3364366308593796,0.0,0.05146176781100322,0.3350154585735862,0.12786966633528907,0.17232479152045221,0.03940855012389834,0.18377987350378955,0.15339463360486902,0.08825863656216333,0.15770230381455785,-0.01027876437652374,0.17001156893155742,0.15596200337095434,0.2715237297973159,0.20006863644784362,0.0,0.09257865481460756,0.0,0.0,0.14021655211273043,0.0411558594437941,0.27505475399671736,0.1728671157648082,-0.030724145484703966,0.26742921866362707,0.0,0.22478027410111445,-0.09721455372474017,0.17535058881918497,0.0,0.08173380190650398,0.39321990323636064,0.257831733478782,0.0,0.11710316502090204,0.14662724075820324,0.0,-0.025967776794355756,0.2944440165366263,0.140551796848977,0.23177841071478092,-0.16191791608059514,0.0,0.06305462760503038,0.0,0.469006659073808,0.23231118861415548,0.1339443873445577,0.0,-0.22746706970439998,0.0,0.005326135127934411,0.2554700063037996,0.17422552166652006,0.08093193081358376,0.253219529169916,0.0,0.34439435167645194,0.0,0.02298333190551027,0.14072823269383547,0.0,0.17740171406578892,0.03623281153647649,0.06006297769725875,0.1059735003644638,0.14513213890749602,0.0,-0.014448250769696249,0.29707728337620165,0.2141606913898844,0.0,0.3821417610353139,0.16389071366829763,0.0,-0.18534853489347686,0.14099793383605647,0.21272037559058704,0.25269157882739607,0.08408715842940319,0.0,0.03678098082158814,-0.0581387751041505,0.05209766438609963,0.31442097671251257,-0.1786745741936966,0.0,0.24558469028716284,-0.34861572544459224,0.12422727708655686,0.0,0.10377758850516045,-0.018391855990698924,0.10336541241620566,0.23158603237587533,-0.09145692031556488,0.21757950979258908,-0.05868473357510285,0.10640419355034882,0.18392451430204448,0.09355936290365761,0.14617901059977909,0.0,0.06465646251009054,0.08145246154146002,0.20939925565917444,0.012317355252418576,0.3502529313623481,0.23406045176824894,0.05219454779530909,0.128658164460228,0.0,0.3150696578396537,0.0,0.0002051371644433062,0.08078472617212522,0.10886531187784335,0.059057736274806184,0.07978346512461292,0.0,-0.2756758222434546,0.0,0.0,0.06452282687782741,0.20757265933616595,0.10230995901901448,0.1386879890571403,-0.2670754178241247
2022,4,Indicador de relación entre las obligaciones financieras y el pasivo total,0.0,0.0,0.08152330966164034,0.11500667322225946,0.0,0.0,0.0,0.0,0.025750531320698194,0.011040302876361182,0.0,0.0,0.0,0.07259190017487785,0.0,0.0,0.0,0.13057292745144072,0.14840905282173192,0.1549436283861491,0.0,0.0044217338298008935,0.0,0.0,0.01200059321374412,0.19596891370718944,0.00904730060747543,0.07009339621827276,0.00014335406197251796,3.315915763384898e-05,0.0,0.0,0.0,0.04805985743381301,0.004968938486624281,0.0,0.06680592098789497,0.0,0.0,0.019221407228303043,0.0,0.0,0.0,0.0,0.1616587034691234,0.0003494504200087092,0.0,0.0,0.03826730171941453,0.15266095904374594,0.0,0.2300988632949634,0.12524354327177054,7.2376556042124245e-06,0.0,0.18723487328432276,0.0,0.03430691164922405,0.027939568632709758,0.031387447141419965,0.10447262272237605,0.0,0.0005202556028111851,0.0,0.0,0.03336114284721352,0.06027982101530211,0.02313359759797829,0.0,0.00015123630208271977,0.0,0.0,0.0,0.000544676902689354,0.0,0.0,0.03528604407969195,0.0,0.24968497730266714,0.0,0.0,0.007525812647292266,0.0,0.01135274394511987,0.0,0.07153896318456417,0.01869825162942294,0.0,0.0,0.0,0.0,9.791659101752044e-05,0.0,0.0,0.0,0.012097584344636373,0.0,8.204754181442644e-06,0.17017064963077555,0.0,0.0,0.0,0.0,0.0,0.0,0.0,0.0,0.0,0.0,0.0,0.0,0.18841058640173788,0.0,0.0,0.09845473518196075,0.0,0.0,0.0,0.0,0.08381775081462514,0.0,0.01670578816298891,0.018046693813435103,0.0,0.0,0.06256584663016532,0.0,0.0,0.0,0.07006007826622003,0.2691905235233598,0.043533421003070644,0.0,0.1267934808609273,0.0,0.0,0.0,0.10178624270068677,0.17826119848658376,0.0,0.10273966431845527,0.20280795663201745,0.11723305951355412,0.0020497981112656953,0.24384655028216964,0.05231547231538688,0.03413747390371805,0.0,0.0,0.031723781834877396,0.0,0.16769641175286468,0.0,0.0,0.0,0.0,0.0013058396320762707,0.0,0.0,0.0,0.0,0.0,0.05307733570588951,0.0,0.02977549333665909,0.0,3.996331253912819e-11,0.0,0.0,0.0,0.24873163403618526,0.03381915284469822,0.0,0.1941539977122707
2022,5,Estructura de Balance,1.7745824578060507,1.8547797474043437,1.5376532850928906,1.1893020170837483,1.9514038228883253,0.0,1.315572306553947,0.0,1.3831085278135897,1.3208758361963333,0.0,2.322661376146785,0.0,1.081552682323389,1.9000489498132012,5.267078942479625,0.0,1.124439912255752,1.2645524335351457,2.603686963690745,0.0,1.5806057241320686,0.0,1.3162061188864718,1.1389540893090937,1.1045240124273206,1.003517368809936,1.658940365257608,1.2844608587277868,1.0415260346817996,2.9374393964093897,1.4441612312809144,0.0,1.857141536890822,1.4597638030403837,1.1553172870290584,1.5208892245462897,1.4354597181277202,4.111975334022858,1.2229294688625931,1.312255136757623,0.0,6.588017560691464,1.5826742562930203,2.439848113412876,1.9010501906641015,0.0,1.7657340295020325,1.3489540003860878,1.2596356525786385,1.1078012132608022,1.4987326087278425,1.3567348550189247,1.6249807819993722,2.091641672994066,1.3301189581302941,1.1278141637045926,1.1177939486945425,1.218140257178313,1.5410201515455466,1.301814368436607,0.0,1.368207422241551,0.0,0.0,0.8556365990006282,1.2770917236274455,1.1696300532764436,4.348439509725659,1.4272412477368133,1.202909758659008,0.0,1.206556581696742,1.5822310514123636,1.558840462211547,0.0,1.5103128553231449,3.2867158557209,1.4980877458780661,0.0,1.962289527412301,2.759844100304975,0.0,2.4618937858287966,4.237831161898468,1.3030102345067196,1.630301744809267,1.1800007705051625,0.0,2.3231408310477843,0.0,5.441977277492831,2.1626332215879023,1.6123658392233398,0.0,2.1059066338393344,0.0,1.6270896456056911,1.5093882348124406,1.8690684467948337,2.702427607757256,1.5028791069731424,0.0,1.6224496175131224,0.0,1.287475820289391,1.388171612505827,0.0,1.201338011745242,1.593000075596935,1.4356459622095026,1.4871545750824156,4.16357081759589,0.0,1.152706231203575,1.4719782358777056,1.2194710138922233,0.0,1.1709855881549591,1.1340079432805894,0.0,1.19284751152751,1.3791054046415552,1.0488697007570142,1.3058107781609556,1.3638995679735528,0.0,1.2886323273569318,2.8689989719755467,1.5031722428688115,1.4048908637084019,2.333976078896243,0.0,1.7880391238891535,2.4390067957563284,3.7401075069468415,0.0,2.9062795493192843,1.482052977674076,8.944991658214356,1.6205045808673242,1.8572622127725393,2.226904025547785,1.0561916402031395,1.089236042923391,1.2830068588522288,1.316018194892199,2.105748490706812,0.0,1.1129829527407942,1.2288424051209113,2.5207356917103247,1.3160608072620694,2.875454326837761,2.5067510542818403,1.6952897119910504,1.3077079968860685,0.0,1.1879639911462374,0.0,1.2991345352264523,1.2865576475076685,1.3766934996770896,1.955204623320663,2.0332004941100257,0.0,1.9553175422656213,0.0,0.0,2.6751792667071235,2.0239344501558976,2.3364466884725226,1.2394967408066808,2.1865488178015933
2022,5,Indicador de Margen Financiero de Operación,0.8583187394456747,0.8469893275881634,0.7463305075798958,0.6788997057877082,0.8563641693508243,0.0,0.6487776660389103,0.0,0.7112789650390462,0.7573513303268178,0.0,0.8764239235901184,0.0,0.7281274242515131,0.785096230505874,0.9502588259308232,0.0,0.6016473175907542,0.738373265028521,0.9228722335217535,0.0,0.8862350810783439,0.0,0.5873460611215042,0.7966160608218029,0.6977002343101846,0.7746829303805015,0.7945462238934013,0.729679750483759,0.6797951381586572,0.8727552913644203,0.7780858974931529,0.0,0.7783612155796722,0.6732617757519789,0.7008716505253678,0.8199133565880706,0.778881000397317,0.9015705920997539,0.8853177938949032,0.8252471730942407,0.0,0.9770156838758377,0.6784258796148106,0.800588113145395,0.8090708832155127,0.0,0.78925858953479,0.8505087752865804,0.7714672602811002,0.7582419609502999,0.7196071734581533,0.764090318419639,0.8903438255482361,0.7943212839833267,0.8172427528627193,0.5823758456745836,0.780295030189762,0.699588033427347,0.9083939741424143,0.8736667827866881,0.0,0.8468155754006178,0.0,0.0,0.724769209551834,0.7722183675375571,0.6950860870019431,0.9328870625780122,0.7845936134414464,0.5342032257445861,0.0,0.8574353505254402,0.7515249422003396,0.5987212749730574,0.0,0.7362052901351603,0.8781285339185103,0.6981913114188082,0.0,0.7774857535241182,0.87727112212124,0.0,0.7648845109896465,0.8764705143501423,0.782984258248143,0.8969924242158048,0.48623345787643024,0.0,0.8691500825662329,0.0,0.9573781119743949,0.7779348420721129,0.7277179314776709,0.0,0.8563220072384501,0.0,0.8769875772064641,0.7681460532064686,0.7868234514276143,0.8852959526220137,0.8007141008284127,0.0,0.7535832860612304,0.0,0.6119552157150774,0.8521569973419557,0.0,0.7008127145987696,0.7997235292520993,0.860279497083239,0.7108411949859798,0.9389856106957255,0.0,0.7670081149412392,0.9435937060856843,0.6351787020714476,0.0,0.8388849615006949,0.71495904334325,0.0,0.7679705001149623,0.8208329670527348,0.7461244286730102,0.5804916410154864,0.7221383235335023,0.0,0.7545081941686893,0.8080158223673446,0.7085423794140274,0.6552909709621163,0.9094695220735787,0.0,0.6939490151512105,0.80553709240733,0.9164950584310422,0.0,0.9008042154652596,0.8375536652204808,0.946257535693475,0.8767499759756158,0.7614804676492545,0.7832464503713656,0.6959661789395124,0.6836100358037787,0.6411094597122838,0.7866826605917712,0.8904042976479877,0.0,0.7470486011376659,0.8430722839047948,0.8749366915110509,0.7161334590674242,0.9213124376176488,0.8755866691977032,0.8656060185148743,0.8003249623388299,0.0,0.8498548359720622,0.0,0.7136783756639459,0.6447559144796698,0.7741975527102282,0.8901188194788098,0.8866550508884334,0.0,0.766536921792426,0.0,0.0,0.8299656871193558,0.830603335787438,0.8864030026058818,0.7811018172387496,0.7750503230419276
2022,5,Indicador de Margen Operacional,0.19633360644864709,0.014028289434538982,0.05813360254133219,0.1469040175315142,0.2793104505745653,0.0,-0.6360266740469246,0.0,0.1423493993509358,0.1715541409164492,0.0,-0.5733290478276934,0.0,-0.11358668655624145,0.08188684421790302,0.1449468359620976,0.0,0.09858076385510749,0.051219176412043085,-0.1487234354982417,0.0,0.0935599525773989,0.0,0.2773343905640487,0.16929792006994848,0.021738039615541806,0.14965268897347062,0.26693531369938367,0.19407463008091758,0.33838763124814963,0.38929276654525313,0.28023260258831056,0.0,0.15244937921948543,0.15387608135083009,0.27753403832095414,0.1662837804797839,0.06191678342570173,0.039268975556705485,0.05546503229470397,0.3594617514546149,0.0,0.3509981301646567,0.16001762216238719,0.14354541846763297,0.35841428242912377,0.0,0.04541686690146433,0.33976121047888075,0.12804027986323308,0.1596963005570789,0.10929538285779046,0.18784033338518616,0.12814189308074894,0.08466312877246782,0.130888437826581,-0.011845462638601601,0.15347166700566928,0.1855340073959465,0.2711975346440158,0.18928758309335492,0.0,0.08552212232056933,0.0,0.0,0.12254500929167042,0.040629746621427765,0.26925695770161806,0.14588509906486974,-0.04242587548674912,0.21051286883583029,0.0,0.1940427544839577,-0.11838607945280948,0.1718355464585091,0.0,0.06848573274711679,0.387340576500651,0.23798733529767385,0.0,0.15803844393119276,0.15093746681499312,0.0,-0.01797290790500145,0.355990487717935,0.11281583688115694,0.23750616278581704,-0.1443532036626975,0.0,0.08080404596491662,0.0,0.4377569888769763,0.23409846207594748,0.13017214101783536,0.0,-0.19973895321628954,0.0,0.019571335858323373,0.23855270826149189,0.1802110704909796,0.11250000881399977,0.26222947613722125,0.0,0.3151392338722906,0.0,0.02079441624756655,0.06034246464072869,0.0,0.19212073289106515,0.06736281856968454,0.05563274217490588,0.21152424077995646,0.20029605516183305,0.0,0.00188402708575365,0.2885863446358948,0.15849992812359154,0.0,0.3304650344618827,0.11906523628433016,0.0,-0.15489813645876677,0.13016043994721163,0.17127109471947452,0.248488520282662,0.09313378166288154,0.0,0.015347788192116414,-0.04197186354755507,0.05902532584695182,0.28153809898944493,-0.2778767398915064,0.0,0.16763426406241386,-0.2535803922966088,0.10781683939853905,0.0,0.15133470664046964,-0.0006528133183669914,0.18223669748687202,0.2492883550833326,-0.103538012235939,0.2436479206890907,-0.022513355626875137,0.0984202097068782,0.1783636148499575,0.097828639163278,0.15314078708614104,0.0,0.056930269348251045,0.07657662430018589,0.12463962273714688,0.017072296412183944,0.302849851551261,0.2554619719959068,0.048004700744031646,0.12550823841277817,0.0,0.36492151186863375,0.0,0.00645192941033296,0.10679356757548716,0.10363449982127373,0.08538528921433507,0.11603456931374506,0.0,-0.24288290775372892,0.0,0.0,0.08426610961875237,0.20500299972325295,0.15461977197142127,0.05593203774724923,-0.2960086811481813
2022,5,Indicador de relación entre las obligaciones financieras y el pasivo total,0.0,0.0,0.08234214336393476,0.12053352442570883,0.0,0.0,0.0,0.0,0.02575142167251523,0.014479954089825253,0.0,0.0,0.0,0.0680049293560127,0.0,0.0,0.0,0.12908954832511152,0.14057689895952247,0.1351805419011934,0.0,0.0043137972299239075,0.0,0.0,0.011828040927032728,0.18923353134276236,0.007726074181899802,0.06831386366164117,1.1660071643774648e-05,2.1998179159116296e-05,0.0,0.005119948364527904,0.0,0.04634973098214364,0.004998247512068532,0.0,0.0671092995561884,0.0,0.0,0.017928325758009338,0.0,0.0,0.0,0.0,0.31138382351622296,3.301731313652507e-05,0.0,0.0,0.03745382569182491,0.1394621513592333,0.0,0.22103210483127397,0.12459569141778505,0.0,0.0,0.18752640140594237,0.0,0.03365931745465762,0.026334998027498606,0.028990150134292077,0.10380402678674185,0.0,0.0003117939436656673,0.0,0.0,0.03395001474040013,0.05673769361052357,0.023074957357658462,0.0,7.966380674163178e-05,0.0,0.0,0.0,0.0005080663908372952,0.0,0.0,0.040744027294609866,0.0,0.2423612727066319,0.0,0.0,0.005123797327091192,0.0,0.021752763448257294,0.0,0.0916846601753929,0.01668244875680368,0.0,0.0,0.0,0.0,0.00010982069441596393,0.0,0.0,0.0,0.0,0.0,0.00015821938726736273,0.15842639553132087,0.0,0.0,0.0,0.0,0.0,0.0,0.0,8.902431693417645e-06,0.0,0.0,0.0,0.0,0.20457518776459374,0.0,0.0,0.124630020030302,0.0,0.0,0.0,0.0,0.08095067467692563,0.0,0.015779255923403467,0.018680866363440306,0.0,0.0,0.08142429413128384,0.0,0.0,0.0,0.09165767878642969,0.310166741117037,0.026663934574189276,0.0,0.11773332879227338,0.0,0.0,0.0,0.10460862556810765,0.16463993861180956,0.0,0.13838840765458646,0.1988270581569226,0.11065401281972095,0.00207107957483488,0.25683571096255886,0.05341541126382673,0.03159792901100867,0.0,0.0,0.029539825581523405,0.0,0.15830879184031602,0.053694300797058066,0.0,0.0,0.0,0.0007124734272140648,0.0,0.0,0.0,0.0,0.0,0.06619370074708253,0.0,0.028340124278423254,0.0,0.0,0.0,0.0,0.0,0.22835893130600937,0.031466676442836086,0.0,0.2350884039929366
2022,6,Estructura de Balance,1.8297705637726942,1.8854171585392785,1.5362233653643642,1.1991208950590255,1.9623548323303621,0.0,1.2755148660130502,0.0,1.3535418443052754,1.3172940017592234,0.0,2.198058941325671,0.0,1.0736559744236471,1.9228236029737493,5.36605798449083,0.0,1.1208981070868453,1.2473726056294439,2.709378547647906,0.0,1.5747569747088788,0.0,1.320243347280731,1.1541687800592144,1.1277929384822603,1.0293652955086323,1.688931462347256,1.3364484584999825,1.0227773738916524,2.809104642467395,1.4568280080197058,0.0,1.8105477506582504,1.4579778516387965,1.1762587594915623,1.508476375555704,1.4777063316290766,3.1493075748356567,1.2097537510534937,1.3022259348728034,0.0,6.553746984730414,1.5563125957482449,2.359323978114275,1.924662001325741,0.0,1.8515326223044823,1.3228793743582947,1.2753120738967734,1.1428883359686979,1.497545098676734,1.3881386729552274,1.6678237489379086,2.0508089825375952,1.3177664153151933,1.1656630097909135,1.1333475640962392,1.208815076405714,1.6023392993583847,1.2904771699646702,0.0,1.343056755829154,0.0,0.0,0.8785291697348017,1.2590999191234165,1.098731045643067,4.523145189667213,1.3259063677754228,1.272367760432754,0.0,1.2165781623155532,1.6033028387628743,1.571504391556684,0.0,1.5055016224903697,3.2812598377366307,1.500472296833589,0.0,1.9104108440582661,2.731557969982242,0.0,2.447156925433962,4.252815886733863,1.3086415713324966,1.6521469496033123,1.1764719117981963,0.0,2.294297359214548,0.0,5.7277682510496515,2.2055868320192578,1.6869636244909076,0.0,2.0660227516848075,0.0,1.6752008203281774,1.4387291693140989,1.81997141089612,2.7552188487575955,1.518604137505025,0.0,1.633736822381049,0.0,1.262291575159298,1.4130086358576623,0.0,1.2509118265879264,1.5781516599759517,1.4040011469617844,1.418760920729582,4.064202200652188,0.0,1.111197220269649,1.5714513560088668,1.2091487309659859,0.0,1.203730134894175,1.194239547302657,0.0,1.2249637968889915,1.377512669192848,1.0854833642081985,1.3419632296349486,1.3744815126824899,0.0,1.2854288122926707,2.980657864108025,1.4690097999188585,1.4321846195467087,2.3274845969733993,0.0,1.7437707547724053,2.1454235034655977,3.565863337667723,0.0,2.826040414975786,1.5063809799311207,8.392146220797498,1.5803591058176933,1.8605703077062006,2.189149347972941,1.087564440067285,1.070388820309487,1.2735745465300456,1.295707871457009,2.168652670502697,0.0,1.1250096130858962,1.255085456340465,2.3848782211290134,1.3009868478109599,2.7701749366652497,2.6122553415996483,1.6834643609413336,1.3260694212635635,0.0,1.210491083549935,0.0,1.3225854558017158,1.3000222514100763,1.3686696206431963,1.992406311340237,2.0013709250488967,0.0,2.0035699887041325,0.0,0.0,2.6943540853063297,2.0047907654875625,2.3289781386627078,1.2851199024653712,2.198053438595187
2022,6,Indicador de Margen Financiero de Operación,0.8562925637484868,0.8500152825839293,0.7450814892974889,0.6704491405408445,0.8570523528808447,0.0,0.6505767443057036,0.0,0.7066555126011791,0.7576543563904562,0.0,0.8741365195634665,0.0,0.7214749964102593,0.7889272524999155,0.9472295413148891,0.0,0.5995043121813551,0.7312694896741713,0.9216843056044837,0.0,0.8835589004310587,0.0,0.589618077739427,0.7926341294901923,0.6855192317595828,0.7559546896176803,0.7916353283230967,0.7277612951030227,0.6674185954409094,0.8721553029465438,0.7777594785217131,0.0,0.7713363589729786,0.6678322122584792,0.701948057003429,0.8133111879043462,0.7764501728546297,0.8882969044636067,0.8798801798825708,0.8210452581113343,0.0,0.9767049302145231,0.6736023417987343,0.7871099257120013,0.8191492348849334,0.0,0.7846036536494886,0.8476638860796942,0.7678827444005674,0.7560225636948559,0.7440292521766052,0.7611908744208443,0.8886907704290214,0.7956754895051606,0.8120329462296881,0.5102516011757213,0.7714955406268751,0.697836540220319,0.9080708212471589,0.8722872317140171,0.0,0.8412179215896355,0.0,0.0,0.7270821885654926,0.7626148797961427,0.6932143443709328,0.9342694439415389,0.7715163066363429,0.5565326652231027,0.0,0.8532515655666937,0.7470392157234231,0.5727729319190298,0.0,0.734212977736586,0.8732175101342609,0.6900038410457938,0.0,0.782361502443241,0.8725920401483211,0.0,0.762871566027619,0.8756073278199024,0.7818435215832059,0.8997109163016783,0.5058872153380264,0.0,0.8680654065743302,0.0,0.9579246222235619,0.7768830808884816,0.7311600353695549,0.0,0.8571973192503314,0.0,0.8741561986075259,0.763068076872458,0.7899773406506985,0.8855102315739696,0.7994524027083575,0.0,0.7522921816479734,0.0,0.6106860519737489,0.8584729307933954,0.0,0.7021507345632849,0.7984745052392885,0.8640667163414777,0.7033215559818956,0.9392766684506946,0.0,0.7603866809720964,0.9414386737773457,0.6329641153134231,0.0,0.8370956829281954,0.714490886231085,0.0,0.7577558755952034,0.8226159424261227,0.7430794872231568,0.580770720150879,0.7124434675868035,0.0,0.7546389756096978,0.8092659741505347,0.7008338160104186,0.6497796570960567,0.9025750032135949,0.0,0.7056557825187374,0.7998399728000224,0.9157572220000679,0.0,0.9026091848065296,0.8371635851363268,0.9497303436197565,0.8682135591948376,0.7626266225909296,0.7753683433515951,0.6984897876000916,0.6763787687386098,0.6315784838405393,0.7837541788917881,0.8919323044610439,0.0,0.7446639011663763,0.8412908368241026,0.8688615075834246,0.7125527057785417,0.9168975555104177,0.8739469253564287,0.8659822985274305,0.7978952206472653,0.0,0.856095606658801,0.0,0.7148074731866031,0.6462267007803681,0.7657297450948481,0.8914292738053886,0.8869933730694325,0.0,0.7589355163528059,0.0,0.0,0.8259419827013977,0.8292221714279272,0.8829924373179082,0.7794893168866542,0.7691040414191981
2022,6,Indicador de Margen Operacional,0.18200429494174838,0.08534055459306368,0.04384031266054098,0.16102640113168465,0.26451399192119107,0.0,-0.5767146551317628,0.0,0.13535192056178044,0.15626336135657262,0.0,-0.5042030207991076,0.0,-0.12225766837091467,0.077396596308673,0.17761078294963617,0.0,0.11907882357889456,0.04494172143256478,-0.1030271104258447,0.0,0.08407824481270003,0.0,0.2324842306499603,0.14330368679763708,0.018066552712500093,0.11715802153485463,0.18369920745763504,0.20289301771294355,0.3327132715428249,0.4021657075534522,0.2757071991824644,0.0,0.154231068557651,0.13941144871069422,0.2642824584335534,0.13105088473901438,0.055508968211496375,0.0016512120906194215,-0.0004973010609853223,0.3433317319696726,0.0,0.34581102040899686,0.1684382091612034,0.13673112402566293,0.3845219097123573,0.0,0.06293679428364296,0.3272423246976827,0.1297934386336813,0.1611791944423825,0.02595981483902114,0.12698467234674105,0.07767438266100056,0.09864152554879682,0.08793942841223076,-0.08874635224806594,0.13524336130699396,0.16713893385522585,0.21241998956374764,0.17213214245226707,0.0,0.07809321226597866,0.0,0.0,0.07075764334925232,0.04253493533134318,0.2626023214094301,0.15205999244011187,-0.11872578333379362,0.17284926724379557,0.0,0.1786588977987674,-0.14145747250838892,0.09126861831768365,0.0,0.08463131237613229,0.38664860111306654,0.24488760143130972,0.0,0.17788816412193584,0.11457990971606902,0.0,-0.027269208571239715,0.3892547050746908,0.08629172111422241,0.18006473304244788,-0.17417036936419947,0.0,0.07356064634187127,0.0,0.45093801366704894,0.2513806502299356,0.10455676352906713,0.0,-0.18833548189303506,0.0,0.06438952183986246,0.24032121793066694,0.1929447474632474,0.13854214299473042,0.21751095297177445,0.0,0.2763209735274913,0.0,0.04771241957210198,0.019573939191454958,0.0,0.11219523846057643,0.06530810830448232,0.0569357778768403,0.21071055626778884,0.1754559041747838,0.0,0.006413587417414658,0.2807312950405273,0.11743705388901797,0.0,0.20958294282254006,0.11637096053813376,0.0,-0.15653734537241615,0.14802806444750505,0.1700661450029712,0.2218925821599136,0.09233697826396509,0.0,-0.03302893766741271,-0.013707723415554172,0.05611439993200674,0.3021379234288182,-0.1776919011757188,0.0,0.19606015484759767,-0.2986320912570609,0.10050920263065405,0.0,0.2089104202728933,0.02351030509605913,0.17557270507882497,0.24895118638725114,-0.10125266317065332,0.23746684566085288,-0.004778194811989165,0.0648350072596705,0.15083084401465668,0.09531645776268727,0.14091899278914793,0.0,0.05853643038035938,0.08717663976206805,0.12282430088710465,0.035290642681496,0.27933233563657894,0.2321865873249777,0.05778298992932092,0.11604206028387642,0.0,0.3322992410520778,0.0,0.030162667874457597,0.08081754565148058,0.10409688308611748,0.1044085305170997,0.1103192270524415,0.0,-0.23057772805434373,0.0,0.0,0.1131817988322051,0.17439721782426285,0.17644699113546458,0.12524567662618585,-0.2588611436657041
2022,6,Indicador de relación entre las obligaciones financieras y el pasivo total,0.0,0.0,0.07798317166613931,0.11367977279597853,0.0,0.0,0.0,0.0,0.05291425783950416,0.014356266451828643,0.0,0.0,0.0,0.06511358797068884,0.0,0.0,0.0,0.1532518510075648,0.16308081263435686,0.11454479434714289,0.0,0.004169064371694674,0.0,0.0,0.011162108670654302,0.1818882278184647,0.006927644463577317,0.06484543064975448,1.937744747204363e-05,5.7343216006683667e-05,0.0,0.0,0.0,0.09328229835142092,0.004927564972763923,0.0,0.06744301574569517,0.0,0.0,0.016231008703910123,0.0,0.0,0.0,0.027065758822219597,0.2852130317585509,0.0,0.0,0.0,0.035200562125933844,0.13508551022411272,0.0,0.21798854676559604,0.12113897883696617,0.0002505045693423112,0.0,0.20317095746615355,0.0,0.03391025926706451,0.05247492302628338,0.027477277286531536,0.09687855774983974,0.0,8.05586026060224e-06,0.0,0.0,0.0338784648561045,0.05143596830295548,0.02305743927738579,0.0,6.762243019501977e-05,0.0,0.0,0.0,0.0004983578281865738,0.0,0.0,0.05390583949943092,0.0,0.24773995338007607,0.0,0.0,0.005210913083263743,0.0,0.019564748612436036,0.0,0.09383900531842397,0.014568092540896216,0.0,0.0,0.055064875891467684,0.0,0.00011100508438767821,0.0,0.0,0.0,0.0,0.0,2.7422416616524722e-05,0.19284570313999627,0.0,0.0,0.0,0.0,0.0,0.0,0.0,8.981303616066398e-06,0.0,0.0,0.0,0.0,0.22665234328511372,0.0,0.0,0.1665420084740015,0.0,0.0,0.0,0.0,0.08047637411678563,0.0,0.015621082556035842,0.01952702389329773,0.0,0.0,0.10975484901403618,0.0,0.0,0.0,0.12542451365183663,0.31193066092431326,0.0007643416606693043,0.0,0.16225525831843549,0.0,0.0,0.0,0.10050560895654279,0.16542852081296164,0.0,0.12860843802490357,0.21082049032402667,0.10315759051810727,0.0014197344131163814,0.2716119066738763,0.04928753790196608,0.030074863249744916,0.0,0.0,0.027981885900029643,0.0,0.17246430186935752,0.08148235512890847,0.0,0.0,0.0,0.002559461354778936,0.0,0.0,0.0,0.0,0.0,0.07199824903290941,0.0,0.02548113272835431,0.0,0.0,0.0,0.0,0.0,0.22500140861065904,0.027390533588624463,0.0,0.23564613324719294
2022,7,Estructura de Balance,1.8505109845078107,1.875896214150428,1.5665379608113315,1.2071475718996276,2.016950057922489,0.0,1.3419384713072562,0.0,1.3606994044962337,1.2800356286109174,0.0,2.3142687699090168,0.0,1.0889613553296866,1.9530104096424956,5.27310196009223,0.0,1.1338721769113138,1.2542013860569974,2.936288440464022,0.0,1.5830421007050863,0.0,1.3409788378282674,1.1506152165012058,1.0836105968352971,1.019589530203935,1.5917667193513172,1.3354153300017784,1.0347990012096742,2.8125649417479064,1.477352933484378,0.0,1.8212899165530527,1.409330040923851,1.186449422363356,1.4896341282895205,1.5720159182046896,3.1888123751529034,1.2120677484506173,1.3127023251147651,0.0,6.532855634054911,1.5661033972206502,2.4402570037396805,2.122014901683871,0.0,1.8198279747403572,1.3867618626502016,1.2238502232969717,1.1567969029272225,1.3841961212786307,1.2999692217160865,1.6906401399539714,2.133027918694802,1.2940280824034949,1.1817177661647176,1.132884179813382,1.2199188551921403,1.6128134007683694,1.2837842793667078,0.0,1.3258477191103164,0.0,0.0,0.9144992731431777,1.2728869742457367,1.1551342952132158,4.90158698413961,1.3800046743190388,1.3649363495512241,0.0,1.1720116913926812,1.6092560816658117,1.5219723203203934,0.0,1.5073145523164864,3.1757711545988516,1.4974462058996574,0.0,1.9618705764557458,2.7047458607201027,0.0,2.438968170236001,4.253466494141629,1.2895396100574261,1.6595701014522455,1.218609926415837,0.0,2.2738855225319647,0.0,5.648064414156012,2.228397409915042,1.7930833558517418,0.0,2.032516501234573,0.0,1.6505270626312296,1.4064942998437633,1.8723181672998435,2.731987802874058,1.4995568323584683,0.0,1.650879963207076,0.0,1.3327440143321763,1.3604786981293617,0.0,1.2853275347069193,1.5400110939785019,1.4365311970056165,1.4957790132747446,3.9659188734680875,0.0,1.1289931751461881,1.6432860661784714,1.221301238743682,0.0,1.2166208342743392,1.182671963509196,0.0,1.1877825282436996,1.375445050025563,1.0782153267982149,1.346670427304164,1.4130705017317367,0.0,1.3319008570728592,2.841438458844524,1.4917869327877926,1.4206820472238362,2.2935480907732293,0.0,1.7895636588350603,2.4151875952003694,3.7330817431919225,0.0,2.838114159035898,1.507336955462668,8.473480436501806,1.58781824993967,1.771483689828569,2.2199000769508186,1.1379357630847116,1.071201133495557,1.251333405337221,1.3030875282783425,2.1921555771344323,0.0,1.1395828221896636,1.3197633959445771,2.391543305650225,1.3077341174042258,2.8069783360477594,2.8104926607537086,1.7067917217241864,1.3517530061699343,0.0,1.2989547715226935,0.0,1.3451888868818698,1.321562382701134,1.328605146774496,2.0197115130707872,1.9653658343090201,0.0,2.0156174631724624,0.0,0.0,2.741793770370349,2.0349272032418213,2.395051394667542,1.3144346302953707,2.1197779016969287
2022,7,Indicador de Margen Financiero de Operación,0.8539288175272198,0.8487063395371636,0.7437540406974634,0.6627736311681988,0.8559190628962084,0.0,0.6469023439692086,0.0,0.7004323562008921,0.7519487081137889,0.0,0.8690029782348985,0.0,0.7126809779805084,0.790161947306369,0.9461636028025765,0.0,0.587862478125667,0.7253637616390869,0.9200972762571712,0.0,0.8797185198795875,0.0,0.5917318667137457,0.7887412529972759,0.6704514606761091,0.7450665492089685,0.789273392367866,0.729899749997124,0.6536358006697096,0.8711950076515651,0.7749495905710599,0.0,0.7638679115248114,0.6567593887727293,0.703818314226314,0.804071075173284,0.7677991241470715,0.884089331623926,0.8743327373924191,0.8162052846551949,0.0,0.9766523167637223,0.6752507910261379,0.7734339200529655,0.8275166930738022,0.0,0.7783612335737146,0.8421637987199504,0.7636563611916005,0.7507768696703432,0.7261569412622538,0.7495352935062677,0.886674730614885,0.7957370904764223,0.8024929687976718,0.4729870072284975,0.7573946698585079,0.694933582986183,0.9073846302894667,0.8641077041552025,0.0,0.8363625915433782,0.0,0.0,0.7299079923107298,0.7559372233841698,0.6890317803761646,0.9342527144002479,0.7587934648006363,0.5624844217830053,0.0,0.8494111337580369,0.740443795494748,0.5526730207877111,0.0,0.7318422442175823,0.8682144701168982,0.6779548412800966,0.0,0.7846637757474427,0.867623608009217,0.0,0.7607074582958078,0.8722899179552001,0.780081750778508,0.9017854127017849,0.5203103779677899,0.0,0.8701907368588183,0.0,0.9574281528363041,0.775433456719373,0.7338801482328229,0.0,0.8626886323368151,0.0,0.8707115297952661,0.7560441370585113,0.7909294446686223,0.8917266100239012,0.7975894311600531,0.0,0.7454951366111788,0.0,0.6056092712392618,0.8619227159571203,0.0,0.7014027088303936,0.7958615002106952,0.8646195770100548,0.6914309858553583,0.9331815963487796,0.0,0.7483768683878893,0.9389459694161935,0.6295248921222684,0.0,0.8362922378420932,0.7135402873580833,0.0,0.755360670102805,0.8247273206784973,0.74460674427362,0.573183283556909,0.7010526610476319,0.0,0.7542546717440624,0.8089545875085479,0.6948410841019177,0.6371476072916193,0.907298720100982,0.0,0.7097024873570903,0.8030930137871986,0.9135532742863708,0.0,0.9037457301824311,0.8304407066812722,0.9514209815767902,0.8624730579550451,0.7604475349244201,0.7680711006411169,0.69731254721245,0.666458225568724,0.6135985681997741,0.7811071916819404,0.8929973132582949,0.0,0.7407603339029529,0.8455705052267409,0.8616756060503918,0.7113961805036644,0.9137084687724213,0.8734224992594836,0.8657586653798923,0.7947946247252642,0.0,0.8550847350930331,0.0,0.7125708344926406,0.6429155007563998,0.7505769820328683,0.8932334726578065,0.8884201647873979,0.0,0.7537427036646374,0.0,0.0,0.8168885957802953,0.8218379057832641,0.8827145258244588,0.775664925239629,0.7598946788012673
2022,7,Indicador de Margen Operacional,0.1844433554619791,0.06990957623305016,0.048981827007482104,0.16144199426370098,0.28130698015433003,0.0,-0.5920236692415171,0.0,0.11637903920922944,0.16925822206960456,0.0,-0.6204785509568106,0.0,-0.04536609141826962,0.049577126015716504,0.19280761737839164,0.0,0.11103453569350455,0.04432118323771873,-0.11032086160452469,0.0,0.07802401536558203,0.0,0.24152780708568855,0.14667389718043716,0.011309776207031452,0.10169581571615358,0.15507446412048895,0.21133357120498586,0.31336481323713383,0.40943205099546714,0.2675261006788373,0.0,0.15028442774471137,0.1364551921679109,0.26633227193832304,0.13250888890672227,0.0549171122929389,0.005053083052094096,0.008373066787538953,0.33870165832951804,0.0,0.3583853596701684,0.19336797498805805,0.12812335210446296,0.3943165367192555,0.0,0.05739327350559017,0.3182351683151416,0.1303524266442599,0.1653818659027123,0.019771570960643317,0.13347486483969934,0.05091051552235049,0.08873086995996175,0.08496313089739845,-0.11643955558589132,0.1064983748812216,0.223597023386476,0.2210309001141024,0.2226313330170971,0.0,0.06846364992983048,0.0,0.0,0.08137028009019054,0.039717993951144843,0.25296187485415683,0.2166874082157728,-0.13523437396435609,0.1379413568387964,0.0,0.15637979035748978,-0.13320506029395338,0.08403312539376531,0.0,0.08070339113241665,0.3875279998376402,0.2341898897022813,0.0,0.18684814234613625,0.12060301168294446,0.0,-0.0026234991657988617,0.3537160780649556,0.10082688337515201,0.2579627228051745,-0.15729135497967867,0.0,0.06318628996842615,0.0,0.42528521624065957,0.26869640419273855,0.10875836258446575,0.0,-0.1514024839345135,0.0,0.06257470843272153,0.21372855385913958,0.2009596484476186,0.11219575091581364,0.21148312253892948,0.0,0.2724812214162404,0.0,0.04864507831978938,0.037334924108072924,0.0,0.1402153840849284,0.09080249118567926,0.07262668894474537,0.20620209079253027,0.16916894357052703,0.0,0.004412722850646594,0.29333271860474236,0.14670722568688918,0.0,0.2139871336124956,0.14032764080776527,0.0,-0.10887450647029182,0.1562141841651816,0.19147870702960373,0.2044432192360301,0.09874493784865351,0.0,-0.02812372679700234,0.0028525192245710865,0.06503229694074705,0.2745686556540994,-0.1551874861796976,0.0,0.21626349032731143,-0.07949377243212503,0.08229913364907303,0.0,0.14680332225989137,0.018387941989845735,0.18727805140227616,0.25785208022025713,-0.10274561756065614,0.2255750897783888,0.0171347394508668,0.07248459679710026,0.14165259465557173,0.10067526819969207,0.15618556670315265,0.0,0.07704501606024125,0.09772906519779435,0.09893461053704235,0.029183380721644055,0.25881630351034374,0.22015815078717463,0.06010464382687614,0.10602318297281098,0.0,0.3600398082369899,0.0,0.043765238112393794,0.08054335614815585,0.08799399934026,0.1301437943617552,0.12864042806832732,0.0,-0.2648365962796678,0.0,0.0,0.11074402766652225,0.18850316545681758,0.12396666780904564,0.1498921738115265,-0.2528820724980577
2022,7,Indicador de relación entre las obligaciones financieras y el pasivo total,0.0,0.0,0.10575105783875322,0.12374312871090395,0.0,0.0,0.0,0.0,0.05319098265980436,0.013708635239584379,0.0,0.0,0.0,0.07573742761776145,0.0,0.0,0.0,0.13438791224683858,0.1875244115615504,0.1760757714507572,0.0,0.004128835493623179,0.0,0.0,0.010663935194176117,0.21514746843509258,0.00664935163349097,0.05732974703172789,0.0,2.9141778896549754e-05,0.0,0.0,0.0,0.09080012330832027,0.018858896333373436,0.0,0.06766713029068108,0.0,0.0,0.015204185618952055,0.0,0.0,0.0,0.02504966041751623,0.25247264984864165,0.0,0.0,0.053300046808673285,0.04470366362822206,0.16745686579044933,0.0,0.2023266952569882,0.16596019206398885,0.0002974237955486537,0.0,0.2159630834368898,0.0,0.03409917049835895,0.05208268835347957,0.025801247288905083,0.0910443422070583,0.0,1.8913551023670723e-05,0.0,0.0,0.032500646093904184,0.0487671007479691,0.023405850226259413,0.0,6.497026016118248e-05,0.0,0.0,0.0,0.0004737011207059386,0.0,0.0,0.052846811434282395,0.0,0.2658960430763882,0.0,0.0,0.00535326854382495,0.0,0.01740061315065521,0.0,0.11723714797135436,0.012692513636875952,0.0,0.0,0.0,0.0,0.00010932002754535975,0.0,0.0,0.0,0.0,0.0,9.088967475754692e-05,0.19882858526309022,0.0,0.0,0.0,0.0,0.0,0.0,0.0,8.47150750686026e-06,0.0,0.0,0.0,0.0,0.23697164315893907,0.0,0.0,0.16276266155256544,0.0,0.0,0.0,0.0,0.07834687019397522,0.0,0.014934005188559493,0.019160434469975358,0.0,0.0,0.12995087461605745,0.0,0.0,0.0,0.124357918324387,0.34861377916931674,0.0,0.0,0.1492715219760093,0.0,0.0,0.0,0.1026052730234157,0.15200830795852754,0.0,0.12175486068186712,0.2661736611160134,0.09938150705041822,0.0012813405690373153,0.2855020864776132,0.02588158963079873,0.026955917414547437,0.0,0.0,0.026613879119322635,0.0,0.16569257391010903,0.07962129270500101,0.0,0.0,0.0,0.0005320132550694324,0.0,0.0,0.0,0.0,0.0,0.06060007280265394,0.0,0.0223428304389948,0.0,0.0,0.0,0.0,0.0,0.24736058296892652,0.02580232739982912,0.0,0.2825959017890152
2022,8,Estructura de Balance,1.8430688525942773,1.8935154121149214,1.5818593710003979,1.1986581770908697,2.08207003323562,0.0,1.3100981678116825,0.0,1.3749074807924835,1.286549199582404,0.0,2.4279549161061817,0.0,1.1222182340024296,1.9058146939101908,5.4328611106418725,0.0,1.1379440136653343,1.2583681445644972,3.070915287869734,0.0,1.62063733752563,0.0,1.4015831128349496,1.1572884170736204,1.1044905803507221,1.048915196760749,1.6507243279348796,1.4327943236156602,1.0593019935780459,2.8378697271884277,1.4747027020042318,0.0,1.8575463307690367,1.3961277530876224,1.2225137981716683,1.4972278956523704,1.5225517738001226,3.281643994024046,1.2431364238787743,1.3256117803568712,0.0,6.529455040210574,1.5366931190062327,2.5254705891265448,2.2033862064234464,0.0,1.8513682003198189,1.3511922423656824,1.2232742194112003,1.1906932402795145,1.3856354387061682,1.3180009806926238,1.694633191915877,2.011608034099166,1.2916932345776901,1.183278589116133,1.156635680991929,1.1975411084186574,1.6671271729457358,1.2768543758165234,0.0,1.335222788731625,0.0,0.0,0.9563322533743596,1.2988406537492747,1.2174346507860958,5.28571746660818,1.393798429299407,1.3270079007462527,0.0,1.2008562590032785,1.6319206419564112,1.530276871754121,0.0,1.519142400786224,3.1236687989099097,1.5019217414729351,0.0,1.8200940634433977,2.7359027162073604,0.0,2.4511358063262505,4.235378291643283,1.2911279043802102,1.7229996385666273,1.2312209421118707,0.0,2.3413886965694775,0.0,5.679627746294933,2.239432072969751,1.7648407218119668,0.0,2.1090415111667045,0.0,1.6363237468992937,1.4065032479914406,1.9148774006381308,2.927419879803638,1.5040952812717456,0.0,1.6728985895380528,0.0,1.3481264981029044,1.3733258819194103,0.0,1.363343522539255,1.5863396018079674,1.4405207362318417,1.4803188495481774,3.9434692133994287,0.0,1.144304074138747,1.6169209309685246,1.2115388966083254,0.0,1.2080117167605415,1.1893667751744506,0.0,1.2287701256982058,1.386110818160178,1.0731974915068305,1.357775952882743,1.4159905125208831,0.0,1.2944129054405742,3.0192581405303587,1.4591858436361265,1.4756060935436262,2.308221097311006,0.0,1.675923682684211,2.591024612308715,4.261109754971319,0.0,2.8859740051544076,1.4753662028031516,8.376204208974285,1.5596670085010793,1.9004547654971737,2.265526656328134,1.1986903298218146,1.0785248708047597,1.2568907103087246,1.248738844398954,2.2391522128428414,0.0,1.1198921880841606,1.3622578257580917,2.425715517177401,1.3243615700351117,2.7746512859643464,2.832743968623092,1.735380079894323,1.4116401627698103,0.0,1.376688794970197,0.0,1.3369719993607017,1.3336632306693288,1.3180057956295443,2.048905917753306,1.9302197355672792,0.0,2.085898901750382,0.0,0.0,2.7154867843656305,1.9673598243298096,2.480390911505304,1.3393356922840174,2.026354940881431
2022,8,Indicador de Margen Financiero de Operación,0.8514261288058447,0.8472613614459455,0.7400162881377418,0.6515678034048561,0.8529354575974017,0.0,0.6464817975569318,0.0,0.6940987486011785,0.755763600777114,0.0,0.8661380612637001,0.0,0.7033923351482271,0.7934331896350639,0.9460391965616141,0.0,0.5786357606014713,0.7169650104147374,0.9220129891497094,0.0,0.8756240161372383,0.0,0.5929034181029523,0.7864136174428431,0.6521453333348419,0.7349536217843254,0.7891028561123196,0.7294614008514505,0.6415485816755908,0.8707849971138109,0.7702761861013202,0.0,0.7613778407468015,0.6418361576958231,0.7059441779091065,0.7938370398729689,0.7623405707908747,0.8805785024017604,0.8688395073451355,0.8120413633461678,0.0,0.9761712130464135,0.6660221902080138,0.7693178876006547,0.8313170788991873,0.0,0.7736300248396515,0.836278602617828,0.7529398330828452,0.7465969747746186,0.7177326770544901,0.7482719970171192,0.8836635100754215,0.7857103982238336,0.7898019704927182,0.4688423931438711,0.7438302475808177,0.6845366025487974,0.9064257069376134,0.8595515016902837,0.0,0.8310530990659168,0.0,0.0,0.7348336047649617,0.7490284891055258,0.6870202264528149,0.9352951454539365,0.7531452746558273,0.575659104176213,0.0,0.8448413452396792,0.7325950066810633,0.5228180706954458,0.0,0.7209696506395116,0.8649741509480957,0.6683328259244553,0.0,0.7727606998425655,0.8615816878709164,0.0,0.7582999489089242,0.8659519370011146,0.7782120093381885,0.9013795339955649,0.5274260444636896,0.0,0.869335959500314,0.0,0.9566861051798232,0.7756046053251331,0.751404821063469,0.0,0.86339263174208,0.0,0.8659445948052803,0.7425487917569428,0.7925146884363714,0.8913756220608693,0.7948040747795221,0.0,0.7433430265834611,0.0,0.6047214982074977,0.8645745493427762,0.0,0.7039283441724228,0.7926728065000769,0.8693408924809786,0.6801866504053407,0.9336995270665914,0.0,0.7352679234390463,0.9369298207663543,0.6249424462001479,0.0,0.8378822144019354,0.7125194148195776,0.0,0.7527877755139771,0.8227685554344846,0.7430462800228588,0.5715563958357521,0.688029143274929,0.0,0.7548079591694457,0.8061262714728233,0.686160455626579,0.627305191630601,0.91142247373534,0.0,0.7030056994416852,0.8049436042149893,0.9117731893145082,0.0,0.9046563544285846,0.821406560484972,0.9529149634153764,0.8571405268304745,0.7586291564335914,0.7618900555562255,0.697294526868404,0.6556431842053461,0.5965698856310945,0.7778576730265241,0.8931449627678033,0.0,0.7327050335134276,0.8471838908242098,0.8584604682798531,0.7071512422647555,0.9141196369134093,0.8720707558538795,0.8636083004909844,0.7911347729808716,0.0,0.8580648091727314,0.0,0.7116171692831322,0.641759078989245,0.7349910067823123,0.8942823300502425,0.8890990823156527,0.0,0.7521815168100916,0.0,0.0,0.8137102395279844,0.8167705293410489,0.8836223747384863,0.7741067526878538,0.7381354267837481
2022,8,Indicador de Margen Operacional,0.19389487119520762,0.05551783304565154,0.04662505488484155,0.15308514710354873,0.23903698467770687,0.0,-0.5980738561345106,0.0,0.12158289831666945,0.18126286390480348,0.0,-0.6271865723045469,0.0,-0.04816795126446828,0.06828180611675211,0.19165057289519163,0.0,0.09214803274338916,0.04035266428129477,-0.06031888784363768,0.0,0.06217403753500197,0.0,0.24665322990633679,0.14612618659755322,0.0037821782579973325,0.09437904775145464,0.21074227517371974,0.16676057213410786,0.29002508493888945,0.40445894755385464,0.24900343490840965,0.0,0.15939223933558053,0.13679334292547907,0.1900301963003762,0.1209299228430609,0.05631094320075178,0.04098026755508692,0.007937723550431238,0.3363905762081065,0.0,0.34947177597584533,0.17403640990971284,0.12477209114173096,0.3990719045135206,0.0,0.059911182476517215,0.3230690900062776,0.1301823832258805,0.16355672855664216,0.033594749786511474,0.16273930384817173,0.06954428530082604,0.08044580694196557,0.10054364557946201,-0.10606555979809619,0.10987636932705519,0.1609514468374435,0.2295223890481944,0.15898291035630724,0.0,0.060387934922815835,0.0,0.0,0.08834183290119486,0.04033592318312135,0.24795741563293489,0.2346277200791275,-0.11753520677594627,0.11646225017713707,0.0,0.14405434515069002,-0.1294088997792524,0.05333219560177188,0.0,0.08843254697714807,0.4060597668061453,0.2111755575033153,0.0,0.1682802913372329,0.12312113040628418,0.0,0.02284994648274234,0.3686127813564574,0.11190370563796032,0.2615459859670999,-0.16106808072570164,0.0,0.08734276764767487,0.0,0.4178364893830927,0.2638816007123147,0.13370868292065166,0.0,-0.14401921339232507,0.0,0.05948940086247168,0.20376928283507845,0.21031566720050332,0.12169898372802687,0.1971839406165567,0.0,0.27056166976261586,0.0,0.04854008627186306,0.03228337174287044,0.0,0.15436323887964745,0.08098457719334275,0.11405564039827681,0.19247171435716742,0.1744759368429152,0.0,0.002354941618457591,0.2339801462437962,0.12606232109597543,0.0,0.16490190586538242,0.1424559775899384,0.0,-0.1404475014675696,0.1588683858184968,0.19095752229425014,0.18395877634019847,0.1023297410118091,0.0,-0.0522206496314957,0.0049552239742728325,0.07302090689173257,0.2842276548055828,-0.16085548291737714,0.0,0.2255839310885915,-0.30141102033865674,0.06953182994548363,0.0,0.14000083318509754,0.019355910605444695,0.16852668632557039,0.24996581014508507,-0.10805022235873682,0.24449588773804462,0.03664556777496655,0.06894325628874613,0.12692772104843558,0.1211514721794023,0.1611395019524378,0.0,0.06685928693105093,0.0949912724812403,0.09670599634487538,0.03089255048798929,0.24941426611348994,0.21103960304917105,0.06538636781278921,0.10597777565628454,0.0,0.35697741973971714,0.0,0.04745141181133533,0.0973993795779791,0.08683461122534082,0.14220840749771643,0.13950366290364472,0.0,-0.27945430216720973,0.0,0.0,0.17907257099845003,0.20584155903466428,0.1403101402767146,0.13193222279696115,-0.27642127395922855
2022,8,Indicador de relación entre las obligaciones financieras y el pasivo total,0.0,0.0,0.12097190667428094,0.1314483562716338,0.0,0.0,0.0,0.0,0.05383091930241823,0.01343620672703575,0.0,0.0,0.0,0.05756437164580567,0.0,0.0,0.0,0.14072542323537032,0.21536148550747544,0.1134618472548022,0.0,0.004090803812697245,0.0,0.0,0.010305922906068592,0.20900520023048866,0.006474774161496938,0.055221790412674596,0.00016096270158958792,0.0,0.0,0.0,0.0,0.08902914893365152,0.021056189156986902,0.0,0.06767428501716358,0.03577535766224766,0.0,0.014361062657175603,0.0,0.0,0.0,0.022016209492638314,0.25102014922769156,0.0,0.0,0.052942388819293196,0.05963517819383096,0.18761807770085862,0.0,0.18830967933814408,0.1603243139291682,0.0,0.0,0.20236938730900111,0.0,0.03340568695159261,0.07523623412308475,0.0441123871042126,0.08603969444977175,0.0,6.090447594172343e-05,0.0,0.0,0.0325371028855231,0.045546405460374556,0.0,0.0,3.3510924096709254e-06,0.035649703829312526,0.0,0.0,0.0004499057929450385,0.0,0.0,0.05183132346190938,0.0,0.29150592764791544,0.0,0.07823306916791074,0.006965768285847083,0.0,0.015411796754539932,0.0,0.1297389573928402,0.011589608017794968,0.0,0.0,0.0,0.0,0.00010065829691809177,0.0,0.0,0.0,0.0,0.0,3.444436449100803e-05,0.18539398299858767,0.0,0.0,0.0,0.0,0.0,0.0,0.0,8.600979188097053e-06,0.0,0.0,0.0,0.0,0.2627800797876739,0.0,0.0,0.1614752972057631,0.0,0.0,0.0,0.0,0.07706363387215337,0.0,0.01476766035980603,0.018819285946300914,0.0,0.0,0.1418448984036244,0.0,0.0,0.0,0.16142489548847794,0.34567482946476646,0.0,0.0,0.21025304561990293,0.0,0.0,0.0,0.10420067434652579,0.1846700912937531,0.0,0.1133689137187952,0.2601497481837371,0.09396793844965089,0.0012779083546832003,0.27758182138114174,0.02122014689334801,0.026229322315466302,0.0,0.0,0.054517674061940725,0.0,0.160203185100038,0.07799803305836778,0.0,0.0,0.0,0.0033377458983169612,0.0,0.0,0.0,0.025474038686208324,0.0,0.05819391301070425,0.0,0.018898279253932015,0.0,0.0,0.0,0.0,0.0,0.29526165210147465,0.022552482798035893,0.0,0.256153185089741
2022,9,Estructura de Balance,1.8638504336420565,1.9425317554543007,1.5841300835186674,1.2093620551526156,2.094485390275729,0.0,1.3148197190865378,0.0,1.3724755326463536,1.2698302591290334,0.0,2.448028522417259,0.0,1.1434860107493399,1.9543758285431032,5.718777295814379,0.0,1.1211885759136329,1.2406969091963604,3.492610623911398,0.0,1.6399998392029695,0.0,1.3881058196199398,1.1665022359555146,1.1140562266676748,1.0677167608411233,1.7200130025070532,1.5176790926369486,1.0991305239714872,2.949106774878645,1.4562418070402061,0.0,1.865801030485807,1.4097123778122795,1.242272215089839,1.469436532744722,1.547226551814133,3.355614545110761,1.260514279848719,1.3320024952082943,0.0,6.463365872798806,1.4623552035899459,2.474775474211281,2.3439945500533157,0.0,1.7376061719758185,1.3784338146715078,1.232513423475953,1.211605819105793,1.3983558717571762,1.336011214373752,1.622018964429878,2.048268884337599,1.2907138639150846,1.1631490191385627,1.169771177606708,1.1645454720669326,1.6452708764330728,1.2794272373610467,0.0,1.3532719228943526,0.0,0.0,1.0282841625954615,1.3192765930663957,1.2505160999548914,5.322929174110616,1.3689300901690906,1.368778021652164,0.0,1.2498961827090393,1.6577330530747678,1.5229701087549654,0.0,1.5116267732310047,3.109187124191473,1.4918055670877066,0.0,1.8948689715496507,2.7323600777238894,0.0,2.462153555285604,4.230850062483864,1.3106943551032775,1.7253730227202182,1.2542710194750544,0.0,2.280753608439789,0.0,5.41137172953168,2.2469227629177726,1.822937624256982,0.0,1.9342899783204714,0.0,1.6602445350254982,1.455435279014466,1.9593361448801792,2.9668610899820234,1.52802388746202,0.0,1.6994635613007503,0.0,1.3851575511172307,1.5349857966750986,0.0,1.421087015178596,1.661630687358402,1.4461158512874586,1.4840179080562284,3.907740558618263,0.0,1.1572310090426323,1.655595694695423,1.2356336506202847,0.0,1.223336796870674,1.15617896818611,0.0,1.1893249478734322,1.3884279413424931,1.1231116478973378,1.344666574180328,1.448549691456906,0.0,1.3558860635097592,3.4414663397583767,1.4698056558080377,1.4931765220216935,2.2725112600311874,0.0,1.7341529153038906,2.5700569748968385,4.4582831613200495,0.0,2.8062409085116413,1.5238331831958416,7.994325267248981,1.579509780654458,1.7035318786166413,2.151405658960658,1.1529589449118856,1.0938918986299742,1.2572332080384943,1.2564215154168548,2.248437785501861,0.0,1.1212869542736514,1.4366392435545143,2.43815285715746,1.3410567810017378,2.876012698639666,2.879615476926004,1.7521082277386464,1.419539524332545,0.0,1.319949449604034,0.0,1.3290669807774271,1.3365132444100316,1.3281842283537564,2.1148689237684932,1.8708763620711863,0.0,2.1113876397646707,0.0,0.0,2.735964854358586,1.8919342384172189,2.54576004203322,1.395674071892442,2.0096249586086574
2022,9,Indicador de Margen Financiero de Operación,0.8496928113671052,0.8464173445683335,0.7344764737114838,0.6404959287683446,0.847223953411656,0.0,0.6449617827245394,0.0,0.686186421200528,0.7532607890804462,0.0,0.8657966675206388,0.0,0.6975402910076279,0.793341473295251,0.9482620253011143,0.0,0.5698491277462095,0.700536738155257,0.9228624644585665,0.0,0.8723588882992431,0.0,0.593703229911554,0.7819605932823576,0.6641876177721557,0.7181786544351348,0.7868241563818861,0.731609965731726,0.6318582342477319,0.8709809106859365,0.7639566102313898,0.0,0.7559179463058192,0.6277766181419507,0.7033510381846942,0.7839548960481019,0.7550400097854725,0.8785510776425973,0.8626215555288721,0.8126351073801165,0.0,0.9753568273288976,0.6502712493796139,0.7616590422127295,0.8337554141226725,0.0,0.7633031652569079,0.8305512038457744,0.741592663116893,0.7428540167958118,0.7145936550274767,0.738087937063873,0.8820616619585866,0.7787084672320409,0.7791665541106995,0.4650831829300074,0.7293810317169716,0.6718770565579169,0.9029718437572307,0.8565084159147947,0.0,0.8254629254488887,0.0,0.0,0.7363013489263701,0.7436965045507268,0.684389319873845,0.9365163550177462,0.7275500949117704,0.5790755563958816,0.0,0.8412948227667879,0.7276305412035039,0.49442136547377813,0.0,0.7171069219495826,0.8610156242894899,0.6550504698961637,0.0,0.7686948067196252,0.8547035646217466,0.0,0.7571855360972791,0.8604637011832522,0.774693138113791,0.8961552142658084,0.5349709791879996,0.0,0.8699006602147474,0.0,0.9567790261106238,0.7739379889430168,0.7573322494180389,0.0,0.8641413443161753,0.0,0.8618814110908505,0.7361529838735591,0.7950242996679381,0.8919488899990076,0.7928251347690677,0.0,0.7441906361397443,0.0,0.6076124939284517,0.8665018896576998,0.0,0.7078460845311355,0.7905666930429956,0.870534042893284,0.6706125307059015,0.9321754178150964,0.0,0.7230054386436053,0.9353690579622669,0.619339285049416,0.0,0.8373053465545909,0.7111644989479577,0.0,0.7490298733037631,0.8218506013470249,0.7420271626896927,0.5717011504083229,0.6755399571921282,0.0,0.7548384851739617,0.8067254254355357,0.6588531367980609,0.6202802647107408,0.904855416981439,0.0,0.6951284512072827,0.8025871230323322,0.910522118157895,0.0,0.9049372219334215,0.8213655994457338,0.9538607545765903,0.846957730318112,0.7569669856049063,0.7550796230010477,0.6928432119664144,0.6454854097793548,0.5801750717819179,0.7744849691343932,0.8915891105256438,0.0,0.723028227857358,0.8492051685688462,0.8528701457334624,0.7019448156592085,0.9147011047128984,0.8715762722677476,0.8616872531402183,0.7870068036079905,0.0,0.8515665717872495,0.0,0.709907921552835,0.6365719993666649,0.7199903123762539,0.8953990086933674,0.8896391930157609,0.0,0.7416126256592227,0.0,0.0,0.8119478474571729,0.8096838694935077,0.8830811781163559,0.7722166639133344,0.7190875184919852
2022,9,Indicador de Margen Operacional,0.18243056534682464,0.05047169021973111,0.04252145307257771,0.14285883051297607,0.2204726666248649,0.0,-0.6423808045044643,0.0,0.11323097570393953,0.15829334605681658,0.0,-0.6271650188181491,0.0,-0.04641642922468434,0.08684975096348513,0.18883215280962062,0.0,0.09725538006643393,0.04146643965938719,-0.066391765534943,0.0,0.050283974321949164,0.0,0.25319297268755686,0.15512729548193405,0.006762227740843571,0.0836087992505675,0.20587990445360624,0.15881334455484794,0.2700105013259893,0.4109714790850164,0.23363452451571873,0.0,0.16261442207464302,0.13467117645588783,0.17805284640554525,0.11979677937441499,0.05526223052926761,0.07242887848115587,-0.0017498330663740526,0.31931197551766766,0.0,0.3584902404392628,0.1404389706561498,0.11096502731935826,0.3900972250375834,0.0,0.0785503604795418,0.32698938259819865,0.12705255251469622,0.14817528903087135,0.035278145155163095,0.15823122742625337,0.13571285770391375,0.07986206220778438,0.09455511804378201,-0.1091491474733134,0.11902660814457834,0.13204224420273275,0.21247019484853097,0.17826587345681436,0.0,0.04817974855852354,0.0,0.0,0.08922244542524652,0.03999511687699647,0.23382468817762858,0.33364254563554824,-0.13479978924841385,0.12183138474431313,0.0,0.11761115227857587,-0.0979614775244213,-0.05456731276462705,0.0,0.08115035388941033,0.39994815882632584,0.18954450279076188,0.0,0.1593268494933962,0.11347331532438394,0.0,0.024980497291333607,0.38578170074154755,0.11229974810468406,0.1633976328325627,-0.24839248543861547,0.0,0.0848930420255564,0.0,0.39761683416075577,0.25377203309170987,0.1227007047083706,0.0,-0.09229645404839691,0.0,0.0700702586854705,0.19133136222410943,0.2094902457470794,0.11522078636655442,0.19584633060072357,0.0,0.2265844799500439,0.0,0.0580921537553929,0.06605906308746982,0.0,0.16643734287777237,0.07884076887428375,0.11728977152201632,0.1758712411784626,0.16501357260151905,0.0,-0.003651525237291227,0.2820598455640331,0.12672113099909812,0.0,0.22582894319693894,0.13395182126425867,0.0,-0.14438737868975,0.1687441935818773,0.17354111308030884,0.15692654714463522,0.09866938540447948,0.0,-0.04835688653430525,0.013953726473161124,0.07875135719306206,0.28486362947274607,-0.17507785464257072,0.0,0.22201534895472078,-0.2832537585364017,0.07524045207754791,0.0,0.1464877387907483,0.03133669958336726,0.18513390540735716,0.249520248172213,-0.11179897258351762,0.246381818990147,0.0523776236040302,0.07198477393416762,0.10883129980245798,0.0889634144718287,0.1639928439111003,0.0,0.05680158752981691,0.10275844665500554,0.0944354019311692,0.03497992453065719,0.26536441775979214,0.21581199457164138,0.06152721940840917,0.10753419495627543,0.0,0.34604408173527057,0.0,0.03618640554229652,0.10679726193527808,0.05790060742207555,0.12100368773605004,0.1378354183223776,0.0,-0.2783610417759029,0.0,0.0,0.17658744610168275,0.21548699055313938,0.15732566863728997,0.13637908289367465,-0.2800058306133075
2022,9,Indicador de relación entre las obligaciones financieras y el pasivo total,0.0,0.006755858477739223,0.13665327630783164,0.12604163209268993,0.0,0.0,0.0,0.0,0.05372470647568662,0.013119625722784085,0.0,0.0,0.0,0.04124823275669759,0.0,0.0,0.0,0.14639974674467907,0.2288412255461896,0.1270242447711889,0.0,0.004028361935998143,0.0,0.0,0.009350462440266586,0.21984044309570872,0.006116813943217016,0.05316189643176044,0.00013825479818735357,7.787530952761373e-05,0.0,0.0,0.0,0.08665587217462835,0.019897861918431597,0.0,0.07559823376100731,0.03325379458647604,0.0,0.011485996199275808,0.0,0.0,0.0,0.10894978734779051,0.4042074305672441,0.0,0.0,0.23948509088030703,0.06940288059556728,0.19282626728511543,0.0,0.18494166041210502,0.18819569268597908,0.0007025097384639577,0.0,0.19859791298492127,0.0,0.03288215714003424,0.09225205860044476,0.0745136977761048,0.08051363822680654,0.0,3.623548532124193e-05,0.0,0.0,0.031799599958971796,0.04232696585211341,0.0,0.0,0.00010539767193536914,0.0,0.0,0.0,0.0004361620729279849,0.0,0.0,0.05009787439817947,0.0,0.29535840944192704,0.0,0.04127015018695216,0.00473176044841174,0.0,0.013303856072630899,0.0,0.1773867781578148,0.010338048156471207,0.0,0.0,0.08732785035349659,0.0,0.020919514722224575,0.0,0.0,0.0,0.16596630612004418,0.0,0.00010042095052880725,0.17684245829728182,0.0,0.0,0.0,0.0,0.0,0.0,0.0,9.658777740993006e-06,0.0,0.0,0.0,0.0,0.2912126631913292,0.0,0.0,0.1617064823452352,0.0,0.0,0.0,0.0,0.07350622173052615,0.0,0.035245872138118924,0.01890396745175574,0.0,0.0,0.12225816988282072,0.0,0.0,0.0,0.17593163030136538,0.33485617347730096,0.0,0.0,0.20288018218253243,0.0,0.0,0.0,0.10113197218547267,0.17767646708529877,0.0,0.10872774988916319,0.32472981860769323,0.16749866142835812,0.061009784253016404,0.2701817312086536,0.018817170218741897,0.025491857213299492,0.0,0.0,0.07456537909132976,0.0,0.15290767529454216,0.074618346606037,0.0,0.0,0.0,0.00043310161379908147,0.0,0.0,0.0,0.06150727662757342,0.0,0.048557304455554784,0.0,0.015630065330647203,0.0,0.0,0.0,0.0,0.0,0.32029813520289724,0.020426942011605262,0.0,0.2568579562823991
2022,10,Estructura de Balance,1.8394123146509822,1.910825396633873,1.5635024286676062,1.2033518584946066,2.0745800304937116,0.0,1.2915017224911067,0.0,1.3518115712264247,1.2624877053840287,0.0,2.513823121108048,0.0,1.1191180739085191,2.0228262159350687,5.847646867081566,0.0,1.126038823344153,1.2445628965964277,3.6616956597251864,0.0,1.5995029210519107,0.0,1.3994345601891212,1.187611307222755,1.1067403845086619,1.083378463455528,1.6124788486661954,1.5912542707526927,1.1036964599099932,2.8442138729982758,1.4275920399584618,0.0,1.8703548808536044,1.432065173703291,1.252581799327569,1.465510345282079,1.556999438251614,3.5317519528606898,1.28031055824906,1.3373371423361775,0.0,6.2441584471584175,1.4923136712382863,2.4764041410629436,2.1584779809385144,0.0,1.8165861867546191,1.3710528051756465,1.2132638135646627,1.2069186575594737,1.3755775644153434,1.3576337819339008,1.7371964510336702,2.1254588442753612,1.3055661211579064,1.1401021982766433,1.1683443723473683,1.160460470846172,1.6597013634044508,1.2688051467413701,0.0,1.4020962931317138,0.0,0.0,1.0672058526684856,1.328966787889433,1.280620171902973,5.3915482719755925,1.3658630341336453,1.3444306647965711,0.0,1.3059540738466753,1.6996931380057978,1.5462686556185599,0.0,1.5095741391964868,3.1026678872081215,1.502506175941811,0.0,1.9964928863816762,2.706719506799022,0.0,2.4743561795822924,4.221028292765803,1.2787466194826016,1.708280812791465,1.2468419414142744,0.0,2.29867652096376,0.0,5.480157381423905,2.2656391594529137,1.7353654873001985,0.0,1.926525614758569,0.0,1.6936214059902222,1.4136721820910239,1.966021467138329,2.615048726353771,1.54253928668606,0.0,1.7028491234664154,0.0,1.4508509681176496,1.5027395842459395,0.0,1.4189537077057996,1.6228177096982102,1.4596379322092963,1.4649503083331166,4.002001460518158,0.0,1.168057630854824,1.748877721055911,1.2461168000793557,0.0,1.1913874189616216,1.1547378502964252,0.0,1.1884987799441997,1.4034145820613044,1.1517525155975448,1.335433973476784,1.475668625274391,0.0,1.4107242955723662,3.779412629027947,1.4274307040126941,1.4471516281018728,0.0,0.0,1.6639327731370168,2.2235265799545254,4.601118278805464,0.0,2.8392725084596173,1.5530068779867303,5.342350667040395,1.6468744701780096,1.7721150067031415,2.0828716337877227,1.176229114484383,1.0712572667588824,1.2711937634598158,1.258491962988765,2.246936342297387,0.0,1.118580564257119,1.5214525896009408,2.3384704035247035,1.3263495285709002,2.894628174270954,2.7500771150655434,1.8094187709180565,1.4147642303450982,0.0,1.3193335813159082,0.0,1.3396252183142099,1.3467050080189573,1.3399670494214106,2.2062888717458393,1.842816661850092,0.0,2.108467702927703,0.0,0.0,2.7258058258096955,1.8746134236627834,2.476338341839725,1.416790432606506,1.9704408006522327
2022,10,Indicador de Margen Financiero de Operación,0.8474635463739676,0.8445312352469411,0.7266789212203463,0.6117656734382805,0.8447562859137537,0.0,0.6399196532288615,0.0,0.676606323000728,0.7504776926184754,0.0,0.8650515942291157,0.0,0.6917235072117391,0.7958946112451928,0.9475242146227482,0.0,0.5561990714953851,0.6878268622429651,0.9234252586000612,0.0,0.8693470163701719,0.0,0.5952009212486019,0.7760169029140022,0.6205541566691374,0.710163721210697,0.7843964006553844,0.7363397383658823,0.6226453862781689,0.8726933817984305,0.7555679151038069,0.0,0.7498970838906089,0.6161478230395091,0.7010467176623556,0.7722796039109979,0.740352371008043,0.8768980089630068,0.8562559387276908,0.812807511346461,0.0,0.9750761238065913,0.639419019866106,0.7542416459105626,0.8336221395965264,0.0,0.7485225644232643,0.8250434783613768,0.7294297448413132,0.7369745913974486,0.6866229529465606,0.7310725260240986,0.8826469049910566,0.7733465733593485,0.7695703267073688,0.46022234087258673,0.7129803932961227,0.6570088539139687,0.9003828899825348,0.8537110562047221,0.0,0.8197148050247814,0.0,0.0,0.7386475187742461,0.7406428619563815,0.6824700867321755,0.9375641497693189,0.712863672580861,0.588316397426373,0.0,0.8395523599887038,0.7224863144983478,0.46782670554090305,0.0,0.7115713545086837,0.8566393211219202,0.6428517745658022,0.0,0.7640553847457331,0.8477421635571711,0.0,0.7562952080574462,0.8529945606855229,0.7693540601780375,0.8912732595398215,0.5231516295298436,0.0,0.8661132206501596,0.0,0.9562037070573665,0.7720397396113773,0.7562624187907357,0.0,0.856318867577816,0.0,0.8580356428064565,0.7235285933116012,0.7957314386469504,0.8917153735533412,0.7896512210233626,0.0,0.6710576802962003,0.0,0.6127505556527454,0.8642073886287353,0.0,0.7093430636464182,0.7883656867830142,0.8710550385124017,0.6623367620913292,0.9352359659768426,0.0,0.7139796589682147,0.933009746100115,0.6132044196868727,0.0,0.8377414243378567,0.7094537919868248,0.0,0.7474049473299326,0.8203060213547172,0.7441461040325142,0.5724073829054288,0.6629819532843427,0.0,0.7549081133443425,0.8048477223092215,0.6311910192473168,0.6097879209015117,0.0,0.0,0.6884408838062707,0.804474595268977,0.9091280799408205,0.0,0.8803567636396055,0.8125136938121468,0.9568093846569745,0.8391848211099906,0.7416683278790376,0.7457750644267274,0.6872206361104091,0.6332380562682242,0.5642987745042002,0.7683229138567502,0.8874792326090425,0.0,0.7128499083815242,0.8517430636524433,0.846191531367511,0.6944015525287677,0.9148894426622391,0.8701741402160799,0.8593604322028731,0.7747832730215757,0.0,0.8448292898381546,0.0,0.7079924804297943,0.6300069445578047,0.7047903949770232,0.8969680951008017,0.8898488322522694,0.0,0.7288229613889832,0.0,0.0,0.8136446578739854,0.7990545292278034,0.88118887911899,0.767930174879232,0.7005621938475509
2022,10,Indicador de Margen Operacional,0.18269683543431472,0.044110885719184714,0.039409651415110145,0.11466749996689016,0.24640073950362423,0.0,-0.7969975846181202,0.0,0.11505483200431932,0.14797247044419132,0.0,-0.4940839279971216,0.0,-0.04414204166541378,0.10701182339717985,0.17986494900426964,0.0,0.08665759995155864,0.025196453650561786,-0.15283768585872134,0.0,0.04021313126280886,0.0,0.27232469546232474,0.14102361625437262,0.0060795055637518835,0.07641938314774133,0.16345790569948193,0.13992500960795584,0.25166360254474407,0.38332236138462034,0.21539271292528409,0.0,0.16743580000582814,0.11898728428001279,0.14070581049218572,0.0977126340490841,0.05397547934452706,0.07463496834083432,0.01719829785264131,0.2848986657056075,0.0,0.3632002587158926,0.13444522308482051,0.13074826720389257,0.3937442387044937,0.0,0.10525405983502545,0.32937112815770586,0.11948326633411673,0.13568919839221952,0.04290601062867203,0.171830352543477,0.15116851601118686,0.08037090769832556,0.0792537996235183,-0.10839644825755498,0.11195565177433772,0.15576576036292383,0.2150412247456479,0.1852659815281447,0.0,0.032612667736010265,0.0,0.0,0.08394816091043318,0.04283668428707417,0.2319486420154848,0.3211991330781634,-0.20183951414906293,0.0878138953890327,0.0,0.10895491514292052,-0.08741194630424295,-0.06836052168758007,0.0,0.08469798759137408,0.4001733126853029,0.16868286045790443,0.0,0.14908705767891411,0.09863900251066993,0.0,0.03117678164329809,0.3887488712659464,0.10232294423836386,0.1506854737522571,-0.25032398483078033,0.0,0.11216098236464236,0.0,0.3845892814174444,0.25063784688190377,0.11481282375469896,0.0,-0.12037606790239104,0.0,0.06499550055637315,0.17653611441479547,0.21784249426825603,0.13313735116930514,0.21684816097251136,0.0,0.1591154923982049,0.0,0.07565677270237185,0.07965092759536525,0.0,0.17689820232247727,0.08089360992642844,0.11821251714353503,0.19017581968575445,0.13767393886247903,0.0,-0.00233154276078667,0.18450905465839154,0.12490241931506114,0.0,0.19615691312092,0.10078549981453609,0.0,-0.14323977663196477,0.183505013629017,0.1677627257069182,0.15900898410304803,0.09538570051526223,0.0,-0.04383837503520952,0.024392891795108933,0.030045767294439845,0.25160646927624664,0.0,0.0,0.19941017282697893,-0.2442686344275979,0.0865512799080931,0.0,0.14402350221810375,0.022906533320369845,0.20352917651953273,0.25988560296504043,-0.10617151033712319,0.24676614430504787,0.06202841856790996,0.06090324882188005,0.09771035704990037,0.07432681241054637,0.17223720421279012,0.0,0.04823788120954171,0.10582877445335373,0.08652372927705605,0.028821122746854198,0.2612195511442275,0.19663466846447653,0.09933617588253175,0.11561421483153483,0.0,0.33982086723797794,0.0,0.033163908325551834,0.10259062919928238,0.04523083833402837,0.1427927637187531,0.13335394639288436,0.0,-0.27161781329579304,0.0,0.0,0.16074591622739362,0.22251453674121696,0.16398261657015553,0.14231075416320843,-0.2752846063390006
2022,10,Indicador de relación entre las obligaciones financieras y el pasivo total,0.011893637164633819,0.028504508366288837,0.155892065579166,0.126568045439815,0.0,0.0,0.0,0.0,0.05262590350319385,0.01255236081089846,0.0,0.0,0.0,0.03758768136888823,0.0,0.0,0.0,0.14734923931410002,0.22248288302425973,0.11847491970488105,0.0,0.003632134916379646,0.0,0.0,0.00879207093188564,0.21687709103503722,0.005882361558151355,0.11083164846645974,9.044217554730747e-05,5.668411457943348e-05,0.0,0.0,0.0,0.0856217257901508,0.01870519281410371,0.0,0.0747704553834922,0.030726608887067446,0.0,0.010378109358593558,0.0,0.0,0.0,0.10409125478721766,0.38521653894380276,0.11282687710491487,0.0,0.23451807159455046,0.07926452014067202,0.2079055761873919,0.0,0.21730276952651664,0.18715095648161173,0.00010669750255351905,0.0,0.1963219453068118,3.0330229860418672e-05,0.0314587258715067,0.08611806420089071,0.07181210824523705,0.07431899249220611,0.0,1.3951908660245565e-05,0.0,0.0,0.03136583882517085,0.039595038998420616,0.0,0.0,2.352826629529862e-06,0.0,0.0,0.0,0.00040791202352876587,0.0,0.0,0.048695433520459755,0.0,0.2906123163216594,0.0,0.08502882574684086,0.00989613277093791,0.0,0.011188051642973939,0.0,0.21682315458648807,0.008094493967247205,0.0,0.0,0.07358613540510758,0.0,0.014025331946254754,0.0,0.0911940974990423,0.0,0.14920634940740277,0.0,8.764556701524527e-05,0.20605036975176233,0.0,0.18694176262126552,0.0,0.0,0.0,0.0,0.0,9.42924433463877e-06,0.0,0.0,0.034882034235717854,0.0,0.30276875077197235,0.0,0.0,0.17345728260557866,0.0,0.0,0.0,0.0,0.07147122680486823,0.0,0.0765486834600076,0.019836797395004775,0.0,0.0,0.09783369537039784,0.0,0.0,0.0,0.16913976485376558,0.37113523439880297,0.0,0.0,0.23745123491524495,0.11919097517712272,0.0,0.0,0.0990519319702649,0.17330983169029895,0.19120817762228914,0.10705991194009157,0.30140800668735324,0.1554105267280156,0.0608259258101154,0.27628279186386884,0.013800696765095741,0.049225596313761576,0.0,0.0,0.07983972735523852,0.0,0.19765524608940588,0.07145525902234301,0.0,0.0,0.0,0.00037911684711983303,0.0,0.0,0.0,0.06153305627248943,0.0,0.045769912301376156,0.0,0.01277762880019657,0.0,0.0,0.0,0.0,0.0,0.314036656780343,0.018501728856254968,0.0,0.2512153413832963
2022,11,Estructura de Balance,1.828417591924684,1.8943079335259185,1.5865020987079113,1.1912556719685854,2.079686723993438,0.0,1.3470951099072264,0.0,1.3300333849947852,1.2897314607682642,0.0,4.1437574880044075,0.0,1.1323898322109065,2.062735179017184,5.911756969959145,0.0,1.123820081340047,1.2403067937680359,3.9886867427763852,0.0,1.641578513091499,0.0,1.393635944619899,1.2028733389942043,1.1057348811953678,1.1173757353332487,1.666121446507235,1.5931558545533933,1.1114288867237663,2.914938269348657,1.4347798362297952,0.0,1.851752080550161,1.439458487939484,1.2439596825747314,1.4622987978852882,1.552157056008811,3.5069183838384004,1.258523973772641,1.3635397943411227,0.0,6.270815481741852,1.533868498232456,2.376172597181322,2.2408393933032587,0.0,1.8100397529502608,1.3286881130646548,1.212228164801852,1.1850666608729157,1.3778488944077563,1.3687208617664648,1.7647236150366288,2.0948362591906995,1.3067422927971353,1.146597200307116,1.1517701365059243,1.1650088483062417,1.7120308888262354,1.32107398945303,0.0,1.4233957781230955,0.0,0.0,1.1073436753493466,1.3540955386595164,1.273221098308945,5.598643925968313,1.2039939949102443,1.2614717815346925,0.0,1.3754576964164003,1.7157908471699481,1.7052294024155976,0.0,1.5085375076689862,2.9796301829179166,1.4922322217125352,0.0,1.9891961378707628,2.695470834020958,0.0,2.477165664680542,4.237513391298533,1.3176324282649667,1.7190419226646068,1.231163768575851,0.0,2.3247540538413984,0.0,5.188718049271591,2.2882888003254256,1.58975477372139,0.0,1.768742225238057,0.0,1.8237560353075983,1.4113035627814006,1.9726052221075128,2.6522456933759715,1.5393439917515213,0.0,1.7341359217370793,0.0,1.282329206149056,1.558230001481837,0.0,1.4469956734906604,1.579831431309983,1.4615594885904755,1.3782663369199841,3.802539776713149,0.0,1.1860605012751095,1.8670182438287581,1.2807550178324714,0.0,1.2357030911403668,1.1624440804635214,0.0,1.1965463661846598,1.4213567776575948,1.1778108734338009,1.304195899695404,1.4674045646677187,0.0,1.4148126100936806,3.7726666321571747,1.3883203015407726,1.4585849646121312,2.5711689698663207,0.0,1.5999415993116108,2.2643712185717,4.622694741530359,0.0,2.8873633341751113,1.5490893531503598,5.830056075687309,1.5286043481894251,1.8153564509931175,2.2460066251450543,1.2058312465622845,1.0775087102121998,1.2685763113460715,1.2606298248676762,2.268871612704129,0.0,1.1270361347779765,1.5621252845824236,2.3731682141572783,1.3277931309441826,2.9256673572260286,2.5941872103347854,1.8120254995096519,1.4587043477312553,0.0,1.3403095245831242,0.0,1.3908180382624675,1.3503899813884306,1.3485069001578753,2.2371128538690828,1.831339392898544,0.0,2.3189171949263274,0.0,0.0,2.778433078730137,1.7641097916325137,2.5413631681572557,1.443266113239551,1.9564177127031697
2022,11,Indicador de Margen Financiero de Operación,0.8441252214481784,0.8417674484327811,0.717372601733165,0.6068468530188666,0.8392363350904378,0.0,0.6307244257285071,0.0,0.6663495744907527,0.7472152820197644,0.0,0.8695999019951928,0.0,0.6835079119143874,0.7985007798585047,0.9475615040292799,0.0,0.5439174539306223,0.6781589928132243,0.9249628282915643,0.0,0.8668745099200788,0.0,0.5964622818920489,0.7659972185781674,0.6030271002368165,0.7070643559933556,0.7781125843457428,0.7382031946585179,0.5955330417018365,0.8729015269646972,0.7471651408874709,0.0,0.7434242753950595,0.6040687212408653,0.6982688318194855,0.7620577549849519,0.7308791106981505,0.8756248733036138,0.8466654177378026,0.8136264078394385,0.0,0.974956788927356,0.6353434154381196,0.7397732707090919,0.8251742622571737,0.0,0.7284799327059337,0.8169579118257873,0.715949247376167,0.7301493581709614,0.6739658523103069,0.7256188648906202,0.8807337995063552,0.7632486851554958,0.7613938111873277,0.46752497997058545,0.7030287505681847,0.6434508347735783,0.8983106985614847,0.8490109317573248,0.0,0.8159517783140567,0.0,0.0,0.7412074482800958,0.736919799390045,0.682076031674754,0.9385581555850657,0.6995155115583137,0.5929218757570585,0.0,0.838019007461469,0.7180400320355281,0.44532062230351777,0.0,0.7047148201833294,0.8524195346022765,0.6330899079525758,0.0,0.7537403255983862,0.8406455189556424,0.0,0.7557481315497332,0.8470433225040014,0.760247818382007,0.8860663299259124,0.5170811148449065,0.0,0.8683733117690613,0.0,0.9568711771035047,0.7659554539390595,0.7515813830960354,0.0,0.8500842982015016,0.0,0.8545961438478406,0.7092195624653006,0.7955683452745653,0.891588843470118,0.7855213507442111,0.0,0.6706127249336084,0.0,0.6146829271707513,0.8672813041579449,0.0,0.7126159554633713,0.7812977862643955,0.8710680039199801,0.65941307272417,0.934471974148531,0.0,0.7046939253262228,0.9315932332213196,0.6047495606102594,0.0,0.8313433579382614,0.7074787737842814,0.0,0.7401239024553908,0.8202840036399757,0.7452609791590352,0.572274198214253,0.6542469165428734,0.0,0.755467547366223,0.8071302774756136,0.6230199451961926,0.5995230013572489,0.9103054179166484,0.0,0.6713291589659515,0.8007749546329457,0.9078997575486891,0.0,0.8765370694964549,0.8138476701670251,0.9470147619380166,0.8359408750252851,0.7279537097442021,0.7378913021658607,0.6790577293144251,0.621132659575054,0.5489861376367009,0.7633403420241692,0.883597259253667,0.0,0.7033126006002569,0.854346951014718,0.8374129086685906,0.6868753048329101,0.9160254565057999,0.8680997030932627,0.8557958839147359,0.7637101811380368,0.0,0.8365386357092127,0.0,0.7028774541312494,0.6189367523554321,0.6919070980254814,0.8985345430243915,0.8900000637455876,0.0,0.7190963498906802,0.0,0.0,0.810240624430001,0.793068988521783,0.8823852087099358,0.7669354635046866,0.6815418846377734
2022,11,Indicador de Margen Operacional,0.16031323835982672,0.047943337772842425,0.030151956216616576,0.10426086365926425,0.2325329774468624,0.0,-0.8254839218183498,0.0,0.10012120691407132,0.16379505356315574,0.0,-0.4969922324242308,0.0,-0.04587361187608743,0.14865381877647219,0.16634052139192007,0.0,0.08098976739002654,-0.011080277310330011,-0.10788936855424162,0.0,0.02856931039905701,0.0,0.2847179177978752,0.13385461824250958,0.004466930639227753,0.06649736651130198,0.16581823167049284,0.14665789015086816,0.1932154600109697,0.3854733106410986,0.2016283874379546,0.0,0.16355393472949106,0.10285777565289375,0.15130935621678124,0.08183442847191494,0.05039195654293572,0.08950579839773054,0.009401975574863228,0.30324637933211424,0.0,0.36366779465121224,0.1251561028318586,0.1239100452751101,0.39196525074358096,0.0,0.0987792751340893,0.3188883922397181,0.10362187734847357,0.05565558297857826,0.017252706320256706,0.1758061824290925,0.09828174415441905,0.07679161863043517,0.07423036933710564,-0.10960206956129523,0.10028957911261763,0.08276266589430303,0.21914777612556158,0.18364902324719062,0.0,0.043717478134742166,0.0,0.0,0.102778078763174,0.0472138823931478,0.22299843527181346,0.33807367668921817,-0.18281429484078282,0.104191921885567,0.0,0.10550500797991386,-0.08640920479675086,-0.08192467811221613,0.0,0.08408498956732292,0.3990942305951413,0.15478375573104872,0.0,0.13313781306807354,0.07608853295146357,0.0,0.03967851264071981,0.3956722268641226,0.09236883138373844,0.12918403088911048,-0.25557667041729565,0.0,0.07009559148430071,0.0,0.4027370531556773,0.22984581396220286,0.025565535319738562,0.0,-0.11993268458888602,0.0,0.056188023829178514,0.15583870798289573,0.21581506360785974,0.15053457696828668,0.1908002250003793,0.0,0.16418676975198965,0.0,0.08833908283965702,0.07575981992656561,0.0,0.18911194118799401,0.055098679306879485,0.06659204369186837,0.18118845241605613,0.14091626429982917,0.0,-0.0056149600318093455,0.2141701746203231,0.10944023464116158,0.0,0.17838487052118182,0.1010262873773264,0.0,-0.1585505309558539,0.19223131324525206,0.15513452744302847,0.14690154621035015,0.0938351927177809,0.0,-0.07988537956292219,0.026756255121834285,0.01613795808913822,0.24101301213123613,-0.2821843416651058,0.0,0.15993831194562275,-0.17555533684644006,0.07993917731146997,0.0,0.13842107400131956,0.02239987928799574,0.25527800031448755,0.2571888160946432,-0.105326436164928,0.23894211425371847,0.04092966022247748,0.05388791422463221,0.08430399211215717,0.04935712866955142,0.16467054888281388,0.0,0.04529482672257478,0.11713646816784987,0.06795653311976252,0.01194720422738907,0.24500947178435423,0.19777865777797973,0.10075865013159557,0.10119683607275017,0.0,0.33109193262292397,0.0,0.029555381173411797,0.08366661411429409,0.028437091569184985,0.15730153173991518,0.09278425694695352,0.0,-0.3319585407381354,0.0,0.0,0.1516673468119407,0.20775090776358132,0.18456787078590825,0.12271216904403712,-0.27029598436602553
2022,11,Indicador de relación entre las obligaciones financieras y el pasivo total,0.011581769125939773,0.025910654436330845,0.15319343405631128,0.11944182077498884,0.0,0.0,0.0,0.0,0.0519167416037511,0.01175317432739895,0.0,0.0,0.0,0.02908328433713178,0.0,0.0,0.0,0.1419273755120218,0.22552024105262042,0.12395263120940586,0.0,0.003667595287147958,0.0,0.0,0.018286528831391098,0.22487532229158363,0.005685125445717957,0.10793835277412114,2.315105369343422e-05,2.1636678469799013e-05,0.0,0.0,0.0,0.08200188093524818,0.01751265247425998,0.0,0.0735935899646499,0.028067183955280035,0.0,0.04062371010051703,0.0,0.0,0.0,0.10106294418937282,0.4200083799200544,0.10817679470668305,0.0,0.30440820203511415,0.0901721936029359,0.21457345908578573,0.0,0.21407882826957372,0.18861861645720585,9.080890678167896e-05,0.0,0.2115026550911831,3.468136022834996e-05,0.029826619357218094,0.0840389537998376,0.07188406483886005,0.06960618313715845,0.0,0.0002173695616204013,0.0,0.0,0.02909740639238747,0.03691146204640533,0.0,0.0,8.986911168232633e-08,0.0,0.0,0.0,0.0003862532768147906,0.0,0.0,0.035184694061662955,0.0,0.29394762133348773,0.0,0.0853653831548712,0.007826532509117674,0.0,0.009081033821246568,0.0,0.20915853745435165,0.0064782414842610445,0.0,0.0,0.05928482448150208,0.0,0.009002378770634084,0.0,0.15390439386446125,0.0,0.1435657667234628,0.0,5.2549485086711374e-05,0.24040669086765093,0.0,0.1827622276861819,0.0,0.0,0.0,0.0,0.0,9.742048834131094e-06,0.0,0.0,0.0328483256997217,0.03379235268337392,0.31360578886591967,0.0,0.0,0.20321347727741662,0.0,5.4405355580914565e-05,0.0,0.0,0.07152657080269811,0.0,0.07475389430097941,0.020225364045622602,0.0,0.0,0.09300376946356187,0.0,0.0,0.0,0.17565809430040263,0.36725342385665743,0.0044950300291120735,0.0,0.28954598033625295,0.11587826254706615,0.0,0.0,0.09813476087139517,0.21035873947558692,0.19759926572840195,0.1627525195580419,0.2828466343694479,0.11583704601531672,0.060528884029322494,0.2694201279367829,0.03209611680812255,0.06624112979890584,0.0,0.0,0.07631507532791898,0.0,0.18982540811583082,0.06837770255579628,2.9043101290178467e-05,0.0,0.0,0.002160622404543871,0.0,0.0,0.0,0.06059005348549017,0.01158961819672341,0.043409441860359825,0.0,0.01014368274699185,0.0,0.0,0.0,0.0,0.0,0.2852756002735723,0.015624153670596592,0.0,0.24762553446073787
2022,12,Estructura de Balance,1.8526922382247677,1.85571900394965,1.610363935169194,1.1911868032991213,2.131717506166919,0.0,1.3870161257580735,0.0,1.40191925072578,1.291554654583711,0.0,3.818846729458061,0.0,1.1198589298056447,2.154683349272324,5.964576449811195,0.0,1.1644991785965386,1.2527830332785457,3.96074198961854,0.0,1.643345930039497,0.0,1.4356500282882156,1.1938309707660388,1.1470622385662943,1.161444923726806,1.6310068604855152,1.6230723081294165,1.1356199834016747,3.0337720660761476,1.4624089759256524,0.0,1.8015822116958116,1.4151438805938399,1.25103922609494,1.477717853027244,1.4929955266902626,3.582936012224386,1.2710076403668717,1.3589526529344624,0.0,6.21029354499969,1.4957721654822127,2.446190760838552,2.2552783128902973,0.0,1.7179965423505839,1.3045685486155032,1.222733667908929,1.2050317164694384,1.402535603418924,1.338365863465516,1.727361266903114,2.0571086755404218,1.3061172726488577,1.1209551724299993,1.142298783077974,1.162241854785571,1.6890910790758311,1.3207732586070726,0.0,1.3726925979488955,0.0,0.0,1.134043272270088,1.3051554579430495,1.313379224451527,6.28977711492056,1.350410863180528,1.1509935550382742,0.0,1.4206538785335154,1.7111504320374755,1.6795787083770033,0.0,1.5035881895953183,4.0309441373335515,1.5103749172616883,0.0,2.0052730779732117,2.691430176910255,0.0,2.497996496236071,4.210612159706546,1.3036782625792835,1.710015937686411,1.2650978604950922,0.0,2.4040632547091594,0.0,4.663211367869555,2.313347333174601,1.587424480113463,0.0,2.0356592037747068,0.0,1.9322968364712847,1.39586408184997,1.9745576235005586,2.7132363890392357,1.5694185368739977,0.0,1.7367531622845027,0.0,1.3271389396894153,1.7511824535391027,0.0,1.4195807904208686,1.6395244461607987,1.4451214024376797,1.4264183974724869,3.8681065657937155,0.0,1.1878407093795509,1.910574253494277,1.300777054085862,0.0,1.2902285109985692,1.1788353532348856,0.0,1.1837245040399849,1.4563730279697773,1.204542155876582,1.3716046325038824,1.4677771278836094,0.0,1.3755719559624515,3.707242439693781,1.3945851719270137,1.4251481246984512,2.7045711330833995,0.0,1.6395176484065246,2.1718649408380837,4.728295690027381,0.0,2.8209272043850038,1.567991719027376,5.667276287742043,1.5331324209782435,1.810522407538432,2.1584253609927746,1.14938792059762,1.078779409509317,1.2735069051742982,1.2223265219297779,2.2720847980958734,0.0,1.1182573489841727,1.6107157251446644,2.292844827107858,1.293166890981365,3.0996884902012867,2.8495015566087383,1.8861566525387086,1.4600008410156082,0.0,1.377419986745733,0.0,1.392562544885419,1.3405155954001489,1.348151734994725,2.1661369841466094,2.0376675983488184,0.0,2.2241589696078905,0.0,0.0,2.759272903868281,1.7178056444325136,2.601293504093541,1.622315086814239,2.139996603472111
2022,12,Indicador de Margen Financiero de Operación,0.8403301127652673,0.8369122645826084,0.7069352436677844,0.5898056232236806,0.8358471663070159,0.0,0.6292124312884979,0.0,0.6654330043093567,0.7443196699567942,0.0,0.8767945198524589,0.0,0.6759873910172459,0.8001374779401305,0.9498152098867985,0.0,0.5220419964775991,0.6668471719279793,0.9257545292806851,0.0,0.8621581460381325,0.0,0.6010129359709768,0.7593907420211709,0.5873355569207397,0.6964167292064628,0.7726384771407557,0.741194496544111,0.5725785143669028,0.8746063025379223,0.73892738405452,0.0,0.7342924642160702,0.588584739125997,0.693284184256481,0.759382353160017,0.7194092106863776,0.874603412618485,0.838140132510363,0.8134642815453249,0.0,0.9748254954458853,0.5982090647981909,0.7316934408134564,0.8158953365505853,0.0,0.7068129580611038,0.8105524467272911,0.703049876942187,0.7205922144467862,0.6798775687802645,0.7176704099611114,0.8778276290662136,0.7547299307003105,0.7507967144210727,0.47190656883347937,0.6659453773202009,0.629832332295884,0.896104168520903,0.8401605604507548,0.0,0.8081330684450392,0.0,0.0,0.7416286822936781,0.7253940299537199,0.6800181990278432,0.9391474490121031,0.6892751766609171,0.5921031269912873,0.0,0.8374398986349408,0.7077649053125186,0.4267253433547157,0.0,0.6974375728088724,0.8478756713728964,0.6224282734364922,0.0,0.7499793473266261,0.8350657760493291,0.0,0.7544265226383897,0.8400952938619073,0.7557848060300318,0.883558811805917,0.5059996733811315,0.0,0.8653983610427181,0.0,0.9548450060658303,0.7609621577733405,0.7398844096130333,0.0,0.8482282178847916,0.0,0.8509197206297519,0.6977467138099165,0.7937381783573857,0.8919722150908242,0.7823230982331681,0.0,0.6695296834683014,0.0,0.6102008972957073,0.8692155997235583,0.0,0.7124994151744453,0.7750741824063317,0.8687552148150759,0.6425100339827678,0.9330473286857027,0.0,0.6948012156290221,0.9319408387507616,0.5961250002108567,0.0,0.822678429930127,0.7036431274443641,0.0,0.7321048494567272,0.8194603271186415,0.7464677501824126,0.5668960654392731,0.6439661371698137,0.0,0.7559596596514788,0.8085658163482476,0.5932978109490363,0.5881439260104765,0.9132502743780581,0.0,0.6831147259564062,0.7973027404816471,0.906346938524637,0.0,0.8669182397391401,0.8175512709439582,0.9420366068670079,0.8294470643122677,0.7016696438787159,0.732553529256828,0.6642810426156475,0.6084187939551337,0.5310974456129001,0.7531277807760836,0.8789341788069978,0.0,0.692147091393674,0.8565615551916889,0.8299597692238107,0.674335339188591,0.9171867432656187,0.8643744748822303,0.8534095996068016,0.7610677150960042,0.0,0.82220676738919,0.0,0.6987703154162181,0.6057857157251514,0.6795010688027296,0.8757518737591528,0.8882966141630798,0.0,0.7017435359912524,0.0,0.0,0.8083246418098589,0.7826058915864788,0.8818946030184087,0.7685201538572781,0.668539417711717
2022,12,Indicador de Margen Operacional,0.12000971828301205,0.05078622043458736,0.0212101964889193,0.05797543408579959,0.21483832888553822,0.0,-0.862349994189787,0.0,0.07348362621141737,0.08226475946271031,0.0,-0.4880552063741071,0.0,-0.07507378205914088,0.12055866310828513,0.14961010270806283,0.0,0.05771415362978181,-0.01681787210818952,-0.11074169880369517,0.0,0.00849764140052533,0.0,0.23612730590309824,0.09958613603742994,-0.012720358140484798,0.04170799553022561,0.13548082241586384,0.1384881345268915,0.1613212748901773,0.38877758577233124,0.17571058701230854,0.0,0.15727408558398806,0.08475453604842587,0.15066937814556153,0.06772897825253106,0.05328816689989222,0.08712146682437445,-0.007271060148005557,0.3296449927160934,0.0,0.3308208956462614,0.05734960252970295,0.11866254875370941,0.37890707635925136,0.0,0.0856779264113827,0.29900353215178144,0.07190197245259435,0.04047523237099371,0.014095547368977118,0.07991528533959964,0.03871618253306332,0.0742103736150067,0.03874441992237757,-0.11926426113066972,0.054356882854780485,0.0698005470496568,0.23652138131923203,0.14642773332781794,0.0,0.04176994407835643,0.0,0.0,-0.0030172771059234064,0.04947217935876823,0.06570762593057883,0.3164546662280254,-0.206788528833222,0.0770439128776306,0.0,0.11588199083368497,-0.07216110290795395,-0.11166483861509978,0.0,0.061798045209512494,0.355482959337856,0.14019003485674816,0.0,0.1275389702662631,0.06269068289082232,0.0,0.04381476701646368,0.37790486304270965,0.09555414176332477,0.10597442819401401,-0.2609724426690496,0.0,0.06599415967596585,0.0,0.3666205107966965,0.22465835451177507,-0.01056905165726903,0.0,-0.1283647689698432,0.0,0.06375526452262881,0.13298295100550012,0.22327688495911546,0.1618704781072343,0.1825909762479702,0.0,0.14831667456281408,0.0,0.0833402278058787,0.14619590693585988,0.0,0.10397469161909745,0.06749946509928513,0.02402259183232999,0.15432410878543396,0.11707314776570599,0.0,-0.009401606233595027,0.1914760467533683,0.10219098518401026,0.0,0.060512822269126784,0.06796318807156061,0.0,-0.15002456928894148,0.19749299077040625,0.135338757141176,0.14411732171622746,0.09076894712286006,0.0,-0.10647414373615606,0.011983513481754918,0.010422736077484972,0.2204989964877828,-0.343423779242858,0.0,0.1679292227876759,-0.30157275127919786,0.10073778085001048,0.0,0.15133555235310509,0.02388332676295507,0.23624861005522227,0.2532046286584123,-0.11377759262207138,0.23677252443634456,0.003933677842261666,0.04565085418495769,0.03263010313865397,0.03507279747605227,0.13973105380610226,0.0,0.022199861384426953,0.1159779336889654,0.029953762652068085,0.0009365391010621047,0.23417659280324463,0.16370387359796884,0.12205896665746131,0.08092316258514785,0.0,0.2933736202259372,0.0,0.025131061074590733,0.03987851606166476,0.008686017774176496,0.1051756824581867,0.07921503174162514,0.0,-0.35297673254051126,0.0,0.0,0.12311491501859063,0.1880054057673325,0.19148734705856083,0.12097942045490616,-0.2090306311769596
2022,12,Indicador de relación entre las obligaciones financieras y el pasivo total,0.08185977783419392,0.05658151739766407,0.14961604152880428,0.10503422588985456,0.0,0.0,0.04145941752438506,0.0,0.07651859056641178,0.011297656709742138,0.0,0.0,0.0,0.03344315653939882,0.0,0.0,0.0,0.16436009704068938,0.23265737230082706,0.12668651402002537,0.0,0.0039194099404920016,0.0,0.0,0.03848646742403276,0.19637456866815886,0.0056042480937573665,0.09877031197711399,0.00017299523705680627,3.978113365683723e-05,0.0,0.0,0.0,0.07813030549554795,0.02664752755381746,0.0,0.07184603389572942,0.024871010597842177,0.0,0.053270313261675334,0.0,0.0,0.0,0.13890655269889396,0.41635006310129746,0.10040119998402101,0.0,0.34035073973752816,0.10036198046707265,0.2291196628501298,0.0,0.2126068960134379,0.18181279707965337,0.0007116221528758243,0.0011191772608111167,0.20705362054999168,8.652376592809411e-06,0.028458619385222483,0.08094942315628882,0.11866641394261275,0.09065380243087745,0.0,7.189566003955532e-06,0.0,0.0,0.02686812782216301,0.051334703777018126,0.0,0.0,0.0,0.0,0.0,0.0,0.0003718271215806686,0.0,0.0,0.03476579893128997,0.0,0.2907905940532971,0.0,0.0873005904963532,0.0179433281608391,0.0,0.007019190794461582,0.0,0.2023042190328712,0.045982204489362556,0.0,0.0,0.046430288038141934,0.0,0.05238614742390072,0.0,0.15086695862516192,0.0,0.1943132218923518,0.0,0.0,0.23022305241767904,0.0,0.17153556537418152,0.0,0.0,0.0,0.0,0.0,1.0325177377542965e-05,0.0,0.02696178451297224,0.03180638646904163,0.0760161196075893,0.3208390963663533,0.0,0.0,0.2448405927548154,0.0,0.0,0.0,0.0,0.07019771980307703,0.0,0.073960784645835,0.021080183405534875,0.0,0.0,0.11470290505170852,0.0,0.0,3.379511129773191e-05,0.17012978647831165,0.35270526863394625,0.004632452885203662,0.0,0.28727668932228817,0.10489522089665677,0.0,0.0,0.10286442564334591,0.21287020603826914,0.15240960400052406,0.15569817430961908,0.2697549080265923,0.1757673073160388,0.11544387075297702,0.2702682349038978,0.028010670827411686,0.09878381940740663,0.0,0.0,0.09716590365544192,0.0,0.18991580045041442,0.11105486962479556,0.0,0.0,0.0,0.0002866042540769873,0.0,0.0,0.0,0.06152535013539169,0.02295915338262284,0.04305491851971039,0.0,0.009256946931477113,0.0,0.0,0.0,0.0,0.0,0.2488474036634337,0.01504153863187436,0.0,0.24248981056544588
2023,1,Estructura de Balance,1.8614384507938155,1.8841677441530909,1.5882604404500438,1.4000287103748534,2.15121963941335,0.0,1.4101970830064416,0.0,1.3893562962614556,1.282336748678593,0.0,3.556240949556976,0.0,1.100975029401397,2.1349504504565844,6.127711723719954,0.0,1.157992152109608,1.2481474979575486,3.6105132289376822,0.0,1.661093756584809,0.0,1.45208006864799,1.1964391357587307,1.1075094017581395,1.1468602740899934,1.6431515056527726,1.62372709103217,1.133756340225598,2.9251530101370187,1.4985097012905049,0.0,1.7928120029614685,1.3907067872095678,1.2457193008225271,1.4456579825242504,1.5038919407491702,3.452915862883721,1.2584633002756889,1.3710390868574813,0.0,6.140944492570626,1.533852595750968,2.4043783353352706,2.282450325341382,0.0,1.7402580252125426,1.3530338642911872,1.1929322098344914,1.1972498816583983,1.4130973957206208,1.3062559005282448,1.727760035298717,2.028114180082665,1.2814549942178408,1.1389373340329243,1.098335002611015,1.1534682644548873,1.6512661710821215,1.2948659861181737,0.0,1.3653535212044159,0.0,0.0,1.1653576037479516,1.2930487953755787,1.3668684017393788,6.153214789198682,1.3400935350264715,1.1776534229714348,0.0,1.390840672260525,1.6764764531083527,1.626310202981663,0.0,1.5124951184799704,3.7993599703405634,1.5186661633346306,0.0,1.9110774432734228,2.5567478566955195,0.0,2.5469309561762183,4.120560699772719,1.3124402278154959,1.75694999483633,1.231963311011345,0.0,2.4463911370884186,0.0,4.756684179090393,2.3254416376530718,1.6234091575436151,0.0,2.072426097038405,0.0,1.9480309111103709,1.478006593462085,1.989341240386082,2.766995621830271,1.5580146361294587,0.0,1.7185428488810082,0.0,1.1866249012075254,1.7820117310047676,0.0,1.3228490747134851,1.5725932891549197,1.4209092009572983,1.450469869099114,3.86456786559053,0.0,1.197352595237999,1.8813915075969183,1.2292856178689995,0.0,1.249757485833899,1.1667256084825923,0.0,0.0,1.4840093945410053,1.2307330465008652,1.3481499270644914,1.4781221738831887,0.0,1.4351707609006907,3.6979172230222606,1.4030027267192928,1.427552478445927,2.794329835556588,0.0,1.5598948495039022,2.1633019816626096,5.334017884768778,0.0,2.8043351033936976,1.5764389526722862,6.1472650834987075,1.506333463419779,1.8149755750939014,2.1918412252541235,1.1470773762005853,1.0621743691443757,1.273072531006961,1.2365999784530932,2.2666523914644845,0.0,1.0925029301908658,1.6250428712247575,2.2093265992441204,1.3114359045360426,3.14393704144608,2.98942829493142,1.9655276554422134,1.4698265237829131,0.0,1.3916112532401783,0.0,1.3828952361747164,1.329272787392468,1.3507295163253308,2.1727878330817707,1.9472854385051044,0.0,2.3981571167909217,0.0,0.0,2.7625253913823187,1.6955783662236599,2.607738654227428,1.628566211513732,2.1212412927286426
2023,1,Indicador de Margen Financiero de Operación,0.7231954301642438,0.7705525411518662,0.5755351614270109,0.33291770799473996,0.7964491698102933,0.0,0.5330719930164335,0.0,0.5306760384662935,0.6888398513174678,0.0,0.8740007352062462,0.0,0.5668371469544008,0.8161657886847876,0.9594378534296683,0.0,0.33121331281594085,0.5317907376685773,0.9262694964219653,0.0,0.8439699441731933,0.0,0.587231051771392,0.6768734812447357,0.44217750455565596,0.6242402802315983,0.6926517258639686,0.7431928486964098,0.46974405619963244,0.8870683162702611,0.6471823058120985,0.0,0.6341877791545504,0.3610773307746299,0.6225843275102959,0.6337696289870519,0.5696007287363094,0.8605365520520306,0.7154581410459262,0.8057230472574801,0.0,0.9704213457210902,0.49683192830615086,0.5872455503620402,0.7034152180427711,0.0,0.564798899150512,0.7532161457763181,0.5515960392888304,0.6667696959623443,0.7397841296860244,0.612582134798439,0.8197627948899976,0.6946106953254462,0.5973928593266852,0.3415421747581799,0.508630426208871,0.4916988096042756,0.8623978088212821,0.782706423947487,0.0,0.6842571504834609,0.0,0.0,0.7783054176410218,0.6151923325801651,0.6995203046816669,0.9443640008009961,0.5135619636981033,0.5270269403949891,0.0,0.8210921745737191,0.6436855555540356,0.18409459518070298,0.0,0.6172440635542017,0.8276303715247809,0.4716508828907389,0.0,0.6794211169012888,0.7156150073835658,0.0,0.7480467703793092,0.7515045614548946,0.6965856966195488,0.8157301849317442,0.32239850152304106,0.0,0.8550304745953186,0.0,0.8598314510013413,0.7057017879201135,0.6256074401150885,0.0,0.7849169007845368,0.0,0.799317280953225,0.5585447840686323,0.7746182862763096,0.8922854258106441,0.7014994548614937,0.0,0.6140295254247035,0.0,0.5835286281770274,0.882219090489834,0.0,0.713034946838394,0.6666080821960642,0.7746327554075246,0.4577951744054569,0.9163080142677656,0.0,0.5492526024907101,0.9176632697068108,0.5101409812022675,0.0,0.747061026007435,0.623631776143719,0.0,0.0,0.830948534694203,0.7769047488110511,0.5141323187541391,0.4874939036259973,0.0,0.7695342694294804,0.7901191174881627,0.4374379368784537,0.5773952019567418,0.9402702071993221,0.0,0.39057359940501996,0.7608443276091506,0.8909140341223443,0.0,0.8032412836687238,0.7811164394294444,0.8934424621415281,0.7393690966389224,0.5787935801017263,0.618406959652019,0.5334376961050615,0.44137610196889493,0.3259279699549924,0.6410673827691991,0.82197284356164,0.0,0.5592066751714313,0.8639840974879953,0.7601105986321368,0.5177784384700697,0.9109518697222939,0.8316599671581603,0.8067636126582068,0.7742780746194169,0.0,0.7636319578740187,0.0,0.6175979719671857,0.4384399670689056,0.5317474332157524,0.8938198630360675,0.8743424966619774,0.0,0.6712048318052836,0.0,0.0,0.7697380180035657,0.5981562981596541,0.8839361200468614,0.7862016804800473,0.3559093460081041
2023,1,Indicador de Margen Operacional,-0.03401524389396367,-0.011534739684063839,-0.1472882011902153,-0.182970616464503,0.062349405261285205,0.0,-0.937837593742427,0.0,0.10821015559177871,-0.2534205181321499,0.0,-0.3056102869654697,0.0,-0.32421149858979614,0.22888357637586165,0.1417496033584361,0.0,-0.038472023347674224,-0.205352535196354,-0.05356399696561873,0.0,-0.08975955290651137,0.0,0.40897328878352973,0.008144323851100782,-0.4548450373504007,0.0485243604597462,0.10013740492789376,0.13170488724500942,0.07583062390151667,0.36611901111034134,0.20768415824906591,0.0,0.1381253060105261,-0.02655569631305527,-0.0335662570462734,-0.016518482623847242,-0.007099124505104051,0.06264010846419016,-0.14724110943013874,0.24935041520843448,0.0,0.32486975010655694,0.09366105073269164,0.14674923990154942,0.1705717265756532,0.0,-0.020442614176324356,0.23505581379497384,-0.027321646753694806,0.232963346325151,-0.005690916526058661,0.1046747951177983,0.23260760097990282,0.04266010045167334,-0.15253674914852075,-0.16136358346462432,-0.05937504464833057,0.03266605223581818,0.2263788041900924,0.22269911206055504,0.0,-0.057679105875367745,0.0,0.0,-0.29778258146688813,0.04340267326123228,0.32213589924793323,0.36466217806024437,-0.3162929328764389,-0.2892068799983085,0.0,-0.23226771029164425,-0.01648770852874477,-0.3183906434962955,0.0,0.11805961405714496,0.4779719554758409,-0.014838106452824674,0.0,0.018084619488751924,0.10789280236906967,0.0,-0.11431147492082143,0.03729415119994739,0.061475531844813754,0.2819442251960318,-0.3603240495858321,0.0,0.1076963506550275,0.0,0.37267901328572195,0.35361831073084343,0.014507263243895297,0.0,-0.2045378768347749,0.0,0.09017141414776322,0.12287430799440519,0.32270414971021083,0.21418918283071822,0.3423502538286849,0.0,-0.0642277393352009,0.0,0.20518326069791054,0.11909755570293645,0.0,0.2647780273456826,0.07199457966308367,0.10430349836238667,0.05485913019923654,0.16040431891207654,0.0,-0.09988938346703036,0.18248475173901252,0.2702425640848925,0.0,0.281379924452831,-0.08546025507760989,0.0,0.0,0.13995421218869564,0.2966346861887663,0.2044522487978725,0.05092306739172628,0.0,0.17070404820722768,-0.5245158597922034,0.01583555406269905,0.2057149443045107,-0.8715749120244692,0.0,0.0014793055704997078,-0.1540626959433359,0.11215997332001688,0.0,-0.02038325243214049,-0.08471573339662068,0.28781666744530426,-0.0869966006215202,-0.08560341035509217,0.015191599322266993,-0.47423156001664507,-0.21573342204670656,-0.06671274751964831,-0.24098435215173447,0.2940763301919893,0.0,-0.02441934077493111,0.18159655228400878,-0.3544427757649613,-0.41859215956647233,0.1686054120315127,0.2409224574455809,-0.34969565743658126,0.07045043279697649,0.0,0.36703832062691555,0.0,-0.023772210746904082,0.043303971436550674,-0.2688522751895232,0.25801714490547784,0.06621830559224898,0.0,-0.558243285847005,0.0,0.0,0.08954260275688897,0.13891667416358772,-0.1118782907845649,0.36047156688810233,-1.0219657399683255
2023,1,Indicador de relación entre las obligaciones financieras y el pasivo total,0.059531273577757865,0.04360902447693867,0.15157615222920334,0.10336385586679163,0.0,0.0,0.041204951761769554,0.0,0.0753289149549702,0.010870737904670157,0.0,0.0,0.0,0.030917016509320324,0.0,0.0,0.0,0.16139196185761118,0.21778340832755275,0.11008418607880387,0.0,0.003913278029762671,0.0,0.0,0.03216890334181964,0.19599240534118065,0.005303509136369739,0.09255882332981105,0.00015415526189070517,6.034413709171897e-05,0.05454468191735754,0.0,0.0,0.07536960850479692,0.024108846776427037,0.0,0.0690617946642315,0.021957267225781202,0.0,0.05091745298929149,0.0,0.0,0.0,0.12285451138591356,0.4164295506661555,0.09356897663805219,0.0,0.3345028217582669,0.10123901792163086,0.23376580146267165,0.0,0.2083595744821513,0.17321026748521143,1.45364170184525e-05,0.00011360879804047583,0.20191783248174466,8.387984198115087e-06,0.0266624255189499,0.06087124580810112,0.11237276615745398,0.11967359609699622,0.0,3.558741103310638e-06,0.0,0.0,0.024975929544681776,0.04781935077548463,0.0,0.0,2.9760001480297147e-05,0.0,0.0,0.0,0.0003493264448970531,0.0,0.0,0.03407713900549136,0.0,0.27819083252040133,0.0,0.08612931777344009,0.004940028376396425,0.0,0.004972573215850959,0.0,0.1936547385533683,0.0448019434555408,0.0,0.0,0.03207300574648655,0.0,0.04463912730926828,0.0,0.14696372110225583,0.0,0.1745815839946562,0.0,1.1623556038881743e-05,0.22823719960593306,0.0,0.18236829198077634,0.0,0.0,0.0,0.0,0.0,0.0,0.0,0.01852059422117597,0.028370761583669468,0.11213238242745972,0.31040373204375304,0.0,0.0,0.23697393264066322,0.0,0.0,0.0,0.0,0.06782793122843513,0.0,0.0,0.02410378501394584,0.0,0.0,0.07313795567437664,0.0,0.0,0.0,0.16658307216586965,0.3460137809926689,0.004702578690587752,0.0,0.31255686570321284,0.10249050072449957,0.0,0.0,0.09362789565014847,0.199049160806723,0.159842111293939,0.14265297299238214,0.24950015186733845,0.17156651653289418,0.11506559477111795,0.2755992487843281,0.011315308696481072,0.09434873498602472,0.0,0.0,0.06645014417834158,0.0,0.17726954529809433,0.08036594167004196,0.0,0.0,0.0,0.00026471222807549145,0.0,0.0,0.0,0.060072540577652274,0.020180711569339812,0.04214713626000674,0.0,0.05757019865458184,0.0,0.0021695332912204587,0.0,0.0,0.0,0.22020651470724514,0.011734403779991472,0.0,0.23005395017412542
2023,2,Estructura de Balance,1.8971089825023135,1.887174794136277,1.5720835510935414,1.3961389682628595,2.1723441406152686,0.0,1.368937311881728,0.0,1.3516921006890814,1.2897874460820697,0.0,3.581221969333052,0.0,1.0866423014779811,2.213034885782733,6.108837054353937,0.0,1.126438916122179,1.2340067808311137,3.7387671373132014,0.0,1.6539573996020553,0.0,1.4542024219020464,1.1940301898485206,1.083570817050249,1.1475113049368844,1.6995748397188373,1.628090595459852,1.1458120542503851,2.8490552018827966,1.494488261085612,0.0,1.7782239776339297,1.375244620495848,1.1949583363204213,1.4256465457914076,1.5083134469948114,3.600033778557608,1.2429544886733277,1.3686036289087076,0.0,6.322936169756015,1.5213513750468988,2.3962838145465226,2.092505388674568,0.0,1.6536348891932668,1.3975467722726596,1.1895790579321597,1.197912313515396,1.4407707335272415,1.315840545505355,1.7250930403083762,1.9990328077574073,1.2815838420252899,1.19071914037357,1.0757428886350195,1.1769140315179165,1.6781970643666828,1.327098697101525,0.0,1.3588947473175716,0.0,0.0,1.1808692154156148,1.2773900631666477,1.356837133571747,6.326661591581265,1.3693450757900807,1.2352364440622623,0.0,1.3641922924714285,1.6569305004489339,1.6273700054594995,0.0,1.528489269693754,3.844443420365529,1.5055314412921448,0.0,1.5116443337353258,2.4942704909765725,0.0,2.547998200920261,4.034992812797758,1.3202429480740716,1.8373876717618496,1.293450402605105,0.0,2.304453787391036,0.0,4.6340534309324,2.3991506107032325,1.651886094429645,0.0,2.1152672987800267,0.0,1.9953909737413258,1.4005836752172696,2.0172735269037387,2.9439884150392728,1.563993476555243,0.0,1.6308099260211202,0.0,1.3047086373040488,1.820438430175341,0.0,1.3649277306861167,1.5523105192811806,1.4608847979432014,1.4480904877857939,4.111230961879081,0.0,1.151979750915074,2.036836915968518,1.2194423019149327,0.0,1.2534702054691251,1.185874875466934,0.0,1.1814182963415614,1.5232904334054544,1.24863871395644,1.3827554197233907,1.462637870642981,0.0,1.431093383859844,4.338671547311112,1.409035078043668,1.4511486329224446,2.9161238947700165,0.0,1.5804317473276992,2.19215408886796,5.1821209106485,0.0,2.8439286314073358,1.5139077675480654,6.596657266200989,1.5232414267344243,1.8140732233945835,2.071763136785128,1.1550085437534752,1.0464911119119504,1.2758235250637642,1.2323227284283484,2.2726333207962073,0.0,1.0810287977446673,1.660866390620969,2.218226140547076,1.3186497818010288,3.1598548267666176,3.019325498763672,1.9544233428883429,1.4400168328270762,0.0,1.3835208504036647,0.0,1.4032514666094635,1.3420152323437933,1.338603182473074,2.180777229297654,1.9843950351370874,0.0,2.3146663827590563,0.0,0.0,2.732790580908791,1.6678141588522202,2.581498081286837,1.6266162352481535,2.0984639015097435
2023,2,Indicador de Margen Financiero de Operación,0.7324852405569673,0.7788163505150681,0.5736361929451179,0.3313664486792816,0.7747603450360084,0.0,0.48536302434723994,0.0,0.5028623039615987,0.6794706494635346,0.0,0.8737689904480095,0.0,0.5428047566060292,0.8073050559994571,0.9554627126146197,0.0,0.3511109928475965,0.5565329463957168,0.9345550058229702,0.0,0.8485862441844111,0.0,0.580857883441204,0.6745374941167863,0.4534232988598826,0.6248835867999587,0.7010992547319027,0.7426497091900728,0.46143440986783196,0.8598640910904077,0.6459654485580166,0.0,0.6199897172663157,0.3711815643625574,0.6084829616715308,0.6346829349740483,0.5841677890640958,0.8586186855654042,0.7084844485821847,0.7991045908384933,0.0,0.9725488732523067,0.5382391845237164,0.5820878181480172,0.700977032901618,0.0,0.5584043249691254,0.751283039135971,0.5421369737983417,0.6739316415576402,0.6835041876911325,0.5924375296436861,0.8163207998899054,0.6213233932063351,0.5914669165940194,0.43146675516327276,0.5078153046274281,0.4820398378361501,0.8620375395448491,0.7561823662686126,0.0,0.6820309631114614,0.0,0.0,0.7671679412132635,0.6022410942342675,0.6889648713270391,0.9438120752357656,0.523979253801715,0.5336371610406024,0.0,0.8153372071845316,0.6504022342865101,0.16037539317686142,0.0,0.6134781951730359,0.8210345523827187,0.4775604309194422,0.0,0.6415095220386436,0.6996087228736169,0.0,0.7485378501491603,0.7516818014972729,0.6844201714507566,0.8143878459767933,0.3369226231802862,0.0,0.8736740320876751,0.0,0.8727912039898821,0.7032122573837047,0.6527784541317959,0.0,0.7879826293884387,0.0,0.7980515111779906,0.5574633752031672,0.7846202206862595,0.8945825004480825,0.6800939538522951,0.0,0.6026575256208939,0.0,0.5791976555959114,0.88682334265924,0.0,0.7180694623790921,0.6559856348292339,0.77483345594466,0.4791751002428054,0.9237358807935695,0.0,0.5380342574347373,0.9193886147386627,0.4491093335630109,0.0,0.76685206676655,0.6344880529152117,0.0,0.6321262093262694,0.8275089744510677,0.7771242129933,0.5284296309461681,0.49755619378984,0.0,0.7646990733774691,0.7886144194344399,0.46590150790794566,0.46903342753826127,0.9026127164518601,0.0,0.43639010448402404,0.7572838915630269,0.8943729880282596,0.0,0.7988015267956933,0.7715639058453739,0.8989855059092389,0.7426896106530133,0.6122276719586055,0.6155686567313237,0.5334592953489734,0.42340783697599893,0.3379436344780233,0.6144366991259154,0.8273322294876393,0.0,0.5490604229167805,0.8656076751326401,0.7457965645255579,0.5118017487422812,0.909718926785886,0.835095750022362,0.8101009107182576,0.7589071991617814,0.0,0.7617347123653123,0.0,0.6216064959798614,0.4300081381904243,0.5546803391033945,0.8906645874173222,0.8685449751494939,0.0,0.6854937681513932,0.0,0.0,0.7557159046786164,0.6150513045408494,0.8840805332138125,0.7873286497972923,0.40089923192721955
2023,2,Indicador de Margen Operacional,0.0995136366746367,0.007121380223310038,-0.17753287566100484,-0.044890518181742306,0.11551873650807436,0.0,-0.8693399255077849,0.0,0.05294414551568014,-0.005245958680598466,0.0,-0.3977163840075381,0.0,-0.06268474532941025,0.14843845925561755,0.10242474162582486,0.0,-0.07193079384665,-0.22378757432051413,0.08786854359798252,0.0,-0.05367025287924445,0.0,0.19575656719423057,0.00787667884680896,-0.2825227471266183,0.01096889821303503,0.15692107966219138,0.12549478020462682,0.11671319106130709,0.3265608468682679,0.19215131943727376,0.0,0.09551570651806744,-0.055462599191006816,-0.08146307491113985,-0.021712915809357133,0.0030213690644259133,0.09730107738096071,-0.1731150632237253,0.16922144788316792,0.0,0.3277611557587323,0.07096544343314337,0.0965590548464408,0.22632227031612787,0.0,0.03529713576993626,0.26178240939280817,-0.03412705854246543,0.14516682820035903,0.01403242680563837,0.11512902970291838,-0.2423743232066433,0.01263294329811869,-0.15682706898666413,-0.16237890385227582,-0.0875621244217101,0.0018876419710145414,0.1442478229823859,0.198806102600208,0.0,-0.04950443848794567,0.0,0.0,-0.30272094301820435,0.04422762807178992,0.2953299022203599,0.3468918326483974,-0.13747814177631745,-0.17047080275160303,0.0,-0.1879080635064716,-0.042082585666208074,-0.253941500639346,0.0,0.057536771421823896,0.428535486059868,-0.09369788623148702,0.0,0.04769584609188971,0.03673740787665281,0.0,-0.08490250829257105,0.1449141091969936,0.08604876787248077,0.23851016469363573,-0.33258272595124194,0.0,0.11103744677381158,0.0,0.3742914954984905,0.08547217914695486,0.017292144184906464,0.0,-0.3524201433893886,0.0,0.019617853739125578,0.05838996853092619,0.296531882553258,0.12660524194229847,0.309576415976924,0.0,0.0046142321866275175,0.0,0.12662504332047245,0.034261830161689856,0.0,0.09012238534038329,0.08732634883430714,0.026699952796803022,-0.009936861904959146,0.1498758021556631,0.0,-0.03537221679320394,0.26706979075454607,0.02549916166403806,0.0,0.2563010623028423,-0.06294805038511758,0.0,0.07173128650500193,0.11563461573473523,0.23809238999556953,0.17149521161048717,0.04899614679522018,0.0,0.10491689173549225,-0.24799808628376754,0.03027814166554873,0.05017851866117857,-0.0125655450126394,0.0,0.029796765304180347,0.020345742210040322,0.08808019783905012,0.0,-0.0965735033092647,-0.09116316893987915,0.2250204657336146,-0.09106506221647553,-0.11094498366753032,0.0720353873332186,-0.22059603182912016,-0.19561642971937027,-0.07597114702319349,-0.2571124056240941,0.21187144016771034,0.0,-0.0790889552984323,0.15814606254663,-0.2621552517577578,-0.288279812468642,0.08644505655275021,0.2669820512692098,-0.06654627092373941,0.06391027118704042,0.0,0.2794470716689665,0.0,-0.06324960410624114,-0.03859254823083626,-0.18144331199873942,0.2026050109021048,0.015522604908482717,0.0,-0.42015181698185156,0.0,0.0,-0.12109010316947239,0.09092919514317367,0.013811482791310963,0.1715166512341123,-0.9255798026411922
2023,2,Indicador de relación entre las obligaciones financieras y el pasivo total,0.04802360010031778,0.03843186805081217,0.1568573399245384,0.09924819366445502,0.0,0.0,0.03538036409514924,0.0,0.07277187370236525,0.010691117292836241,0.0,0.0,0.0,0.028240609870704737,0.0,0.0,0.0,0.16691798838442243,0.22585284600907704,0.10612513652234778,0.0,0.0038976656482695472,0.0,0.0020634955220282724,0.04368463584547569,0.2130331252132979,0.005004972877689799,0.08890848211832203,7.856036367179905e-05,2.379544208397804e-05,0.0,0.0,0.0,0.07243262594387423,0.021920533508908775,0.0,0.0668508043842109,0.01884289229464924,0.0,0.04012757961665393,0.0,0.0,0.0,0.13521041507813336,0.4067250466648053,0.15368815449219336,0.0,0.3401158989285386,0.10172334863172923,0.22396876257198553,0.0,0.21060711843828567,0.139068254267015,0.000516064106646617,0.000299791039404704,0.1910790535237745,6.256723102659534e-05,0.0253856139043499,0.03351006294818205,0.10881114694625559,0.12293674320772768,0.0,2.0254754106270372e-05,0.0,0.0,0.02367981021634044,0.044402079617679585,0.0,0.0,0.00015887070210187195,0.0,0.0,0.0,0.0003328747918827411,0.0,0.0,0.07039323662021116,0.0,0.2737785252933546,0.0,0.27025566305202203,0.004570635926022116,0.0,0.002904039288167515,0.0,0.18308939594970539,0.04482731591984615,0.0,0.0,0.10644926597345461,0.0,0.04128866425089211,0.0,0.1433269002773881,0.0,0.15387066884341477,0.0,0.0005792077702924758,0.25221725806496015,0.0,0.12475096358416789,0.0,0.0,0.0,0.0,0.0,0.011353477900679546,0.0,0.0,0.02517573732136863,0.11305348956605123,0.30499590767946416,0.0,0.0,0.2626114803896475,0.0,0.0,0.0,0.0,0.06956623344419031,0.0,0.07171128052201259,0.02422551864427093,0.0,0.0,0.07371463200947526,0.0,0.0,0.00016411925974582717,0.1611847256407561,0.3421038488391745,0.004884751797720197,0.0,0.32325104620886635,0.09991377920018123,0.0,0.0,0.09512772330784511,0.21034674098601575,0.16573303582049556,0.131726759731152,0.24199153610827662,0.26019680322349253,0.08948295899054114,0.25359713733597444,0.008109498202418087,0.09749674556586523,0.0,0.0,0.0635362789478126,0.0,0.17248307408719757,0.05998765794538848,0.0,0.0,0.0,0.00236260845770428,0.0,0.02955147478603565,0.0,0.0585815843741987,0.018325710528245845,0.06178827072938704,0.0,0.056644471621920336,0.0,0.005671781961299038,0.0,0.0,0.0,0.19605664970602424,0.009458538931507382,0.0,0.22445572688461146
2023,3,Estructura de Balance,1.816764683074004,1.8631934151733651,1.5826178753586204,1.381225009624701,2.213674570652663,0.0,1.3680463883708573,0.0,1.3698201074181164,1.3077306926242493,0.0,3.535414616842752,0.0,1.073603568484743,2.2528331805291733,6.226376931621578,0.0,1.0940154390287495,1.2277558263926016,3.6400952166531813,0.0,1.6583967729677935,0.0,1.4827571464474372,1.1827964243202362,1.0693245962338256,1.1848656769398236,1.6644752323234602,1.6756689970607885,1.0775139236072173,2.931975292650093,1.4805470005103938,0.0,1.7865668563596802,1.3539138062130558,1.1925921893628906,1.4222033182521343,1.4415620537666178,3.5097166541305427,1.235942595454338,1.3710643053350398,0.0,6.225702396520785,1.5039334297643012,2.312642228937376,1.9748216309289768,0.0,1.614585292245139,1.2597198395251044,1.1666847829731137,1.1937993330151955,1.3955501309261824,1.365969153467322,1.7028842135784608,2.0794601569610225,1.270541239363852,1.2490173130679882,1.0705477769869178,1.1728213786491561,1.6708063033187812,1.3175429934313396,0.0,1.382386978963283,0.0,0.0,1.1817865779174366,1.2951204972524648,1.3643674356004833,7.034617544073431,1.3478289494659166,1.3068581088790474,0.0,1.3519428436272454,1.6714032522148796,1.6449949720343704,0.0,1.5129858745427345,3.6888635249575596,1.5159639222089296,0.0,1.5006143788274864,2.4011354372580485,0.0,2.539893820791454,3.8580800241511777,1.2894581279578063,1.7685897092559284,1.2248677545117936,0.0,2.4022104065349787,0.0,4.5360043198828635,2.369573711304102,1.6744130288815833,0.0,2.172381233241488,0.0,1.9837197578126016,1.370129381079439,2.0463639156621074,3.0052495480560237,1.5388170639095007,0.0,1.6428192837290048,0.0,1.3430935691375918,1.8137894708091258,0.0,1.361440839190857,1.5446388072648927,1.4599570840734195,1.428784516966916,4.32811429530348,0.0,1.1851308838782628,2.0406407417334993,1.2103889146091602,0.0,1.3511596041735296,1.199468757770582,0.0,1.2165983825810804,1.5468025739694269,1.2763472950655355,1.3731763628296405,1.4511574415256465,0.0,1.4320510964555528,4.1348794345904425,1.3985645389157346,1.4212743447573175,2.904382650768995,0.0,1.5812290067690937,2.186581092082487,5.346920051458525,0.0,2.8869934309755156,1.5027171624407787,6.648116071880181,1.5414507677817713,1.899687104242203,2.1069994848119498,1.1681702673832455,1.0754286196157592,1.2731478906617009,1.2520963252729231,2.2656537188975534,0.0,1.0790021566778913,1.671155101180018,2.3048261244930264,1.302722979282964,3.3322510107968406,3.010737853561877,1.920137669000179,1.479076540276828,0.0,1.3026860765009858,0.0,1.4034389218645886,1.3433756150001381,1.3328669845013656,2.2127618064504015,2.0197421284934363,0.0,2.267371345557063,0.0,0.0,2.708972381253166,1.7077348909082193,2.5871097040288435,1.6362713906530104,2.055310675867602
2023,3,Indicador de Margen Financiero de Operación,0.7325251910381576,0.7713508157745618,0.5618948658692721,0.3148521660229465,0.7795379660620123,0.0,0.4250043514836672,0.0,0.4800454637535582,0.6727823274967156,0.0,0.8734309021233866,0.0,0.5350177812707502,0.8078663036337083,0.9771699538841373,0.0,0.3104440959169765,0.5510343436417968,0.9364177272058175,0.0,0.8461267839747252,0.0,0.5807112553634406,0.6676003705971449,0.418965610483811,0.6091003355485256,0.6874633353227763,0.7469061596193074,0.44209807138903995,0.8635269558120605,0.6297261699428897,0.0,0.6149227859750162,0.3436415348723035,0.5946988897779892,0.6170707490501451,0.5868179208008389,0.8471891015068378,0.7039725505739948,0.788962293339291,0.0,0.9706072463830446,0.5479502527364086,0.5807576588896154,0.6767362531220313,0.0,0.5326208942728886,0.7454427160216289,0.5357977458294195,0.650207053694489,0.6642180668489354,0.6071977292017959,0.8073794737337718,0.6080472218382472,0.5797039631420935,0.4351044841996313,0.47391036005286763,0.4788155842732531,0.8551366085830087,0.757891174061429,0.0,0.6689443107450381,0.0,0.0,0.7505512146068681,0.6024138570736189,0.6786093631166005,0.9447218309323188,0.5153827644426958,0.5309840435750158,0.0,0.8071595312145152,0.6460887219437166,0.17278895131934008,0.0,0.6005667190926932,0.8151394862845079,0.4557431613331346,0.0,0.640669067437705,0.6930700772353999,0.0,0.7486611563461947,0.7371468017892546,0.6878255732819711,0.8164346836084838,0.3085528156044554,0.0,0.8754905456503962,0.0,0.872381597104196,0.6943235224060949,0.6396469877336389,0.0,0.7967882385938808,0.0,0.7908333062521533,0.5380476668285605,0.7769863761692481,0.8932440301153198,0.6619206202832075,0.0,0.5759997844824858,0.0,0.569548892858376,0.8838788347539139,0.0,0.7109775716454823,0.6451671496403052,0.7704143813081936,0.46206689741770385,0.9317454144081483,0.0,0.5283106204901212,0.9178142250112941,0.40806872404280203,0.0,0.766143243195161,0.622775202897325,0.0,0.6426076047897155,0.8249966986008138,0.781128650958573,0.5307800537064387,0.4869422372614402,0.0,0.7607915570760955,0.7862234696242002,0.31924528033423705,0.4715747325082343,0.9180357194226342,0.0,0.42234799491289904,0.7606896761896452,0.891229976296326,0.0,0.8059732537831664,0.784869508767721,0.9007372283346852,0.7346348775676135,0.6248998947220098,0.608976045516677,0.5346824270266051,0.43881478877746377,0.3073205574791556,0.6075442442213191,0.821794800948949,0.0,0.5502258621604804,0.8598829381945631,0.7290214288229714,0.5070890322598619,0.9121750293074814,0.8275706410777802,0.8103615617375003,0.7464863734450313,0.0,0.7455470797533388,0.0,0.6134658391587942,0.41751667078076626,0.5185757810439506,0.8808594275854291,0.8690867829960317,0.0,0.6806362118351992,0.0,0.0,0.7514071570037864,0.6092801266203832,0.8807709976775935,0.7844857796815888,0.39605597866307113
2023,3,Indicador de Margen Operacional,0.06264645496971256,-0.06663825711139096,-0.1900308472008502,-0.18880096047182077,0.07155561177663274,0.0,-0.7279256051351558,0.0,0.023243200467789507,-0.03102755966708897,0.0,-0.465270855104352,0.0,-0.072317905417374,0.17905715049495416,0.12929168206435726,0.0,-0.13046900088587995,-0.24315610738928253,0.06716278039981578,0.0,-0.04495790924387517,0.0,0.2312435192271829,0.026443774916149534,-0.1918207167628407,-0.018567912450595067,0.14061383074707415,0.0312907206124378,0.13473999332092954,0.3439974632100624,0.1853129731858518,0.0,0.018662013407305965,-0.06794147689513079,-0.00822146763123276,-0.044108614801580105,-0.013358070307379056,0.1162753113600367,-0.13761501336364543,0.10584539843054085,0.0,0.3085128790974666,0.08696147225415155,0.08221939620998046,0.20484294187688828,0.0,0.003298122074605705,0.27363972382833784,-0.02704145479190909,0.06797642047944945,0.089828022865272,0.13465057398294145,-0.007568944452013949,0.01248107934341169,-0.16727642106596283,-0.17832992585058297,-0.11818960312296885,0.02045077921733562,0.16647847395840487,0.16864627521869077,0.0,-0.11111324471408021,0.0,0.0,-0.14817930518955008,0.032828502500067934,0.2437649896002821,0.3354312430373435,-0.04108829893846359,-0.026880881139481484,0.0,-0.15578690321208907,-0.051184492450380065,-0.2786846498329404,0.0,0.020323967426687975,0.3941880262985433,-0.09138435482727754,0.0,0.029024119549872895,-0.06778641260093499,0.0,-0.07565477981447465,0.18203107148265532,0.06683279598209108,0.13588560104638153,-0.3778507806377551,0.0,0.20484906527628854,0.0,0.34129447288645576,0.18150970823700321,-0.0256297953442046,0.0,-0.26322498555672597,0.0,-0.01896477803378285,0.0046073045554703386,0.29337392486688296,0.13761043810585916,0.23693366698437948,0.0,0.048253705687880614,0.0,0.03422939355349009,0.010914305428656653,0.0,0.09741381950067307,-0.012990525621486022,0.029950842589013645,-0.018198559588690107,0.17134808978942,0.0,-0.049152245934006814,0.22146091649842006,0.028204750342349073,0.0,0.19127254133047336,0.006805815581920075,0.0,0.04923060519836359,0.11189350422906374,0.24815934374453524,0.13513778345789051,0.03309389177469921,0.0,0.05356111618464948,-0.3558369028463878,-0.2783310640377977,0.058168131978124565,-0.0719991968526248,0.0,0.02272719993280617,-0.04193349971970737,0.09008851678127562,0.0,0.017237782126698093,-0.052347960448300875,0.011296951880125113,-0.07460259548796018,-0.08947566227406192,0.11880920496402954,-0.0940141711625354,-0.07845072169967106,-0.14258763224123255,-0.22076558749446662,0.1984733705224871,0.0,-0.07572037651673935,0.15487924468580327,-0.21531285942866885,-0.3126283201287627,0.16305446699007106,0.219275680184781,-0.009123574286701496,-0.006282104134076738,0.0,0.2017759448693246,0.0,-0.06735588854810176,-0.12828392662261762,-0.2009920771663429,0.14143382197284474,0.028815670432915944,0.0,-0.43876301002907064,0.0,0.0,-0.11709900413340017,0.07887798748998494,0.06669649911129431,0.06583699183123286,-0.8961407127820812
2023,3,Indicador de relación entre las obligaciones financieras y el pasivo total,0.11038216283519553,0.04201289002323967,0.15605195714245748,0.09498233670457562,0.0,0.0,0.029843816801332912,0.0,0.03527716907051398,0.010511033912485788,0.0,0.0,0.0,0.022632460505517104,0.0,0.0,0.0,0.1553013835135699,0.22750431997919074,0.09728584465099953,0.0,0.0038086476591062584,0.0,0.0,0.056476147519584845,0.1917746233307653,0.004548744923608652,0.14048385219339254,0.00024520570379127577,5.8722996166704096e-05,0.0,0.0,0.0,0.06879542394618704,0.01939430046967791,0.0,0.06414913288089515,0.06973066034059278,0.0,0.02874408204213203,0.0,0.0,0.0,0.12716878256352118,0.3730224553017961,0.1378782156698392,0.0,0.3676337740471777,0.08723701802242376,0.20426816018193572,3.257809527934713e-05,0.20347523863558772,0.10163448010204051,0.00019448856849409838,0.000612498897240143,0.18436748537946102,0.0,0.023952101202835276,0.02638375606808835,0.10232230789087877,0.17139050562610852,0.0,1.6625858268728082e-05,0.0,0.0,0.03848590884009303,0.04065690670839837,0.0,0.0,5.713870185000007e-05,0.0,0.0,0.0,0.0003047896777689103,0.0,0.0,0.06797347328125126,0.0,0.26286596443239824,0.0,0.2644953928055339,0.005213954022624124,0.0,0.0019313462461897214,0.0,0.2061256391930112,0.04234854244242674,0.0,0.0,0.09777187199251348,0.0,0.03461001568549346,0.0,0.13766010352302896,0.0,0.13828680100112192,0.0,8.769814976015053e-05,0.26095931868960875,0.0,0.10887749736841677,0.0,0.0,0.0,0.0,0.0,0.009828682462491974,0.0,0.0,0.010076978431764742,0.11015160412352526,0.32335879894937974,0.0,0.0,0.25892770266227183,0.0,5.2880345456569734e-06,0.0,0.0,0.06701220178843068,0.0,0.049025887660871466,0.024817431111665098,0.0,0.0,0.06822084336388164,0.0,0.0,0.0,0.1574145594861443,0.35964060466481823,0.004882943100822233,0.0,0.32866652221259113,0.09554936991843224,0.0,0.0,0.08987106024483803,0.1976245223654664,0.14086439040011636,0.12130020072516622,0.20052647040272162,0.23303203968445543,0.07877916636833812,0.20960685826089706,0.0,0.09229219973182694,0.0,0.0,0.06148470903465924,0.0,0.18304757331578506,0.05022847202853089,0.0003488953233784377,0.0,0.0,0.00021631988312322857,0.0,0.025926169173508203,0.0,0.05507787630019054,0.01624097710625448,0.04792348350830518,0.0,0.04942438290782652,0.0,0.00026559447765048575,0.0,0.0,0.0,0.20110377641105565,0.008266756052132873,0.0,0.20189485763542264
2023,4,Estructura de Balance,1.8119058933454648,1.816902418721498,1.5545731390733062,1.3761845852853216,2.2401229763193125,0.0,1.3444442042464964,0.0,1.3721957753847451,1.307368216802071,0.0,3.712032454487264,0.0,1.068057033625806,2.2736481861420152,6.248102323341385,0.0,1.099026551961022,1.2252021555323063,3.3493784875291803,0.0,1.6686826047584427,0.0,1.4799717628112643,1.1823444537890488,1.0758926608443324,1.1757392067149206,1.6514447868308306,1.6747447272959484,1.0695389922126501,2.9446309071317227,1.467869721802914,0.0,1.851512402737933,1.3407696999602314,1.199890247292779,1.4503266766258098,1.4738245252440507,3.4798637546442674,1.2595926431405244,1.38062146895478,0.0,6.192186547341704,1.4747077587424924,2.2490580373780604,1.9564691655515587,0.0,1.602755709906771,1.3429179027941012,1.1477424272577075,1.1958551718174313,1.3468307121681915,1.355942584622627,1.745797118878057,2.129893408824319,1.2678035653946242,1.277358067725606,1.0627747971630748,1.1729245757134141,1.7097748664970758,1.3121312931732807,0.0,1.3868893581689605,0.0,0.0,1.1871423993728365,1.3073417464685724,1.3615665477782426,6.956166732504966,1.2880191326221004,1.3090832280696902,0.0,1.340675292140622,1.677802244325253,1.5847513266145827,0.0,1.506647665960605,3.505680154931584,1.5172710864527497,0.0,1.5968630412479885,2.324416317638907,0.0,2.5210808546899934,3.6990223273779455,1.2971900558887266,1.7787382165327719,1.304003549004315,0.0,2.348406111662236,0.0,4.530795887280421,2.3031003194865582,1.598157466962335,0.0,2.1573757923688817,0.0,2.0158890269195684,1.4021238735491601,1.986748787171632,3.041826632433864,1.5295237854718855,0.0,1.6425329492538099,0.0,1.3215096325730626,1.7853643396974277,0.0,1.3481964418574899,1.5631830061143674,1.4574933527868892,1.4273500702143989,4.314188812007898,0.0,1.2008834912886197,2.035585675355603,1.2084473623054013,0.0,1.3610904285311487,1.2194043390776723,0.0,1.2122726966926953,1.5570038241494928,1.3191891568125593,1.3763444177520858,1.408265691784449,0.0,1.4192770273920616,3.5682308704160155,1.3794419913686093,1.4143357813890371,2.7022508439692627,0.0,1.580270658058789,2.363777962739981,5.069376197009929,0.0,2.9131170046632033,1.5489904830271426,6.433561001504067,1.5904969545276304,1.9083719370936592,2.0867539418845227,1.1865911877592386,1.065758871298701,1.2606563440204395,1.2502503631582875,2.174108350569886,0.0,1.0833972961238825,1.6753700491737111,2.3291627654869997,1.2963436955672194,3.3585642972921974,2.895191114808394,1.9604903221816676,1.4928485721378004,0.0,1.2648442810508915,0.0,1.430161783881662,1.3523718614228504,1.3211066020218851,2.2970322723483294,1.9955331761097945,0.0,2.2285515922017898,0.0,0.0,2.6890366041236144,1.6501938434312222,2.562826560087884,1.6780108389526482,1.9678832065786085
2023,4,Indicador de Margen Financiero de Operación,0.7214533698162204,0.7650787570580636,0.5567666530001013,0.301262191528315,0.7802357714796864,0.0,0.41184103190371424,0.0,0.46246054921962026,0.6688278732956597,0.0,0.8726883788200657,0.0,0.5336091996628124,0.8074452282149313,0.969483140225686,0.0,0.3035285581525632,0.5560125920385871,0.935035160460161,0.0,0.84491069952749,0.0,0.5727891036031727,0.6655867674655105,0.4148113159722465,0.5972188263522198,0.6771560827624773,0.7439047704664344,0.42386257060230004,0.8650059546170383,0.623397589510408,0.0,0.6153318802724579,0.31951660521302355,0.5864263498587091,0.6110728169696777,0.5730076084172548,0.8439863377871792,0.6997004697878995,0.7836658281330927,0.0,0.968879008673651,0.549264791368038,0.5719616389374486,0.6355268743990723,0.0,0.516412361649492,0.7385440516569899,0.5279216084187053,0.6414293371715938,0.7079670530197671,0.6117598372858735,0.806833795155455,0.6187660794534247,0.5769264078740726,0.4247454199907279,0.460974947817599,0.4823449034357959,0.8537739965620532,0.7396061451682826,0.0,0.6638590817115978,0.0,0.0,0.7338762375028359,0.5951806097081571,0.6696204972793255,0.9441200458547465,0.5076401103437798,0.5368806119624909,0.0,0.801082477768383,0.6435050358548116,0.18317179722296337,0.0,0.5940878111524943,0.8110926365509092,0.4519822837824863,0.0,0.6435201939272125,0.68377388539916,0.0,0.7473421533673253,0.7241080295785768,0.6823891305989033,0.8204724899394763,0.29862757752758123,0.0,0.8759170158223484,0.0,0.8713844126712595,0.6759628728736502,0.6616944850289385,0.0,0.7950421859038302,0.0,0.789179216655466,0.5232769503672957,0.7707695556681684,0.8894413021031355,0.6458696291943273,0.0,0.5464934338346702,0.0,0.5730996841673369,0.8822697493239419,0.0,0.7126097447206321,0.6397339487811061,0.7687228094842475,0.4613487648302861,0.9369237392907425,0.0,0.5246754819174415,0.9147594815929128,0.39581470964361565,0.0,0.7606536305580176,0.6206423003094105,0.0,0.6347104887508058,0.824233307105511,0.7822210831392398,0.5299896678092998,0.48275933018452544,0.0,0.7612563549279384,0.7850584767418624,0.309453635271556,0.46512356880882927,0.9324433788189215,0.0,0.4689082441122997,0.7713738931427722,0.889298399503242,0.0,0.8017735263674718,0.8094260198601206,0.8971769723207336,0.7261135144455891,0.628227174883516,0.6069445665625264,0.5380552504109164,0.4379420512456206,0.301857499736214,0.6048684358179424,0.8152624243041556,0.0,0.5591513506431213,0.8546742705084703,0.7137646117789378,0.49328255378480185,0.9129641300210763,0.824037081891288,0.8098386010611971,0.7510546008796891,0.0,0.7255340348553966,0.0,0.6090074263434289,0.39829746983813497,0.5015750774477118,0.8758981627872956,0.8679053133415328,0.0,0.673557003192199,0.0,0.0,0.7549528565267722,0.6150224442020916,0.8787233484446543,0.7800035819993748,0.3896477847268472
2023,4,Indicador de Margen Operacional,0.07193965696704939,-0.04715449480245523,0.17972220104546432,-0.22343075877808305,0.11472557082236269,0.0,-0.7832191109905555,0.0,0.011446627880877153,-0.0006375183422494057,0.0,-0.4818268743706943,0.0,-0.060512752435694,0.2079731827817405,0.1390443018632468,0.0,-0.12423404174417735,-0.2439904009851622,-0.0074715703600021985,0.0,-0.004577256142012531,0.0,0.16882336309762927,0.0462073957649802,-0.0939940920189213,-0.022056269100156792,0.11729777790196397,0.07248084659908711,0.12194637058284245,0.3740071810290532,0.16957007564101453,0.0,0.055041052586109064,-0.07210740557979897,-0.05235821730865911,-0.0705609593087266,-0.0425896357634751,0.05926707686221073,-0.05225692196523933,0.15383332460309732,0.0,0.31970216046538913,0.08931637025302888,0.07557624841645783,0.2137119506926914,0.0,0.009183747902181951,0.28547893133295343,-0.019815766807381622,0.06330197182650352,0.059789257721714326,0.13556932094990823,0.1739943751150275,0.014526743836534016,-0.1061757589677731,-0.18088451397844096,-0.13519681995795163,0.016255759898537597,0.11438434469065709,0.14858817350454784,0.0,-0.12865253655819264,0.0,0.0,-0.08125763266268671,0.0324032256664614,0.25339777176577283,0.3394778686321299,-0.13204239493825373,-0.01932267340216321,0.0,-0.07614309043906979,-0.06792039656491371,-0.27234680051442234,0.0,0.01909315554508488,0.31640826206280476,-0.08285258529983137,0.0,0.08811723352033059,-0.1017518361514958,0.0,-0.08243543158465014,0.11743589810797402,0.033561122388358816,0.1172930903958249,-0.33294142944571126,0.0,0.19400309499356438,0.0,0.35243644969520943,0.1390376109024059,0.013252972897859823,0.0,-0.22708480994075264,0.0,0.009515230906533952,0.039465265893344634,0.28373475492542566,0.14197804549600035,0.20706256175277485,0.0,0.018520186289361057,0.0,0.037585574331239095,-0.04275770886091616,0.0,0.1132918596826604,-0.007195753625294474,0.03613819244777343,-0.002156812300778755,0.23000644848048402,0.0,-0.053596160700737625,0.21734495639206705,-0.00235445531664079,0.0,0.14416581504681872,0.046178247081574385,0.0,0.029385689013635037,0.14412133877179661,0.24527787940514056,0.11623827813863907,0.028649435592510052,0.0,0.10415550039141397,-0.309017952988942,-0.24909361463570867,-0.023045609283855822,-0.06747459449641398,0.0,-0.0060126932471121575,0.06304566372024113,0.0902867537438458,0.0,0.027352530150766906,-0.0014338524044852318,0.14397976338709279,-0.09385301182734601,-0.10637329927415566,0.13336999996687512,-0.06315778936873297,-0.06783785600487002,-0.14305029995481794,0.030407484245839302,0.2006252241765862,0.0,-0.07298199437276867,0.1546571502834848,0.016246113216609747,-0.31032846395223834,0.1639750522204107,0.21949499403270964,0.029703869669217207,0.02803313941741512,0.0,0.21111113399310227,0.0,-0.23912639745571004,-0.17529785586824848,-0.16043853473541017,0.1398162476680976,0.06230928812429996,0.0,-0.45833345135896675,0.0,0.0,-0.09908893089644295,0.09788774689734778,0.10112493020119517,0.17256938154204415,-0.8163359441006937
2023,4,Indicador de relación entre las obligaciones financieras y el pasivo total,0.10764450023700983,0.01963574806962795,0.15430356117142996,0.08407807394331536,0.0,0.0,0.02796169245217875,0.0,0.010562739264775165,0.00857988270735598,0.0,0.0,0.0,0.013829672902081322,0.0,0.0,0.0,0.1512134199477833,0.22227175522507414,0.0832857519537313,0.0,0.0037674109892300665,0.0,0.0,0.0504594447931663,0.15482948736299024,0.00424679719990161,0.1330231890125917,0.0003117841954749393,2.8489027120587193e-05,0.0,0.0,0.0,0.032270011218806516,0.010337405612207291,0.0,0.06302302731374393,0.044598535684450206,0.0,0.020153441016135934,0.0,0.0,0.0,0.11899290271740993,0.4471136877175643,0.05561607910162552,0.0,0.342498941765683,0.09060460440018327,0.1887072181990309,0.0,0.19772795938993817,0.09847170618564496,0.0002261546174789314,0.00016232358364330737,0.17902576758803598,3.927065345577794e-06,0.024123886108100675,0.018893067565945606,0.09819054019694604,0.20103928941820326,0.0,1.0875601739738748e-05,0.0,0.0,0.048372617961449406,0.037806562240370746,0.0,0.0,0.0002492742864564205,0.0,0.0,0.0,0.0002895133239322814,0.0,0.0,0.06692230928086525,0.0,0.2570575600454874,0.0,0.2685590467632985,0.006128218657740277,0.0,0.0009682917520643444,0.0,0.19772391655097116,0.04216551824876081,0.0,0.0,0.08920976352409563,0.0,0.004150738198558443,0.0,0.16976506738941494,0.0,0.11613463410093806,0.0,0.00036819307670075957,0.2447246871408071,0.0,0.0955349327446645,0.0,0.0,0.0,0.0,0.0,0.00785899607393907,0.0,0.0,0.0,0.10668522369778415,0.3193166844075272,0.0,0.0,0.254020422504634,0.0,0.0,0.0,0.0,0.06587689157159092,0.0,0.04784049707834089,0.025110481095324707,0.0,0.0,0.05925001414609383,0.0,0.0,0.0,0.17101339642305408,0.35076890295877766,0.0,0.0,0.32620468281391646,0.0986932059613108,0.0,0.0,0.08758238014291855,0.19544678213976283,0.12297499509889698,0.1120268299414223,0.18758431838359638,0.21780864068420291,0.0724303982073929,0.20136938142610755,0.0,0.09276939586424562,0.0,0.0,0.04803724845170458,0.0,0.17399212086583138,0.03059696247056995,0.0003031513260484808,0.0,0.0,0.0011130042893084573,0.0,0.024919531927641198,0.0,0.053736429325245236,0.01451715344209371,0.0421411294194243,0.0,0.046278385043240916,0.0,0.0,0.0,0.0,0.0,0.20857332852735738,0.0072096572990001315,0.0,0.19084918111779003
2023,5,Estructura de Balance,1.7756396491724988,1.8152776576078753,1.5585411495496013,1.3751373029889347,2.2275242147404186,0.0,1.3348988796457042,0.0,1.374904722519657,1.3132621690987536,0.0,3.4988919892386803,0.0,1.08064786826787,2.3142757164468954,6.4525259763637495,0.0,1.0850908432885986,1.2190148618487229,3.345665035981883,0.0,1.679408029033997,0.0,1.4630609685504072,1.183761686331422,1.067188647710356,1.1853893640882074,1.6827352027751494,1.693931753020614,1.0215668376604727,2.9566582159849615,1.4640384106685107,0.0,1.8481863731315438,1.341690901965879,1.1930516603897385,1.4497186471687773,1.4686048200051558,3.376932500189966,1.2573041865793375,1.384265084904607,0.0,6.33307519411214,1.5151980571897703,2.249721759212635,1.8401094547382735,0.0,1.6101871576598874,1.3281017977584422,1.175475486462174,1.191746339034669,1.3529753401285838,1.3285724807526704,1.717636405212038,2.16405574833328,1.257993144302456,1.3051597496723997,1.0731406881233303,1.161200377185906,1.7180540828958926,1.2801183535742808,0.0,1.397487692553555,0.0,0.0,1.1702569959655904,1.2795680602951023,1.3643703291396143,7.273646400468912,1.2601999691158954,1.3275302604311063,0.0,1.3995784777760767,1.6914077453724639,1.6902214758853782,0.0,1.540668522906412,3.540994845574868,1.4980307065721945,0.0,1.6246578015707167,2.2976338145595827,0.0,2.499012201189021,3.617288145560969,1.3096727499444158,1.843961851961456,1.2896394218890919,0.0,2.4273748191967996,0.0,4.571431018293908,2.3086924545777867,1.6010206820517572,0.0,2.12393350492806,0.0,2.06830859914857,1.4012813631542775,1.939914865558796,2.547959140883903,1.5201849057544128,0.0,1.673355710735994,0.0,1.3379884060191083,1.7783907772622494,0.0,1.343555758984177,1.5406976877592198,1.4725366419461177,1.3979064332352085,4.506247404970778,0.0,1.1979942367586964,2.0204390765291103,1.2137957120381986,0.0,1.4182323305854334,1.2169563264747365,0.0,1.1987126165607858,1.551594345512162,1.3553688577891374,1.364907199299596,1.4266989174635347,0.0,1.3818698228950856,3.5935627002026793,1.3741546379225025,1.4123092597100393,2.710991159536823,0.0,1.5172300117170743,2.447864868499326,4.6622466944208725,0.0,2.8564371599589276,1.4901489955738663,6.311390160258116,1.5856105675355527,1.8677310180214537,2.0144310584906178,1.1857360522121887,1.071941196033987,1.260305717409528,1.2550255229701461,2.180983772490221,0.0,1.0850186862997733,1.7139832825840722,2.286517424032418,1.306378956329184,3.4060332136093807,3.097852882696799,1.9508888518008618,1.4884700771092412,0.0,1.2286272463256163,0.0,1.3870454584026959,1.3573916810710844,1.3153215421112814,2.317897647856984,1.9956108544384301,0.0,2.207562543903568,0.0,0.0,2.6714428426583874,1.6621165472431467,2.5727506534075153,1.677419479306686,1.9434521164244147
2023,5,Indicador de Margen Financiero de Operación,0.717412266593078,0.7590703789567869,0.5459322815701487,0.3087107791807411,0.7800270703572638,0.0,0.399274435322374,0.0,0.44813033922832013,0.6625863751327433,0.0,0.8717457753386514,0.0,0.5293138898850178,0.8104291826442687,0.9649612009918977,0.0,0.2911176914652189,0.5527267814459405,0.9330853039901448,0.0,0.8439125393904426,0.0,0.5662498556039103,0.6639694595107164,0.41223696059615905,0.5854627137207382,0.6708357829527258,0.7423834808481447,0.4148127280360456,0.8662486556095728,0.6134518133555099,0.0,0.6184641829212534,0.30522298151805954,0.5813743576122197,0.6058856631196164,0.5753143087071108,0.8374391374591318,0.6976599691278853,0.779043535336753,0.0,0.9672909049694751,0.5492103544880365,0.5764605693778888,0.6041898535262726,0.0,0.49023817641940143,0.7352426434725079,0.5256789075667686,0.6315461938790615,0.7025588837668862,0.619516613583932,0.798936507326702,0.6113060253928211,0.572600847394152,0.4406901869020061,0.44380517271066805,0.4868269413986187,0.8524688825301284,0.7357252083476647,0.0,0.659726583728481,0.0,0.0,0.7145333502656993,0.5927230481753583,0.6587884828985076,0.9427280921685178,0.5017447703409282,0.5469095011840464,0.0,0.7989705842415237,0.6437347055388675,0.1978082674933559,0.0,0.5928038087329064,0.8087668658510233,0.4562549173801024,0.0,0.624825927397582,0.6759196331646048,0.0,0.74539541006879,0.7104756697808099,0.6735792752253755,0.8115070369420464,0.304376360171881,0.0,0.8479821256233133,0.0,0.8708340027558024,0.6613088268503746,0.655159634433859,0.0,0.8027090207540329,0.0,0.788197943939225,0.5208684451029244,0.7601376296635043,0.8877984262655748,0.6347833373723463,0.0,0.526433860142092,0.0,0.5710975243200646,0.8808609189260768,0.0,0.709619818653397,0.6344373520162693,0.7665567511692754,0.4615813623230904,0.9375998036099575,0.0,0.5234160720119752,0.912613698159667,0.38887117534106463,0.0,0.767303302553054,0.6168392471295228,0.0,0.6287190908095637,0.8221494236788182,0.7846084064441718,0.5240436015931933,0.4776137567597154,0.0,0.7608817051581297,0.785181972291087,0.30617526967076536,0.4638173942929245,0.9232253442340935,0.0,0.4502948089124523,0.7815967687251799,0.8841932736069781,0.0,0.7959429576157461,0.7939213130556552,0.9043833244196507,0.7287241411443525,0.628331499554651,0.6044032557320327,0.541565616206747,0.43287018096842267,0.2933236906790301,0.6039705897743688,0.8075414462633029,0.0,0.5618738428792619,0.8497221593898487,0.7066620789152234,0.4936590768264053,0.9132387449044501,0.8209315957827971,0.8088629278608399,0.7384143152260305,0.0,0.710703604476501,0.0,0.603505387395093,0.3898787826115868,0.47766731154506814,0.8712589242557682,0.8676510774015198,0.0,0.666612928612965,0.0,0.0,0.7601241364981562,0.6164094409935581,0.876519964151385,0.7746597781257623,0.36975541572367293
2023,5,Indicador de Margen Operacional,0.0610672924444161,-0.09734162996087768,0.13632579255899555,-0.20828357543798448,0.13951773678395127,0.0,-0.7206062167666424,0.0,-0.018039922787033234,0.008322342641718697,0.0,-0.4365179178468479,0.0,-0.10015605527431098,0.19763093757714068,0.1371926919597663,0.0,-0.11704716436677515,-0.25100956516828593,0.04080598853169894,0.0,0.03993873284841111,0.0,0.1821254167450223,0.04205224502997182,-0.10509493093064597,-0.04360456996379401,0.19529852686584837,0.10920532732937079,0.12051467670418277,0.3894562089016841,0.17696910247949243,0.0,0.040604159435202083,-0.0905629998975953,0.10328922406690931,-0.07076828776928464,-0.035885353549784255,0.06236122687354936,-0.051538463694703406,0.20196425466255122,0.0,0.32242071310156495,0.07134899447593746,0.08289879821151322,0.2091289424347916,0.0,0.004480887012472216,0.289208319207304,-0.01605049674509133,0.05077053962546973,0.06726083907440747,0.15747210747915344,0.0689884502826981,0.00921128915530864,-0.05293481276004026,-0.16310864468211816,-0.14517032823707354,-0.021447419934015995,0.14442481123022874,0.1486905787943802,0.0,-0.13404527344083325,0.0,0.0,-0.09213565817964244,0.028827996728692747,0.25320168635354334,0.3125718920111871,-0.08680412620480238,0.032157482844741674,0.0,-0.053406857999632004,-0.05773500497622141,-0.26867385698931484,0.0,0.017681909425311403,0.3359751863084859,-0.06752344453486023,0.0,0.06629565073212966,-0.10629714890891853,0.0,-0.07719340563342657,0.27805631785163665,0.038643208983383706,0.11586722772618448,-0.2869891577139371,0.0,0.18157540718797893,0.0,0.311403296341021,0.12414084134719608,-0.02088954481533089,0.0,-0.16774647302036028,0.0,0.010460706491605212,0.03305939108121173,0.3081815809129773,0.15598877467770353,0.19311845243981898,0.0,-0.01184198374392559,0.0,-0.0006514641192665905,-0.1033949589734022,0.0,0.10773836388047035,-0.01643056971681476,0.04973485282141204,0.003833203328293144,0.2611258646810183,0.0,-0.049198206513682584,0.20083054766615321,0.0015746645724750588,0.0,0.23656017677720984,0.053238007359396176,0.0,0.05242061972189134,0.15657690926220874,0.24818632892808207,0.11955806432874015,0.02217053907023271,0.0,0.08125571536857071,-0.15052622840608898,-0.20896204058904455,-0.0009775110121751061,0.020507956610536688,0.0,-0.05777269325922091,0.10924764817674641,0.09034173230679961,0.0,0.038692447386217764,-0.02220120116735173,0.16953951573743592,-0.09660478847724667,-0.09493112295252393,0.14378639417561692,-0.036374262729141855,-0.0779026430980641,-0.12685082726334831,0.008093134548884358,0.20857942756791467,0.0,-0.06680907100741147,0.14605969670492938,0.03812560368063616,-0.3345915719524935,0.12373193928667463,0.21353840316286182,0.008926958316562308,0.04205382099759969,0.0,0.17912834182747778,0.0,-0.19696292210958427,-0.1756576270490359,-0.1767729177960989,0.10744184502326092,0.0923961953395255,0.0,-0.4317362102838407,0.0,0.0,-0.07676772824806005,0.11772690849747182,0.12811505969054438,0.17083487777492593,-0.874790666038759
2023,5,Indicador de relación entre las obligaciones financieras y el pasivo total,0.10214510488635434,0.00650159014407063,0.13688144114126813,0.07958215295256767,0.0,0.0,0.0004358969058001118,0.0,0.0,0.008290380097289024,0.0,0.0,0.0,0.012084767633391542,0.0,0.0,0.0,0.15537398154953672,0.2168171082493902,0.07582689244875018,0.0,0.003743358246878143,0.0,0.0,0.04369000706722007,0.1324734696136061,0.004034262429606853,0.12454729517666946,0.00021240445652027234,3.136277164061124e-05,0.0,0.0,0.0,0.030856405039324006,0.009136460711316938,0.0,0.06219459621143653,0.039164403583140744,0.0,0.018275946593069015,0.0,0.0,0.0,0.09436833077349799,0.441407505344022,0.02739621585295472,0.0,0.31888447866819586,0.08579167081503444,0.15094259662153314,0.0,0.19474143763853025,0.09360019484838147,3.308309338121356e-05,8.140192760102048e-05,0.18262737394911283,0.0,0.024671774441474933,0.033667766161169906,0.09353864370704626,0.1937529515843759,0.0,0.0005268670631028679,0.0,0.0,0.06523039159884654,0.05085657336719826,0.0,0.0,2.7218971188810834e-07,0.0,0.0,0.0,0.0002758510000990018,0.0,0.0,0.053347056354045956,0.0,0.26256720243859005,0.0,0.2746082286094976,0.005048137027206617,0.0,0.0,0.0,0.18699701072803873,0.042751829373369014,0.0,0.0,0.06725248085095402,0.0,2.8108277553933032e-05,0.0,0.1628502134596292,0.0,0.16582620180353835,0.0,0.0,0.2234275174449561,0.0,0.2337039446890668,0.0,0.0,0.0,0.0,0.0,0.005799702515376899,0.0,0.0,0.0,0.1040284313682166,0.3190327152986146,0.0,0.0,0.25301160878630363,0.0,6.518421840883401e-06,0.0,0.0,0.06481433497632946,0.0,0.04574058375322002,0.02546699625847525,0.0,0.0,0.006856671312699879,0.0,0.0,0.0,0.1753354914185717,0.34403616149570465,0.0,0.0,0.33403650829215403,0.09888823315507567,0.0,0.0,0.1448423237300606,0.17856306038163777,0.11709070939237244,0.09770260056789201,0.187166968395695,0.19576649886039427,0.06449665586625893,0.17480698320867702,0.0,0.08882883879935527,0.0,0.0,0.036034637069884946,0.0,0.16877518789259258,0.0076491258712840186,0.0,0.0,0.0,0.0051817007647862075,0.0,0.0,0.0,0.0506682866111485,0.012657200454271307,0.038040737125847136,0.0,0.04408746285532253,0.0,0.0,0.0,0.0,0.0,0.2092950818706562,0.004934105859126167,0.0,0.1820947102676113
2023,6,Estructura de Balance,1.7366815714063213,1.7670606120596344,1.5300550770557795,1.367798944825945,2.2108886096600133,0.0,1.3146145519398738,0.0,1.3687139373181365,1.3255993173574807,0.0,2.93634474079726,0.0,1.0661850240917703,2.253656841128996,6.440052830495855,0.0,1.0510001331298213,1.170225362064054,3.428095883875817,0.0,1.658903695447156,0.0,1.4812768281994655,1.1733348333775557,1.0541317844700409,1.1836660107101866,1.6148600426534687,1.7112570498083872,1.0053419964930557,2.884246866825038,1.4439065492769787,0.0,1.8497055343544533,1.3366773257068418,1.2027587923966878,1.441149309189432,1.458194045770447,3.262756439525085,1.2450214180007066,1.3658273520284674,0.0,6.291531340458966,1.5130365841119968,2.185656643117787,1.7419620801612754,0.0,1.6430392478349454,1.3140418098711293,1.1647117217164316,1.1798851925320242,1.3446734170840815,1.3326014197369782,1.7415910614301464,2.048021613616607,1.2605825804597797,1.3167801271330695,1.0518237015864056,1.1643513247874728,1.772841085575591,1.321936189899135,0.0,1.3695152076870358,0.0,0.0,1.174577512309792,1.2732223366753828,1.3512414812759554,7.331911208597232,1.3926584568589544,1.332561530397938,0.0,1.3069430821646377,1.6948607523349826,1.6513713987835688,0.0,1.5147962157904826,3.4425668766282964,1.5397181981732277,0.0,1.592543063691311,2.259034540309993,0.0,2.4957659565290147,3.5857156020136416,1.297305680134656,1.8373519759797843,1.2486293977175322,0.0,2.4593075844091343,0.0,4.471561160118445,2.2713890206334533,1.6341912489023376,0.0,2.1068723907556013,0.0,2.0732842056300957,1.4237046102436777,1.866773897616777,2.234420357227244,1.5250809867000101,0.0,1.6605161518632197,0.0,1.2688455972467607,1.6899798185500152,0.0,1.328673571407664,1.5246462085940886,1.4849099801987526,1.3761077469088323,4.217147579885502,0.0,1.1057309569476377,2.065094885771845,1.2198835245032265,0.0,1.497803656723863,1.2042538307928095,0.0,1.1969608288808287,1.5263276792854577,1.3823925344899357,1.3604839608899681,1.492628616931084,0.0,1.3981098251066657,3.662043014689243,1.3729206557231755,1.3913363223675976,0.0,0.0,1.4497176624391053,2.3796665194532745,4.535509837048249,0.0,2.7613676093312147,1.4759773645413374,6.283538842765541,1.546306932306906,1.8004828213297446,2.141289294516992,1.2140719507321298,1.045851438631519,1.2560326060388611,1.2568532038134677,2.155659787239585,0.0,1.0838814179393317,1.6398727479345234,2.2020071691335388,1.2755711294168648,3.2398345207395005,3.0272795885968447,1.9417311976008667,1.4864281174293557,0.0,1.2032332254192477,0.0,1.4147227950059882,1.359018523969038,1.305005702860749,2.297184867059741,1.954021265743725,0.0,2.62988765502926,0.0,0.0,2.696252078909133,1.5902166908043789,2.533505957788254,1.7441396941449747,2.055790272804642
2023,6,Indicador de Margen Financiero de Operación,0.7142913004816891,0.7573277749030465,0.5470450313001619,0.31121795379082806,0.7797215818440747,0.0,0.40061486080733333,0.0,0.43579772588028365,0.6585106052093409,0.0,0.8707696097147537,0.0,0.5279616289905329,0.8134572710328114,0.9612735403822519,0.0,0.27856950542673314,0.5492022532873743,0.9319435015651475,0.0,0.8437505618545106,0.0,0.5576818636226605,0.6618682242526832,0.4071642798403992,0.5779762767920478,0.6667865671446572,0.7417166726122248,0.3984257166455633,0.867214945199115,0.6104498097966443,0.0,0.6232843418981461,0.30417750715715586,0.5756074378495857,0.6065159885193586,0.5712049652005088,0.8327065639590352,0.6976591596858857,0.777078723686843,0.0,0.9678387372964417,0.5508439438276835,0.5740825534730071,0.5870924998950012,0.0,0.4811296337889494,0.7341176845000711,0.5261750517278361,0.6264823492318774,0.694070394510654,0.6222300571690926,0.7944010951384131,0.6160378611523515,0.5710490770452341,0.4534029542150957,0.4417491783930566,0.4901604829844196,0.8535257270291072,0.7358440132925756,0.0,0.6558410111749183,0.0,0.0,0.6987941133609936,0.5872648624305137,0.6476354849370551,0.9455776730214375,0.5002868482498809,0.5579152399457208,0.0,0.7991651633935136,0.6476772435867749,0.21798344778314643,0.0,0.590967175233883,0.8053732474409113,0.45669268809340957,0.0,0.6282509142780895,0.6715166441163898,0.0,0.7447174563528911,0.7011685872806711,0.6730520127229601,0.8104638163315062,0.31025079923023835,0.0,0.8436056059178774,0.0,0.8722712724968164,0.6521324042501634,0.6509209034063799,0.0,0.799745464152565,0.0,0.7895495052298692,0.5242749684026374,0.7546127766494101,0.8868036076400859,0.6271594937613292,0.0,0.5140102916123734,0.0,0.567865718202893,0.8807882367546086,0.0,0.7103158555705461,0.6307575740033373,0.7665064625705074,0.455281993403854,0.9390061813729207,0.0,0.5222454346563853,0.9121428874837234,0.3812781804820358,0.0,0.7663771691349531,0.6190016937288353,0.0,0.6293560568432253,0.816731858561442,0.7906747679945104,0.516693606638289,0.4732280597857249,0.0,0.7611927801776778,0.7867115251600216,0.30530932937824184,0.5066376142863479,0.0,0.0,0.4291590807379419,0.7776964864272825,0.8808938446774656,0.0,0.7910809074157813,0.7989537737144812,0.9064724384082193,0.7316037804285591,0.6283930600949816,0.6099609363831796,0.5455264929306515,0.4336097149429907,0.29235147411959983,0.6017354670987894,0.8007671769527387,0.0,0.5621975318257405,0.8461574435904888,0.7050989710354495,0.4928638160412264,0.9134379068798923,0.8206580368268676,0.8097908125375888,0.7401667345582461,0.0,0.6967483244006611,0.0,0.600632428474287,0.3887156020223411,0.4690528402946768,0.8663677089601575,0.8642068931849751,0.0,0.6660237852984885,0.0,0.0,0.7590722243607451,0.6190944744868849,0.8730455851939648,0.7732071627781548,0.3722438763500341
2023,6,Indicador de Margen Operacional,0.05167491850257663,-0.09083988927568346,0.11681331171473255,-0.21110048290205274,0.15547025753758206,0.0,-0.7167736203919943,0.0,-0.03596653561362772,0.00806808453723095,0.0,-0.3797652690293835,0.0,-0.212074608660317,0.18316601037735034,0.1242767926586363,0.0,-0.11259292175339053,-0.2576732850624051,0.04065752008844994,0.0,-0.040092645725637796,0.0,0.17655072988856985,0.04468871804167026,-0.10175443452533799,-0.033530127882438636,0.13943919732917542,0.12716331726302046,0.10053579597300784,0.40401350703622074,0.1757227281389089,0.0,0.05684448758010168,-0.0809623448640038,0.1204173749357036,-0.06483505621522972,-0.02159204586509932,0.08445939093405434,-0.008654291130294783,0.1712965371173012,0.0,0.30942286886097486,0.04038960418779691,0.06900443348848986,0.17763786443390966,0.0,0.002628059918953954,0.27848569776755255,-0.015492874807492904,0.0463544186073134,0.01179960733689781,0.13381677191275518,0.03384460665397892,0.007595796797005748,-0.04231546417187605,-0.150157271118595,-0.14205880099952378,-0.01820485587936062,0.08928465859610074,0.13548570485854688,0.0,-0.17354901127210412,0.0,0.0,-0.06339624323675067,0.020632914844307543,0.24109048824563167,0.3147497395921039,-0.10961240963899536,0.02764491676077696,0.0,-0.048771749399596644,-0.05630659111316452,-0.26804543474575787,0.0,0.018322275482710024,0.3361708389612871,-0.0461430478289059,0.0,0.04977269472976761,0.09394010193839399,0.0,-0.07045562514621752,0.3381889276854634,0.030772866335064295,0.13297572212264666,-0.209981207446881,0.0,0.20290564230707642,0.0,0.32904506579425663,0.1332500078095673,0.006103595953123766,0.0,-0.06833436732968808,0.0,0.02225238176008068,0.04257732483930183,0.26124560247705036,0.1676550676806504,0.1895011886027367,0.0,-0.031345850760491324,0.0,-0.005214156559887865,-0.08453730072265954,0.0,0.12369085901749288,-0.03507713409721111,-0.0053585031699686335,0.008317005479375462,0.2983373465444699,0.0,-0.04112019243869429,0.2810048590782163,0.005774247295016038,0.0,0.20808437722566253,0.05833394590803257,0.0,0.05251491419857719,0.16014985621961805,0.2658106658014421,0.12603846729965457,0.017680889342762313,0.0,0.04503753640665386,-0.1371539075919786,-0.17197842765665386,-0.0011712143435992656,0.0,0.0,-0.014105034815262645,0.08997272574250822,0.09003023235844278,0.0,0.028996570323197156,-0.03901839748803262,0.1841338452738768,-0.032509197305481796,-0.10252409888347183,0.14542742557649452,0.0201380518972555,-0.08246378333921378,-0.1253225097379784,-0.010930975977105154,0.1863884415751532,0.0,-0.06340376379524706,0.1441621134552819,-0.01791993131468983,-0.3477968062167341,0.12473544311711594,0.22682275745486102,0.047594408891352,0.02965553676619373,0.0,0.20502695958909406,0.0,-0.18133761528419556,-0.16592352189224713,-0.16814905554734133,0.09962924825486319,0.11377580196120643,0.0,-0.41189493803537464,0.0,0.0,-0.036170400808590915,0.09809998062892478,0.1370127400873573,0.1502195425527008,-0.7976765911126167
2023,6,Indicador de relación entre las obligaciones financieras y el pasivo total,0.09788341197189802,0.02145361775359164,0.1260396613072317,0.06347917320236603,0.0,0.0,0.0,0.0,0.0,0.008203458061600664,0.0,0.0616113454780146,0.0,0.011859303328013222,0.0,0.0,0.0,0.14815420202096424,0.23732972149061354,0.07386260074577906,0.0,0.003628261930021487,0.0,0.0,0.049802927929359905,0.12249667039971192,0.003814739600203886,0.11624327158346306,0.00013718404461129474,4.18240763035278e-05,0.0,0.0,0.0,0.02955690388551114,0.007846311496663693,0.0,0.061316286604312153,0.033694610019823774,0.0,0.01752124966347119,0.0,0.0,0.0,0.07217909860936848,0.42322212995388014,0.0,0.0,0.306993919790997,0.08441828325447352,0.13813119855900205,0.0,0.18888486811264132,0.090215313865865,0.0004548115787598458,9.938808367835396e-05,0.17788014215887413,4.305921599165046e-06,0.0249430533228936,0.032447530077200505,0.09269690613423674,0.16163165301400903,0.0,0.0004613411399466606,0.0,0.0,0.07668206055886798,0.04691152360898306,0.0,0.0,0.00015102562964369832,0.0,0.0,0.0,0.0002594374186137873,0.0,0.0,0.08644973934085998,0.0,0.2161644831581152,0.0,0.28423575029845516,0.006497597011465237,0.0,0.0,0.0,0.20482131979402815,0.036853825827775064,0.0,0.0,0.06044304259597529,0.0,2.8211249270107452e-05,0.0,0.12685151066714412,0.0,0.13599513488972448,0.0,2.9459033608089246e-05,0.23823137503209893,0.0,0.2992609160675717,0.0,0.0,0.0,0.0,0.0,0.003609340422934977,0.0,0.0,0.0,0.10329072324121523,0.2974445949842756,0.0,0.0,0.26766654951984076,0.0,2.6386788703512305e-05,0.0,0.0,0.06279212071457592,0.0,0.04478914317692404,0.029588538930952545,0.0,0.0,0.00833974624835945,0.0,0.0,0.0,0.1791119397849689,0.3497971412710863,0.0,0.0,0.3613196174903368,0.09091542402669255,0.0,0.0,0.13844792219899277,0.1675319712719254,0.11003864534244065,0.09071908698962815,0.2020879166142031,0.14488287545363746,0.06259552160290366,0.20298044755118472,0.0,0.0807402526570896,0.0,0.0,0.03404886011742142,0.062447239075657024,0.1611413230734093,0.0,0.0,9.583404822486412e-06,0.0,0.0016445782908885709,0.0,0.0,0.0,0.04929172925165305,0.01658564416612009,0.03818539735608226,0.0,0.07494322476006886,0.0,0.0,0.0,0.0,0.0,0.20450135340207404,0.003633126314719385,0.0,0.1885128859861177
2023,7,Estructura de Balance,1.7124369746331733,1.7991300362404659,1.538379723646211,1.3861425936190255,2.2048147212516938,0.0,1.3102901523258361,0.0,1.34868446600816,1.3273433883257073,0.0,2.5633199333434997,0.0,0.995843834642788,2.2264038199915244,6.204817904926257,0.0,1.0600712414110849,1.144041764017793,3.4666734381857007,0.0,1.649006278187654,0.0,1.444017387659098,1.1786990644005235,1.0194464108390247,1.1821213019937205,1.5653266719585917,1.7024255214536792,1.0207454073089737,2.902403533836025,1.429522439131163,0.0,1.8215966036251647,1.3409944058678698,1.1898241663669358,1.3501882145364363,1.4533772435787793,3.326827296392778,1.2312848514699088,1.3560418552860878,0.0,6.473843763460899,1.4788167865679205,2.201715974098736,1.6631019692361304,0.0,1.5526230318917136,1.361607574586012,1.1708992957854085,1.177163658522502,1.2831552005594995,1.2971674825649344,1.7082552359046237,2.0948728018614213,1.260040154115651,1.3334447258477695,1.0777111598868927,1.1745838558037263,1.7512240719491141,1.322994195945416,0.0,1.2841055780905872,0.0,0.0,1.1017977525057074,1.2772034905109058,1.364796264684932,7.5534553166554,1.4149000909303056,1.2962797717361676,0.0,1.2597859711482866,1.7179948875331394,1.6448959497902198,0.0,1.5212631662558573,3.365979687167088,1.534863635370734,0.0,1.5416887841964073,2.2404608273659874,0.0,2.474235108949052,3.471268657296073,1.305470541507989,1.8429005899882336,1.2730492706549414,0.0,2.4253051255271085,0.0,4.473076066459108,2.242931274668139,1.6106718831702964,0.0,2.08061783176619,0.0,2.0764146787419184,1.4392663494542912,1.9149481386216638,2.3770298054149,1.4799831848672493,0.0,1.651488510554523,0.0,1.3048109297547854,1.66163933697036,0.0,1.3655165018274409,1.5131144889918755,1.4841992983263395,1.4379277531804722,4.212678361208224,0.0,1.078131344541838,2.0319961865066842,1.2060112206024027,0.0,1.3976998457569636,1.195335940730844,0.0,1.2523323924629162,1.46208364147156,1.3980441531103185,1.3556630195779946,1.5302692061527976,0.0,1.400930680899032,3.6341939068005065,1.4154351527324596,1.421832660906995,2.635715604785661,0.0,1.4386075876489932,2.3564269730614193,4.328888418956481,0.0,2.814609163398009,1.3978590899241328,7.408428972402687,1.555821101835949,1.8233775264832304,2.1871741111167964,1.2217805739564185,1.041395422965611,1.2532783721368637,1.2483133802489421,2.1743115112294045,0.0,1.0866615822164616,1.6300309420237822,2.2856454812848677,1.242582790335947,3.1665062304480665,3.0498773404202457,1.9169924536681209,1.5142118925244439,0.0,1.1712407788160224,0.0,1.4091123059525728,1.3536006395928792,1.2797402495669814,2.288270786252579,1.9635818024413885,0.0,2.4993095452970526,0.0,0.0,2.693528297216442,1.590373118503165,1.913635185176554,1.6918634154848686,2.0313485630688333
2023,7,Indicador de Margen Financiero de Operación,0.7074122855905639,0.7537000760899685,0.547670836629114,0.31682626815679465,0.7734602767748245,0.0,0.3987195420486281,0.0,0.4417834463287845,0.6555238375332908,0.0,0.8641787459688542,0.0,0.5283981617607221,0.8145357817632848,0.9552886129263155,0.0,0.2689587567579293,0.548010521487309,0.9311301391192368,0.0,0.8434308360200248,0.0,0.5480815625881293,0.6596282142448138,0.40023808585783965,0.5688532847420777,0.6591282496702274,0.7386416567041212,0.391496094483468,0.8677875263075362,0.6048585814520387,0.0,0.6259583523465514,0.2991008920193562,0.5736769560696814,0.6054837596642003,0.5643686179420615,0.8281497971617418,0.6987080909061463,0.7753787478709764,0.0,0.967892248532,0.5523370098449425,0.5729265324266736,0.5707452568929834,0.0,0.47959434579744453,0.7321251175114046,0.5273855981356316,0.6207023353554413,0.6876262015079515,0.6213983852853181,0.7894801102393246,0.6187529838936044,0.57132993695045,0.4626243071490584,0.4388342802648075,0.49222195684652836,0.8536572508317128,0.7307534431845206,0.0,0.653410009275348,0.0,0.0,0.6851304423603161,0.5813697697479089,0.6371485456062124,0.9481873397656531,0.4949963212771814,0.5756564684396301,0.0,0.8004578791411665,0.6503070998229986,0.228493808040364,0.0,0.588291606107137,0.8018006638894165,0.4625986796248877,0.0,0.6287705234182416,0.6699529877370194,0.0,0.7423643551937295,0.6902978942052583,0.671799249062787,0.8086757580176281,0.31820791631772904,0.0,0.8399203967146237,0.0,0.8734860493836598,0.6429310400202513,0.6544399894741132,0.0,0.7927171375280287,0.0,0.7907623822161698,0.5294526393238708,0.7466337721404249,0.8846368253529225,0.6218931409388723,0.0,0.5000414043648153,0.0,0.5660487884357913,0.8774361671059282,0.0,0.708461896232627,0.6297125763629948,0.765312313228594,0.4512161757336166,0.9389827821568589,0.0,0.5192975282384128,0.9116993841311092,0.3758370477905911,0.0,0.7679603245675838,0.6166849198866169,0.0,0.6276001755017618,0.8142456353093916,0.7937248578262904,0.5125997189254505,0.47339925382869374,0.0,0.7610822214332625,0.7876295938888249,0.3090565787566589,0.5007757381865974,0.9271980809577968,0.0,0.40995734565095476,0.7782534013759597,0.8748570836587367,0.0,0.7845050160227485,0.7961713107206458,0.9046191457710255,0.7317268144948724,0.6223528104829227,0.611387499622649,0.5488032136235201,0.4343803719444877,0.2897543054707799,0.5998181885945232,0.7938902898968772,0.0,0.568384628790518,0.8367680891594556,0.7054021152370847,0.48893780972741574,0.9124919852475988,0.8188896198815722,0.8091422662897447,0.7333408143090546,0.0,0.6830340222696291,0.0,0.5965400362719196,0.3916313932703781,0.46189932633138947,0.8655728219039407,0.8611653078182429,0.0,0.6719898126475644,0.0,0.0,0.751251958781189,0.6211445586802148,0.8693272937233285,0.7719165642829251,0.3738880723324401
2023,7,Indicador de Margen Operacional,0.06833622846834275,-0.13943533625842797,0.11894486370223604,-0.18590232716245858,0.15946894020967278,0.0,-0.7528268802643044,0.0,-0.0215295867172818,0.016040493199698937,0.0,-0.32034306485912883,0.0,-0.18307535724695134,0.19856583839597716,0.13113491167301902,0.0,-0.11042253602973262,-0.2524466738214809,0.06351766417350146,0.0,-0.04298008807098509,0.0,0.20775682685370245,0.042560266315621424,-0.1283752440110841,-0.04468673980775676,0.1399219726725889,0.12478067185228653,0.08466721256764755,0.41170718164650827,0.16754682687764832,0.0,0.06420858939553786,-0.08506737684685639,0.08674026070187929,-0.06432326172017795,-0.01743447730563374,0.0862157408076792,-0.007916509029601422,0.18220845903018762,0.0,0.32384751912705295,0.015021321997676642,0.057496753923914415,0.17119404565325394,0.0,-0.016950185495466195,0.2788720258745203,-0.01714603844829843,0.06806443267779605,0.002029020168143134,0.1228332527162624,0.04451504785446292,0.008627748703733229,-0.047520075783295763,-0.13935538954702864,-0.1632497405796971,-0.010932954568969824,0.10923272227755443,0.13380355849031839,0.0,-0.16390225600347091,0.0,0.0,-0.06921865287322346,0.014913120865668468,0.2202248463695626,0.3150275781534624,-0.11778479497368795,0.06640295265132129,0.0,-0.025541733320904706,-0.042402023369737876,-0.234443663013157,0.0,0.007992839531200686,0.285180367609347,-0.030102856833533635,0.0,0.03827217233188772,0.08360268161017974,0.0,-0.06175655192203907,0.36928840678977454,0.027072215294640017,0.1437662083567402,-0.2109692371229792,0.0,0.18437960078195081,0.0,0.3503954452286024,0.14465051747743318,0.015310094020469987,0.0,-0.10804845903950502,0.0,0.03615125058449353,0.0836937799337781,0.26013148461906266,0.18267235383154035,0.16628864039068178,0.0,-0.03895210820615478,0.0,-0.024223464570436764,-0.06727362956814553,0.0,0.14164382819049035,-0.04759937538570274,0.02048719962502689,0.009213711991478924,0.2854871466260228,0.0,-0.03859607843560809,0.23656008514610344,-0.006040455969767361,0.0,0.2360235538123355,0.04925767565496563,0.0,0.13478917121205441,0.1702103019828142,0.2578555064163933,0.11437535355651522,0.016740273617415497,0.0,0.07133978668876806,-0.09047693440031052,-0.14849353001022303,-0.0227222286384308,0.06208619830890594,0.0,-0.03878130772921179,0.09119002826273638,0.10683007782853546,0.0,0.03467187280376506,-0.057120196246956224,0.18705603356881723,-0.00899999561412392,-0.11345805872865689,0.15014335556183295,0.01151776259823092,-0.07829039135080078,-0.12370377688726174,-0.02508881617328588,0.1864690913312445,0.0,-0.06155084647273734,0.14515464145170562,0.0023491884983140557,-0.3653469109583913,0.12087434341231322,0.2248475522922261,0.07567194925519964,0.022616045871505876,0.0,0.17654793232216756,0.0,-0.15495841680311506,-0.08955917419438204,-0.16011629421133816,0.08086250815876994,0.12732099635796204,0.0,-0.40425243762264235,0.0,0.0,-0.013740021223106108,0.1103718067541509,0.15330653549057227,0.1720770416833415,-0.7397140313695657
2023,7,Indicador de relación entre las obligaciones financieras y el pasivo total,0.09301471852955243,0.019514796778213623,0.1208293441431424,0.04592787278175898,0.0,0.0,0.0,0.0,0.0,0.008192483673456468,0.0,0.05089457083783758,0.0,0.009926991704970477,0.0,3.141956248543529e-05,0.0,0.14351122257870838,0.23099613151209242,0.06656550864760465,0.0,0.0035329833904785032,0.0,0.0,0.04576830053805956,0.11173938541337877,0.0035513739531445455,0.10622101994893016,0.00015765651481349413,2.6787302308861215e-05,0.0,0.0,0.0,0.027931133926577294,0.0065544494824178335,0.0,0.060624420475573405,0.028655533717326487,0.0,0.017071255664846924,0.0,0.0,0.0,0.059989584842196526,0.4161860132094484,0.0,0.0,0.27408854476324396,0.08425861510795207,0.1272441588423608,0.0,0.17787069775698755,0.08410945262436048,0.0002606764223017605,0.0034186068195421393,0.1741955547320981,2.8730987639726517e-05,0.0241532408876031,0.031167559556049954,0.08686162128647788,0.15554457970204796,0.0,0.0004404235051225897,0.0,0.0,0.07420861357535177,0.029134048409751128,0.0,0.0,9.626531326899804e-05,0.0,0.0,0.0,0.0002442195807333194,0.0,0.0,0.10054638413506371,0.0,0.18635536860897947,0.0,0.2833952918270768,0.004240626323743112,0.0,0.0,0.0,0.1968536104089892,0.03229134705811393,0.0,0.0,0.07481209402272918,0.0,2.826043715116543e-05,0.0,0.11628955632658806,0.0,0.08530295913675665,0.0,0.0,0.22465418291273265,0.0,0.2527892123470808,0.0,0.0,0.0,0.0,0.0,0.001801149954876967,0.0,0.0,0.0,0.09985153739434796,0.28399898076038615,0.0,0.0,0.2818479691479463,0.0,1.3417444191009059e-05,0.0,0.0,0.06118579534951586,0.0,0.04348666628185591,0.030139355493442443,0.0,0.0,0.003958996893516178,0.0,0.0,0.0,0.14629221202341236,0.3508351112742797,0.0,0.0,0.34381721118845754,0.08526664499824677,0.0,0.0,0.10243744423974399,0.1646204419157313,0.0,0.0816572280129004,0.18574913830103926,0.13067962236734332,0.0611400467826201,0.20948011167484568,0.0,0.07619130439149269,0.0,0.0,0.03209701773849029,0.058794320330372525,0.15389649905932834,0.0,0.0,3.6895635402907805e-05,0.0,0.0007987052248170364,0.0,0.0,0.0,0.04696014371017905,0.014412175997105387,0.05065009704623035,0.0,0.07234096098071999,0.0,0.10547114386438373,0.0,0.0,0.0,0.21218693306786068,0.0033326368582886575,0.0,0.1834845293449085
2023,8,Estructura de Balance,1.7304281175484428,1.777276229749587,1.5585710164957218,1.3933181637212926,2.233224530221424,0.0,1.3066504048837708,0.0,1.3593127558420195,1.309613035305652,0.0,2.326811784036209,0.0,0.9942028085098386,2.250422695223274,6.299332010980411,0.0,1.0471478450690381,1.1348661468531493,3.5037797837754625,0.0,1.6344217330722461,0.0,1.4458197888907849,1.1690788306238862,1.0059328911175742,1.1859192536897514,1.5481250871535635,1.6686669495941535,1.0537136204836604,2.9170758466116893,1.3981204100655709,0.0,1.8045527350180692,1.362880178295785,1.215897292594146,1.3224497688609453,1.452559332525996,2.902702812500125,1.2464181184935827,1.346177476667744,0.0,6.408841318393843,1.4514735559815857,2.279618021206179,1.6380239113383557,0.0,1.527176757636995,1.3470447481055718,1.166374354220065,1.2054719544772419,1.2813239562730656,1.3113999731068469,1.687207200290794,2.1030714543323055,1.2527349635840148,1.3437126524723984,1.073999179678561,1.1590208730711264,1.7044881263101466,1.3101350750975551,0.0,1.2767770900460105,0.0,0.0,1.0879043562949824,1.2860922472583591,1.3633303530939251,7.706912039460943,1.4122171662962693,1.3485217094075506,0.0,1.2372418389740918,1.6977646755678721,1.6221676186312766,0.0,1.5155180577326506,3.3431363503685168,1.5679252829878434,0.0,1.604896983647349,2.222304911066195,0.0,2.4556170082010333,3.3831391106715882,1.3029190976425145,1.9127247428356071,1.3142650192961602,0.0,2.404776199910568,0.0,4.360113604426402,2.2940464357991655,1.6215785747626978,0.0,2.1096133991391106,0.0,2.0076148901639734,1.4783673303212979,1.9255378246300852,2.3189951503109207,1.4938532227543628,0.0,1.6446038241039536,0.0,1.3799621013316938,1.6550687896909484,0.0,1.3639038394547447,1.526786861045223,1.507881129797907,1.4307087112496506,4.011030397596441,0.0,1.0703815765031925,2.0092417494529893,1.2073442649273978,0.0,1.401969245569847,1.1820363121464421,0.0,1.269964262240378,1.4406619478649767,1.412760400499131,1.3559718885413725,1.5012981787544915,0.0,1.4024200087441006,3.616733862235343,1.4064652293441418,1.3973142517367834,2.807109964114693,0.0,1.4752738170065738,2.3369317153284794,4.552674343433484,0.0,2.7680990318732404,1.3644430362078144,7.058107427909071,1.5377959867220348,1.774561715189262,2.256939768727318,1.2314143676048765,1.0585172655020032,1.258837093967617,1.2508662148187148,2.154943209854934,0.0,1.1051489746788292,1.6550516939052748,2.3135422897749267,1.225925643659439,3.21318336637156,3.0594811047613666,1.8098478722586615,1.5113508987714046,0.0,1.1458648031862089,0.0,1.410471758090009,1.3632003866934859,1.2796649850967108,2.321792733290987,1.948018909748565,0.0,2.563473455348982,0.0,0.0,2.682945770108073,1.6082721620225304,1.8216804358516892,1.7915358999241013,2.0190564477831296
2023,8,Indicador de Margen Financiero de Operación,0.7020920436372002,0.7521380452108505,0.5482602524362328,0.3206362671827523,0.7726186770477297,0.0,0.4052176668826409,0.0,0.4335604986229259,0.6538029530377513,0.0,0.8564316055113764,0.0,0.5277832445404239,0.8150300161039251,0.9524111901067762,0.0,0.2664383941613629,0.5472373671259396,0.9304263129177577,0.0,0.8429576785108769,0.0,0.5445074676077917,0.6573759499452267,0.3978566380184794,0.561897672039751,0.6545379864178998,0.7349816079789394,0.38819124950779943,0.8689925032314275,0.6012989399527839,0.0,0.6288756601591218,0.29824327530272926,0.5706455514542639,0.6064431384597648,0.5594410544840397,0.8257778353358042,0.6978046679771102,0.7740251251266291,0.0,0.9679972244504095,0.5527858120939373,0.5756480655306382,0.5503619474229413,0.0,0.47707708001128213,0.7316805933818588,0.5318228548424683,0.6146647518152764,0.6926366356369579,0.6208470094870983,0.7882610845175867,0.6180226342796687,0.5703782815206139,0.45818350347624,0.44033039579840955,0.49294868611141246,0.8532850474246609,0.7354994081503379,0.0,0.6491688562703232,0.0,0.0,0.6796362782773118,0.5818608265321996,0.6277971028793423,0.9431762537056106,0.4944537100104681,0.5829660328025532,0.0,0.8013437399842867,0.659605675515144,0.23142710967258712,0.0,0.588391521992906,0.7980515418390113,0.4652657413415766,0.0,0.6168844614006515,0.6684301470162246,0.0,0.7409326365778792,0.6795505073005648,0.669120152487997,0.808579922064121,0.32802018640228603,0.0,0.8371661063003233,0.0,0.8742890624228131,0.6352421260405859,0.66037266789187,0.0,0.7956975172457368,0.0,0.7915741445714273,0.5320326328447218,0.7414374099465678,0.8808938931300752,0.6175496597767575,0.0,0.49854561505149214,0.0,0.5676778149275038,0.8755110937788183,0.0,0.7050740494535682,0.6293126879409612,0.7641772564250299,0.454486569883658,0.9406570297233692,0.0,0.5215916033605807,0.9111443301078339,0.36906447757960753,0.0,0.7696171086862601,0.613911344973778,0.0,0.6315409533427094,0.8114826250071704,0.7961709674094468,0.510360693378809,0.47660708208440633,0.0,0.7607090634462652,0.786165523035557,0.3167493797603358,0.5067490067760166,0.9282177470464241,0.0,0.4191284718962974,0.7755358424113206,0.8698048140070817,0.0,0.7820568671776635,0.8026029441071302,0.9073062219280971,0.7307989767495348,0.6196314130464483,0.6173127918008804,0.553079743850303,0.435794869402326,0.2904682510972484,0.5989018539884692,0.7890261012523367,0.0,0.5730321974948749,0.8297412746904519,0.6985345424860583,0.4877108478407191,0.9116480201128901,0.8168301997272029,0.8069502484691427,0.7318574840274571,0.0,0.6717354851261537,0.0,0.5933436438535962,0.390002367504748,0.4559860158923422,0.8622222084375843,0.8605301657645181,0.0,0.6623911443995057,0.0,0.0,0.7527570319144691,0.6226514497566905,0.8699072253656088,0.772945054278161,0.37069324263781167
2023,8,Indicador de Margen Operacional,0.062138082124565966,-0.11105836601504711,0.09232742400437936,-0.1572074002482964,0.16313745996815365,0.0,-0.6612543667633138,0.0,-0.027802335105743824,0.002392686846470173,0.0,-0.23788632909126659,0.0,-0.15690638287312714,0.1896891629680758,0.1336302717141556,0.0,-0.10568804671282667,-0.2449983254106672,0.06775778011452285,0.0,-0.04795024582905023,0.0,0.21102105685870176,0.03518451787881007,-0.13594601201129958,-0.05695114151055386,0.14221959758369862,0.12873790511048494,0.06771298769237458,0.41145051773873187,0.17314226489037665,0.0,0.07100852185387997,-0.0814851657164716,0.09073992524266408,-0.06072948213727093,-0.007465313525463447,0.0941639218239506,0.0022997490119159745,0.20313794506562716,0.0,0.3296340697543396,-0.027649510838289135,0.05629220304050864,0.1569914886394027,0.0,-0.01192405853629374,0.28457729895093203,-0.018643998897557735,0.03537718164674374,0.022217304066274077,0.12449578264845053,0.1422543786869816,0.014189188057189666,-0.04027763548202403,-0.1368003208759336,-0.14300687435323878,-0.010417884836942845,0.10452351214732104,0.1306749089585366,0.0,-0.17204442699117622,0.0,0.0,-0.04142338991115117,0.020189608919506215,0.20887309126500012,0.31660641357681585,-0.1419327687334801,0.07652624717641879,0.0,-0.005668324257797875,-0.07503264995472249,-0.22624404184202523,0.0,0.0076752652707715386,0.2619828655443584,-0.032146784264878735,0.0,0.026496204910580745,0.07454606748960545,0.0,-0.06189183404931673,0.34961089631309733,0.03533291686612707,0.12992570929864208,-0.2624100348031887,0.0,0.18137058900684302,0.0,0.3469169371231482,0.12639793660437915,0.06340789171529769,0.0,-0.1094379761366286,0.0,0.045797613311395216,0.07181719471239245,0.2536751266406871,0.18884439560206623,0.14435534415804127,0.0,-0.04022670672664954,0.0,-0.010652875527222641,-0.11568078897950239,0.0,0.1370669598336944,-0.04232016566264728,0.020899306325800587,0.011361768896353536,0.25383068220538096,0.0,-0.0398407278181793,0.2562956976433293,-0.006134954428034303,0.0,0.20770989521127242,0.05166426318157137,0.0,0.10846028615799078,0.17766671925312827,0.24695596705740444,0.11243043632562942,0.018513951007344032,0.0,0.10970338326160738,-0.08827168651299856,-0.12857712120352072,-0.0010220174970950037,0.07649448474462375,0.0,-0.03802789517301725,0.06571379909605204,0.08716113378054842,0.0,0.0454104435651116,-0.038000388097597676,0.20378538701296658,0.007316740875316903,-0.09867173935989067,0.17325860253016181,0.03421395761371001,-0.07615224835733189,-0.1236243859770748,-0.04418487441143202,0.183328610734714,0.0,-0.061017548341698355,0.14846740251056303,0.01735170121240564,-0.34302344404042645,0.10890951901062758,0.22268885736626037,0.07087417738585748,0.02773470416159056,0.0,0.17075430495919847,0.0,-0.1419655153486046,-0.0953626471346492,-0.15873799193487761,0.06622055857309543,0.13012291560305697,0.0,-0.257386425556147,0.0,0.0,-0.0452406414037312,0.12066566447423219,0.1564717088146996,0.11703857676198581,-0.715970584993973
2023,8,Indicador de relación entre las obligaciones financieras y el pasivo total,0.06472514538833306,0.03168977584354567,0.117137122903133,0.043811182774999395,0.0,0.0,0.0,0.0,0.0,0.0076288529300492965,0.0,0.04621050322232251,0.0,0.008488878647389063,0.0,0.0,0.0,0.15317482906974783,0.22755979004875573,0.06115478281852968,0.0,0.0034882129386330286,0.0,0.0,0.05208820223614561,0.10377695022373219,0.003295956266914002,0.09843740202213916,7.920878076251164e-05,3.443347385214446e-05,0.0,0.0,0.0,0.02663410553248556,0.006412719762747059,0.0,0.06017819227315688,0.02318730733718163,0.13774765216960586,0.018597760568809615,0.0,0.0,0.0,0.05508777520223813,0.42242164017388334,0.0,0.0,0.2901423025657606,0.0820535899417836,0.11868786114431071,2.162812975501026e-05,0.17146603887955175,0.03417216941075201,0.00023608850796803948,0.0002234748223194817,0.16674558084911703,1.162024035532029e-05,0.024734132524499276,0.04561409384747356,0.07816786492336698,0.17543156709897437,0.0,0.0004368145581060674,0.0,0.0,0.0716873952463817,0.026016848459837042,0.0,0.0,5.658513909004087e-05,0.0,0.0,0.0,0.00022708967930158016,0.0,0.0,0.09698416209525056,0.0,0.11929130191455195,0.0,0.2698471024624955,0.006170783020350173,0.0,0.0,0.0,0.1836980518727097,0.031779148411900014,0.0,0.0,0.09135758323211642,0.0,0.0,0.0,0.10833834811312548,0.0,0.05030967279280171,0.0,0.0002769852758580676,0.21220407869090668,0.0,0.23247722420921815,0.0,0.0,0.0,0.0,0.0,0.001940565808138669,0.0,0.0,0.0,0.09691971914332229,0.285056613303082,0.0,0.0,0.27898988899449717,0.0,0.0,0.0,0.0,0.0599235522091582,0.0,0.042999352193435265,0.03375316143268842,0.0,0.0,0.006256287212321858,0.0,0.0,0.0,0.13817441820513796,0.3580120908509323,0.0005279351524291679,0.0,0.33385741128339497,0.07931357539993239,0.0,0.0,0.10087685786058817,0.17903165261256293,0.0,0.07061964183457091,0.19578900875087402,0.11356451800330852,0.06007216047871754,0.21690773211343836,0.0,0.08074033181990597,0.0,0.0,0.030008551182930998,0.055765007539236126,0.14692387527386963,0.0,0.0,0.0,0.0,0.002813408839593659,0.0,0.0,0.0,0.045257001172539495,0.011789747051349697,0.05092919789793636,0.0,0.06841684021660904,0.0,0.031193921318152018,0.0,0.0,1.5801492629599975e-05,0.23301065159056683,0.0033862459681760124,0.0,0.18019961419934186
2023,9,Estructura de Balance,1.7442207541386052,1.7426005957905983,1.55926785122938,1.3922981116054174,2.2185663423738284,0.0,1.2995626455778,0.0,1.347901161767789,1.3129844248633253,0.0,2.2236775218438902,0.0,0.9880367665081806,2.327855542516538,6.119996089345568,0.0,1.0425726719515982,1.1259616092955325,3.455556308039866,0.0,1.643194159718511,0.0,1.4679023062855328,1.1642716681363483,1.0011778624445826,1.193250406944844,1.5426059207495397,1.6645926455620006,1.056651803177413,2.88274104832417,1.3964047773773767,0.0,1.8145688156750857,1.3603403950323207,1.2297008225407502,1.3037620458604038,1.4775210275894748,2.822316095393804,1.241054077398434,1.3718388472811929,0.0,6.482212232704974,1.4614209028613803,2.3153667725759717,1.6410002298877753,0.0,1.5365048257345884,1.322371721032951,1.168379170711804,1.207422756879529,1.3409594846251225,1.3156294551233707,1.6868665002219931,2.0779824533102897,1.254612945122141,1.3565686822041507,1.0773443791602038,1.1408481008012707,1.7235044188847728,1.2878877819363141,0.0,1.2733944215045174,0.0,0.0,1.0933875254430823,1.3007834793812159,1.3419558295946226,7.86135429952062,1.4415196010134295,1.3689536075817346,0.0,1.218849529935734,1.6840663773203133,1.6793117681808194,0.0,1.5085151644202657,3.3305289137094136,1.5996764775597963,0.0,1.5313301329894078,2.2215778656574368,0.0,2.4594696592943253,3.3686058383111748,1.2952202418907508,1.8995333242257963,1.3311657096761917,0.0,2.4257388029440627,0.0,4.336123653238618,2.313188390732532,1.6488889667714148,0.0,2.1990249462074436,0.0,2.032826118531748,1.4885714057568067,1.9339003303447582,2.082224717395536,1.5073924532733942,0.0,1.6434285807751101,0.0,1.4964727065261456,1.6205503768892926,0.0,1.3460114177025992,1.5436337870566181,1.4352270445861541,1.4190192026609938,3.914820594745614,0.0,1.0610056065709428,2.0704085169880666,1.191824254700083,0.0,1.4399194872583814,1.193473699990788,0.0,1.2971178756463055,1.423462340882368,1.4175963850229372,1.3505714448483264,1.4901709954083409,0.0,1.442015492611574,3.6108476416036566,1.4017552704450424,1.4114295162219497,2.990636452408301,0.0,1.4931603421770867,2.3740016021958676,4.854811442705865,0.0,2.815085189109368,1.3535067656887552,6.713036198575158,1.5454498609588896,1.7198301372013531,2.3276757966016297,1.2430463653855177,1.076221263417796,1.2492737376913388,1.2828697545778092,2.107529334867857,0.0,1.1237669024795285,1.6592615254699243,2.317859467604669,1.2018252008372163,3.191912304476402,3.1049929257732267,1.814957685229702,1.50671228900888,0.0,1.1541275875289105,0.0,1.3925061244455825,1.3645901027976706,1.3169728352496333,2.3786004447622404,2.0089082991680596,0.0,2.6908196789260144,0.0,0.0,2.7090556767104417,1.6009529372041889,1.698169434959697,1.7461072841549428,1.9800268143667952
2023,9,Indicador de Margen Financiero de Operación,0.7015614302768409,0.750391704791767,0.549211195707158,0.32568075365967225,0.7719878780930672,0.0,0.40809076395234295,0.0,0.430300928956715,0.6518515023745604,0.0,0.8472896461100291,0.0,0.5277402371598303,0.8138151434823108,0.9509813792069751,0.0,0.2660084255553855,0.5478049594318188,0.9295131588514461,0.0,0.8431655944774344,0.0,0.540508437663745,0.6562208115954692,0.4017703355954239,0.5586058520459183,0.6513569957996199,0.7291305168157783,0.3897418813398449,0.8699874663217542,0.6002001095994347,0.0,0.6309487742285903,0.3046835601657058,0.5699850715213269,0.6096424365594809,0.557213359115552,0.8186388964097586,0.6999981971524032,0.7740240987502491,0.0,0.9682954152786429,0.5515783537337532,0.5763835778609331,0.5363718991861042,0.0,0.4717604736298296,0.7331334957544089,0.533947632140898,0.612051432057812,0.6914430161479099,0.6236634722835891,0.7853136266352541,0.6159750009624291,0.571901062289032,0.4588697529460957,0.4434784703525024,0.4951541184718974,0.852797274884721,0.7316504302107208,0.0,0.6486289037790104,0.0,0.0,0.6715767857088482,0.5818859046113903,0.6161008713635836,0.9384883160453831,0.4975507562515645,0.5791437588578973,0.0,0.8018548263822622,0.6634408893089003,0.23623279716743079,0.0,0.5901203097577743,0.7940390284829179,0.48190785758255134,0.0,0.6210528115515707,0.6666960787831071,0.0,0.7406376251805772,0.6719430593620441,0.6695662963044156,0.8085234204060595,0.34070236503188034,0.0,0.8370518339317786,0.0,0.8752488393029545,0.6297557766841508,0.6660748458334772,0.0,0.8022251608676307,0.0,0.7928167514859392,0.5383157591840487,0.7380263685793509,0.8776376107492172,0.6158325724937812,0.0,0.4945090867824657,0.0,0.572085745895407,0.8731006262252868,0.0,0.7041824138383904,0.6313623517297137,0.7637000104568723,0.45692688219596256,0.9404647916661357,0.0,0.5208995161155598,0.9107431698578674,0.36191670536704723,0.0,0.7710737646837358,0.6159735646375015,0.0,0.6336244508237392,0.8091904309826004,0.7980497473225565,0.5098248151631402,0.4728832803659449,0.0,0.7599241677057166,0.7858645841922115,0.32957736858009457,0.5039399583569383,0.9296597871112964,0.0,0.4241974943395206,0.7707295775096397,0.8647364993784513,0.0,0.7787631252910223,0.8036584845311474,0.9100498074813015,0.7325236672702771,0.6171502448169859,0.6213337314148272,0.5569293588990655,0.4397257243715301,0.2924880930788943,0.5959013750876909,0.7858339945826004,0.0,0.5763822488882393,0.8249445817451418,0.7036547958154317,0.484879164165681,0.9108106429012375,0.8162481696359042,0.804177490098908,0.7270840478099359,0.0,0.6644437729322016,0.0,0.5949892106786481,0.38672730932300176,0.45784214586948424,0.8598841230142463,0.8597482255446158,0.0,0.660518876019301,0.0,0.0,0.754267963208343,0.6258597959105778,0.87006392921904,0.7725629335028098,0.369570560839021
2023,9,Indicador de Margen Operacional,0.06779257307908677,-0.10406088760048941,0.06439258759971209,-0.13963861398188893,0.14916823951211824,0.0,-0.6587265348232317,0.0,-0.025114498457248065,0.00877307137337666,0.0,-0.19120003380774578,0.0,-0.13458915023167606,0.20278949361569176,0.12573319559197133,0.0,-0.10229207395013268,-0.2435938795115485,-0.007025642692216119,0.0,-0.044038112492866405,0.0,0.2267514871443143,0.03180291404285385,-0.1322024282220779,-0.07368780410999183,0.13115298761860955,0.12714988038911937,0.05777736384612743,0.4172247051402381,0.16887593288802785,0.0,0.07383764997809339,-0.07655080624244678,0.05157771706411387,-0.058080012972271514,0.0006049625155073151,0.09967277885578853,-0.01621055587177882,0.1898115766967336,0.0,0.32833988367092554,-0.060639755840155324,0.06330381656148167,0.13499947160301692,0.0,-0.008760882110569778,0.2889341845547731,-0.017668442798350028,0.03329840530314396,0.04681717026799229,0.10843624175042728,0.09648469256283936,0.0265477737513398,-0.04159178036084755,-0.1402093933926399,-0.12378685630243719,-0.02492139343681369,0.11693777284876707,0.126963018616416,0.0,-0.17850229076524354,0.0,0.0,-0.036067306714782865,0.022482159052719594,0.20497447524910084,0.3162588597013408,-0.14522420510011824,0.05324414635728556,0.0,-0.016459696768902347,-0.06272248090424083,-0.22440797236597768,0.0,0.014125334850726881,0.27263237629573484,0.003980031357611905,0.0,0.010266243360076786,0.052303307453374935,0.0,-0.06192044514872879,0.34896309063503334,0.05500867228097781,0.14011653169983526,-0.2537432652495449,0.0,0.19502800266178252,0.0,0.358884758241118,0.1140258847041836,0.08409188790386778,0.0,-0.10183186195679986,0.0,0.05683143029694224,0.07400469570947651,0.25043022011167415,0.19546649428852297,0.13727262968241355,0.0,-0.02943850397641521,0.0,0.0417614455052715,-0.13401737976454697,0.0,0.12097472618104134,-0.0446904015248648,0.014094726084013647,0.01610611426729797,0.23173312647618763,0.0,-0.037169917024686694,0.2540881862883232,-0.01583530525073233,0.0,0.2055140392788903,0.05995028892679352,0.0,0.06962202063371861,0.16839825993081364,0.24367453413934553,0.11796066290382977,0.017498868421607607,0.0,0.1158899907598269,-0.07377606870170489,-0.11798646048980252,-0.006180787182485072,0.10642795594373086,0.0,-0.004797213092981094,0.03563236280964461,0.08566082739662531,0.0,0.06331564487616151,-0.0248132421568952,0.20349575324586391,0.04939429215273939,-0.10487561434288893,0.1890796761425493,0.03456991744469267,-0.060272645241263384,-0.11524551780265675,-0.08502878189613701,0.1720472509204495,0.0,-0.0556121411979081,0.14597985268396124,0.059338386270363766,-0.4652834709757423,0.09440621736564386,0.231195091391035,0.08625844283559528,0.034956442199330424,0.0,0.16414902079036953,0.0,-0.11988238110428366,-0.1011132959267748,-0.07454879861670788,0.056418950092063214,0.13034524014249577,0.0,-0.24499311146149322,0.0,0.0,-0.00998393767492542,0.1300712134953699,0.15616168118026008,0.13501024750235413,-0.7185524113902878
2023,9,Indicador de relación entre las obligaciones financieras y el pasivo total,0.06201033856229866,0.0481415623807844,0.10866338301657057,0.04989821820693599,0.0,0.0,0.0,0.0,0.0,0.007484179869466288,0.0,0.04088791089876223,0.0,0.008205994386790537,0.0,0.0,0.0,0.140665055907629,0.2223482319128283,0.05604813411855698,0.0,0.003457198188205946,0.0,0.0,0.05472513224689296,0.12100642408687887,0.002519211033530574,0.09186838732035987,6.846187253470559e-05,9.393494699313575e-05,0.0,0.0,0.0,0.02539039657962622,0.006296708969240956,0.0,0.059273836568093034,0.0,0.12505432763470883,0.020364795382124275,0.0,0.0,0.0,0.05103182918021782,0.40874370610752525,0.0,0.0,0.3224335587180934,0.0777239590643891,0.11146421840885977,0.0,0.1673914914468473,0.014233766677474464,0.0003595641989149773,0.0024367740977616317,0.15876042996491832,9.91180427494301e-06,0.025415793352701586,0.06680517666057946,0.07372733995623039,0.16695536833979324,0.0,0.00043087398910726134,0.0,0.0,0.08868008097408782,0.02267017279806217,0.0,0.0,0.0001470880123576605,0.0,0.0,0.0,0.00020727793310382783,0.0,0.0,0.09501020639850573,0.0,0.08225037841441098,0.0,0.27073351450225186,0.005420599879208085,0.0,0.0,0.0,0.17378152700997362,0.029660069987214578,0.0,0.0,0.08485855254001112,0.0,0.0,0.0,0.0878593629291832,0.0,0.015372450857741322,0.0,0.00016953335149181716,0.19972548610408,0.0,0.2769768018069606,0.0,0.0,0.0,0.0,0.0,0.0,0.0,0.0,0.0,0.09033640179092381,0.2832522391629597,0.0,0.0,0.2816110512412104,0.0,0.0,0.0,0.0,0.05816541550017874,0.0,0.04029681546618365,0.03624173895486403,0.0,0.0,0.006105221251904498,0.0,0.0,0.00016821268361161807,0.13077103191949935,0.35591549932648736,0.0004527631242883454,0.0,0.32270039733501893,0.07563995786554004,0.0,0.0,0.07264962980028146,0.17430840791189037,0.0,0.06113498338402372,0.2025115405699993,0.07766900088533105,0.059173121587781534,0.22760549112089629,0.0,0.0846588534495573,0.0,0.0,0.02820113244987276,0.053525890489272865,0.14012701510830838,0.0,8.197317639069949e-05,0.0,0.0,0.0057681323086914375,0.0,0.0,0.0,0.043767609020638684,0.009286856547389106,0.04554558619088476,0.0,0.0670975771779474,0.0,0.0,0.0,0.0,0.0,0.2212312979021181,0.0024381435000168324,0.0,0.17542123478375282
2023,10,Estructura de Balance,1.744157663599845,1.7262632596320857,1.5583552756480408,1.424108869482526,2.203994084362621,0.0,1.2991757434303064,0.0,1.3445098450812256,1.3220449824559237,0.0,2.2295602889604402,0.0,0.9933773333480184,2.343311678851969,6.1194236436103395,0.0,1.0156237900330394,1.1124437114890604,3.378322878674011,0.0,1.668059892022258,0.0,1.4716502785846841,1.1615555937357216,0.988723248423531,1.2095108761635638,1.551870452550343,1.6765123196649454,1.058993426184007,2.9047225850030705,1.3972579763174682,0.0,1.8925937511792168,1.359472901700818,1.211617582046489,1.2520469728986359,1.4650148922025164,2.6207911412418112,1.2462680591954256,1.3646170403127558,0.0,6.486770013978113,1.4362154213562868,2.2751646783837622,1.6440088281099285,0.0,1.5448525295747588,1.3132994386502663,1.1675886667657729,1.204113935092947,1.3934751540177222,1.3224484003293913,1.6984371381404966,2.0397175625339417,1.268316494329794,1.3665037751601126,1.0605567895593104,1.1520221716718084,1.6927469225786131,1.258854636499289,0.0,1.2812550695435665,0.0,0.0,1.0800581533660822,1.288250258645553,1.3205612867546297,7.6806648207021055,1.4108135134694768,1.347043525769707,0.0,1.2173005721244774,1.7291115538087547,1.6316170544152444,0.0,1.4351905979287092,3.2213021834432047,1.5993569347585117,0.0,1.4755910698415202,2.214937343628654,0.0,2.452714785909488,3.3548672525812235,1.2941650138447376,1.9070633980145961,1.3733296904963788,0.0,2.4149424257530807,0.0,4.379703383615068,2.3643351129052075,1.6372334705329818,0.0,2.1608494751215357,0.0,2.0367758941513467,1.4282165885692661,1.9381780156639459,2.109118049932586,1.503495219191535,0.0,1.6505288201445645,0.0,1.5142988115116813,1.6456172796340152,0.0,1.381533890161212,1.5778049450441163,1.4099115922630328,1.3989532355159722,4.24534408198236,0.0,1.0458125695769045,1.8475463781214885,1.205106265549142,0.0,1.2143429124422773,1.1207281828321178,0.0,1.3315938956081446,1.3853970210741238,1.439867995520279,1.354418781781363,1.5045556778143236,0.0,1.4682884695465956,3.604104429873988,1.402177026927523,1.386882933135533,2.918252457993196,0.0,1.5066882091961717,1.9212041926987573,4.875596851131839,0.0,2.820712042292285,1.3274883722888609,5.619211782903011,1.5642074511231583,1.688975631175878,2.3124573642115265,1.2344677696806496,1.0802318427527826,1.2641008306434338,1.283241533576301,2.0821944092179727,0.0,1.1111961145286482,1.687213437973778,2.3066235557043444,1.1903560078972881,3.2307552652665343,3.1743812920998824,1.8047460023760444,1.525529585265518,0.0,1.1568572579603147,0.0,1.4339396649954443,1.3662198939474812,1.29541536623619,2.3403824503467585,2.0231931499975997,0.0,2.668081886172416,0.0,0.0,2.708226082220617,1.5919992934219425,1.5901439409097204,1.7463890701197493,1.9637831135373789
2023,10,Indicador de Margen Financiero de Operación,0.7016225787854645,0.7489221676375205,0.5466400526591376,0.33300756641493245,0.7716149594734124,0.0,0.4137431649153268,0.0,0.42696770679688956,0.6508710210275919,0.0,0.8395621567227267,0.0,0.5272415590957782,0.8136914617805995,0.9506058909375971,0.0,0.2659395690090275,0.5488431571258094,0.9284365655575425,0.0,0.8433879291880724,0.0,0.5413142166483571,0.6555826694910852,0.4066535926242926,0.5550619315500341,0.6485103742688678,0.7277373304990112,0.39215588169686383,0.8715716088648752,0.598046420369297,0.0,0.6332445867952219,0.30785738118675543,0.5705078621891402,0.6112065189905596,0.5551430693519874,0.8102282273202553,0.7024609069391918,0.774024421243998,0.0,0.9684291811782193,0.552546491717316,0.5777651430857385,0.5243067284221435,0.0,0.4730234919110932,0.7318475351392146,0.5358080105429063,0.6068810972234219,0.687534603507967,0.6258863107997966,0.7824102449610949,0.6234001757242364,0.5743839860044531,0.46204860852528856,0.4478844979440516,0.49863167492419475,0.8516689005452498,0.7285180500558806,0.0,0.6489265553185087,0.0,0.0,0.6629723106297063,0.5831581624955783,0.6035194591939743,0.9348689165481741,0.5005458850793185,0.5958149712389218,0.0,0.8023456016512597,0.6657107161081547,0.24550397660217002,0.0,0.5888477855588106,0.7907194460283179,0.4783972667381582,0.0,0.6070794004147937,0.667711014350602,0.0,0.7406381380850643,0.6654365677943681,0.6694899916907524,0.8073478875568517,0.35123494600098243,0.0,0.8326396377017126,0.0,0.876074549555113,0.6256458946240746,0.6777864171638661,0.0,0.808888474381779,0.0,0.793881069573296,0.5525754286805923,0.73388427213585,0.8745630522609785,0.6149416460443938,0.0,0.4943502050668047,0.0,0.5784113081729321,0.8724489424661882,0.0,0.7023610116980913,0.6344870125516439,0.7622977981357892,0.4559082035890235,0.9406342387584213,0.0,0.5222132094931503,0.9105148283698838,0.3547902978095618,0.0,0.7728745068391347,0.6139702148794132,0.0,0.6326947826390578,0.8070904492580879,0.7993207991860903,0.5111048683751008,0.47261081053167414,0.0,0.7608134966739307,0.7855248983798532,0.33579821752984335,0.5026550969721415,0.9294433025411936,0.0,0.4198508427090419,0.7695508271647472,0.8626252478397636,0.0,0.7796151203490373,0.8043355269193961,0.9110264851119431,0.7357782209878131,0.6133623967622698,0.6286881858918014,0.5610887049436952,0.442086610810248,0.29440313960954334,0.594080982989341,0.7819000011001151,0.0,0.5797463463630605,0.8201428785574902,0.701421605339755,0.48336171939831235,0.9098240649493963,0.8166212092103334,0.8014306532709761,0.7298082155916189,0.0,0.6599713385149231,0.0,0.5951219931897682,0.3834758585401699,0.4573606334800408,0.8583297083210546,0.8597203953997853,0.0,0.6614595890331305,0.0,0.0,0.7496222834845483,0.6271547515591497,0.8703355652642689,0.7727304839858836,0.3672548446195847
2023,10,Indicador de Margen Operacional,0.06923563793707149,-0.09335521215895394,0.039189418707588956,-0.04059641241338614,0.16189154229234157,0.0,-0.6267734820120544,0.0,-0.024967197219776145,0.01194542107405434,0.0,-0.19259734840530457,0.0,-0.12726960185256467,0.14990473818521594,0.11940452670038078,0.0,-0.09998461701309186,-0.23908436545770034,-0.016765306614266503,0.0,-0.0495087963263421,0.0,0.23962346420381514,0.029018178779248904,-0.04866495155680009,-0.07991021201631682,0.07882133471615975,0.12415148012817384,0.05618394334655692,0.42597384742237143,0.15794173037505285,0.0,0.07688240823127353,-0.07451765489323726,0.028122401651854322,-0.06541845469779388,0.005601249830816283,0.09409276017865346,-0.036553811308543495,0.19627595558745647,0.0,0.3321753511146102,-0.023276773134401532,0.06934419306976138,0.1234233181995089,0.0,-0.007193750363150019,0.2895277914984091,-0.0212581369833155,0.021394292866504686,0.032771645323270523,0.11350690115996752,0.11795907750845551,0.05445066676083722,-0.04508294431463016,-0.13948670476005023,-0.1127405435873392,0.011215754929482962,0.12142036966634492,0.12179859893869481,0.0,-0.2019911884155888,0.0,0.0,-0.021629849385715702,0.01961959942859681,0.19504335816221016,0.3217933150944206,-0.15942726160874038,0.09020087827577694,0.0,-0.022281131177777365,-0.059304661845748396,-0.20981584600182177,0.0,0.021688544371510302,0.2780099834590722,0.006823299692430044,0.0,-0.0034089038233487464,0.034243551428664906,0.0,-0.06052710168374246,0.32406730336820705,0.07215319384748037,0.14344355459914093,-0.25746141396211675,0.0,0.19610704621741007,0.0,0.3640530580687454,0.1139344155148478,0.09454217505876815,0.0,-0.11901074237066005,0.0,0.06465435661894893,0.07081317817613625,0.25033481498911425,0.20483226689511932,0.12920723377642346,0.0,-0.03778069369877195,0.0,0.048355497904044906,-0.1120391621059829,0.0,0.12346461471282491,-0.033931798434999896,0.007929706055595509,0.021699164365787983,0.23011543456216133,0.0,-0.03774419828418375,0.24593937457273285,-0.01603924168925247,0.0,0.1848468635482793,0.056353892308898944,0.0,0.05434042040547621,0.16118273297294228,0.20819402879920781,0.11171762646556681,0.018071940913808076,0.0,0.14267229846944143,-0.06012418432262346,-0.10310847554694544,-0.04714878559264375,0.09968499409755129,0.0,-0.018393713511150274,-0.03056457314280807,0.09521582743862038,0.0,0.050384542308077755,-0.02366311833509554,0.2401327927172523,0.06680239651778244,-0.10849485980655181,0.20562662785581726,0.0058005682762526985,-0.055784602041505836,-0.1110501791061419,-0.08203983965419309,0.15934335591674328,0.0,-0.05276058075945335,0.1451690075513019,0.04218277725235981,-0.3523474987270095,0.09513267125632771,0.2359173195849903,0.09960252018027917,0.045870440257655215,0.0,0.1656478059701329,0.0,-0.11388372168749498,-0.1006077838062917,-0.07242189449958177,0.054944974133616646,0.11770178771846163,0.0,-0.2704240152831465,0.0,0.0,-0.026368361012791813,0.1375771613866863,0.1549810651518105,0.16412654187971432,-0.675291746577092
2023,10,Indicador de relación entre las obligaciones financieras y el pasivo total,0.05886704904592571,0.08386634671548127,0.11609632847885508,0.04753001108430691,0.0,0.0,0.0,0.0,0.0,0.004588126101117145,0.0,0.03821166768816817,0.0,0.007900103748431314,0.0,0.0,0.0,0.16258589354515193,0.21844082444442567,0.05066555115214674,0.0,0.0,0.0,0.0,0.06027802586817443,0.14278634317513597,0.0023638198736257356,0.0851109399420046,7.434042974171041e-05,8.95403930002076e-05,0.0,0.0,0.0,0.0,0.006150713968739744,0.0,0.0633543302701748,0.0,0.08463866900624835,0.021664941661950057,0.0,0.0,0.0,0.04512639288440463,0.3925757867007193,0.0,0.0,0.30497658834033187,0.08441475027436718,0.10760995497986871,0.0,0.17058046365667126,0.012887184256450175,0.0,7.221225504315536e-06,0.151373205459472,2.865309050418212e-06,0.02481492940184211,0.05163441405896323,0.08261141099422968,0.13240525567642944,0.0,0.000437806577775806,0.0,0.0,0.08419646597050587,0.02059818610421841,0.0,0.0,0.000444829803493653,0.0,0.0,0.0,0.00018333987156704952,0.0,0.0,0.0486242924288819,0.0,0.07916952867128574,0.0,0.2698795301334866,0.00585933211715768,0.0,0.0,0.0,0.18761542388456612,0.028998427270331428,0.0,0.0,0.07380250769493316,0.0,0.0,0.0,0.0596498880424261,0.0,0.0,0.0,0.0,0.21423298706704247,0.0,0.26405890235389784,0.0,0.0,0.0,0.0,0.0,0.0,0.0,0.0,0.0,0.08751294697216148,0.29481068650422526,0.0,0.0,0.28007331413161707,0.0,0.0,0.0,0.0,0.0,0.0,0.039108667746752424,0.03596571464384116,0.0,0.0,0.006915323720261712,0.0,0.0,0.0,0.11701117422004453,0.3589661462451121,0.0,0.0,0.3120358521646548,0.23074927250984992,0.0,0.0,0.014703737924462916,0.162799120788188,0.0,0.05123236541529113,0.09883388786035155,0.0635036700722045,0.05073551333139973,0.24439528988142278,0.0,0.0782415163226886,0.0,0.0,0.0367884617499749,0.051802654822379564,0.13239604805890398,0.0,0.0,0.0,0.0,4.990523235754677e-05,0.0,0.0,0.0,0.04251963023302991,0.006919908780036811,0.05303368204653418,0.0,0.06474537738851002,0.0,0.0,0.0,0.0,0.0,0.24721612983855082,0.0027721338154124667,0.0,0.17001405005511866
2023,11,Estructura de Balance,1.748943650460088,1.7391035716394982,1.5068859234769225,1.423155742157105,2.2020605095269388,0.0,1.3138822633466256,0.0,1.3364114557684066,1.3358619485434826,0.0,1.9951659542107685,0.0,0.9764030704502791,2.3524876137989814,6.105266249727064,0.0,0.9902245476231593,1.098505894263209,3.853220328453094,0.0,1.701500551253168,0.0,1.483110539793955,1.164927329142179,0.9860593670024954,1.2075710951394087,1.5547315773951635,1.680061816383022,1.0698984875033495,2.900343494922079,1.4158179699338875,0.0,1.8803241893479605,1.3666130448069223,1.191295266167322,1.223718512723049,1.475768516963047,2.570999930538626,1.2454929832186117,1.3925788033056494,0.0,6.632279291409879,1.431704030905773,2.3323693218178017,1.6559724985482345,0.0,1.5186649293533898,1.3165558158946242,1.1504924570069959,1.1835448518096658,1.333969266853429,1.341818232018379,1.7065071564201566,2.047961615535789,1.275116739938145,1.3658996518433693,1.0643180277105406,1.143476885735699,1.758057318917267,1.2534539247397616,0.0,1.2588662206394587,0.0,0.0,1.0861290133468426,1.297412432914368,1.2571710966204768,7.46493273680475,1.3183732483586206,1.3324920424154731,0.0,1.1980763645307368,1.7791551586383363,1.6639611007864379,0.0,1.486599682783612,3.120664896067588,1.6244805611683482,0.0,1.4318474341081324,2.237983267066289,0.0,2.4723013084676477,3.2812714978368644,1.2880031275870172,1.9178196815046873,1.3829488083870485,0.0,2.408542578825207,0.0,4.3725873855100525,2.4090323380947267,1.6876808175819662,0.0,2.09395179466721,0.0,2.062632654859078,1.359112028947708,1.923840109622667,2.1295203971317305,1.5135587252143927,0.0,1.6515818713673798,0.0,1.4984064402478738,1.6407283526643752,0.0,1.3864782729155807,1.5796319891494728,1.4256040141420232,1.306968704486859,4.304876701520996,0.0,1.021551496764,1.7725228096106254,1.207909995147448,0.0,1.2075528813557035,1.1021509589735095,0.0,1.350003432144402,1.3590574038670538,1.4682731452476936,1.3186148762654109,1.4901876463407053,0.0,1.4454808446394558,3.5338066540787203,1.3183108784202215,1.4170905987426046,2.728838837341316,0.0,1.4876167417515567,1.9818843767907848,4.848865264009541,0.0,2.7247668312950633,1.3240560034741866,5.7564207375002505,1.5753983545124208,1.721938641461091,2.400774361203979,1.245533112567257,1.0538516322067433,1.2677552924243423,1.2942115945437755,2.109351982582089,0.0,1.111662205263161,1.6826880237637736,2.2783672900331466,1.154656652281056,3.1461797504396984,2.978466736500438,1.8090335876842791,1.5382734777889082,0.0,1.177380989857866,0.0,1.4094030221750415,1.3591675077777703,1.2919563854318372,2.377997494139796,1.9833408475493035,0.0,2.7559533344801475,0.0,0.0,2.6689409521162673,1.6278431463430412,1.4835884292354191,1.8012694887700749,1.9990089609626172
2023,11,Indicador de Margen Financiero de Operación,0.7027075421594295,0.7470748224920809,0.5464351510583247,0.34012002240887146,0.771552135990772,0.0,0.4222994753492353,0.0,0.4257293354852315,0.6503044767457673,0.0,0.8317740518232684,0.0,0.5271521951604814,0.8147019079202059,0.9499291847788051,0.0,0.27308291555067044,0.5502597532025628,0.929157918745977,0.0,0.8441491693515274,0.0,0.5401016212662291,0.6550346256871276,0.40276996483629024,0.554485323379494,0.6491373431267481,0.7256094701979013,0.395382578322574,0.8731565295762652,0.5989588491103616,0.0,0.6374492177920229,0.313488293202941,0.5699536660060683,0.615168319633846,0.5549325533408705,0.804437947572254,0.7042895527089904,0.7752324143975174,0.0,0.9686478727773541,0.5524235073739355,0.5808747175283072,0.5171997251153946,0.0,0.47593657553871216,0.7310774557530999,0.5371303489590942,0.6057407428400409,0.6778389949022171,0.629342972222684,0.7814583744388666,0.6245185726014169,0.5731605386531249,0.4600738270307633,0.4383745712274838,0.5024291483565835,0.8515423454915455,0.7267823588272115,0.0,0.6500597151381304,0.0,0.0,0.6583231154514919,0.5841349295901777,0.5896909604458875,0.9317084927524943,0.5075823479423203,0.6034337474990173,0.0,0.8023597490189838,0.668276636912159,0.25493798697936965,0.0,0.5886288810135831,0.7870835124297141,0.4853015923306283,0.0,0.5999812200076404,0.669278528289885,0.0,0.758910024682649,0.6610386402695089,0.6668990729646406,0.809711640268789,0.3636383209455403,0.0,0.8174943203598064,0.0,0.8769802691238672,0.6227845968973369,0.6615599097819004,0.0,0.8116898479673329,0.0,0.794824434936091,0.557730853663766,0.7312106477404553,0.8726601319483924,0.6148026404382266,0.0,0.4974618529984844,0.0,0.5848450087422763,0.871167985538724,0.0,0.7012933901026909,0.6373553213572771,0.7612987682930281,0.45565731428895095,0.940547371606342,0.0,0.5220255374060271,0.9105124742735936,0.3529383834963169,0.0,0.7752731630295414,0.6179541698193481,0.0,0.6362196880988813,0.8045324219592339,0.8012435525344044,0.5117114584827829,0.4746826159425374,0.0,0.7628210707857593,0.7847191541101981,0.3425432506656058,0.5025832019427654,0.9274109406827246,0.0,0.41784123632751224,0.762416175501615,0.861682534279791,0.0,0.7785682808101786,0.8043288207917809,0.9113168650793033,0.738612915393581,0.6133722413062218,0.6363010500908883,0.5631821683315176,0.4429267114530906,0.2984242951681901,0.5929295737929586,0.7793323357322429,0.0,0.5813622839914901,0.8166201860113629,0.7049523932073725,0.48553028171229157,0.9097582106317057,0.8176596731932461,0.8001477794839525,0.7333285140401328,0.0,0.6579775265119652,0.0,0.5963503555131633,0.3854293315577451,0.46078086225541326,0.8582138950852842,0.8598814626288936,0.0,0.662447634620495,0.0,0.0,0.7488888791946713,0.6270503562565481,0.8713733322363776,0.7730390422795884,0.3677644324896333
2023,11,Indicador de Margen Operacional,0.06432143945589351,-0.0971515710473626,0.02553604231122555,-0.03441914409289792,0.1652690119934974,0.0,-0.5965357517744667,0.0,-0.04520512683319211,0.013825574563373222,0.0,-0.20878742369292577,0.0,-0.12718358355912698,0.15221025769466473,0.11803331626380503,0.0,-0.09698675190033687,-0.23942340659428207,0.016490381138645423,0.0,-0.05000957355621431,0.0,0.24478682559301612,0.026723312855336783,-0.05180501402021317,-0.09339529829370112,0.07694686564581649,0.1176894028442519,0.05585684141684448,0.4084171557715091,0.13913950123224475,0.0,0.08409141223246167,-0.07409578105920075,0.02657632397485443,-0.0582609558681588,0.0031078865313187314,0.08373384681496025,-0.03984285924386822,0.19964778409427061,0.0,0.3376675790178087,-0.02928366845586817,0.07991424002027053,0.10382332702661706,0.0,-0.011031541675674151,0.28462786571223964,-0.025188606458779152,0.007418513639232367,0.018543846993617323,0.10865263688241605,0.06125742722692904,0.06426083037610444,-0.0548498644264384,-0.14421136394173725,-0.12321958711987989,-0.006750511551942503,0.10121874773753277,0.11993783516269556,0.0,-0.20472639213650584,0.0,0.0,-0.011732138196564521,0.017504139970187245,0.16821723714163814,0.31965378002956446,-0.14703570742646793,0.11916147419930082,0.0,-0.012774238022384633,-0.06913106487663909,-0.19171087214989513,0.0,0.024187593023469237,0.28500191932004776,0.012964519813752856,0.0,-0.05906098274024627,0.013996211648345015,0.0,-0.057120502493349684,0.3271291703368274,0.06983180389818947,0.11215576597336326,-0.24362728950884108,0.0,0.15287157673815646,0.0,0.3658870891746456,0.1131427275432897,0.08487632613598586,0.0,-0.15720391266420897,0.0,0.0650109813160148,0.0684925653595809,0.2497241336806195,0.21130206509329338,0.11423084968853268,0.0,-0.01049276779570232,0.0,0.052724005223366587,-0.10062691739297984,0.0,0.13018108127418773,-0.03541218941278256,0.009165664022231667,0.025520829628723245,0.19927768845032598,0.0,-0.04037227143872997,0.07252392404397585,-3.293504610872733e-05,0.0,0.17888557219882642,0.048511690501017425,0.0,0.030270894329231707,0.16414480861275893,0.21257271859767374,0.10993239723954781,0.015315264376279824,0.0,0.12159242052820085,-0.045621964567970345,-0.09136797485135648,0.01607840987630226,0.09567519891475779,0.0,-0.025005846799832653,-0.013337957619781411,0.11073903662078678,0.0,0.074017129473655,-0.008677633107855796,0.24684672952600412,0.09072036215393373,-0.28630561312487246,0.213153402322236,0.021124690011507716,-0.0410769862250998,-0.1029909565889321,-0.09960567479063598,0.15937120898886178,0.0,-0.0511945983892004,0.14020908884217,0.04483672655428793,-0.37849325899365055,0.08062739178062661,0.17445573916492385,0.11273170757836368,0.03355979389166423,0.0,0.16708039009901676,0.0,-0.08776004382007177,-0.10906829689462484,-0.0662626966276393,0.052515628895288026,0.0768931182352169,0.0,-0.29948737188916286,0.0,0.0,-0.033153373313036624,0.13430786762256985,0.15472093813886878,0.11383869460570105,-0.692161157568182
2023,11,Indicador de relación entre las obligaciones financieras y el pasivo total,0.056478798330790274,0.07774838434701149,0.14339809833179243,0.053128975380298656,0.0,0.0,0.0,0.0,0.0,0.004499194739794658,0.0,0.032291249174586104,0.0,0.007461026820389403,0.0,0.0,0.0,0.1634828563595484,0.21328547141674342,0.06122511372686406,0.0,0.0,0.0,0.0,0.06818159190793883,0.14130879618530923,0.0022032824868363377,0.07836368366633004,0.0001637967775211645,1.8501906961299145e-05,0.0,0.0,0.0,0.0,0.006072226561601519,0.0,0.07194052520535951,0.0,0.060029887501003736,0.044811468888465676,0.0,0.0,0.0,0.04118301067533493,0.3751966729032089,0.0,0.0,0.2794666090501169,0.08113520000712658,0.11477966076024389,0.0,0.24463571853009586,0.011710621006998236,0.0004304328274627074,0.004396872378865983,0.16358595034711254,1.799104015760324e-05,0.024227898621769915,0.05006501394091174,0.07908074617309743,0.12369188147045454,0.0,0.0004051255078251263,0.0,0.0,0.08069309910504839,0.01871922506897636,0.0,0.0,7.020072033612094e-05,0.0,0.0,0.0,0.0001615986238169497,0.0,0.0,0.02120671479310271,0.0,0.06388422245599662,0.0,0.2570508712279568,0.004798028523614485,0.0,0.0,0.0,0.2053993771121066,0.02744428662161754,0.0,0.0,0.062276434308000596,0.0,0.0,0.0,0.04293141321814029,0.0,0.0,0.0,0.00013598677716774473,0.1984838812552295,0.0,0.26355225553288386,0.0,0.0,0.0,0.0,0.12194603011235465,0.0,0.0,0.0,0.0,0.06269281776815845,0.28108784712497964,0.0,0.0,0.296520748138488,0.0,0.0,0.0,0.0,0.0,0.0,0.03798002720502855,0.03714449769794849,0.0,0.0,0.017786445261310003,0.0,0.0,0.00034884794015520846,0.11289613612342399,0.35007600122444604,8.701341282710128e-05,0.0,0.32961388638707045,0.22755152670753956,0.0,0.0,0.0,0.15455848068849087,0.0,0.04206290370834515,0.08570173811345999,0.04649593821245402,0.049546585357815455,0.2810773118786484,0.0,0.07325390451258293,0.0,0.0,0.034427080834834894,0.048552736390225844,0.1298138154457575,0.0,0.0004054526434712225,0.00010095290536644051,0.0,0.004141352095568061,0.0,0.0,0.0,0.04085587343245746,0.004514303727581541,0.049396171388107216,0.0,0.05920954461725485,0.0,0.0,0.0,0.0,0.0,0.22669029798360812,0.0035056293895435508,0.0,0.16490430542906243
2023,12,Estructura de Balance,1.8394715433173068,1.709738381647749,1.5239412690228433,1.410784638648523,2.1910785547600886,0.0,1.3077812168195904,0.0,1.3904630215773255,1.3389216243801458,0.0,2.4381116345674485,0.0,0.9668325139420867,2.3499239772274594,6.131329788009966,0.0,1.0534648423072575,1.0736251975862532,3.91457920637685,0.0,1.7019877057094421,0.0,1.4886256566116025,1.1506464969775019,1.0104841106678313,1.2290525035623336,1.5787938139050437,1.6730035287775755,1.0876969208634202,3.0053232507543366,1.4744268029299707,0.0,1.8287810503278275,1.3897534080680436,1.1906039803030153,1.2371245176413768,1.4293437223333227,2.618717040878789,1.233127886665945,1.3825431380902304,0.0,6.745365002221866,1.4571391440695514,2.3234170564455594,1.6675767411665936,0.0,1.498727189211199,1.317355655481337,1.205823312420641,1.242503612075346,1.3469684175706438,1.3206910118749584,1.7605758825608973,2.023051770958767,1.2621538711963294,1.3224339739233746,1.0600215232429118,1.158297728823196,1.7571899569280247,1.140656618042126,0.0,1.2533466290310105,0.0,0.0,1.0895769400327737,1.2658447373633261,1.2456763520016885,7.9840162091132845,1.4705853580181043,1.33134547562106,0.0,1.211973403604229,1.7715777348802717,1.6991652538708533,0.0,1.4860675792017017,4.050903501706629,1.6462470750940925,0.0,1.4316339100623439,2.250445560392754,0.0,2.464306965848694,3.2650359600279737,1.256550096551765,1.9020797467021024,1.3603737564643412,0.0,2.4038792887527975,0.0,4.2788861181417905,2.3398210779381032,1.6139862288907854,0.0,2.1898159979016905,0.0,2.1716065029354783,1.3974178155555026,1.8684403734242097,2.283258695956795,1.5295180482520991,0.0,1.652910722055402,0.0,1.35253141184523,1.7396437336795674,0.0,1.380771201758356,1.6617470646870853,1.4354975710601818,1.42123290206312,4.041821424002831,0.0,1.0222461955742648,1.8548010565890805,1.2270144975746526,0.0,1.2223169811260215,1.0874865195132193,0.0,1.4073692046469162,1.3341021329404277,1.4987864016232415,1.356501229011663,1.4443903065075738,0.0,1.4229445727008505,3.543259081039855,1.353896450374409,1.3746401605129228,2.896249641967467,0.0,1.5000471145677763,2.1037930441068946,4.661900306729113,0.0,2.6062755393115515,1.3334843914902124,5.996587741465926,1.5742816412144842,1.517532052357319,2.622805504747291,1.2602982844081512,1.0698778559229154,1.272364112829473,1.2800588012049319,2.1134772605674703,0.0,1.1161516153228332,1.6868693872735554,2.1756803851812476,1.2081774789144952,3.4440159346975014,3.0729283216886363,1.5582778254911176,1.5233971439318041,0.0,1.187699820041431,0.0,1.40066870011489,1.3442380897470525,1.2795723662348926,2.23259348975965,1.9003962482258792,0.0,2.7093068909181652,0.0,0.0,2.655552722269313,1.6972177304048401,1.3899673482178438,1.8960636902469974,1.916452189671318
2023,12,Indicador de Margen Financiero de Operación,0.703828428905593,0.7447391201230247,0.5423362651597331,0.3461543840700208,0.7717808983867768,0.0,0.4286508236680224,0.0,0.42706112183718,0.6507085715944998,0.0,0.834717180173061,0.0,0.527241926216688,0.8146703656705222,0.947614663248377,0.0,0.27107880675995005,0.5521791342929833,0.929691466626174,0.0,0.845962234797807,0.0,0.5402722653269475,0.6551204165192651,0.4030734350289936,0.5530922947236812,0.646762116402951,0.7281719310521437,0.3956761138260436,0.8756013552383441,0.5998374589286463,0.0,0.6402603218869444,0.3183474337019068,0.5698261146104193,0.6171408124742032,0.5537077237364304,0.7989050825525982,0.704355411714808,0.7764681263226552,0.0,0.9684948899769127,0.5564618281818684,0.5844704456847423,0.5111484296953431,0.0,0.47769307909188347,0.730162399281941,0.5379244065756632,0.6044409139259546,0.6716456778006274,0.6347409337160519,0.7818440215101894,0.6248677589362541,0.5826885066915325,0.45496353231014774,0.44399079368516353,0.50678222807059,0.8512461499013829,0.7178685741237897,0.0,0.6506062935675254,0.0,0.0,0.6546970923842566,0.5846530381088935,0.5770273194376376,0.9275459323689834,0.5131024437481201,0.610234372714193,0.0,0.8027973867875589,0.6711035781248974,0.26471274536182104,0.0,0.5889846400233302,0.784563353673786,0.49117557165107184,0.0,0.5997186761128577,0.6751197662576227,0.0,0.766222651532167,0.6565139758080846,0.664424940356141,0.8128723967318515,0.37702981269082,0.0,0.8293456774978523,0.0,0.8778258782489865,0.6219210893781023,0.6527559424363423,0.0,0.816130025038363,0.0,0.7968135897677235,0.5580045836593118,0.7262625194830754,0.8719575265575595,0.6170340300328704,0.0,0.49713664216697745,0.0,0.5887939772629244,0.8609732179889914,0.0,0.7012568749473548,0.6412668979878081,0.7619517942004049,0.45303749811641325,0.9412754963805041,0.0,0.5248767148687067,0.9100495842370142,0.34991260050074946,0.0,0.7761226918368666,0.6212382189634325,0.0,0.6371284292705259,0.7998729859784285,0.8029947716813842,0.5102238705369146,0.47353960816617047,0.0,0.7646220490564876,0.7911971127864861,0.34908147198664347,0.49948546082129436,0.932593131124903,0.0,0.4370586955184737,0.7557453948078533,0.858946583933203,0.0,0.7797585950232562,0.8049443543688993,0.9112983599178145,0.7406639063260755,0.6098707752063565,0.6459813611212658,0.5650539251469958,0.4421558221933938,0.30142110099613306,0.591012765007779,0.7482466051714799,0.0,0.5836328720811017,0.8135102024081341,0.7073305471053822,0.48613341696823104,0.9104849526964844,0.8175456883131094,0.7981403385666426,0.7200038396926874,0.0,0.6528358723687437,0.0,0.5960914701380929,0.3857709407829708,0.4616471263443548,0.8174542320765502,0.8593858893557519,0.0,0.6638925167364368,0.0,0.0,0.7495046771278515,0.628107232793044,0.870848827352967,0.7746170919830738,0.36658385459053433
2023,12,Indicador de Margen Operacional,0.07551174752659888,-0.06762029595533521,0.009898569151022916,-0.03576160657905642,0.147659075056753,0.0,-0.551710477298504,0.0,-0.058913336180377515,0.013284931644957407,0.0,-0.20665243817236353,0.0,-0.1073990435570836,0.07118711864050704,0.11629135933214689,0.0,-0.0941194996894881,-0.20548025343801804,0.08332141970983976,0.0,-0.023894073013593486,0.0,0.18870866855592197,0.03367272843384567,-0.052764791078042356,-0.09618113630658005,0.06212961573469547,0.10925890579110119,0.057103054711393146,0.42377127573343115,0.18780832596281158,0.0,0.08581046853861106,-0.0599719073010568,0.03860721908402715,-0.03825657010300942,-0.026186608735846686,0.06345008241764577,-0.05182097280544378,0.148706837834367,0.0,0.30030142471813887,-0.01866977325653926,0.05562910657474637,0.08145953280170752,0.0,-0.011081817686263689,0.2681569585223735,-0.02228339127177995,0.02598316959900812,0.011428127791147547,0.02993966694270914,0.03814146361613525,0.027414642541828994,-0.02352392475167896,-0.14578794488557448,-0.11891399283140272,-6.520110587057235e-05,0.07307108180809194,0.10875203711223398,0.0,-0.19946137415972234,0.0,0.0,0.014939268296284511,0.01979242658650825,0.07324284394290682,0.31168733638833945,-0.16512274566854268,0.04720464474195984,0.0,-0.0058530145181932966,-0.07054457717195117,-0.19994070004033374,0.0,0.02405939437101407,0.19824372553890937,0.010638201324250359,0.0,-0.1302959017005562,-0.04868540557717225,0.0,-0.06306468674065822,0.30730576626778006,0.01618479569131702,0.10244944722809428,-0.3028998520851882,0.0,0.13488765884706627,0.0,0.35427155535326316,0.07742552740932122,-0.018905775841236025,0.0,-0.1507511174076463,0.0,0.053155806909215175,0.05450669172749749,0.17539726458006266,0.20632090222504418,0.040701980489502146,0.0,-0.0010372168121328476,0.0,-0.0021746009053763967,-0.03697020030460543,0.0,0.06991795863077697,-0.033684680391189346,-0.019510760330667957,0.02543626372592533,0.20777418735972963,0.0,-0.03844344728219788,-0.14965531514379288,-0.007581463416367812,0.0,0.13326096656330014,0.006713216651392374,0.0,0.033990324264009546,0.13093059155662023,0.20184096138184376,0.10539340522727433,0.007736668491730078,0.0,0.10841115585639574,-0.0213505554801042,-0.07825578737769646,0.025484682909189805,0.22144411678612091,0.0,0.013778607941645133,-0.0429254840895289,0.13268663669467426,0.0,0.09862179576435541,-0.009299614995027329,0.23108803061830116,0.10265637334344242,-0.2964488526292285,0.2167737545034231,0.039974671832101745,-0.037025335933379845,-0.09104573775433976,-0.09662682511417596,0.0973397188274103,0.0,-0.053481693660078475,0.11975047316728119,0.028185568750410634,-0.3770394332547603,0.09662049968830576,0.16247890981268637,0.10883877582849809,0.031265451307238866,0.0,0.11993067007455128,0.0,-0.08267599834481107,-0.13612119821796806,-0.07722585691479338,-0.004616534595480171,0.0704854212932666,0.0,-0.3802326339703456,0.0,0.0,-0.022570569873002582,0.13034441416382436,0.19182481918214492,0.061337511537354124,-0.9730911417380589
2023,12,Indicador de relación entre las obligaciones financieras y el pasivo total,0.05772261960753963,0.094299302941133,0.13421187293353706,0.03534013650632252,0.0,0.0,0.06418318181267635,0.0,0.0,0.004376831581584736,0.0,0.03448480787881235,0.0,0.009657502129925052,0.0,0.0,0.0,0.14661445803635254,0.23712420479187704,0.0561691594737437,0.0,0.0,0.0,0.0,0.0619600883104163,0.13437168428873733,0.002095810658432612,0.0718282114680893,4.524136965684156e-05,1.2742369728684569e-05,0.0,0.0,0.0,0.0,0.0075278218771979155,0.0,0.07985197413159423,0.0,0.03779133507221207,0.06024217440767558,0.0,0.0,0.0,0.024287998722094525,0.3673437837321405,0.0,0.0,0.2600724851043163,0.09017025599252494,0.1151851798605382,0.0,0.2417498381021685,0.0104978491734955,0.0005191351309088708,3.608753667818486e-05,0.1839587862810615,7.370257427326315e-05,0.024445786088767362,0.059585197285367895,0.08960529461113617,0.12116926738067815,0.0,0.0005840788576544863,0.0,0.0,0.07779651495842327,0.016610493382360553,0.0,0.0,0.0,0.0,0.0,0.0,0.00024033524572517423,0.00027428123237152846,0.0,0.020640229152794915,0.0,0.040445828692409896,0.0,0.23564184032922245,0.013931486748679313,0.0,0.0,0.0,0.22475221447448512,0.02609786688343464,0.0,0.0,0.04914109360206965,0.0,0.0,0.0,0.03774640163197021,0.0,0.1544317748782377,0.0,0.00028099241521447444,0.1880190683242557,0.0,0.267170545829476,0.0,0.0,0.0,0.0,0.109575783255398,0.022466663504534416,0.0,0.0,0.0,0.06098418558930643,0.26861621116464524,0.0,0.0,0.28655288598940504,0.0,6.615161167376173e-06,0.0,0.0,0.0,0.0,0.037026637512561536,0.037956377878515656,0.0,0.0,0.0337731087704419,0.0,0.0,0.00020668058892971288,0.1111297886322447,0.34465581668870165,0.000992411483584417,0.0,0.31827859299650185,0.21695007970786329,0.0,0.0,0.0,0.1512272327914092,0.0,0.03838753884301312,0.09513897796327445,0.03696975368856274,0.04760029199079247,0.2876241609780928,0.0,0.0849902996632047,0.0,0.0,0.05737070064284729,0.04635250463562774,0.1477643227528134,0.0,0.0,0.0,0.0,0.0,0.0,0.0,0.0,0.06403751616165054,0.0030335515126348866,0.04556754087665484,0.0,0.05335124448876372,0.0,0.0,0.0,0.0,0.0,0.21019303824473534,0.0029747625114397444,0.0,0.1477060978373012
2024,1,Estructura de Balance,1.820859207993948,1.6765014476026954,1.48364857902606,1.4201110907582768,2.1321664854023825,0.0,1.3462728594891464,0.0,1.3576320467224456,1.3217738757427349,0.0,2.4881679628863047,0.0,0.9567474914020354,2.328415650723068,6.12637772460733,0.0,1.0042594624416585,1.0521491306691086,3.9963009080955025,0.0,1.704392201858372,0.0,1.4737963881233653,1.1531880819022893,0.9961956544831373,1.2008159207516462,1.569296101974375,1.6333125692417971,1.079396349671534,2.9325651836053748,1.4483036470574842,0.0,1.7980196199129506,1.3490379025310357,1.1649525041814315,1.2192141951347342,1.4038760922448712,2.6307575643870735,1.2198403501162645,1.3665271737726952,0.0,6.794416065247803,1.4690812459216036,2.2914658212682357,1.6469755580407541,0.0,1.50477513939755,1.3340080464606279,1.1811328329981161,1.1928059937245166,1.3602808452509958,1.357901245210224,1.7524194368472257,2.0936397066143275,1.2647662885007067,1.333810366533717,1.065673015444633,1.1559523083613576,1.7056593208964823,1.1215494514808357,0.0,1.210116883771947,0.0,0.0,1.0623368445278532,1.2623361024236277,1.238131546063802,6.951052303350122,1.4571208463707552,1.3269883065789672,0.0,1.1352225221987104,1.7239240637246096,1.645257899325393,0.0,1.4383808900942172,3.889029657101942,1.6325010017565007,0.0,1.395807361302486,2.1592924971839604,0.0,2.507507041525788,3.176256531169875,1.279280251608264,1.8935158638942786,1.3408960190929826,0.0,2.3811882399321993,0.0,4.192249035562123,2.291318287962056,1.7136668317193864,0.0,2.1389881569848703,0.0,2.1584885660777378,1.3853646394049632,1.8411206237986324,2.254655403470452,1.5138313597208994,0.0,1.6014951428615591,0.0,1.2700668020695793,1.8431117928404128,0.0,1.3698027783865914,1.6714712946270212,1.417952115693044,1.3795279502801663,4.010261071477081,0.0,0.9968760462184487,1.7697310165608853,1.2350006442590906,0.0,1.2114003888421991,1.0611812646271064,0.0,1.2632304865944344,1.31331596873981,1.50031629015976,1.3642613252540368,1.4319908282910863,0.0,1.4042408355800513,4.039966541954202,1.356427561700152,1.3614243584377093,2.9736039610195872,0.0,1.4247717617778684,2.1675093027373173,4.484667449547328,0.0,2.8047321365769005,1.3470802706164915,5.754774426955881,1.5560362213170984,1.4528982851015422,2.317522825084717,1.241850833027467,1.0257645210186979,1.2623297740955817,1.2756728406690439,2.060884979191258,0.0,1.0866384051535443,1.6964389378955387,2.292878872030575,1.2278303578951577,3.4568246201274753,3.0106315693528463,1.5684239414179166,1.53083814937743,0.0,1.1137789617481137,0.0,1.4303873102613403,1.3324972426129222,1.2693065462290942,2.116903453536945,1.9211836779726061,0.0,2.6704543298718617,0.0,0.0,2.6511703928113004,1.6580204443571895,1.2730952386903207,1.861483603909121,1.8058597514370125
2024,1,Indicador de Margen Financiero de Operación,0.7408344899169832,0.7252936719438423,0.49085759564995873,0.41295592411815163,0.7713169150618298,0.0,0.45554627304942075,0.0,0.4207460380573555,0.654355398854438,0.0,0.787637768670117,0.0,0.5265083987932929,0.8245920997353299,0.9259531956266424,0.0,0.2815010770812702,0.5421471311335754,0.9337163303242915,0.0,0.8536291373147634,0.0,0.5350165754368059,0.6383792360648396,0.377163140429635,0.5454675057341251,0.6424546889646575,0.6876327495028265,0.4546080691758841,0.8942730461349913,0.6081707861445366,0.0,0.6580108839749964,0.41266616127610756,0.5492411342349447,0.618871941335495,0.5320416446937128,0.7591086742684274,0.7044872988761314,0.7739495470512534,0.0,0.9672991902688267,0.4503514653587119,0.6188398818823208,0.46657008935056293,0.0,0.45576383487543737,0.7043993106830881,0.5444150761198054,0.587764968725985,0.6530722279032026,0.6876232310322377,0.7899983819518054,0.7252199754121402,0.6348031429611166,0.5353982254263845,0.4986134481982691,0.5719139153272247,0.8442301489121473,0.7581707337450496,0.0,0.643819075069485,0.0,0.0,0.6028011653843096,0.5854862703816808,0.41717248496575643,0.89726302708946,0.584312873975016,0.665162970520293,0.0,0.8006680018460558,0.7007319470881596,0.3590002811983876,0.0,0.5951040172657688,0.7981666829324457,0.5460025899917559,0.0,0.5780360528335875,0.6634314881934845,0.0,0.7409985250223089,0.5961837125261493,0.6461197320206508,0.8247040893394632,0.4622454043727152,0.0,0.7108585274857968,0.0,0.8876771371851638,0.6988877070852475,0.6486633294507469,0.0,0.7261884072443875,0.0,0.8305967418973552,0.5719268345334975,0.6799979279716788,0.86707177249489,0.6452325534656153,0.0,0.5047988700762286,0.0,0.6064807022415817,0.9979840746999196,0.0,0.6870197777126412,0.6870563795679621,0.7760673071223974,0.44599596869513675,0.924697464041473,0.0,0.5403592386473646,0.8937046290737597,0.2880557572437192,0.0,0.7855457399599411,0.6544503129676752,0.0,0.6127995612398026,0.7769262089209839,0.8265134775940898,0.5034154553952104,0.49517179300357494,0.0,0.7767073791437967,0.7782674003505097,0.37696677258419103,0.47737665995135303,0.8964232657739222,0.0,0.40825371846776587,0.6403491880366352,0.8363020527415447,0.0,0.7716433475120027,0.8431839813959959,0.8998332213186797,0.794956428957278,0.5670310576938231,0.6800102306765344,0.5893284406514477,0.4002523917664213,0.36117483505177816,0.5860220784637027,0.7215934608120086,0.0,0.6027830754211737,0.7867693797721776,0.7168984516932974,0.47096636287268423,0.9218860062315312,0.8061762579285244,0.7799629369077904,0.8399398191233822,0.0,0.6282803629924943,0.0,0.6114691853996914,0.41240156542488215,0.5000879017889567,0.829747421998111,0.8591377133802286,0.0,0.6841640813694099,0.0,0.0,0.8032878616203162,0.642115210008594,0.8784750925975144,0.7691445561098388,0.3540592754717507
2024,1,Indicador de Margen Operacional,0.11402106012188529,0.02703059457778262,-0.00020064726722028432,0.06520003582041549,0.23931052684441487,0.0,-0.29445299358412746,0.0,0.01515465486225853,0.09326621269762302,0.0,-0.3682175149655864,0.0,-0.006799008671473302,0.26923740939992497,0.17221592349099624,0.0,-0.09127035480587492,-0.22675645819155946,0.22193163769104277,0.0,0.022282255108099207,0.0,0.2593551638246798,-0.016661953841576975,-0.044209402134295264,-0.03529538535055935,0.1363861584360544,-0.020102717642744156,0.11281871540554747,0.39156748279345627,0.2670017757143372,0.0,0.15555996893124016,-0.07735581026477435,-0.0627216186649908,-0.015387713627602106,-0.01636826226869929,0.028227604696272772,-0.04071608774394104,0.2811999552975032,0.0,0.42928894337541307,-0.13215779747994055,0.07607007524421494,0.17362867778944324,0.0,0.004934577937834026,0.27692272997492473,-0.020787147622935553,0.1056637030167049,0.007704580032266042,0.21321020848237096,0.049012452559370624,0.05017078167005609,0.10598373739990663,-0.06999095594088006,-0.2268690633323527,0.1027794000008471,0.0869107019321622,0.11730628307199242,0.0,0.07846510059051674,0.0,0.0,-0.22953584724434908,0.02893996809417228,0.047603110141904076,0.35801539935814336,-0.10899507174433196,0.16592063815768854,0.0,0.2132724104291717,-0.12444091926100864,-0.02199118541017552,0.0,0.08214792844111365,0.5298162325636874,0.06495270318329545,0.0,-0.20813509291072016,0.034372611943978594,0.0,-0.07786697397936913,0.19803247852341965,0.038371050675157094,0.26734343055823284,-0.1385597570610352,0.0,-0.13017718050870983,0.0,0.41792325322895413,0.15471234771062303,-0.00013513424709425337,0.0,-0.3401177053492168,0.0,0.09298781202868249,0.07004897083550472,0.2901230571186009,0.1946980406272196,0.33250798703443796,0.0,0.05341632918977678,0.0,0.21101112998128363,-0.12691670104670524,0.0,0.10186130504456044,-0.22341891723516277,-0.005305479017389448,-0.014531909070115867,0.11954574967494606,0.0,-0.04042768680895271,0.590974754005548,0.003682988474986538,0.0,0.2867525171609757,0.017494586637908163,0.0,-0.18430795069472333,0.04488651700262796,0.3279326400365761,0.13834767249562555,0.03683097757491401,0.0,0.31482713183136124,-0.09474581326415492,-0.019461930039997848,-0.14109421196195815,-0.016847621407223814,0.0,0.020950948293138955,-0.10321265823123384,0.024529946885329067,0.0,-0.2303337628830725,0.13372271165804606,-0.009033079949923304,0.2510760950395507,-0.3530683288927493,0.2280228434348935,0.12336508618828802,-0.1464699718181245,0.01822058515815427,0.03918418101135642,0.16758103366764907,0.0,-0.005030773953777633,0.17990208918727413,0.13296936579154334,-1.6552611473608903,0.24699384641303324,0.20256004647062548,0.1268196976170382,0.08912043290736221,0.0,0.19978340833038125,0.0,0.020283233628720882,-0.0044526168035418975,-0.014891021738912002,-0.021154508707320413,-0.012800699988783483,0.0,-0.2222508677165137,0.0,0.0,0.003055434273156347,0.1126249326044406,0.5260381825201653,0.26756661064632375,-0.210805111458283
2024,1,Indicador de relación entre las obligaciones financieras y el pasivo total,0.05466175492504517,0.05690177192141439,0.12252294011969567,0.03208282186057989,0.0,0.0,0.04713233213478669,0.0,0.0,0.004190808472105007,0.0,0.022356824343464476,0.0,0.00934434456627178,0.0,0.0,0.0,0.165725723369978,0.22374446463841452,0.039953400596532185,0.0,0.0,0.0,0.0,0.015973832510193707,0.15757010477583333,0.00189019393031028,0.06433196107830425,4.338438152352432e-06,1.8949001870509916e-05,0.0,0.0,0.0,0.0,0.005867078748594637,0.0,0.06973439958200314,0.0,0.03089750803491184,0.05428981167932486,0.0,0.0,0.0,0.020314494511992832,0.364064014623466,0.0,0.0,0.21931799876679278,0.11689905507232272,0.11100557324871858,0.0,0.23822555941317777,0.00960077205701523,1.2387712794218759e-05,8.707103437279336e-05,0.1725645074114134,1.0408784863483785e-05,0.02237865140382151,0.041834448335083665,0.08116249506139192,0.11400083348365983,0.0,0.0010484389103869662,0.0,0.0,0.05504229018180499,0.0,0.0,0.0,0.00010028377132346346,0.0,0.0,0.0,0.00026176528433224163,0.0,0.0,0.0,0.0,0.03723312723417564,0.0,0.23352949484723082,0.0034513721448184384,0.0,0.0,0.0,0.21734239863015897,0.025640904644832575,0.0,0.0,0.03820153868543305,0.0,0.0,0.0,0.0,0.0,0.13144037427246497,0.0,0.00032824396936804323,0.1792622528880508,0.0,0.24276340069252245,0.0,0.0,0.0,0.0,0.10209626364867723,0.0,0.0,0.0,0.0,0.034314849952950685,0.2607955894051826,0.0,0.0,0.2769939939222706,0.0,0.0,0.0,0.0,0.0,0.0,0.03901575887755675,0.03931026520114072,0.0,0.0,0.00925623367819382,0.0,0.0,0.0,0.10935010367304188,0.3399130903300922,0.0,0.0,0.34300293598601655,0.20397829948197616,0.0,0.0,0.0,0.17145597616673555,0.0,0.03400547554321254,0.08382751358976695,0.13793410561341776,0.039527113452074346,0.25961495967670845,0.0,0.07410319420511755,0.0,0.0,0.03153781459912529,0.043807264011125564,0.14198320999487388,0.0,0.0,1.9526919709201838e-05,0.0,0.0,0.0,0.0,0.0,0.06261590857362294,0.0024976081575268047,0.042210470296877425,0.0,0.05074200537105519,0.0,0.0,0.0,0.0,0.0,0.20465094010397056,0.002876735393489055,0.0,0.15401136597892365
2024,2,Estructura de Balance,1.8314308013435268,1.7143523612204843,1.4835777110418105,1.414727580966291,2.08748448236855,0.0,1.284327532771434,0.0,1.3429910452947649,1.3489736098136609,0.0,0.0,0.0,0.938437588641229,2.4220729852556286,6.137297045724761,0.0,0.9870536094088042,1.0414790426840086,3.4115262134229507,0.0,1.7133548514607129,0.0,1.4810677424893814,1.1469652250616753,0.9775645735423331,1.173171035643303,1.5677753942435926,1.6345970789506992,1.033850407419022,2.9177986722755285,1.4492524989892983,0.0,1.8276008587090171,1.3593643579018804,1.1495235652760178,1.2011183549664068,1.3967558869446006,2.6526219044440613,1.200499206206008,1.366642064691395,0.0,6.816064386434949,1.4474297026907812,2.1496946807934316,1.6486460320050496,0.0,1.4884016246737093,1.305221005912156,1.1805077822518213,1.1721055683259143,1.341100114979008,1.3866981668792877,1.7156170458844529,2.060780979417334,1.251927619834641,1.3571725450561745,1.0484413153755752,1.1570875561669993,1.7416946259557207,1.088128689169306,0.0,1.219357112902614,0.0,0.0,1.076741180641227,1.2703870609450048,1.1965930964829963,6.632872397783273,1.449704579914293,1.356307270509312,0.0,1.139264770064994,1.698125249476176,1.644957467540218,0.0,1.4730405741098338,3.854266172963341,1.6715240522201493,0.0,1.4025621858657078,2.0863427077184378,0.0,2.50229770338743,3.118924672487351,1.2500602959788185,1.9354402563407076,1.3400517502209144,0.0,2.311592725750122,0.0,4.205551949630339,2.242620465424478,1.7095788191520689,0.0,2.1447461256452134,0.0,2.14306112072396,1.384518552014469,1.866753182225456,2.2490744305534376,1.51127929856711,0.0,1.552816072525305,0.0,1.242294961308044,1.6820532690169403,0.0,1.3464826926588103,1.6557555392464132,1.395629910506469,1.3879495351770648,4.123577332191013,0.0,0.9676837434920599,1.8566023535416005,1.2581784063105848,0.0,1.2223719253788963,1.0706208807457027,0.0,1.2622454030468162,1.288289577080012,1.5374345400740985,1.3353511983682402,1.3726296672170668,0.0,1.4677556041400315,4.588794229373769,1.3435480773851685,1.3638490186922065,3.024169089106699,0.0,1.443979361315712,2.2000537255455366,4.406482772932074,0.0,2.7157843444723517,1.3053257205090327,5.731162703788283,1.5666610234823377,1.4727051539349596,2.298968748761983,1.2293233732960063,1.0296245215715558,1.2590312918739655,1.266075229315785,2.059364413389564,0.0,1.090215906780044,1.6729668438099357,1.967335810192543,1.1893423103372782,3.4961947327003955,3.0167815070661748,1.5502112196531133,1.5343172952651947,0.0,1.1216191304351524,0.0,1.4045007392181783,1.3116320440518743,1.2821560020290692,2.087011305786918,1.9751854414440597,0.0,2.638586652104041,0.0,0.0,2.7228072505204035,1.6533948130406304,1.159749999162913,1.8980491344933634,1.7790307976592288
2024,2,Indicador de Margen Financiero de Operación,0.7172321120409367,0.7253016347513693,0.5199531181600043,0.4213943608946112,0.7516857575105554,0.0,0.4467539225255236,0.0,0.4181874750089814,0.6590621664241023,0.0,0.0,0.0,0.5712342911621313,0.8168841920413313,0.9260136363314442,0.0,0.28994369624470356,0.5577220597675245,0.9316515630397244,0.0,0.8577082137174515,0.0,0.53624208418656,0.6502533915905341,0.4007914396379817,0.5522751994938253,0.6416501696339805,0.6793176396325481,0.4587935337817136,0.8948829603475159,0.6233944660339323,0.0,0.6604727479236432,0.4331780281622124,0.5498256998286063,0.6322144028392903,0.54322447763009,0.7646649726589821,0.7096417170860606,0.7769202477751871,0.0,0.9669834891814677,0.5091573967269111,0.6175890404335976,0.481791178742568,0.0,0.48918441769181403,0.7253801621852553,0.5410447502428348,0.5977906037784937,0.647296991457613,0.6868036263108227,0.7911615085618406,0.6880858020811071,0.643369529824482,0.5488055254182446,0.5176259678191445,0.5924165542608324,0.8526050315137776,0.7327981433236835,0.0,0.6567496627422583,0.0,0.0,0.6263896553319585,0.5978162818745129,0.4064617571442596,0.8893272559337336,0.5875346696916512,0.6571928660771952,0.0,0.8019617351479891,0.7049709123380523,0.36580638033351537,0.0,0.5886116444020263,0.7954611346941254,0.5727509393277308,0.0,0.5519469249026194,0.6618708184478469,0.0,0.7470049776401754,0.6078506599998776,0.6411728598885895,0.8358268498003387,0.5075667844535784,0.0,0.7254600299211639,0.0,0.8927089003350572,0.6603756458416842,0.6736451814032095,0.0,0.7618109653978544,0.0,0.8336500879184802,0.5896584493279993,0.6886204973562876,0.8642473005647838,0.6449853679348211,0.0,0.5029649281677849,0.0,0.6075649239687525,0.9347918650520758,0.0,0.7114821703382034,0.692710671255562,0.7936189201240148,0.467215046648998,0.9265518659233559,0.0,0.5395558846386751,0.8997706465515314,0.309125910153683,0.0,0.8088920764793908,0.6685876307437209,0.0,0.6363153658085773,0.7700142490988782,0.8239039129166178,0.5061311254710206,0.5117689265342279,0.0,0.7835439157767008,0.7740739946705859,0.4265739104206405,0.4973597409991271,0.9174268335297412,0.0,0.43963885253593604,0.7097108881009621,0.8458661154340064,0.0,0.7932829979020132,0.8259089256918433,0.9045111052190644,0.7885720691438488,0.6041869787579991,0.6930337785758686,0.5915771567663606,0.40220010507164344,0.3730289993045056,0.5941382971924029,0.7254715418952926,0.0,0.6053318259730618,0.7912339684372558,0.684622224055676,0.4848826217377118,0.9250900086966677,0.8097448065039,0.7749317055115109,0.7803685797061807,0.0,0.6079835782311208,0.0,0.6322832072085919,0.4158755374573661,0.5217457836284819,0.8356610110859388,0.8502126833617084,0.0,0.6754180452911486,0.0,0.0,0.8311092096491149,0.6502361372889133,0.8795642451067021,0.7827764203072785,0.36049611813738086
2024,2,Indicador de Margen Operacional,0.09310835026454323,0.017837334714065334,-0.0888660389151456,0.047379379905619065,0.25836422461320796,0.0,-0.3286092250933363,0.0,-0.035314225517675095,0.1102385134197244,0.0,0.0,0.0,-0.07012457342721556,0.11430087595779433,0.05803242944304561,0.0,-0.08473616599164367,-0.2573551683355029,-0.04315943429128251,0.0,0.03760248672852397,0.0,0.18532181273481604,0.01236157164869956,-0.044400552221939296,-0.05022571714669979,0.0452119797775455,-0.023205155851274795,0.1275577476717282,0.3992756555906045,0.24440894341846625,0.0,0.103731920822759,-0.03507705085182163,-0.01991290522715705,0.017498884420445695,-0.05038469209358494,0.009783226235824269,-0.03332873419350328,0.26296621427076244,0.0,0.40532976962946726,-0.19459738873591995,0.015037259164515954,0.13036995814685556,0.0,-0.016014365706484703,0.2399411953154628,-0.03134958679070179,0.17354919082395884,0.08467558380942333,0.2188600628124108,0.07973391646227662,0.02330402158268973,0.043500160324585556,-0.004748943859309189,-0.03270280033411075,0.09675179843385055,0.10578224461100744,0.021606640137801007,0.0,-0.06286105736839226,0.0,0.0,-0.2790199218057385,0.020879675207194866,0.015480915020079295,0.2801687821895948,-0.154897584699236,0.16056314848273712,0.0,0.17135459299549513,-0.07507540340342332,-0.008611776459335651,0.0,0.01689196753922098,0.42650176720720245,0.006683307570995645,0.0,-0.29319616625529543,-0.0603667060657599,0.0,-0.0722358274092857,0.19683732903866852,0.024080942517792938,0.17346713817053824,-0.02336845902294118,0.0,0.0700172514827584,0.0,0.31164520770159204,0.14080921690567827,0.020001450929921515,0.0,-0.3360539043155122,0.0,0.10139553656322726,0.08056008866336473,0.27353131383015594,0.20647406915085478,0.28230533685260994,0.0,0.05557340239728635,0.0,0.19059512448428903,-0.06478442771605407,0.0,0.05339243638634884,-0.05106130441269115,-0.005237395062156878,0.028123240308264328,0.050866025178747436,0.0,-0.05181980245000521,0.6693187300545251,0.009220630640414252,0.0,0.19704551031447143,0.010148911251171299,0.0,-0.1287173160063038,0.05029653700321512,0.29803077038824466,0.14141841479966202,0.04012616061244607,0.0,0.28680694666073114,-0.2353813888794996,0.007813291257276908,0.14330201468684303,0.07061737186343117,0.0,0.016698277856732655,0.037075823984250356,-0.0023043427383919366,0.0,-0.41176967637248474,0.04537402527044561,0.006249562345004405,0.3048052230585826,-0.3690742761754022,0.20300586093566514,-0.07231570455269648,-0.19275716471097348,-0.002343678351172545,-0.0293531246924857,0.18990415950303763,0.0,-0.024758160065417215,0.22513216326615915,0.07078211898239103,-0.9492778130973419,0.27729037341880264,0.22563160773175797,0.09256871779536902,0.06327295983945946,0.0,0.1425839233331658,0.0,0.027353469477799718,-0.09077309227443188,-0.00428773915746058,0.03468453202335594,0.04832345289539022,0.0,-0.27382919420623597,0.0,0.0,0.027457578325975073,0.15471175289349126,0.3344894518440566,0.37928836693527973,-0.676181585323697
2024,2,Indicador de relación entre las obligaciones financieras y el pasivo total,0.05069594583003041,0.028566617141683653,0.11376283405996956,0.030062125576699367,0.0,0.0,0.031524100556626765,0.0,0.0,0.005028935528875825,0.0,0.0,0.0,0.010582046813091163,0.0,0.0,0.0,0.16959901156246107,0.21825955805228106,0.029302926395980332,0.0,0.0,0.0,0.0,0.010566900196216322,0.152361540947678,0.0016326396021145197,0.056526928848683704,4.2703898384321075e-06,7.634028594331042e-05,0.0,0.0,0.0,0.0,0.005761948224737583,0.0,0.06666979714137934,0.0,0.022717263782760677,0.03649152007564798,0.0,0.0,0.0,0.015855349688371944,0.43221462024308116,3.874428671325661e-06,0.0,0.17059411815771397,0.14831904614805735,0.11180897345106472,0.0,0.22788939709660044,0.00856498052125286,0.0,0.0002963546642906014,0.17959106581103026,1.0950804133863121e-05,0.022372135253123898,0.04830007437471061,0.07782019340997398,0.11450366533502546,0.0,0.002639204068801803,0.0,0.0,0.031927296856748916,0.0,0.0,0.0,0.00013240586349552098,0.0,0.0,0.0,0.00028611199784042387,0.0,0.0,0.0,0.0,0.016834549976891374,0.0,0.2328228611980765,0.004771021763659322,0.0,0.0,0.0,0.20463722964925524,0.024308002466281422,0.0,0.0,0.026391245727856796,0.0,0.0,0.0,0.0,0.0,0.11909944772685069,0.0,8.761563441718148e-05,0.16802686317815843,0.0,0.23431701552200285,0.0,0.0,0.0,0.0,0.10034422119279492,0.0,0.0,0.07638067763134167,0.0,0.014968042643347581,0.24572492039967403,0.0,0.0,0.2682654860390157,0.0,0.0,0.0,0.0,0.0,0.0,0.03696633311456155,0.04062524238138519,0.0,0.0,0.018205865512788893,0.0,0.0,0.0,0.10212404715735213,0.33618996727148975,0.0,0.0,0.3223658115896419,0.20209649538589586,0.0,0.0,0.0,0.1799792473993707,0.0,0.0,0.11571911280452746,0.13072159401605657,0.033810478686771124,0.2429586176494199,0.0,0.0697653942874992,0.0,0.0,0.010783391832379963,0.04056875656602984,0.22491160297838408,0.0,0.0,2.0693292293366448e-05,0.0,0.0,0.0,0.0,0.0,0.060379674883777726,0.0020158929464759176,0.03917931947173064,0.0,0.08999263894947498,0.0,0.0,0.0,0.0,0.0,0.20931108131068177,0.0031663947390909997,0.0,0.14895557972893259
2024,3,Estructura de Balance,1.7798115621620556,1.6780114306479526,1.4827008281336538,1.418949165800748,2.0861005198402336,0.0,1.327967260331953,0.0,1.316692475873101,1.314950275855002,0.0,2.297996104040105,0.0,0.9283641327478119,2.3866107911093386,6.103716759069209,0.0,0.9684852081137748,1.0242253443323082,3.3358620800092065,0.0,1.7097843994338735,0.0,1.4830736274916905,1.1483153981179968,0.970118724029765,1.1833450803027752,1.5012742617723767,1.609736783172893,1.017463470600105,2.800634537781487,1.4444248371154684,0.0,1.7935937708248122,1.3610374678256143,1.1696922375445389,1.1960918290828013,1.3587962598395762,2.6186818065038833,1.185971854523925,1.3590289299060834,0.0,6.982024296397466,1.4401326105340309,2.168585028926185,1.7010159872402533,0.0,1.5493527487075949,1.2959393850801384,1.1809056490485057,1.1556446950481576,1.355994608660028,1.3603619760463,1.7141565187753092,2.125604447981054,1.265832667035492,1.350197197638963,1.031865397757329,1.1573971493778648,1.763610015959889,1.0799487796717,0.0,1.2179404219632275,0.0,0.0,1.0819738635718892,1.2566991616513623,1.1659537269682685,6.6496208392897485,1.4102462265074978,1.3429539891601159,0.0,1.1367810507809832,1.6798170919684674,1.6689695891680685,0.0,1.4566196425956042,3.819976399365536,1.6488614054413389,0.0,1.578090427918421,2.038443042539351,0.0,2.5030791210099603,3.123426963697443,1.263622812721158,1.9441497689294007,1.3464096649825512,0.0,2.2954323861563752,0.0,4.1670405298284985,2.2109170405561813,1.6304285509800422,0.0,2.157778360786326,0.0,2.0847299995153046,1.3449409361603328,1.8500274415095308,2.1529739224588367,1.4933969284613906,0.0,1.526796697644987,0.0,1.283350026148276,1.6692573546756762,0.0,1.370362497947932,1.636250766181315,1.4315209350059703,1.3484891907027958,4.256041042625252,0.0,0.9630220501627395,1.685247415217435,1.2557767777841937,0.0,1.3087832125679348,1.0837663579225305,0.0,1.2377409681313016,1.2616185005223548,1.5438953358419407,1.3379174095055808,1.3876239471931595,0.0,1.5042521876725576,4.796571008122194,1.3290777446563258,1.3286003344724886,3.159185558611725,0.0,1.4329806632257447,2.2130103382219715,4.231622324396464,0.0,2.83556057261127,1.282079979268293,5.759136822222616,1.5273922496236767,1.4469920671341854,2.2888950956727894,1.2160158909236802,1.040945950455075,1.2442171233387314,1.2449259171617486,2.0250180234009174,0.0,1.077471117211961,1.6832664883183035,1.940654902303157,1.1935907798053425,3.4624017556679907,2.98887744175606,1.4864121984349679,1.5466736419165057,0.0,1.1425965022499474,0.0,1.4190080053173453,1.29379590451885,1.2871858228181727,2.1053357299971216,1.9800724836670487,0.0,2.611631959899912,0.0,0.0,2.7745855333828175,1.7265814982601824,1.0758938768853201,1.8403591691782237,1.786664264541745
2024,3,Indicador de Margen Financiero de Operación,0.7175538629668843,0.7205016079989165,0.5183936887057189,0.42861628629632004,0.7544272881598487,0.0,0.4558245413429609,0.0,0.4194872948136424,0.6593006971726907,0.0,0.7952315488704155,0.0,0.5552878058467906,0.8169563821844955,0.9244412374957653,0.0,0.31656058913831836,0.5637306108792108,0.9264280403098418,0.0,0.8576034065205075,0.0,0.540823045594608,0.6575034015499538,0.4004948725839122,0.5449146742688713,0.6271857023435541,0.6797765748630461,0.46058464307522423,0.8941157596612396,0.6229261289930125,0.0,0.6640760915724653,0.4395672088441157,0.5484880431356693,0.6292057174117863,0.5407693172924921,0.7634351244217761,0.7070138145950152,0.772315264032965,0.0,0.966176536386599,0.5246234402667779,0.619904590958033,0.48299426431899545,0.0,0.5018347607133711,0.7131649752629833,0.5427783725642784,0.5881662043710885,0.6660209934738635,0.6834360791154201,0.7884487714539892,0.690334190981506,0.6459693689649685,0.5503594301826524,0.5137119498324236,0.5937335647432748,0.8517576946015529,0.7245023032033426,0.0,0.6537908924683544,0.0,0.0,0.626754438057351,0.6021064563750518,0.39206084327199836,0.8826690642318782,0.588443435354358,0.6537621322699997,0.0,0.8023772161937651,0.6988486363443608,0.3751134044431313,0.0,0.5925281863057967,0.7934519632460891,0.5751369702976592,0.0,0.5631376999074696,0.6651677082413482,0.0,0.7488823574442882,0.6078759176129817,0.6423697765034868,0.840018742221241,0.48659423407523333,0.0,0.7292308829137492,0.0,0.8937385258382029,0.6396159827656651,0.6805402294972085,0.0,0.7895326335411826,0.0,0.8328120193410259,0.5881135171679214,0.6822719347601949,0.8597107178385002,0.645672198276504,0.0,0.4876788333235168,0.0,0.5980576402671719,0.9042743619282783,0.0,0.7048319978936975,0.6929750676323845,0.7956233932332798,0.46381396724437685,0.9257957440021397,0.0,0.5298092985369788,0.895888994280378,0.31982607985317724,0.0,0.7989801906966719,0.6684449669101458,0.0,0.6430796672616627,0.7702532872357442,0.8247784894456129,0.5094645088927432,0.5040214448717734,0.0,0.7859627251461807,0.7680077863739615,0.4270227821083288,0.5218929776559824,0.9150965857841473,0.0,0.4474335132892406,0.717616619380325,0.8414809120080607,0.0,0.795761079645587,0.829031838844214,0.9070048722312918,0.7881157060474808,0.5909175899537312,0.7000475513183362,0.5880447206249637,0.41243719103870186,0.36418077627473044,0.5791422647447279,0.7214465041931931,0.0,0.608018279929962,0.7876121291598382,0.7105463423212061,0.4849387480280161,0.9259063222674417,0.8094492688968572,0.7758482840783727,0.7792008273982445,0.0,0.6058268005869136,0.0,0.6309344810387506,0.4072409288025953,0.5269951326888599,0.8363983810006443,0.8494930792010471,0.0,0.6710175725464513,0.0,0.0,0.828899921873431,0.6576583391825506,0.8759547138545765,0.7875344074933583,0.35713401419327073
2024,3,Indicador de Margen Operacional,0.05244417718751375,-0.037031269801390175,-0.12990898124588782,0.04357624597756604,0.20166793008472295,0.0,-0.2717350823521143,0.0,-0.050151673216388325,0.03786860262338357,0.0,0.014433988015682082,0.0,-0.15551516589660905,0.14001768273240128,0.12639392599146082,0.0,-0.08279284113191346,-0.24601453039270746,-0.19231302984409776,0.0,0.05005441080840358,0.0,0.17800970765252935,0.014083250013018002,-0.04510522343131067,-0.06019982071153632,0.0021718412793519264,0.044633039372652714,0.1528498484446535,0.3809046468500508,0.25960773070932086,0.0,0.06383152391524013,-0.039195781714289245,-0.07440047833802292,0.004098429631405788,-0.07851839944691774,-0.03546732709745512,-0.05386160011039975,0.20018009596924674,0.0,0.37992946037460495,-0.11775673785521437,-0.0007570370002187289,-0.000613308626774867,0.0,0.0020594438427626437,0.23944450149713353,-0.03103995427915161,0.1286656960936876,-0.0012432126586111576,0.186092308890247,0.15950687176740386,0.015593338231304751,0.009719702006726248,-0.00247201312858622,-0.03886632303372702,0.07901441869888629,0.1102489483570503,-0.0040921634330745365,0.0,-0.13159552503100982,0.0,0.0,-0.21547542467353994,0.024253715694347748,-0.007107589937663163,-0.028084504107614105,-0.13760222118093535,0.1205023777788115,0.0,0.11592855752815441,-0.060717358198922704,-0.12415798846189793,0.0,-0.007292716607055721,0.38032972892848427,0.00013929793031118527,0.0,-0.2679554093919315,-0.13049490118511656,0.0,-0.07869918478254785,0.1879560196585221,0.02471873869848623,0.17214108900677597,-0.05209648645289012,0.0,0.046345834762917135,0.0,0.31484117718977495,0.06367207209512254,-0.021335063420283962,0.0,-0.2286735116571935,0.0,0.08557870807284089,0.03510089519120512,0.2502773404475959,0.16984380542960065,0.23721342390018882,0.0,0.04616540800450743,0.0,0.21315281546793693,-0.038306405160225196,0.0,0.030348390223012067,0.021568647500081094,0.012752654715121561,0.028427766765154617,0.08528820068552084,0.0,-0.05020542038078526,0.09748926144914062,-0.029484347839872676,0.0,0.0068102429401906426,0.024755960052847786,0.0,-0.19193288624144544,0.019213949037449975,0.3119353768645298,0.1349613496941927,0.02494628602309549,0.0,0.28461742945832885,-0.3020663854420378,-0.05502765838925172,0.10703907971316436,-0.04816233600347087,0.0,0.013214151042178018,-0.05153726719984422,0.024351821478687464,0.0,-0.1913948457001355,0.038987083678955,-0.043030473813122076,0.22092812790790914,-0.3308617577782987,0.22436286798216123,-0.11309502464768253,-0.13440258772468333,-0.03645935948659339,-0.09133645347139398,0.228626098781569,0.0,-0.027979881370567297,0.2009362438841131,0.05453687266190042,-0.7955693456808967,0.09295064593774847,0.18572661426539075,0.08263474356282731,0.049317522551212134,0.0,0.10740082084721397,0.0,0.006546926534487227,-0.2269702168852488,-0.005565839572340265,0.0509004152645588,0.04985471127456927,0.0,-0.26929258342442147,0.0,0.0,0.04146690579029663,0.15500727642802398,0.25009048613101986,0.26388787722103346,-0.6202993014341724
2024,3,Indicador de relación entre las obligaciones financieras y el pasivo total,0.04631212838450568,0.04416642486285488,0.12223906082918214,0.027322726639088923,0.0,0.0,0.0,0.0,0.0,0.004808517138224244,0.0,0.0,0.0,0.010203708770476909,0.0,0.0,0.0,0.1521452860921087,0.2119629086663904,0.024725347454729516,0.0,0.0,0.0,0.0,0.010003545632935944,0.1399950880865586,0.0014802452787163857,0.04920646186813729,4.1690433397931515e-06,2.3035670544627462e-05,0.0,0.0,0.0,0.0,0.005573707609882997,0.0,0.06581534031625497,0.0,0.010987855217778012,0.02393733976317841,0.0,0.0,0.0,0.011483422481086221,0.4133754070449483,1.0891287410987996e-07,0.0,0.13005914662873447,0.1401469974177105,0.1075515254425243,0.0,0.2219981534179307,0.043829075632394014,7.50604436264938e-05,0.00025277775347896724,0.17313618729532496,9.393647724099674e-06,0.021989839082386786,0.05868936248069005,0.07133850745815204,0.11064914763900878,0.0,0.003210774494355324,0.0,0.0,0.018099090596199834,0.0,0.0,0.0,0.00011865638020121103,0.0,0.0,0.0,0.00025238211604561886,0.0,0.0,0.0,0.0,0.01642925303516367,0.0,0.12086443068162357,0.0032850920002360667,0.0,0.0,0.0,0.1979292627818418,0.022241294114724187,0.0,0.0,0.018417752578658016,0.0,0.0,0.0,0.0,0.0,0.08016871824960567,0.0,0.00017909561042124658,0.15099314425607346,0.0,0.25801189925892914,0.0,0.0,0.0,0.0,0.09830961077415216,0.0,0.0,0.07368366866436357,0.0,0.0,0.21931905836103388,0.0,0.0,0.25164129134763424,0.0,0.0001461996996514459,0.0,0.0,0.0,0.0,0.03411851939133799,0.04223708983347409,0.0,0.0,0.006033989862064266,0.0,0.0,0.0,0.09878428729679845,0.3433956556447858,0.0,0.0,0.3164204177160908,0.19101906104285682,0.0,0.0,0.0,0.18947034461169435,0.0,0.0,0.09527080286195705,0.11694062532985287,0.03281714642597108,0.23137120441814377,0.0,0.060485927748890944,0.0,0.0,0.009814484424098139,0.03710380027652643,0.2095894046437761,0.0,0.0,0.0,0.0,0.0,0.0,0.0,0.0,0.0569946855180364,0.0015134366380416674,0.038152954032225066,0.0,0.08405209111652419,0.0,0.00012152191980590147,0.0,0.0,0.0,0.21867690936819867,0.002862209582031228,0.0,0.14458612604197318
2024,4,Estructura de Balance,1.7766548754289664,1.677739866191852,1.480864266464812,1.425708488231437,2.083376741414649,0.0,1.327616412520571,0.0,1.3148072879137136,1.345188909855829,0.0,2.18949266218019,0.0,0.9274670184565437,2.4071845479011245,6.132656825446748,0.0,0.981769865852054,1.0208074202823898,3.313826389210516,0.0,1.6980462258544375,0.0,1.4977857190587989,1.1443680420874363,0.953254696936983,1.032709367445753,1.4442505254680176,1.5777444193522885,1.0432873859019234,2.8067437602207015,1.4281940928575578,0.0,1.8044748501393528,1.3889041667036948,1.1697805608087806,1.184699012283665,1.3544819153513827,2.5375018087531713,1.173878614460803,1.3683224738342852,0.0,7.10213086407445,1.4210154795202141,2.273903464482464,1.734391549782185,0.0,1.5437111033193531,1.2697080977116202,1.175766982236136,1.140952614529058,1.3096805078711968,1.3506388400709297,1.678397681225453,2.0915887504568262,1.264276437759452,1.363372286663508,1.018332597583769,1.1448472060847876,1.7376789640400605,1.0605156166233944,0.0,1.2112323217741754,0.0,0.0,1.064558816394343,1.2476189546240049,1.175964980839084,6.6803711260394625,1.4418292608972167,1.3342514507613326,0.0,1.1303152102974323,1.6656739610151952,1.6690533451380967,0.0,1.4855971766245109,3.665336828760929,1.65954661415242,0.0,1.5582820158435005,2.0396561570660143,0.0,2.5228858747159166,3.08149864925002,1.2818878643772047,1.994354511770187,1.3363261879488526,0.0,2.2442549717307307,0.0,4.197601294536381,2.237071829782114,1.650730860856819,0.0,2.182976886293461,0.0,2.060788784268887,1.3558696687688196,1.8246718207658914,2.121072890403839,1.5189693800973905,0.0,1.4947830270089235,0.0,1.2071466698226583,1.6778254262862604,0.0,1.367552178019074,1.6133104735508128,1.4485504465767904,1.3218504442077306,4.332724403938,0.0,0.9582679618678847,1.6458515305195038,1.258586091894286,0.0,1.3734906343932662,1.0999200643535119,0.0,1.2159578267676916,1.2281339092476398,1.521899773215381,1.3288603247413155,1.3343270851584452,0.0,1.5021931713584753,4.17762828418454,1.3413218239217755,1.2868861758066201,3.223701437438093,0.0,1.4085427367871972,2.231085743423338,4.147526669100642,0.0,2.9163736568702023,1.269589161813771,5.887537662196776,1.58000914055365,1.3939080877847168,2.3213800889418903,1.2178837066157762,1.037729798207446,1.2459858414039426,1.250438134184924,1.9901215012144517,0.0,1.0961517943038641,1.6773805019297328,1.9121305220462015,1.191114588994415,3.490956335485057,3.0694642531268874,1.4440581156080747,1.5329650053088077,0.0,1.1807236950087312,0.0,1.4072468499134814,1.2851319385727236,1.2880748517614382,2.1035732265634253,1.9875769464831552,0.0,2.5693480779125846,0.0,0.0,2.812095377947369,1.6457764766468996,0.96078559074635,1.8457110994179253,1.77939272485182
2024,4,Indicador de Margen Financiero de Operación,0.7185517052098834,0.720157132013495,0.5250812116914119,0.4366801628670992,0.7576135475167375,0.0,0.46880230631759845,0.0,0.4225913503541936,0.6625436066789023,0.0,0.7906864174190384,0.0,0.5509688735343503,0.8195211225578783,0.9258084716884685,0.0,0.29164214977945946,0.5528590710738266,0.925265706202925,0.0,0.8577995483627139,0.0,0.5452240602671232,0.6620713481734812,0.4128706287906988,0.546582242058928,0.6313088654907366,0.6796518318316643,0.4666422459840087,0.8933271198223549,0.6241911413890116,0.0,0.6645477777920972,0.4505775227374194,0.551993050521656,0.634154722967269,0.5436681104839685,0.7660404370191324,0.7109970158182221,0.7724875829238628,0.0,0.9671172213338614,0.5482717009859489,0.623894757806938,0.4984313787043958,0.0,0.5343274968561669,0.7114812886949884,0.5437466423016649,0.5871276565121489,0.6683594108705946,0.683073217911053,0.784949332387695,0.6946562962105902,0.651358053368518,0.5428258034586305,0.5176594251424111,0.5965427406086343,0.8524997638713311,0.7250688979974425,0.0,0.65801551309848,0.0,0.0,0.6332327864061933,0.605762046784239,0.38874106969344363,0.8784838714843157,0.5768287957522091,0.6530522013048882,0.0,0.8042558902963346,0.6987751488921172,0.3804100495225485,0.0,0.601159748707278,0.7918549547233884,0.5788238497802692,0.0,0.5785826202654099,0.664559996010628,0.0,0.7528542362714955,0.6110043726121412,0.6449730342619521,0.8440276027697873,0.4888281382566464,0.0,0.7452276907397885,0.0,0.8955866889088185,0.6290943082198572,0.6863019582212176,0.0,0.7997805066717509,0.0,0.833516998154374,0.58481350618171,0.6882409245417689,0.8556005335187371,0.6479449028447164,0.0,0.48049011359975,0.0,0.5916127008888151,0.8897826756425335,0.0,0.7066405081152703,0.6908185104946107,0.8022243216546536,0.47016791080068127,0.9266903060433996,0.0,0.5247127404685732,0.8945415349740599,0.33492678899992984,0.0,0.8000427134461604,0.6712982309649492,0.0,0.6465424166490243,0.7685794017933587,0.8262774571003229,0.5129983575441507,0.5037726635776401,0.0,0.789276977657079,0.7638766354762485,0.439162712372665,0.5249252260191007,0.9190972753922755,0.0,0.4721470006191604,0.7172866925951212,0.8450766268159318,0.0,0.799214988903354,0.8234163907745491,0.9130855475709387,0.789915555812993,0.5895637009336624,0.7057765615551544,0.5869987569594094,0.4261214122414621,0.3692003666197631,0.5883483983440696,0.7225823929420284,0.0,0.611059718656702,0.7861456682848478,0.6893054712986605,0.48953301937736066,0.9259263187341162,0.8107599056593765,0.7766606907843789,0.766588787544316,0.0,0.6137436538650847,0.0,0.6362176249831906,0.4089359784695575,0.5375467342124356,0.8363765071963492,0.847052439792487,0.0,0.6670296619533396,0.0,0.0,0.829419690943925,0.659870802693207,0.8762316263293738,0.7872954240689135,0.3628888569611554
2024,4,Indicador de Margen Operacional,0.047999879735240406,-0.0976585558272764,-0.1490511609654154,0.05982912487934515,0.16390184402573033,0.0,-0.21909842677446134,0.0,-0.03374957062807718,0.06083038103758192,0.0,-0.17320814781181115,0.0,-0.13217800439380248,0.13926635357213252,0.15234957769636137,0.0,-0.10878531101224884,-0.2003878073644643,-0.23166772208388947,0.0,0.033434389099786285,0.0,0.22307482501818715,0.01462437374118189,-0.044198052223157265,-0.06112997701236038,0.0394670127508841,0.06257532844237236,0.12709991034779106,0.3906359536439199,0.22903672531117125,0.0,0.07434441724351437,-0.0329565350616773,-0.011977635601330862,0.0204479372981229,-0.07381827789317925,-0.026520515335347324,-0.05776228396679589,0.2314182579197052,0.0,0.36610269978268417,-0.08884663757202019,0.04222607316838106,0.00275935879510484,0.0,-0.0009716547355691041,0.24715472098096097,-0.027714962696494025,0.11414920346399708,0.010307282328224225,0.15165068433858644,0.14090522822163704,0.027638203160125135,0.010721490007611172,-0.00825360084875351,-0.022826035392022076,0.08900940984895749,0.12844762055425785,0.005650648512588727,0.0,-0.15076205621599287,0.0,0.0,-0.16591429475637506,0.025901264261681958,-0.02873498760751443,0.17455956567986727,-0.178418457327188,0.12391073299517781,0.0,0.07017257276260208,-0.06968806122644844,-0.07490432473110949,0.0,0.01869914088380396,0.3647272521825085,0.04156287018928263,0.0,-0.2580109790943292,-0.14734849393517857,0.0,-0.03203158181406865,0.28040708581940976,0.12227048957383362,0.20189061929130314,-0.04670285707420297,0.0,0.06728100233897917,0.0,0.32890845815495284,0.0448754828875331,0.027764456159053374,0.0,-0.25157668163305624,0.0,0.1143177223831894,0.026557242364550936,0.2749154519420957,0.1789558961649761,0.20337339695364368,0.0,0.038467995477828656,0.0,0.2040747754794913,0.03950457945212026,0.0,0.08190483500042235,0.006589489810352858,0.020444951998979534,0.004647087540446211,0.09998183761084552,0.0,-0.08056589261438896,0.11965130869740115,-0.04071803208308093,0.0,0.17464153838223817,0.012684335519800931,0.0,-0.15644078059889077,0.017488712203600362,0.3351624569784778,0.1281951986727409,0.021352335738544607,0.0,0.3293432117941797,-0.23130581239710216,-0.04879954326332795,0.06200797986712331,0.04231960887917875,0.0,-0.00034200335138616063,-0.01191032363202618,-0.004086247846983783,0.0,-0.13396929815051692,0.04547088952236466,0.04448633540478317,0.22331236386214195,-0.2951609866097905,0.26756466339861257,-0.04557213373517149,-0.10523488438367168,-0.03866168247713996,-0.1090258355252456,0.22069844480077533,0.0,-0.027135533762497974,0.17142184358914908,0.004603018803039561,-0.6998658925131983,0.17812825780359176,0.19989516842629784,0.08415665366228943,0.056169577155775335,0.0,0.12732985204757138,0.0,0.025453158549644948,-0.21552883857625468,-0.009388270615074431,0.05306774077500718,0.0784636005549004,0.0,-0.19847786082230914,0.0,0.0,0.07196331784176693,0.16226008111515633,0.22377179512811732,0.19587397677743343,-0.6721469760675499
2024,4,Indicador de relación entre las obligaciones financieras y el pasivo total,0.04302067544119252,0.06693146534725877,0.13973975131636185,0.024445811733916314,0.0,0.0,0.0,0.0,0.0,0.004902303063460314,0.0,0.0,0.0,0.009858209275061758,0.0,0.0,0.0,0.1421492308019315,0.20914737516475693,0.01953587392387481,0.0,0.0,0.0,0.0,0.008169754356868892,0.11883901884863804,0.0013596338099659438,0.04271957526324852,4.003097211885754e-06,1.891379314192684e-05,0.0,0.0,0.0,0.0,0.0054464587339916,0.0,0.06614025449242988,0.0,0.003159254313082295,0.019366950314117864,0.0,0.0,0.0,0.007105712578686514,0.4017951186686169,0.0,0.0,0.1233964972234978,0.13348015189832896,0.12358441714623263,6.96094336532736e-05,0.21010393193251442,0.04151422019975992,0.00012126277817508462,2.8992955282500303e-05,0.1733968106305647,9.993246554696043e-06,0.022685375108947522,0.05471455052668051,0.0573695460148422,0.10955870376673375,0.0,0.005373837000012931,0.0,0.0,0.009258379764442892,0.0,0.0,0.0,0.0003016910616246366,0.0,0.0,0.0,0.00022208739483617332,0.0,0.0,0.0,0.0,0.015108168926242513,0.0,0.11714493814137887,0.004664412838927275,0.0,0.0,0.0,0.18983005476467044,0.021788426868233634,0.0,0.0,0.010569129214603068,0.0,0.0,0.0,0.0,0.0,0.04892467895059423,0.0,9.51238098799985e-06,0.14159120444686168,0.0,0.24836587525131013,0.0,0.0,0.0,0.0,0.0932831423789793,0.0,0.0,0.0904145461184709,0.0,0.0,0.2094239738391671,0.0,0.0,0.23605652094047472,0.0,0.0,0.0,0.0,0.0,0.0,0.03092510587828184,0.041048383476614936,0.0,0.0,0.0019331091868847422,0.0,0.0,0.0,0.08702796655447022,0.370922611698247,0.0,0.0,0.31059878826390785,0.17930297422458114,0.0,0.0,0.0,0.20533914356924945,0.0,0.0,0.11755850766631144,0.11155875312972069,0.018316070432432635,0.23737447039074724,0.0,0.03681268089632287,0.0,0.0,0.008881268720997045,0.03444906274955584,0.190118774601496,0.0,3.177253959145067e-05,1.6911190425366716e-05,0.0,0.0,0.0,0.0,0.0,0.05528972051224707,0.0,0.03694095758781407,0.0,0.07926940572972883,0.0,0.0,0.0,0.0,0.0,0.23791847482546005,0.003953899260196331,0.0,0.14113259120242996
2024,5,Estructura de Balance,1.8117708420962548,1.6668764510098804,1.4928788535803874,1.4107565392031678,2.071530432903142,0.0,1.3294942158197378,0.0,1.2852371240957121,1.334642587625628,0.0,2.1406096926440856,0.0,0.9294154826817185,2.3836687334622466,5.992496546656901,0.0,0.9533249856971271,0.9993195647494428,3.4374826511204866,0.0,1.687495119272915,0.0,1.4970700027911783,1.1291371579941638,0.9473736493300333,1.1512022781104194,1.480315115491068,1.5799623069853173,1.0009834051379738,2.7574512291532787,1.4416836136907718,0.0,1.8007096683210935,1.385233272171026,1.1556005771128122,1.1819770121499897,1.3667728747068895,2.4864242199037108,1.1883488351023264,1.36236173388005,0.0,6.8472923498914255,1.429326120441051,2.389126393338262,1.7823276809199033,0.0,1.5701602646717496,1.2484826425005344,1.1777376896738545,1.121345109709212,1.2794529021822947,1.3419454341054917,1.7089512235177327,2.107933335678843,1.2460255528279698,1.382366840413629,1.0170932023648225,1.144879363360459,1.7880916652754502,1.030467204244488,0.0,1.157833713935289,0.0,0.0,1.0340600538469902,1.2651400869355305,0.0,6.37098918140448,1.418899064067224,1.3596068264385737,0.0,1.122074832355643,1.6421380937305299,1.6866590542442756,0.0,1.4388665373128764,3.633775636474993,1.662927723237678,0.0,1.5476827043548387,2.04437842286497,0.0,2.5113128757303005,3.000768676584387,1.2484166059165,1.9698404725776648,1.329621920116757,0.0,2.291672108801652,0.0,4.214790066966771,2.244933391614208,1.6124886830688543,0.0,2.269794706238945,0.0,2.096064505714247,1.3493429590711945,1.8341737157585398,1.9435705724891492,1.5468284419249094,0.0,1.4950393872916834,0.0,1.378492935155863,1.6559090217902381,0.0,1.3354726603307037,1.5937044719120264,1.4433533611706713,1.3199354922880706,4.2631567489129685,0.0,0.9365637712866861,1.6196896290246932,1.2444737494543163,0.0,1.4168651041737825,1.0821728897330145,0.0,1.2250731715666765,1.2162455413720736,1.5168255317233035,1.3245594466114086,1.3197404154446066,0.0,1.5321342486657665,3.8793706749736767,1.2859392396314357,1.281402149344659,3.0376754172248894,0.0,1.402028631993395,2.2223133474629972,3.9844851206472107,0.0,2.7954031033614246,1.1718306510945822,6.124938802887681,1.5293592360604926,1.366146401153981,2.3615833621628832,1.21472037119724,1.0415439074435413,1.2423881404194845,1.2658882363452022,1.9975949535357236,0.0,1.0959094497003665,1.6693404451422122,1.9867808902265351,1.1759026085156954,3.4235238951311473,3.163266933289713,1.4061346175727008,1.531566680773334,0.0,1.1855434540875303,0.0,1.4552104164366615,1.2786640569945689,1.2826781083204863,2.1976795766219803,2.0163012435370087,0.0,2.3874483919106577,0.0,0.0,2.7685847262477,1.6376985864849005,0.8684843084087055,1.7050069921688529,1.7997728102288608
2024,5,Indicador de Margen Financiero de Operación,0.723492554813403,0.7257747211124868,0.528535178012831,0.4393740387183137,0.7608352801522312,0.0,0.48061193653800227,0.0,0.4258630485027385,0.6667796945962781,0.0,0.7842959801897589,0.0,0.5466769080162799,0.8219746049856402,0.9263579286034086,0.0,0.2974868923241495,0.5586196108860987,0.925164755764924,0.0,0.8574555956902989,0.0,0.5504662930662572,0.6646078237519192,0.4180473321581941,0.549216300315309,0.6293670806220444,0.6744451458837764,0.47085031367861274,0.8932292573536553,0.6245359595515825,0.0,0.6675882975244284,0.4591219266911278,0.5543215322711542,0.6357954516782632,0.5455433856615246,0.7632392151542284,0.7131587207544718,0.7714868092412793,0.0,0.9672318838791015,0.559965263963043,0.6292665875796922,0.514500525612691,0.0,0.5366344123021135,0.708535781657672,0.5452837181018582,0.5865516088938711,0.6673693266716085,0.6798620895153248,0.7808935626620775,0.6958401092045272,0.6501557954875934,0.5448740533595546,0.5173752886522041,0.5966038232952927,0.8551226563848393,0.7267732667864379,0.0,0.6559796486911523,0.0,0.0,0.6303598705454857,0.6136547163050129,0.0,0.8779916366452485,0.5805464426516219,0.6768153024985999,0.0,0.8052420557596924,0.6983723622673164,0.38763925560378387,0.0,0.6062793753340047,0.7907962811438325,0.5811155035749203,0.0,0.5772456219145113,0.6717118269550891,0.0,0.7541918558959099,0.6117892841172534,0.6434174934889719,0.8475399498504191,0.4896785839170805,0.0,0.8197478747833173,0.0,0.8976843017271476,0.6246555068277596,0.6831620500872065,0.0,0.8064043018348989,0.0,0.832047079608717,0.5910247398194942,0.686812170959085,0.8484177798806928,0.6509523570988781,0.0,0.4711316593047611,0.0,0.5799089685624639,0.8802675676172569,0.0,0.7061647051564653,0.6888408915612942,0.8047819819003273,0.47017465245205137,0.9261845611524986,0.0,0.5313134592119636,0.8918430186957104,0.34338610598761676,0.0,0.8039763694211999,0.6723210313815037,0.0,0.6478392192645209,0.7668367162977742,0.826754184267116,0.5129416241786993,0.4990783203810597,0.0,0.790832418861899,0.7657015744808534,0.4472912819384705,0.5202968975381169,0.9203913292724274,0.0,0.47273080042043003,0.7200875394279825,0.8445065129641742,0.0,0.8035973522807011,0.817427763474715,0.9123213931833819,0.7913971773450587,0.5876744069010853,0.7130938305185919,0.5912873810024766,0.4469605591016844,0.3728576786402391,0.588622205237743,0.7226314816897821,0.0,0.6153071647256254,0.7845352139196635,0.6792836830961562,0.49096004685639116,0.92670175422547,0.8114885079383513,0.7777376196949629,0.7666761126994925,0.0,0.6329469196371539,0.0,0.6408639041877687,0.4107523480675582,0.5468982696012896,0.8371172872157684,0.8482773690133968,0.0,0.6571127761351826,0.0,0.0,0.8259518297960813,0.6539982549737322,0.8746952221819325,0.7860573646947178,0.37117639306951367
2024,5,Indicador de Margen Operacional,0.06605178619405341,-0.0786001694070838,-0.12299142468546544,0.05518005516269923,0.17724512102575143,0.0,-0.1365824422399711,0.0,-0.034608121862710756,0.12482739989930615,0.0,-0.3561756419695425,0.0,-0.16377297247110664,0.17421338948874476,0.17384960311649983,0.0,-0.1147586573410423,-0.18294946158447978,-0.20485361061430166,0.0,0.06057428083896102,0.0,0.2889081850984376,0.021356076106726917,-0.035699665017413,-0.053576303039219605,0.060330023826524665,0.07269117200414199,0.12433154344908032,0.3918693203799171,0.19576252673242087,0.0,0.08049417860690025,-0.003101509240987123,0.016172921379732214,0.020363748561783086,-0.0950590873971357,-0.037517220398421,-0.051964272759855705,0.22988792180967751,0.0,0.36924315951177955,-0.027131766299109964,0.07917585541780953,0.02103104581333415,0.0,-0.011458054567666298,0.24421153565682777,-0.031356010052071795,0.16770194583912237,-0.003267437619937138,0.17295953146578286,0.12065367030305864,0.02746113731126544,0.02244438364489274,-0.003388670741585006,-0.03999646761891815,0.07768613905861817,0.0927976019784205,0.017266750993141032,0.0,-0.15733658771774017,0.0,0.0,-0.13320799574064085,0.020079104607158067,0.0,0.16918825329702797,-0.13784697446125097,0.23634690224727178,0.0,0.06222333331044638,-0.073251116777575,-0.04998382374521719,0.0,0.054201840854952874,0.37743309607095943,0.04093612524950815,0.0,-0.21803479079194643,-0.12570510167437812,0.0,-0.03581010828373932,0.24921162820133774,0.0773000149243572,0.2130846334597942,0.0313080514845027,0.0,0.11656017030353849,0.0,0.35582816470655637,0.08126886477347822,0.004570758168838249,0.0,-0.23157055234746163,0.0,0.09422692468534735,0.04160942789309272,0.2507670600273261,0.19099801662907476,0.19388214971409634,0.0,0.024928243432531274,0.0,0.13291331445277138,0.021068627838477388,0.0,0.06920999606169032,0.01510274416933898,0.011014377501585567,-0.021005278422868087,0.14926083690202938,0.0,-0.07369942906238448,0.10439699137180365,-0.053265864669239056,0.0,0.22485250726599254,0.02273369690062376,0.0,-0.19214535066844,0.016298710846832914,0.34526549805798384,0.13870020915460715,0.013982232324692367,0.0,0.3191301501117209,-0.1664531446685421,-0.028582652046999304,0.12808754217819962,0.08293387065720863,0.0,0.00018375774501310491,0.0346440999469447,0.015413531849575784,0.0,-0.09306370787917488,0.007854928758052515,0.17227309015184983,0.23416815738342883,-0.2681992577389722,0.2726099070147449,-0.003264319113698498,-0.05260394072120465,-0.03312000722134692,-0.11572374947560655,0.22754842407287051,0.0,-0.030782010049468414,0.16174129033425585,-0.028908955420266343,-0.6331133886529676,0.18829194429774532,0.20461567606744768,0.062232969134335236,0.07377970280664504,0.0,0.17116961004516743,0.0,0.046193846136222114,-0.1724947087722083,-0.007147516605579663,0.06870534446694128,0.1081791230042833,0.0,-0.22472874583087207,0.0,0.0,0.09510527590308673,0.15547484376375487,0.20659978017478023,0.07471500894080164,-0.6810541354621366
2024,5,Indicador de relación entre las obligaciones financieras y el pasivo total,0.04053504578671472,0.1021023290870031,0.13885091325020824,0.05302756436543775,0.0,0.0,0.0,0.0,0.0,0.022541334832028165,0.0,0.0,0.0,0.009411281424440148,0.0,0.0,0.0,0.1374456387694431,0.20265291653235967,0.014415573826839634,0.0,0.0,0.0,0.0,0.007201738254393134,0.10506207797547952,0.0037993259769744194,0.039052745256917064,5.850635516600881e-06,2.9410541722068277e-05,0.0,0.0,0.0,0.0002745934819816514,0.00531337816918067,0.0,0.06594727883953591,0.0,0.0,0.020423745589231983,0.0,0.0,0.0,0.0026705161063722625,0.3927284355678287,0.0,0.0,0.10378806645594693,0.128243437007149,0.1185637679368575,0.0,0.20152574675885057,0.03861038455913239,5.861984120728357e-05,0.00013478716989013149,0.17518790457448716,5.663428645634439e-06,0.02423624190638383,0.04765518192094167,0.055271754020833314,0.10504602525271596,0.0,0.007034842130449211,0.0,0.0,0.0086089486469803,0.0,0.0,0.0,0.00026428927909278406,0.0,0.0,0.0,0.000213172949241276,9.294180335386922e-05,0.0,0.0,0.0,0.0026310420684220325,0.0,0.11709342874875935,0.0032580470150650014,0.0,0.0,0.0,0.1750951436400302,0.02043664582863106,0.0,0.0,0.0,0.0,0.0,0.0,0.0,0.0,0.0,0.0,6.624911211726194e-05,0.07262342902658445,0.0,0.19791068494261532,0.0,0.0,0.0,0.0,0.09222078622559919,0.0,0.0,0.1001317496092752,0.0,0.0,0.1890472836019607,0.0,0.0,0.2318461029933028,0.0,0.0,0.0,0.0,0.0,0.0,0.02933728621493317,0.04043924821170387,0.0,0.0,0.007669454073024742,0.0,0.0,0.0,0.08791978955044763,0.3633177835832058,0.0,0.0,0.30583362889907684,0.17052740762450114,0.0,0.0,0.0,0.2315477651003696,0.0,0.0,0.1094320917267738,0.10770707890861898,0.0006985740078999925,0.2371520794375712,0.0,0.018074569880587626,0.0,0.0,0.008007853872583851,0.03178094040564582,0.18944077440073892,0.0,0.0,0.0,0.0,0.0,0.0,0.0,0.0,0.053233804401937444,0.0,0.04502940789005524,0.0,0.07508544578812971,0.0,0.0,0.0,0.0,0.0,0.21788249501528026,0.0029329510135177672,0.0,0.13669814978391057
2024,6,Estructura de Balance,1.797056076641602,1.6307878037246817,1.4471647203736024,1.4036851769792573,2.0281179320319143,2.095190823718106,1.3284793024314356,1.6565004417852547,1.2669514202186098,1.3378732645268427,0.0,0.0,0.0,0.9531743516336798,2.343227586394657,5.916573756280894,0.0,0.9588883622649906,0.9877617472704354,3.34177885498744,1.3519089595473057,1.6401554431046452,0.0,1.4909347963554525,1.1185236150155828,0.9498847647548865,1.0577584817151378,1.4303060800081373,1.5614684226148094,1.0108764403004693,2.6545561703794722,0.0,1.608235664757771,1.8191033238066698,1.3789651170735628,0.0,1.1686257779914986,1.3667466673617374,2.412013766812635,1.1466593588657927,1.3418541046153003,1.3630197169482496,6.865806839287834,1.396983009148211,2.2551907585155946,1.7599852266672278,1.3996618831611367,1.569520647043273,1.1989932695311538,1.1722020084795814,1.1130555161086266,1.273377435394848,1.3572403346583064,0.0,0.0,1.2380662723608584,1.3861483262648162,1.015631250882042,1.141799931059949,1.8074343206079282,0.990947824621442,1.4536494409017726,1.1433704100561688,2.28902736003888,0.0,1.0276576325017104,1.2790620671120931,1.1785235273871673,6.496855758616236,1.3859025590529914,1.3427093220525306,1.1212109757994688,0.9999598479075119,1.613842756300617,1.671457700351019,0.0,1.4316259308849337,3.719649616164605,1.661508638437458,0.0,1.564388741072582,2.045689732866734,0.0,2.5101337019668404,2.9800249557693927,1.2432577119032253,1.9662114843001,1.2523544811667275,0.0,2.2808641478175606,0.0,4.26645449646164,2.230916352961819,1.5932991916222303,3.5820671861099256,2.1956746633206947,0.0,2.138311326887245,1.3258095164657993,1.7571221309499614,1.9296392019331237,1.5697114438145794,0.0,1.5048141140804931,0.0,1.3873055493866637,1.6151078318222223,0.0,1.3133550783492594,0.0,1.4417521447100352,1.2537831010750708,4.133502326655298,1.2992471467939688,0.902594911592185,1.6632111038351474,1.2224709356603287,0.0,1.421237813379275,1.043122000874195,0.0,1.2612208099037017,1.1950275618159678,1.4969159499626914,1.3300198853125658,1.410323130899401,0.0,1.468237724545225,3.5090675388538854,1.3394962304279607,1.3110198674841937,3.0108364564706074,0.0,1.443374198674179,2.157630623827198,3.586683388537514,0.0,2.662787011219633,1.1415347654353076,5.977058164356745,1.459921037620324,0.0,2.2404506288512405,1.1899020806283314,1.0126130473658774,1.2352708809556252,1.2770198783264692,2.0189936770414145,0.0,1.073503197685157,1.6813046184869762,2.058087573592592,1.1863237753208344,3.2787407585834036,3.0431218220808183,1.3604053313780342,0.0,1.9910125805144725,1.198701581452194,0.0,1.4741862800115604,1.2796894227631475,1.2953464075841583,2.2002730886370663,2.0203858325741333,0.0,2.4108340375572515,0.0,0.0,2.7217686839006507,1.58554860657518,0.8053483626106444,1.7003421839072512,1.839042538514369
2024,6,Indicador de Margen Financiero de Operación,0.72814604788833,0.7265038796309291,0.5376638218716214,0.44410657249017144,0.7618021696264581,0.7716339151303652,0.4893244402232797,0.8004214124849888,0.4302095137000012,0.6691527648299801,0.0,0.0,0.0,0.54286707581572,0.8248162486292524,0.9257564121826056,0.0,0.30556180948822453,0.560964388208329,0.9236768285793672,0.6994279115471852,0.8573816597991032,0.0,0.5530230532724928,0.6669553003130092,0.4242928311852511,0.5547937305518996,0.6286635746334288,0.6707835178045624,0.4750626193090617,0.8927114522586376,0.0,0.757473672265021,0.6720687331410936,0.4690052548976746,0.0,0.6401807346154413,0.5560889493715059,0.7628734983899543,0.7150522053524115,0.7723401890294521,0.5746768950123199,0.9669731827636854,0.5616543755928948,0.6379736204666816,0.5308150797968735,0.7363898534341664,0.5542312578012539,0.706721465786623,0.5477315298866821,0.585109223261807,0.6637458920375502,0.6627443927168037,0.0,0.0,0.6501428919981775,0.5466317820315877,0.5243705956091932,0.5977526313355724,0.8574455181469923,0.7353408554110749,0.5962950528499935,0.6580466861185545,0.7832561944557612,0.0,0.6292650070597124,0.6219982760077002,0.4025109912615211,0.8751928814666148,0.5843354032347867,0.6736718762356788,0.602998551343874,0.8060293111004577,0.7008485404366552,0.3912449314147086,0.0,0.607417553948318,0.7897740068163248,0.5875914699280474,0.0,0.5888857093040654,0.6762646482376878,0.0,0.7559017943107791,0.6119723284835499,0.6393209027362476,0.8483019692574258,0.493794781821923,0.0,0.8103616097756812,0.0,0.8996041280612534,0.6226424462018334,0.6810571256896326,0.8503906905571603,0.8126803202982161,0.0,0.8322058257324393,0.5969613788874512,0.686800939627327,0.8386847970150534,0.655063673964674,0.0,0.47281559007983937,0.0,0.587139284148248,0.8716869846634453,0.0,0.704281096783223,0.0,0.808207644673624,0.4768974343288593,0.9288555710258272,0.691316874707154,0.5365364480378818,0.8923725621016773,0.3503063979324248,0.0,0.8089362472006524,0.6740903524101396,0.0,0.6481837186202735,0.7688101734930413,0.8283380617383211,0.5135919162783392,0.5003697023168634,0.0,0.7921967220040291,0.7694040245695564,0.45748331728942204,0.5186173014394149,0.9210688359287831,0.0,0.4831801650948908,0.7225781839646724,0.8413220922720647,0.0,0.8063122391862573,0.8024331567227584,0.9154178325648173,0.7923160584995287,0.0,0.7200373547559084,0.5904495344446767,0.4438810611911354,0.37986935000418487,0.5894630867015013,0.7246019007935501,0.0,0.6186586430132941,0.7834142197470306,0.677250356670337,0.49644029155896197,0.9267045335734856,0.8138825268394172,0.7789743413823287,0.0,0.7004195167372398,0.6411168578651502,0.0,0.661594319875559,0.4076652454049109,0.5574867471594923,0.8396914984030033,0.8479084839755413,0.0,0.6505221401125507,0.0,0.0,0.8268630169124238,0.6617188654871015,0.868377574833366,0.7824354937772554,0.3817798501024397
2024,6,Indicador de Margen Operacional,0.08121725693707395,-0.06396346909199835,-0.1287855171276184,0.04692498235215751,0.1402836643148106,0.003646495343726142,-0.08630081429941382,0.1277252767454865,-0.06102104002440233,0.11238124351538532,0.0,0.0,0.0,-0.07038207552325594,0.17613894718667647,0.17037352093594177,0.0,-0.11003766503178744,-0.20614689251745924,-0.18610666123656924,0.04331054624492988,0.06918232755862422,0.0,0.26176112963273784,0.017940096219721948,-0.03191369664082047,-0.06473755381489439,-0.021354090701303216,0.0740134935753348,0.13770969103559486,0.39442072138116,0.0,0.27066527154541825,0.07791399589540589,0.004231367644369913,0.0,0.012620573992199745,-0.09630976289408334,-0.01554159408823394,-0.08091570908522216,0.22026964363253554,-0.0972579339345316,0.35216683978722585,-0.06994294771558024,0.018797802463881484,0.09377900522804938,0.21966595320185572,0.019614517383352514,0.2327355987706657,-0.03040374183633914,0.1675789474441911,-0.002820866995188861,0.14456887445625644,0.0,0.0,0.05379954197546746,-0.009491448124066746,-0.03998974241821333,0.07966456602349486,0.059558164825096294,0.08587288500823483,0.20519927112940717,-0.1910317084979034,-0.2348485927942192,0.0,-0.11973786450515914,0.022848184509950225,0.004062115468619273,0.13306096021854097,-0.19931153575312882,0.17430481037419135,0.08532571155079256,0.02204006038730698,-0.0831768904538886,-0.06285548998384978,0.0,0.008809492280314133,0.3245996153976879,0.033988320909486516,0.0,-0.17651985513701623,-0.18849058620722067,0.0,-0.06364217253838503,0.26006616330801513,0.07296176172708149,0.19301885275616318,0.09221074286074463,0.0,0.07053192932466086,0.0,0.35647157447086675,0.0729555878563565,0.005754372448581312,0.03666968358612463,-0.25838688017901107,0.0,0.08775524104474182,0.03212845397009282,0.25519943727940414,0.18803116573339715,0.22758586547779075,0.0,0.018718860932884548,0.0,0.0929643848352558,0.04933700070763503,0.0,0.08014696469327051,0.0,0.02028617341508729,0.009067623997644983,0.01902640493745948,0.11925462882673146,-0.06093776111217324,0.20978463564162667,-0.046156060749023224,0.0,0.1862588944722926,0.0261967803539406,0.0,-0.20700326044841585,0.02424431573355743,0.34523880396355794,0.14049490739376236,0.007853211034945497,0.0,0.273434324654042,-0.12024175151086695,0.01040567282406663,0.11386638548979132,0.023957698648261826,0.0,0.015417265207023882,-0.04066373817138317,-0.0006211154749811466,0.0,-0.02121465485646894,-0.018883280550480455,0.24195971640968728,0.22086638585897017,0.0,0.26967182242426313,-0.00940011863612953,-0.05775945418716684,-0.03245189765126433,-0.11747988518024897,0.19474088392989328,0.0,-0.027663273749015643,0.16575887129038488,-0.05097796648160448,-0.6075956040085488,0.13551541911365653,0.19334210159739756,0.03820358505082937,0.0,0.06520294613501879,0.17267976498626691,0.0,0.07200199246632642,-0.12881333192551048,-0.008581452796290032,0.043032179526762956,0.1118750880960531,0.0,-0.2611928064642988,0.0,0.0,0.08594863566370513,0.12173372325498506,0.19591192414362468,0.0681359579681906,-0.6722860226066768
2024,6,Indicador de relación entre las obligaciones financieras y el pasivo total,0.03706914617528404,0.11174154318625044,0.14396718441662879,0.04882460615426552,0.0,0.0,0.0,0.0,0.0,0.02258336277521275,0.0,0.0,0.0,0.009568941967893168,0.0,0.0,0.0,0.11841146159186533,0.19169212736681238,0.0093649613060027,0.04633386749370926,0.0,0.0,0.0,0.0074402033616449426,0.11888977347995762,0.0036010574019760396,0.033122659671395625,4.0108628120981095e-06,2.7017793412998352e-05,0.0,0.0,0.0,2.3822213980076947e-05,0.005145146743763074,0.0,0.06481958896782787,0.0,0.0,0.020218139899941475,0.0,0.001073371430433652,0.0,0.0,0.3869551384588188,0.0011342129903274395,0.11209505242493212,0.09719254194157807,0.12086794842220969,0.1298448486101035,0.0,0.19557171165545548,0.03574027829539098,0.0,0.0,0.16100346482259628,5.62937235352322e-06,0.02464611527049251,0.03699292767274243,0.05341710822742019,0.0990593473897821,0.0,0.007705443495942659,0.0,0.0,0.00838880044826876,0.0,0.0,0.0,7.831708968073247e-05,0.0,0.001345258219666786,0.0,0.00018288110160237937,0.0,0.0,0.0,0.0,1.53291562489801e-11,0.0,0.09928159481332118,0.003254116167294311,0.0,0.0,0.0,0.1656447485166249,0.018975433014864988,0.0,0.0,0.0,0.0,0.0,0.0,0.0,2.4111243122705246e-05,0.0,0.0,9.431832149876892e-06,0.02682920170507963,0.0,0.18317258638532963,0.0,0.0,0.0,0.0,0.0949064753181323,0.0,0.0,0.09480176248581662,0.0,0.0,0.18124015298371823,0.0,0.05255245519463091,0.2261423567930414,0.0,0.0,0.0,0.0,0.0,0.0,0.027670528428152263,0.039748902872532875,0.0,0.0,0.005435830661900122,0.0,0.0,0.0001477162044892112,0.08654981396063181,0.361553688406881,0.0,0.0,0.27405750179324945,0.1545647669613552,0.0,0.0,0.0,0.22121733451665138,0.0,0.0,0.0,0.12339282030664561,0.0006519487738791634,0.22575858874801066,0.0,0.013669714557387485,0.0,0.0,0.007099742305351326,0.028754481660008054,0.18776187954995216,0.0,0.0,0.0,0.0,0.0,0.0,0.0,0.0,0.050799223589507815,0.0,0.042963263673141495,0.0,0.07147645234532705,0.0,0.0,0.0,0.0,0.0,0.21194418133534323,0.004018983669664991,0.0,0.13258310458785846
2024,7,Estructura de Balance,1.7467912882710093,1.6628806093948565,1.451448691351077,1.4047850890003772,2.016625505444017,2.104330514621417,1.351365212701959,1.6568469246961093,1.281026887605649,1.3120275691829162,0.0,0.0,0.0,0.9640666484079262,2.371873261787395,5.9681970602740355,0.0,0.9736796602052403,0.9788908976101692,3.3202184719920185,1.3610303158040595,1.6008598789881192,0.0,1.490580411756748,1.1433189811460505,0.9412573378396555,1.1043629479741572,1.3848326933120632,1.5531433704415754,1.0449056558504424,2.6254406522354636,0.0,1.5955555386649365,1.806538378006019,1.3624871422498872,0.0,1.1661750224050726,1.411421082743298,2.6174286411114736,1.1360435886241045,1.3365734466468704,1.4258545177783217,6.808828774683111,1.3893680455146258,2.2716489155453594,1.89944456244355,1.386626221789238,1.58767216093612,1.1765896006553105,1.1665803570040991,1.115194379796911,1.2946768938648305,1.3122144039097023,0.0,0.0,1.2130291391271122,1.3887188019839627,1.0086211079648693,1.1456189423836316,1.7862442576467337,0.9816188662826456,1.4235483596025014,1.1203681645368841,2.270064798599127,0.0,1.0215857522426148,1.316876015347788,1.2153968607799466,6.471353602507065,1.4769894349211672,1.3483179063386697,1.1167879417582136,0.993242820442769,1.6206566328411207,1.6879554294744814,0.0,1.4063378303897356,3.641427933011631,1.675444696769595,0.0,1.623076240544299,2.120805746807692,0.0,2.4841038475618014,2.9805169954268123,1.2416510376962888,1.883645362109827,1.2853246642501457,0.0,2.204059420753461,0.0,4.254920186135023,2.199257979341633,1.597605626617527,3.5434064045066824,2.204173742691594,0.0,2.1379200740232975,1.3354606108457205,1.820859801833896,1.9403563487313948,1.5405965348576927,0.0,1.4930441570954478,0.0,1.3926877667266564,1.549037047874617,0.0,1.3205891987048373,0.0,1.4225415123675833,1.3209490966104498,4.237511711063305,1.2867683620310286,0.9226501638452652,1.624853230643789,1.2637345033559515,0.0,1.4304650802107006,1.0274499890031605,0.0,1.270845885655619,1.1630526037772273,1.5091533342148182,1.330889122328174,1.4089462486921398,0.0,1.4691170623668734,3.445134134544614,1.359262547017828,1.2836883949004012,2.8388550124409306,0.0,1.4444767936209502,2.2133631728645224,3.487423122132537,0.0,2.716525880577023,1.1942335148548089,5.876923548786499,1.396071663053621,0.0,2.229833254885978,1.187307954993662,0.995975949963768,1.221560042022854,1.2697696928483517,2.012291200935857,0.0,1.0657809273395742,1.6694370113002395,2.054442144952322,1.152294717935993,3.3540751678780256,3.1192809707754714,1.3541712799254195,0.0,1.8754725663903906,1.2083146345400169,0.0,1.4939649685996519,1.2671348170410344,1.294867294012077,2.2175770777172965,2.0377054546870967,0.0,2.3851895220940613,0.0,0.0,2.8035632908097146,1.610539356538391,0.7463758657779577,1.6536195918793437,1.8431287442815558
2024,7,Indicador de Margen Financiero de Operación,0.7334224537778428,0.7212223617063351,0.5416533155766111,0.4477479461622393,0.7588653571634,0.7701450357031393,0.4986491663194791,0.7978368591122443,0.4370176869379098,0.670537255720159,0.0,0.0,0.0,0.5428993092210009,0.8273381079787352,0.9272930808604792,0.0,0.3118114640642359,0.5591064922080314,0.9251499729970253,0.7009476274739089,0.8568283685673639,0.0,0.5560703004337421,0.6682006695114457,0.42450953509620337,0.5594322287641875,0.6267027888336895,0.6682476974374458,0.482549637413083,0.8912073806835881,0.0,0.7536622574563271,0.6744053443072634,0.47420952016380863,0.0,0.6451731825270695,0.5643589745799864,0.7619591207108601,0.7167975653282702,0.7727298176475262,0.575980756838087,0.9671388852206442,0.5680033147242523,0.6433172994696468,0.5445258874533682,0.7342192119903412,0.5790460801114271,0.7048431431822291,0.5484998575547132,0.5812959994479334,0.657200822493141,0.6639462721363842,0.0,0.0,0.6524594392819295,0.5480529886924359,0.5258207880257245,0.5994700038535037,0.8592212674387438,0.7359743637947809,0.5939362469975219,0.6586077535454997,0.7823594474482286,0.0,0.6298741972156591,0.6289270239219082,0.41149112844344626,0.8750924988019574,0.5886685439567564,0.6749671062454293,0.6019880966104767,0.8090815669526683,0.7017292201233127,0.3982628401194598,0.0,0.6084826501186071,0.7887355769468143,0.5928748265610081,0.0,0.5959739646128381,0.6841213360743315,0.0,0.7563941049210243,0.6119197746012772,0.6353872586034461,0.8478917715810822,0.49440378771032734,0.0,0.795399278625778,0.0,0.900971232360044,0.6239084115523991,0.680755319149903,0.8516648090004966,0.8178187289296325,0.0,0.8334149815803545,0.5995835259680138,0.6845967515955828,0.8349143033298453,0.6635531135467997,0.0,0.4746237156199199,0.0,0.5898279384912859,0.8622895325837087,0.0,0.7008585893313691,0.0,0.8096998611596181,0.47799907620082915,0.9281017853901405,0.6903712791959342,0.5434177025197441,0.8921643766785812,0.357666438792376,0.0,0.8128681305092911,0.6712187683906379,0.0,0.6548580794961456,0.770776950531484,0.8279729637733494,0.5115100502703857,0.5059597948390671,0.0,0.7923014767070746,0.7617045223158769,0.4638877050364084,0.5168171433677952,0.9170506983375231,0.0,0.48844075491356875,0.721166142681377,0.8409040922558708,0.0,0.8082923590854014,0.8120748064385895,0.9273388468779903,0.7923174203072325,0.0,0.7204195349307934,0.5886312313721188,0.4471503462405421,0.38502107402489755,0.593451456479069,0.7261310307905837,0.0,0.619719354008606,0.7822823915507046,0.6776802260711798,0.4957071757021392,0.9251930434153075,0.8145243875350969,0.781030940689657,0.0,0.7022186116200217,0.651212123498988,0.0,0.6657809403504292,0.40856130550514824,0.5645804691708836,0.8415849418398268,0.8491402666218749,0.0,0.6458358200267279,0.0,0.0,0.8261224895287603,0.6667095803285268,0.8650351422265692,0.7816730891094426,0.3879089914052317
2024,7,Indicador de Margen Operacional,0.07942509324056307,-0.04936382325965921,-0.11100629105770993,0.062905879679372,0.1578442514396223,-0.06820331079271397,-0.040870143016364074,0.12817817392727657,-0.045150517438033874,0.12172838393541419,0.0,0.0,0.0,-0.06497848229128238,0.2203435947309513,0.17555848104076094,0.0,-0.10347209779931618,-0.20923520813557012,-0.1797089803600555,0.045178556550038516,0.07404418718586679,0.0,0.25948361384121804,0.036898856651701686,-0.03141588984202852,-0.05779192862853015,0.0021189981480542936,0.07371964504964432,0.14333774158343365,0.3881569287085214,0.0,0.2756077143999095,0.08709242754903587,0.016218015520838572,0.0,0.024873799141743386,-0.09066148106904807,-0.0033493772565146157,-0.07229772408475413,0.2595348177922056,-0.09955767448009525,0.35034187773317826,-0.06716802619355793,0.045985241865318015,0.12513893143176277,0.231972350473984,0.04034559272974785,0.24285567230308705,-0.0337966363622881,0.13168883010657328,-0.0031612033517701946,0.1275179337334723,0.0,0.0,0.028355043435031948,-0.01824345166105241,-0.027229492820396304,0.08031028007208466,0.10652113196080144,0.07661041638892459,0.1951215737360062,-0.1741618418246789,-0.26354051922731475,0.0,-0.10011356911669737,0.022942858276421226,0.018728190690853058,0.18724094307195674,-0.17058426955734102,0.18119944059963522,0.07930965195706574,0.03968999548001676,-0.0755626751001754,-0.04006544897314553,0.0,0.06355529665937912,0.2835884388131146,0.06120410003535509,0.0,-0.15783241534759285,-0.1430011916670891,0.0,-0.05047451493186152,0.23831203410994173,0.07087525553200331,0.19999536587104752,0.0688509166504688,0.0,0.07981348137504309,0.0,0.36896717676491214,0.09129606461498713,0.015697995292346556,0.027019955698065725,-0.2523952844008822,0.0,0.09439111968583597,0.04529371509536948,0.23948391896153765,0.17949613982996562,0.23154775312933004,0.0,0.011318714709514158,0.0,0.09477207796144757,0.061920865984153604,0.0,0.11184400883466356,0.0,0.021925179384436624,0.024595231033137654,0.058962314829674387,0.12463305899839758,-0.056652613317106776,0.20917878857389155,-0.05338581456377001,0.0,0.22227194370652523,0.037854421612950905,0.0,-0.1544579782674679,0.05572435662437595,0.32759615284213234,0.13899553973881387,0.0031883988497040565,0.0,0.28719794118079517,-0.11154777940956437,0.01568144870938095,0.06675048290993825,0.05842971038098537,0.0,0.007541163352932647,-0.05173757767698844,-0.00900241676115017,0.0,-0.015587121345489468,-0.010570575303385203,0.2521135631432067,0.1999807324136572,0.0,0.2846396207543129,-0.009847149971871416,-0.04008218769464595,-0.031902369454194564,-0.11314852205511261,0.17418386617010723,0.0,-0.026172467591029123,0.15223943650423782,-0.05928041343606489,-0.6781618665651403,0.08944779705257731,0.17561811274607902,0.06461061802179327,0.0,0.06913065935655577,0.18771120334011723,0.0,0.10735364984677863,-0.12059354168866032,-0.006322224530922597,0.038566055948999256,0.11772696758138454,0.0,-0.2556521478282681,0.0,0.0,0.09474894868661615,0.13351615248488477,0.1993070044381406,0.06693410509393756,-0.6670060114967132
2024,7,Indicador de relación entre las obligaciones financieras y el pasivo total,0.0333117773690346,0.057651655351702746,0.13471462654285113,0.054752859069393076,0.0,0.0,0.0,0.0,0.0,0.024127805925965296,0.0,0.0,0.0,0.009333800543154065,0.0,0.0,0.0,0.11237872543449313,0.18729263708086455,0.004757841342061443,0.04785204619770388,0.0,0.0,0.0,0.0066540177199245635,0.1084084773329251,0.003397431094404699,0.02779857451420206,0.00010181273973268646,3.74654872599258e-05,0.0,0.0,0.0,0.00036108425872231415,0.004992641282010303,0.0,0.06442314738923473,0.0,0.0,0.019438581670924736,0.0,0.0010618544509734514,0.0,0.0,0.37755749358814455,1.909546085338249e-05,0.11290287803192167,0.08097973850058687,0.11652741872748873,0.12269187524398857,0.00011521241770752403,0.18463992181661573,0.03258584122015522,0.0,0.0,0.13551779756069207,5.637440883262354e-06,0.02530277752006931,0.018068835740884644,0.05089725073271239,0.0892487684079698,0.0,0.010059830463635802,0.0,0.0,0.008038305542043635,0.0,0.0,0.0,0.00010621149349396721,0.0,0.0011375956168929336,0.0,0.00016528797014504665,0.0,0.0,0.0,0.0,1.536425820647092e-11,0.0,0.08015237360241337,0.004216703033549787,0.0,0.0,0.0,0.15579214066775607,0.017364631497717862,0.0,0.0,0.0,0.0,0.0,0.0,0.0,5.622701729199024e-05,0.0,0.0,6.38924754992919e-05,0.019207904432178874,0.0,0.18266517830277057,0.0,0.0,0.0,0.0,0.09423186151220353,0.0,0.0,0.09208305173608894,0.0,0.0,0.15121349746164967,0.0,0.06018738566781534,0.1935763005745328,0.0,0.0,0.0,0.0,0.0,0.0,0.02572368579969443,0.039409476598281784,0.0,0.0,0.0038540084545649984,0.0,0.0,0.0,0.07704979667910423,0.35698356014381605,0.0,0.0,0.2728232106972841,0.1468045361427007,0.0,0.0,0.0,0.2164422091908778,0.0,0.0,0.0,0.12032645440382747,0.0005381189350843966,0.20046190344476286,0.0,0.004116418060280724,0.0,0.0,0.0025764311031956193,0.026270136699366592,0.18616463060602562,0.0,0.0,0.0,0.0,0.0,0.0,0.00027538988554584045,0.0,0.04900917088674234,0.0,0.036412704038768694,0.0,0.05215900139755106,0.0,0.0,0.0,0.0,0.0,0.21160190796604464,0.001771733485297865,0.0,0.12949854735562202
2024,8,Estructura de Balance,1.75599390953127,1.6664357194543704,1.4549954305116175,1.4090529548484358,2.052500112930823,2.1275280813699204,1.3416684825879481,1.6666470327057599,1.2115975970091835,1.3180521434150967,0.0,0.0,0.0,0.9581583055772437,2.33760713559622,5.8928486536688105,0.0,0.9627092058625122,0.9705691142603756,3.3575776565468423,1.3507239032449536,1.6091543713281349,0.0,1.4845314671014345,1.1482620175417635,0.9423953246994031,1.1866187588434916,1.3699153636296044,1.5333640638281376,1.03359648404614,2.6110430192147507,0.0,1.5611032668146525,1.807356121325101,1.3553657614909607,0.0,1.1655843357299946,1.413627279801776,2.630530333536881,1.1304365556690783,1.3463432955759602,1.334263059248785,6.895554950827285,1.4248495509029966,2.281079354121366,1.836384302923601,1.40303101151623,1.5786690380831887,1.1440059987673532,1.1651185460825715,1.1206699937889169,1.3282563787225992,1.3196294750940842,0.0,0.0,1.160259850988984,1.4022533679307165,1.0003176049050235,1.1410846588240664,1.7841322553527343,0.9633086508527777,1.4294682295987469,1.1463640111528377,2.1829228310002864,0.0,0.9979558990984249,1.323332405842008,1.2117185706410785,6.0249253557388895,1.431019482051632,1.3941624249486235,1.1123819455043602,0.9561033494802732,1.6128050517186172,1.6726035214130717,0.0,1.42638815922563,3.6190167585450883,1.6763564040146117,0.0,1.6053082645259031,2.138880698125918,0.0,2.49367500149965,2.9862554386755638,1.2083412561831053,1.9120543752526142,1.2916445704443615,0.0,2.093846087809584,0.0,4.262256316552665,2.1810900742301182,1.6342426993476187,3.6908278918792856,2.1055276377852197,0.0,2.16985187874267,1.3589469697866485,1.8334315508350059,1.9962304651149423,1.551419207540114,0.0,1.5038506764637916,0.0,1.3250828743563898,1.4034936247281955,0.0,1.351194971715042,0.0,1.4667333245840966,1.3395928906886627,4.185093125502996,1.266554978793667,0.9303552425349958,1.6602434515108626,1.2171125637679567,0.0,1.3612371112702875,1.0603703991303568,0.0,1.2712175508071595,1.156880475399481,1.5166677644353737,1.3220563626866026,1.4209306059389772,0.0,1.524017710826517,4.07660375586926,1.3731532114718144,1.2895466191656502,2.8363366399292214,0.0,1.4385781366280177,2.2770865578953674,3.624701084477999,0.0,2.9495443856902757,1.1648100026521133,5.7615058451936685,1.4529265857282474,0.0,2.249768342131721,1.1769458844530363,1.028822457919102,1.2150516642415694,1.2676649693058044,2.0034768291527913,0.0,1.0661812878745847,1.6532994501256417,2.085547994910168,1.1657588615576333,3.35866555101281,3.104754663381773,1.3373918791896569,0.0,1.8972810673100764,1.211909609939112,0.0,1.4776740592148718,1.2578547372560622,1.299590875078812,2.2888121143350966,2.076829737585486,0.0,2.4996899769315,0.0,0.0,2.8116202263647794,1.5966538456612054,0.6864793687406346,1.5854091839976097,1.9019065943005602
2024,8,Indicador de Margen Financiero de Operación,0.7386767229785118,0.7200197359274261,0.5449365954923683,0.45191258906572457,0.7607750100418595,0.7724451220295263,0.5059065062814093,0.796155954171711,0.4409052734001412,0.6717023445195928,0.0,0.0,0.0,0.54352853630007,0.8284648092550948,0.928244834944479,0.0,0.3210815486615464,0.5608770188979005,0.9276083001662144,0.7027315245509667,0.8561031379922318,0.0,0.5577776185866526,0.6701368632041035,0.4256970824476219,0.5637719874361833,0.6235320491130146,0.6680337382093976,0.4888281024156439,0.890318157874324,0.0,0.752440032430273,0.6783765179071772,0.4804692951224179,0.0,0.6507968106815373,0.5727223742340404,0.758722315769906,0.7183578180023467,0.7738154008968763,0.5753993530267019,0.9668164694711374,0.5731979529139727,0.6485887944122856,0.5564283835877082,0.7304756505529174,0.5878776349591329,0.7027090480506681,0.5518202365945005,0.5757844942455976,0.6837213451366728,0.6635269502537852,0.0,0.0,0.6567906597810572,0.5477290460206092,0.5285316436998898,0.5986522680051934,0.8600166307194308,0.7399860085163233,0.5926744100854571,0.6593320959884549,0.7802720790779699,0.0,0.6301569617109294,0.6337793779413731,0.41901530789417013,0.874925250119302,0.593015368122353,0.67366378061319,0.6014513622600758,0.8107221735526944,0.7047482873868846,0.40269680337683544,0.0,0.607657199800462,0.788518982732216,0.597117244665349,0.0,0.5980027164877328,0.6929429587272924,0.0,0.7576107376479079,0.6142987945445586,0.632582894763344,0.8480774279836708,0.4942769010621579,0.0,0.7901514449044046,0.0,0.9023035527278361,0.624859909581763,0.6821026625567228,0.8518008534426588,0.8219732789683537,0.0,0.8345524001524806,0.6032866529837393,0.6841326606231101,0.8296181518109935,0.6659210418477838,0.0,0.4741023278602206,0.0,0.5922903535044456,0.8553629596701018,0.0,0.6998658317439035,0.0,0.8103233060835167,0.48214749737110363,0.9272366961468744,0.6906422226709585,0.5507448241094888,0.891703043693355,0.36289936725235417,0.0,0.8141565867860536,0.6687975988029092,0.0,0.656050559269063,0.7717457386368195,0.8281166238162685,0.5133922900754725,0.514548142669436,0.0,0.7914407155073285,0.7636283765549715,0.47278566563466345,0.5166727538389113,0.9153801141927245,0.0,0.5021050268766365,0.7227573758234329,0.8418336498331737,0.0,0.8085044383464391,0.8092703823165925,0.9149490592157683,0.7806424440443371,0.0,0.720770834410435,0.5893999610357871,0.44836567930797183,0.39065356602551765,0.5985273916351951,0.7288755081866887,0.0,0.6213050582073156,0.7815687012327266,0.6790011087650027,0.4954718395994592,0.9257908537326449,0.81499393486568,0.7845953870529926,0.0,0.7036847624137259,0.655337538850504,0.0,0.6687518704129165,0.4106363967278877,0.5713873989905167,0.8434172250724769,0.8502453363085288,0.0,0.6421567690808404,0.0,0.0,0.8274210873762176,0.6670915353198332,0.8678240045764171,0.7745228644986505,0.39821350137215555
2024,8,Indicador de Margen Operacional,0.07743045626361338,-0.040014501477527074,-0.10489173463457517,0.07614792831267019,0.16302977111793845,-0.07845726563238196,-0.034507824710872825,0.12088975327038633,-0.06899327448182822,0.13404587245934577,0.0,0.0,0.0,-0.06663427919012507,0.24007908088766408,0.1790884662961951,0.0,-0.09940679618235226,-0.20423669384328558,-0.19148633397684905,0.03913591103441633,0.056832804688375975,0.0,0.26242692765016107,0.03284518706164828,-0.030489115140211014,-0.05411753322329696,0.0020692885061408322,0.09476726400054457,0.1404515554795169,0.3841271227472551,0.0,0.3126407244164304,0.0986780382183985,0.03393562618047792,0.0,0.026767521457122523,-0.08143505743419108,-0.01908404811083319,-0.08732562833976344,0.2596498189772438,-0.07437974574575303,0.36340036698625117,-0.04214309923859884,0.05474447638373556,0.12828354818905063,0.23529436920935828,0.04467960770631419,0.24723345878784117,-0.0317899090825722,0.0930610693665784,0.0022233980709007698,0.13303593807984226,0.0,0.0,0.022751654874314953,-0.01909300934387533,-0.006439026373261065,0.07186101171813379,0.09181410709839134,0.09228947509585149,0.19736200278590746,-0.1455320328026066,-0.2918306003588881,0.0,-0.07710777647152925,0.021172500072332602,0.02863957996676196,0.19827077400705984,-0.19209172058375232,0.18542937321072098,0.0835274781612674,0.041507774963207164,-0.06992559207328865,-0.028695516198591745,0.0,0.05612139188528398,0.26323238879562505,0.06316593323779227,0.0,-0.1360610126335212,-0.1086297127696734,0.0,-0.05867422638732652,0.25692867881543074,0.05241866978797733,0.2201784498728516,0.012840313810833857,0.0,0.0698986508648352,0.0,0.4015821368343472,0.09883767833311467,0.023408969108312278,0.025926244048435354,-0.26577950917723114,0.0,0.0829978740772831,0.04416334687377691,0.2374424175256189,0.1620389625138298,0.22725343916911045,0.0,0.005026975886939884,0.0,0.10014377864212097,0.040178148416819666,0.0,0.12493554750064316,0.0,0.020915297675686353,0.02648213785163759,0.02737418831255889,0.11797127468780871,-0.05525448339430151,0.20590449487493123,-0.052413100167165064,0.0,0.268807457339069,0.04304964361625376,0.0,-0.12930522845814404,0.08864017821878714,0.2996065511129296,0.14047681304337548,0.007845921534253992,0.0,0.25995132362444034,-0.09866077370897229,0.02362219768816752,0.0871043336618083,0.09390750128953941,0.0,0.008979922458860798,-0.02923321630313789,-0.01170766787588538,0.0,-0.02801437787716185,-0.010473516285370344,0.24482592039249734,0.18500070975103775,0.0,0.3028850867098557,0.008644187994982018,-0.024164209496349783,-0.026883688337314884,-0.11587789070762902,0.18796188328660735,0.0,-0.021266247180846905,0.15756963380205452,-0.05490841597188343,-0.6262442158214366,0.09101456894893653,0.18193479960939465,0.08304125233828201,0.0,0.07163592181621314,0.19599784598901457,0.0,0.12839464450416924,-0.10617302295882813,6.989929834630421e-05,0.038397666156298915,0.11545543990258442,0.0,-0.25036469473852674,0.0,0.0,0.07876005814952136,0.13584903065607654,0.19105649031526056,0.05112367147468428,-0.7293101113768398
2024,8,Indicador de relación entre las obligaciones financieras y el pasivo total,0.026961922018942135,0.05279865414635177,0.12657415942381187,0.05067830660629229,0.0,0.0,0.0,0.0,0.0,0.021376998669047194,0.0,0.0,0.0,0.0089971742460666,0.0,0.0,0.0,0.09928748765050367,0.17650711908689035,0.0028381113634577773,0.03527095460333095,0.0,0.0,0.0,0.006554099484742438,0.10004282779051707,0.002507809543730248,0.02246355848738278,2.5261082298113922e-05,9.403212317521559e-05,0.0,0.0,0.00021331298060732826,0.00030400578329011424,0.004862391152296469,0.0,0.06287176254795153,0.0,0.0,0.019047628809735897,0.0,0.0,0.0,0.0,0.3671172611902563,0.0,0.11741833754420136,0.07243036464300794,0.10925172966259353,0.1207097374307237,5.9329252973506496e-05,0.17940094413820692,0.029866069833867123,0.0,0.0,0.13103365160562158,5.789516836891047e-05,0.026729007226399554,0.007950725643215723,0.047268817021168835,0.08598411889410713,0.0,0.01210837260146612,0.0,0.0,0.00820229607451822,0.0,0.0,0.0,4.120077447632078e-05,0.0,0.0012402202307310087,0.00015513433632133086,0.0001254888680393635,0.0,0.0,0.0,0.0,0.0,0.0,0.07501928708051163,0.0034937545235156466,0.0,0.0,0.0,0.18117658361808894,0.0,0.0,0.0,0.0,0.0,0.0,0.0,0.0,0.00012495800394845335,0.0,0.0,0.00011905228955955296,0.011495822390886177,0.0,0.17475798999094183,0.0,0.0,0.0,0.0,0.08685665285398071,0.0,0.0,0.0840914600663781,0.0,0.0,0.1368578499064386,0.0,0.06966622668642944,0.19475764768580497,0.0,0.0,0.0,0.0,0.0,0.0,0.023641360890875377,0.03956959490190267,0.0,0.0,0.008762131191835916,0.0,0.0,0.0,0.07428797272389144,0.35036664621181834,0.0,0.0,0.2692153866154703,0.13599562311893848,0.0,0.0,0.0,0.2121233231420395,0.0,0.0,0.0,0.11273466278343329,0.0005495254126172612,0.15975678834117066,0.0,0.0,0.0,0.0,0.001965851376033081,0.023364645461507197,0.17717216465999489,0.0,0.0,4.472028234462512e-05,0.0,0.0,0.0,0.0,0.0,0.04678762646689232,0.0,0.03227851655409575,0.0,0.03400631289931528,0.0,0.0,0.0,0.0,0.0,0.2024952766096028,0.0017280061446860553,0.0,0.12280727439502942
2024,9,Estructura de Balance,1.7540963942561667,1.667074571526711,1.4476480780677785,1.4090401435109317,2.061570625318362,2.049462208749604,1.3426074345393353,1.6470615251691825,1.1955469532261278,1.3254638889350525,0.0,0.0,0.0,0.9673625104199249,2.4225839814410457,6.00817402528524,0.0,0.9346795845035271,0.9601289937551151,3.5152195448264174,1.3611407646044158,1.6220919630768658,0.0,1.487406170578151,1.1506993607637923,0.9342690659989358,1.2254946225362073,1.3986629981994476,1.5087633368878852,1.0499013854642274,2.5709515009511725,0.0,1.5195020238885237,1.799620603928346,1.366340363540625,0.0,1.1546101435659615,1.4405099301659448,2.702222299146096,1.1259046590516566,1.3602905369849596,1.2702166462954243,6.8495414747166254,1.4633454076643249,2.280455720609757,1.8436248033999691,1.4762005374966283,1.6461642536748387,1.1524846848013264,1.1714258860316016,1.107476949527572,1.3361588473789139,1.3408439856295349,0.0,0.0,1.15516375306588,1.4046923427061204,0.9910644987370636,1.1376478907145648,1.8176702068532102,0.9613263798570217,1.4163855189682728,1.1503994802743958,2.22080222818681,0.0,0.9573246025841045,1.3675243673923165,1.1979812070372067,5.804847826180661,1.437570739729262,1.392503204772504,1.0954987143207706,0.9649602614958628,1.6091584533114849,1.706647899345821,0.0,1.3787165099144798,2.9635344984633956,1.691161949552121,0.0,1.6844694009742132,2.180680125029482,0.0,2.4868218899170675,2.937472806202776,1.1737849239242175,1.8997626812900192,1.3168489063871707,0.0,2.0181523260601955,0.0,4.218190914354131,2.169927449999118,1.6407180122015625,3.687621528146774,2.0422408199337583,0.0,2.1873406069331156,1.348628369987948,1.8475574493153648,1.99268584775365,1.5528259255580108,0.0,1.5133839561954538,0.0,1.3821349490426513,1.465970562235084,0.0,1.3169532846908545,0.0,1.4535677640476115,1.3112529711875232,3.967273399883195,1.2464391375816235,0.8969579662923917,1.6338353175575393,1.1930104866068443,0.0,1.3643252769931473,1.0687575985389588,0.0,1.2484796819472401,1.1513030000502393,1.5927501023017876,1.3853098030754936,1.4276422492850598,0.0,1.521157271426554,3.923390145747821,1.3604972304664025,1.2653565495237473,2.809588894848351,0.0,1.4357038144708312,2.1358111439520235,3.937626669905149,0.0,2.9878540079513267,1.1509518587446095,5.75926173864614,1.5018297552073465,0.0,2.238807135587747,1.169088414234836,1.021739740044554,1.200217227031493,1.2521687200331186,2.0265117146133553,0.0,1.0856501672099041,1.5801415102823921,2.1053827549469277,1.157568057854112,3.39239195922396,3.0004386252355646,1.3305399142250307,0.0,1.8888495147987838,1.2234548927949667,0.0,1.5022180419273545,1.2491279617828623,1.3096228150851292,2.3643013589589086,2.070348588734661,0.0,2.5110118075625203,0.0,0.0,2.798427043598403,1.6082466658271124,0.6376739961113627,1.604901818169701,1.665343797145333
2024,9,Indicador de Margen Financiero de Operación,0.7368807976459809,0.7208191573040355,0.5505119731920903,0.456738951905174,0.7628838155876712,0.772813060923992,0.5114475077655296,0.7958519977842504,0.4438372261996482,0.6727384080168667,0.0,0.0,0.0,0.5452305755119442,0.8290786968100922,0.9276771459223235,0.0,0.3286201174739267,0.5624390327274621,0.9290973921684641,0.7077205169183768,0.8563280761398109,0.0,0.5589467317882086,0.6719057845550851,0.4313352231410933,0.5699185770743833,0.6241340990626222,0.667077473252159,0.4943413097635715,0.8896193065967214,0.0,0.7506588890071193,0.6820282878109953,0.48660816645698507,0.0,0.6578252288581221,0.5820919714224753,0.7612858944557996,0.7192435593614953,0.7750854275481237,0.5732640950484772,0.9674075814053503,0.5802026902319529,0.6561756640846185,0.5664698435987077,0.7259400854281373,0.5911884691889885,0.7015941437720823,0.5556726338062432,0.575668437785233,0.6787561591954345,0.6620903188052089,0.0,0.0,0.6592535530274728,0.5469372015855517,0.5344526157145071,0.6086609005256554,0.8619858166769268,0.7302877188888244,0.5936558147990042,0.6643145755958562,0.7790157299031243,0.0,0.6307271879455663,0.6399159921501538,0.42376913414786527,0.8727341983022672,0.597186178601738,0.6726248322871885,0.5997363824942936,0.8125493014394457,0.7070467731813957,0.4062252011731105,0.0,0.6072554336975314,0.7888210161537007,0.6030627841226123,0.0,0.60561235553012,0.7001074512978196,0.0,0.7589419852644324,0.6176500813107558,0.6283783807848411,0.8473148296931742,0.49960100393327583,0.0,0.786639284845606,0.0,0.9038124738583571,0.6250529793709273,0.6851496204356323,0.853376484977536,0.8233682963336515,0.0,0.8359605941571964,0.6052513417155865,0.6859946226048561,0.8265165645797636,0.6701338873511128,0.0,0.4755852398906006,0.0,0.5978096836333923,0.8486178233041947,0.0,0.7003216929792029,0.0,0.8124669273937648,0.48817367506149345,0.9275270384660833,0.6910027014308551,0.5575915580480266,0.8918886063294044,0.36889687916843195,0.0,0.815379678195846,0.6772063296388977,0.0,0.6591336109737833,0.774151925661162,0.8276863810493897,0.5161258519386913,0.5240302889660337,0.0,0.7898655187672614,0.7638588276123782,0.47941706155133673,0.5163103194842157,0.9161113589801709,0.0,0.5037762411373936,0.7261824616047159,0.8422135475396034,0.0,0.8129232222611286,0.8082804333560255,0.8943446427666651,0.7921163316858668,0.0,0.7204961135788887,0.5906543567139739,0.45526304381519894,0.39663184088689984,0.6027913202486791,0.7331757230189893,0.0,0.6234447116245251,0.7793623695101728,0.6820703844409363,0.4936365385006933,0.9263455803561595,0.8168691639203132,0.7859095763803253,0.0,0.7053905125423167,0.6607206615868234,0.0,0.6725770103718097,0.40958502257606066,0.5807810502896132,0.8454340888773533,0.8522107371526099,0.0,0.640617169708925,0.0,0.0,0.8308919726278006,0.6629819103439877,0.8709818448273575,0.7710932144009702,0.40822281183442144
2024,9,Indicador de Margen Operacional,0.07846789776068219,-0.01370335411817081,-0.08733880180906163,0.09158404335361602,0.1703095502755099,-0.025841114250123094,-0.022330628933374154,0.12223768067363866,-0.061023924744375124,0.11715743947097756,0.0,0.0,0.0,-0.0890790204598631,0.21709158067157397,0.1638160519241193,0.0,-0.09635390484080819,-0.19615992356017306,-0.1947308796100247,0.04261684350361871,0.04728861188610584,0.0,0.2500305005732451,0.033116210649362064,-0.030683032769318525,-0.05158513557544546,0.07752402429145351,0.10289800559735249,0.140223184381727,0.4090239678527826,0.0,0.2851647810497128,0.11291129239028805,0.04663617174010258,0.0,0.03463947560203097,-0.07978151729289171,-9.00374305486562e-05,-0.07711953891604992,0.2466874513818185,-0.09641979497156677,0.3703551136601229,-0.042106272361348146,0.0710731608402945,0.12722032659242,0.2784464678804022,0.05045061333619036,0.2678054144742287,-0.028710662973374997,0.10255852842909371,-0.0020772565285377864,0.12801911386935727,0.0,0.0,0.02588907698073943,-0.03177353520356078,0.008590054178678521,0.08570802396204824,0.11712671486097978,0.059830929503320904,0.21149847160912263,-0.13233058534174602,-0.2853097728643732,0.0,-0.06997420234729132,0.019927436674474334,0.0327478554775064,0.22415950374671334,-0.17049180210828163,0.19720214016089085,0.10264673780564629,0.02457344094351245,-0.07345765570954431,-0.13537699245951465,0.0,0.062475908642338596,0.24699930855820873,0.09021784634756,0.0,-0.11009316111863321,-0.09808548275981985,0.0,-0.05958244218107203,0.2887437672042115,0.0077209538453152345,0.2134094607804621,-0.013695284901806765,0.0,0.06792033948085026,0.0,0.4004163103330952,0.09682233022517829,0.049556820087829676,0.03835948879988853,-0.32516860456509,0.0,0.10379911102866363,0.04686734199636394,0.21238769430016952,0.18020408332046572,0.19204302460009998,0.0,0.00033980402761442526,0.0,0.1183156613231737,0.015211099472730607,0.0,0.12957224896010897,0.0,0.027971175865554188,0.028144547857366843,0.05236693552403296,0.117522687897518,-0.04495994008333357,0.08151630129892798,-0.04116109713809207,0.0,0.27594416049212217,0.08543358293762787,0.0,-0.13887557294373293,0.10416831432372053,0.2801841323038572,0.14644494329275082,0.01669493290894339,0.0,0.2666892793124585,-0.08258372347332141,0.026846933329485043,0.06381696762277497,0.09312002027930093,0.0,-0.005155311491746309,-0.007598502629431052,0.043992457613393286,0.0,0.01520069025154716,0.0027975289051605542,0.2386654139898128,0.1872737453985445,0.0,0.2938858172241575,-0.02143630863739452,-0.0112541315638844,-0.02685562593243304,-0.11569546542630964,0.1938460482758953,0.0,-0.022345302970048053,0.1478472701368028,-0.04770539745578808,-0.6011717295058062,0.09854181762998006,0.19192131176742896,0.07329458099376457,0.0,0.07824864455857541,0.20013075676319145,0.0,0.14003106521373226,-0.10546769151495147,-0.00019266582221581316,0.029258706541424942,0.11095247354081775,0.0,-0.23437351937265716,0.0,0.0,0.07695813517287282,0.13903129226297217,0.19173831092985988,0.06742252859138288,-0.7487563808125777
2024,9,Indicador de relación entre las obligaciones financieras y el pasivo total,0.0,0.06254540852003032,0.11451582797092152,0.04688090275821035,0.0,0.0,0.0,0.0,0.0,0.026939033884654608,0.0,0.0,0.0,0.008906174586554695,0.0,0.0,0.0,0.12506444170036837,0.1712324741667545,0.0035328719578749646,0.02482888153974937,0.0,0.0,5.69115164872077e-05,0.004645470027132617,0.10276306495711163,0.0023839348530713942,0.017593031926101496,7.528320289309912e-05,2.066904963624562e-05,0.0,0.0,0.0,1.2455682652463393e-05,0.004794460995055215,0.0,0.06259421161409323,0.0,0.0,0.019270363800140758,0.0,1.5395238362270616e-05,0.0,0.0,0.35582090198028155,0.0,0.11979720176100969,0.10323872536984205,0.09722805407512745,0.10696053652554309,0.0,0.17369354763360587,0.02737576630547105,0.0,0.0,0.12993616306751685,9.351795366659759e-06,0.026844305541543396,0.00015595497312399122,0.044650051711091536,0.08017757267867072,0.0,0.014775314438144272,0.0,0.0,0.0076606109690548095,0.0,0.0,0.0,4.217402654545132e-05,0.0,0.001988620505252653,2.2421535031229925e-06,0.00013608450478230192,0.0,0.0,0.0,0.0,3.877482454409491e-05,0.0,0.07729581046799386,0.0032951246277859673,0.0,0.0,0.0,0.19756142337805532,0.0,0.0,0.0,3.629855925015275e-05,0.0,0.0,0.0,0.0,6.923957245882758e-05,0.0,0.0,0.0,0.003717339570111077,0.006693460229267846,0.1664919108943163,0.0,0.0,0.0,0.0,0.08752374614045891,0.0,0.0,0.0791663482601155,0.0,0.0,0.14681185914093245,0.0,0.08164231213606547,0.21747899510066093,0.0,0.0,0.0,0.0,0.0,0.0,0.0268717318903582,0.03912865702781778,0.0,0.0,0.004487382158000672,0.0,0.0,0.0,0.07186118231841987,0.3400909832884868,0.0,0.0,0.2656532853889408,0.11046747204456835,0.0,0.0,0.0,0.2085281769296117,0.0,0.0,0.0,0.1108024284303689,0.0005424679164638516,0.15206740707993507,0.0,0.0,0.0,0.0,0.001369037682995077,0.020542996794889207,0.1672726928341511,0.0,0.0,0.0,0.0,0.0,0.0,0.0,0.0,0.043996038486554305,0.0,0.027240392903826283,0.0,0.031821733576159,0.0,0.0,0.0,0.0,0.0,0.1874103184825555,0.0015275519210013215,0.0,0.1166839564637158
2024,10,Estructura de Balance,1.771615508633985,1.6853798396045514,1.4520984033641442,1.4016808959208706,2.050613405765103,1.9318854191493628,1.2933888244349563,1.631376773912546,1.1882156374882908,1.3183746028647172,0.0,0.0,0.0,0.9672802960161466,2.3918676756402286,6.069493200618159,0.0,0.9599077665007705,0.9451459133701116,3.3318895346259483,1.380534920706979,1.6172149159775713,0.0,1.4715307870670091,1.1539564990789306,0.9065376859961414,1.0351102462334938,1.457595312764613,0.0,1.0825205358002514,2.5799550332316175,0.0,1.466067923736752,1.7976347216590207,1.3644050304523323,0.0,1.151168923782845,1.4304124423760738,2.7713868829487636,1.1382607275065342,1.3798259345985713,1.2636337044764254,6.879741985492574,1.454705682730201,2.184978537442131,1.8459782029109058,1.4217417968013388,1.6605766917564413,1.1274676161112822,1.178382089272344,1.1214727782753968,1.3677722245797261,1.3652912043646637,0.0,0.0,1.127408341887867,0.0,0.9781622470947468,1.1381244798364314,1.8166519583545282,0.9036505185842076,1.3856343477183999,1.1468079973844014,2.230492481765607,0.0,0.9343724120105097,1.3950158739299594,1.1957356082375046,5.417039660351606,1.412696047377733,1.3128177647651293,1.0818752159910079,0.9342110802857012,1.6302998287052994,1.7216583619849128,0.0,1.4344304914837813,3.0677960412015275,1.679739307085571,0.0,1.694587411997956,2.2157364056945568,0.0,2.489900123870129,2.9544051570053185,1.1800148869531268,1.8565303598232776,1.3389976206553116,0.0,2.009171718126989,0.0,4.252350233111413,2.1848825073959954,1.6615230539643269,3.6243853460198006,1.9968765139833884,0.0,2.2392349312627142,1.3547255477564333,1.8535803787467215,1.9637196776169468,1.581917380415361,0.0,1.5245228783122313,0.0,1.4451902627753368,1.4171799876833768,0.0,1.3501866391251807,0.0,1.3317625484637636,1.3121755357470397,4.1646970830603465,1.2275800919699176,0.8933710702475566,1.6502491422087606,1.2174908691828592,0.0,1.3411184031504473,1.0708401844169873,0.0,1.2531665161232397,1.1213438859154206,1.5833486295787051,1.3469503729175933,1.4153397333105213,0.0,1.5042700802856954,4.526929440051363,1.3688761253024244,1.281794620847891,2.8155822745654366,0.0,1.3429968456707797,2.2031985758246035,4.058448644633483,0.0,2.8997757032275784,1.0529155025758201,6.072186457683185,1.4885933564762623,0.0,2.3683192408578737,1.1771457107559704,1.0276759099657322,1.2248296561503411,1.253807402489378,2.056434491486113,0.0,1.0896881998885146,1.581765188722869,2.192704192209193,1.1502377882073989,3.3163090390472894,3.0043163518358713,1.2836868444539946,0.0,1.9058790303146316,1.233041239370396,0.0,1.4796749213603115,1.2426842506047528,1.3147551852465253,2.3915710241025367,2.0510466255491906,0.0,2.5701058742561855,0.0,0.0,2.765513183551072,1.606405512063373,0.5885364395337493,1.60077307985382,1.7026264928190256
2024,10,Indicador de Margen Financiero de Operación,0.7398316426154758,0.7219559230130612,0.5537096242648403,0.4619431181501151,0.7649543490452934,0.7719023793147739,0.5150984708437303,0.7951202811581449,0.4458742153365148,0.67345026065205,0.0,0.0,0.0,0.5461908069807738,0.8291333664304887,0.9283108892330454,0.0,0.3350518119311042,0.5662965796322341,0.9306938840276087,0.7116291950909429,0.856390660237965,0.0,0.5599865661881777,0.6731520665660661,0.4323719424347325,0.5745375245632572,0.6260011749887446,0.0,0.500976932790316,0.8889492872010671,0.0,0.7476307188078912,0.6859207317661915,0.49137655702155797,0.0,0.6626447029756771,0.5887053500484691,0.7628535351368624,0.7208189847617507,0.7761163990816919,0.5707313490720233,0.9669637073757636,0.5849130534406295,0.660475129040505,0.574564829053676,0.7262424254869245,0.5975637547991637,0.7013019126459051,0.5548228860969086,0.5740564106283768,0.6577509798108374,0.660139520748302,0.0,0.0,0.6607118902306037,0.0,0.5352145079005853,0.6100947565805654,0.8628647268974643,0.7288567285215841,0.5791741055384245,0.6672146105364337,0.77899155209165,0.0,0.6351836338853465,0.6453217884967452,0.4287638795870475,0.8712517402967497,0.5986431061804638,0.6716274859535134,0.5969544226708224,0.8140501836082402,0.710468942665168,0.41136802601752886,0.0,0.609780447505541,0.7879600325648952,0.6066111641030424,0.0,0.6265949569943902,0.7081488513914852,0.0,0.7598252212902571,0.6220379628046272,0.6241020499615201,0.8461142860226429,0.5051782209280639,0.0,0.7832625795123368,0.0,0.904871870396956,0.6257236290213173,0.6877875521272638,0.8549170379434063,0.8246883425951642,0.0,0.8365812433248744,0.6095442352972593,0.6869350467725966,0.8240003692194964,0.6732647747526327,0.0,0.4772658743392751,0.0,0.6018319735505449,0.8431745330491205,0.0,0.6999403560145921,0.0,0.8111635963880718,0.4918301674841166,0.926341921030206,0.691212679345721,0.5630307222420171,0.8907944272961492,0.37529274236548615,0.0,0.8159761100867304,0.6778848119716856,0.0,0.65926137635988,0.7771330844547061,0.8286951817484004,0.5171035466769098,0.5294925746305229,0.0,0.7918698581003524,0.7592810646406041,0.48386900550218587,0.5170156969404041,0.9183853028726013,0.0,0.5070381005189675,0.7265680331475388,0.8438240888515522,0.0,0.8142696652759429,0.8062069216974421,0.8842865392135387,0.7920600502782711,0.0,0.7134053020506318,0.5953132350628226,0.4603466702652234,0.4010188971067758,0.6062209626561668,0.7273096161565091,0.0,0.6257508519647805,0.7774052001717501,0.6864397658724971,0.5010522999297485,0.9264536506823373,0.816571247574766,0.7870268815382788,0.0,0.7075862423871597,0.6612897489813169,0.0,0.6728526618762304,0.40834946980210224,0.5883815543600021,0.8473834064324784,0.853546099046545,0.0,0.6386672139071421,0.0,0.0,0.830639388093328,0.6594978457877735,0.8736136498498263,0.7693424156107186,0.41768311811388303
2024,10,Indicador de Margen Operacional,0.08464775057009646,0.005492538188502723,-0.07681654278656376,0.10734171789428924,0.18635049603420384,-0.02555753361104166,-0.016197524791641656,0.1272245896491945,-0.049932552397442355,0.11469326406105879,0.0,0.0,0.0,-0.1613947243656326,0.21879657440922806,0.1484617013858379,0.0,-0.09377586519746503,-0.1770727178286389,-0.19904918694742638,0.030604660215209436,0.049262343677503095,0.0,0.23615677615957212,0.041212454408861385,-0.031221865177301612,-0.0482442680728727,0.07473429597575447,0.0,0.14916572686147794,0.4007667517524275,0.0,0.2758090762639062,0.12628910843718727,0.05433227617731122,0.0,0.03875672473018754,-0.08686665908212444,0.004895939745746116,-0.08276874353277659,0.24176037342679468,-0.14037338526827536,0.3536202481070997,-0.019838963103990054,0.07563775383898817,0.12250929501301532,0.154165712148491,0.05979896122992564,0.27599270061546155,-0.03022788477905153,0.0822318458260968,0.011867717072674514,0.11890025344211336,0.0,0.0,0.022336224757837163,0.0,0.016344446798333443,0.08252398552762055,0.10742005651671818,0.0656048524043901,0.19151799392036542,-0.12547362454444205,-0.30244219601225636,0.0,-0.026383444771705344,0.018778845783754283,0.038135625043695026,0.22760183703265166,-0.15568439468247194,0.20136656735272745,0.06966755776239275,0.013824708908227649,-0.07015470842608586,-0.12128286766894816,0.0,0.07368022310640503,0.23274369192378885,0.10571633192087414,0.0,-0.03230208142148371,-0.07698312868255155,0.0,-0.05415342317938802,0.28689337832949496,-0.004236011159415628,0.2041069278953394,-0.014797052611672662,0.0,0.11770730154813508,0.0,0.4034042018885149,0.10200174748139172,0.04117273506992027,0.05614018032956411,-0.3114603340614454,0.0,0.1128163599491189,0.052761039920916644,0.217032994676513,0.18544787417455114,0.10931998056379,0.0,-9.26697237505512e-05,0.0,0.11493066597263957,0.016693315437117974,0.0,0.1386602346189902,0.0,0.04628159332411737,0.030850982188694642,0.058716997268758786,0.12935956367523593,-0.04027831353274294,0.09312579907484249,-0.051646841025602096,0.0,0.2397663739000851,0.04701837446090297,0.0,-0.13249707403849123,0.12153844471131682,0.2830520045410527,0.14404111938808248,0.029954227487398042,0.0,0.27671125192886836,-0.07625256854367599,0.0010362007727781149,0.07094698648997004,0.20023892950573843,0.0,-0.016281085906149587,-0.0013636478430838785,0.06398000359421581,0.0,0.04099892018178866,-0.003129691339976399,0.2180502252116313,0.1726769554490265,0.0,0.3165452706790052,0.027042516946017604,0.000697762087138627,-0.02671077655492689,-0.11503478005827247,0.19853249677374393,0.0,-0.021354668781002933,0.13963291478964213,-0.04174386342681888,-0.5344756332191111,0.10812922114779126,0.19023580707443283,0.0800419762962979,0.0,0.06566197291120882,0.18070624529439444,0.0,0.15148423299942176,-0.10750852878797501,0.007910460352972503,0.033579115929881734,0.10928879676803784,0.0,-0.2291021809887957,0.0,0.0,0.09793674348792723,0.1443185590114627,0.20066561699468002,0.1600285091443607,-0.7690113833420006
2024,10,Indicador de relación entre las obligaciones financieras y el pasivo total,0.0,0.07261846786613642,0.10809878734319482,0.04176506679337559,0.0,0.0,0.0,0.0,0.0,0.03237995491941026,0.0,0.0,0.0,0.008589908198183609,0.0,0.0,0.0,0.10877394305712124,0.166022851953724,0.05718106398183961,0.03440490149663689,0.0,0.0,0.0,0.0038655359612600982,0.11787083385664397,0.00231662628600445,0.01274197052608563,0.0,9.395917346417868e-05,0.0,0.0,0.0,0.0,0.004668736587810008,0.0,0.07479067108775624,0.0,0.0,0.018745588552169765,0.0,0.00045367732818253815,0.0,0.06895559966513905,0.3379803361066471,3.27266879222348e-05,0.050161081769658465,0.10229823587803206,0.0790217631433987,0.09522630868670344,0.0,0.16957805898980202,0.02461904701798491,0.0,0.0,0.12591387839931678,0.0,0.02600887647888927,0.0003003675367479568,0.0412525158846932,0.058318260281716175,0.0,0.027548537878657037,0.0,0.0,0.0072827883967111345,0.0,0.0,0.0,0.00010205515893126481,0.0,0.0039005812782801096,0.0,8.552934308025938e-05,0.00012959420639352482,0.0,0.0,0.0,2.422346231959635e-05,0.0,0.07549291786487315,0.003291213465547713,0.0,0.0,0.0,0.22475105007800292,0.0,0.0,0.0,1.466510108630596e-05,0.0,0.0,0.0,0.0,0.0,0.0,0.0,9.188753672552653e-05,0.023448429008694628,0.0,0.1678790643900584,0.0,0.0,0.0,0.0,0.0904179157184962,0.0,0.0,0.05504272333723068,0.0,0.08134107416681191,0.15100187816792057,0.0,0.08725392540242263,0.211497768284164,0.0,0.0,0.0,0.0,0.0,0.0,0.019437429734831858,0.038388769745640525,0.0,0.0,0.00595617611159973,0.0,0.0,0.0,0.049979750782574134,0.33491226784357875,0.0003091046401929372,0.0,0.30674289524392295,0.1000360030240795,0.0,0.0,0.07370651174568975,0.19047146125878828,0.0,0.0,0.0,0.10460096273052444,0.0005518145553181213,0.137362891757283,0.0,0.0,0.0,0.0,0.0011586756300670906,0.017983722633659785,0.13040690784508152,0.0,0.0,0.0,0.0,0.0,0.0,0.0,0.0,0.04222986335094799,0.0,0.02651872277048595,0.0,0.029857983532359786,0.0,0.0,0.0,0.0,0.0,0.17339387898553857,0.0016060921980994953,0.0,0.1138167616820466
2024,11,Estructura de Balance,1.727793995369918,1.6761031606984829,1.4528565655230414,1.3870181035314522,2.0315685058933988,2.629978648177698,1.3091269700831065,1.6498559091671352,1.192392510189815,1.3325228190750757,0.0,0.0,0.0,0.9672851523861085,2.3629577143101783,6.092120753993647,0.0,0.93989099569605,0.9398123200300742,5.225533135690557,1.3447214589880554,1.6215980380596098,0.0,1.4652724097525116,1.1439747589061708,0.9092510068694657,1.1033295361361,1.530076468028646,1.5131892485560565,1.1173337059873392,2.591301520809194,0.0,1.427298266139902,1.7744554433626298,1.3632602417363089,0.0,1.1554448532205583,1.3930906329185138,2.7209923986460263,1.1657865893424844,1.3893810386504404,1.2718610967449944,6.777859917730915,1.4621563302934693,2.1950813259359854,1.8217645960605744,1.091403327836147,1.6327531158619422,1.1189942447824681,1.1671321457638915,1.108175549914488,1.3786052471508654,1.3108827633595304,0.0,0.0,1.1279218602169536,1.4136273472438112,0.9399122990006259,1.1457351081694775,1.8330313772552382,0.9504288088265134,1.3780318001913556,1.1276240635069759,2.3831512265564583,0.0,0.9249893299952124,1.3831756107490725,1.1621520368885598,5.274426747478522,1.3645785472659915,1.200059823660395,1.0769676187794166,0.9806404611668301,1.635629456970285,1.7129403455986387,0.0,1.3975345495768055,2.9332311650629626,1.6765717170722119,0.0,1.7225047190860534,2.239633875453099,0.0,2.4806459409501977,2.9673569254924805,1.2076098485221995,1.8857027631418677,1.3231204656563595,0.0,2.0344472283289647,0.0,4.193981563110057,2.1657778416050246,1.6776829599803584,3.642420988200143,1.9332274806026473,0.0,2.2508006473319186,1.3573912518857445,1.881905899789107,2.03690529745726,1.5461821741267665,0.0,1.5321421158200486,0.0,1.3542819855605348,1.455277989711104,0.0,1.3497711168973574,0.0,1.3539628591130288,1.2280250637850352,4.080868561777403,1.2162623338197398,0.890200459108906,1.6820546281146018,1.220742485938393,0.0,1.3596850468026116,1.0406560292873983,0.0,1.2661391608784456,1.131465393135508,1.558212170485656,1.3430962695388025,1.4253937608797327,0.0,1.502805876407337,4.75536436093072,1.330275776940784,1.3232887903072807,3.0703787989717553,0.0,1.3494782928872622,1.965052188554477,4.081480953199439,0.0,2.8971961660131442,1.0486325002669816,5.705039758873013,1.5119186454748346,0.0,2.251064864480766,1.1848816361083103,1.0176399166605896,1.2533221891252295,1.2507434778898094,2.0464823716026093,0.0,1.0722076294036906,1.5809863224413958,2.251929771668601,1.1325375890347147,3.2307428030094427,2.9533029031873883,1.3195132511088343,0.0,1.8763663678923985,1.2600774009315885,0.0,1.4532682407594453,1.2392999982137196,1.307265998861852,2.372857139667729,2.046660268901888,0.0,2.8697644850367214,0.0,0.0,2.7798619359382717,1.6212782683007632,0.5326493317643669,1.643629784602796,1.692465683452626
2024,11,Indicador de Margen Financiero de Operación,0.7424845252873904,0.7238035580889753,0.5612365524200349,0.46424018898477737,0.7669747291150009,0.7720036443829501,0.5163935867139783,0.7959351990558587,0.4480158382130137,0.6744664265289083,0.0,0.0,0.0,0.5474599395527986,0.8303101209961087,0.9292291521512863,0.0,0.3426036796535266,0.5667340885735382,0.9334654575339664,0.7139641602422446,0.8565239716862398,0.0,0.5611442885624323,0.6746698573920433,0.43704160933016806,0.5802933428808857,0.6287078996706097,0.6652542130240341,0.49850305841123627,0.888328519001384,0.0,0.7470481710078777,0.6886671739707122,0.4970544181650591,0.0,0.6675240514387775,0.5965388146351582,0.7659304685303625,0.7225584306334326,0.7779162136109893,0.5695420759684507,0.9652113491542077,0.5909690035716201,0.6640268089186971,0.5867685846077801,0.7246720652138452,0.5998032757877947,0.7032120537168653,0.5572209734841889,0.5741941395293636,0.6577845013041309,0.6595323333223859,0.0,0.0,0.6617604257592034,0.5571844449137413,0.5372444480155067,0.6118189148444643,0.864046811390945,0.7333097497376335,0.5815824749834245,0.6709087850370541,0.7793885554221947,0.0,0.638868484271964,0.64976913843898,0.43319699187890237,0.8697110485006764,0.6009067399113347,0.6715549275831585,0.5986576032509927,0.8154534107381104,0.7137775771897819,0.41911742507189526,0.0,0.6096420388806527,0.7867813196140929,0.611328240572482,0.0,0.6279482717764642,0.7141786623091021,0.0,0.7615189123378994,0.6257445183116777,0.6221916171730789,0.8453585086382986,0.5095736527158014,0.0,0.7807714617273824,0.0,0.906050551783256,0.6268745536392804,0.693670553733713,0.8557444972675758,0.8275860139728091,0.0,0.8375193974016362,0.6103121807303848,0.6888039262964325,0.8233369747889828,0.675838936865281,0.0,0.48043440510899715,0.0,0.6089211088467718,0.8360811392174299,0.0,0.7008416795587246,0.0,0.8106790035377307,0.497336048507616,0.9254136630939639,0.6882522670890909,0.5680026141063013,0.8920872234268159,0.3866528545271188,0.0,0.8169083410679815,0.6797638864186012,0.0,0.6595771590030668,0.7794422532084888,0.8295277053177185,0.5207492079125537,0.5376348827009336,0.0,0.793723694265456,0.7619196356706288,0.488882872532042,0.5190921673577351,0.9208844589878977,0.0,0.5100054225448605,0.7285936944112258,0.8464969725280012,0.0,0.8126862273579715,0.804449348211091,0.8812930887500191,0.7918071310956036,0.0,0.7247266083442212,0.599906062596802,0.464478758406033,0.4093390257893668,0.6096857181275956,0.7241732893811565,0.0,0.6270989227845547,0.7765668390407005,0.6928373421085829,0.5066383294260539,0.926810929041678,0.816521689994554,0.7886974376517888,0.0,0.7072711079775814,0.664072740968838,0.0,0.6762417580604726,0.4075205383159062,0.5963011976983529,0.84941719833228,0.854956634375708,0.0,0.6402810995213652,0.0,0.0,0.8328798457336835,0.6602330750074351,0.8759940413297141,0.7646788093811232,0.4276408946288599
2024,11,Indicador de Margen Operacional,0.0816511359723632,0.023440592361724508,-0.061120126361690105,0.09518973430158682,0.1835413253482095,-0.020377643208621992,-0.01700801376569512,0.12906156857949339,-0.07396236755481202,0.11258969070425437,0.0,0.0,0.0,-0.15530396729082135,0.1755968930596178,0.13625394075912203,0.0,-0.0913241598268976,-0.17808626874589994,-0.1621801506316838,0.025153191320904964,0.04306058277917313,0.0,0.20592473748493778,0.046704241900753174,-0.032251922490442266,-0.05544836338189224,0.07123860490543549,0.10553710384395536,0.14344043506838672,0.40520401472566414,0.0,0.2683744776255909,0.13523017763136896,0.05337341791783157,0.0,0.047439864948804686,-0.08203453019874886,0.01930183435329934,-0.08033404109345445,0.23007596675517042,-0.12655600756424742,0.3211694071581793,-0.02163023110101961,0.0820557303666295,0.13501100955404208,0.24544320358012478,0.0598566571547273,0.2712405918488588,-0.029137191333974365,0.10807856780744274,0.007284826696470488,0.08439195442678793,0.0,0.0,0.027015679227985052,-0.05764633857921248,0.014921482475174738,0.06987501500495566,0.11573196288714908,0.0731407319666746,0.1917187262909289,-0.11903118369319535,-0.2769493018406605,0.0,-0.002142696118850689,0.01964921543663813,0.044843868469891406,0.23920388512249124,-0.15718021308236563,0.21831744068985942,0.08350885162812278,0.01961660600671068,-0.023671893251837783,-0.12496500087956364,0.0,0.053625133057372355,0.21815497667936193,0.0981971921914425,0.0,-0.025349945015848207,-0.06175794415638884,0.0,-0.030778984024195072,0.2978415468661128,0.009700396582318907,0.19370182697387628,-0.014068044554919243,0.0,0.11010374433426041,0.0,0.4100320021408054,0.09755891120907234,0.05712935364880879,0.04405848446887723,-0.30576754302738995,0.0,0.11397842559911776,0.05258253618227037,0.2198866401351231,0.18259613863257904,0.09791414558850776,0.0,-0.0016777501208786268,0.0,0.09572635187185385,0.018743235028984815,0.0,0.12474357197263111,0.0,0.06046737076878897,0.03467190289898559,0.07762881174163504,0.12711669766010714,-0.03811819999715152,0.10942741836704821,-0.026158820610095647,0.0,0.22403690889193462,0.043437751096573815,0.0,-0.08921370904915098,0.13461600967898601,0.2943008868427204,0.15742186282934284,0.03927359216244875,0.0,0.28404162230668106,-0.0588552348168194,-0.019405621633379444,0.07683485870115014,0.1836909137937312,0.0,-0.0007145698598840409,0.022102045073674803,0.08421202324555144,0.0,0.05797202398106908,-0.0023399634587417694,0.2248558416961363,0.17291788261495877,0.0,0.30996370047512667,0.032783686856518876,-0.0013317391896197743,-0.0052791859235887615,-0.11580673528882579,0.18148280261750754,0.0,-0.016330453750382203,0.13790192301964851,-0.03452973141550202,-0.5416103758350667,0.07888935755822789,0.18440513250769286,0.08123920438320019,0.0,0.0206597175300684,0.16730582925030646,0.0,0.15832032025620318,-0.12712748647289476,0.014116645966909749,0.022359436663320825,0.05170847428685345,0.0,-0.22276214714963896,0.0,0.0,0.11591617674449144,0.14489090110284797,0.2062796748725557,0.10107930107095844,-0.8222680238023827
2024,11,Indicador de relación entre las obligaciones financieras y el pasivo total,0.0,0.0830992196547482,0.10130654991955525,0.05833519846685252,0.0,0.0,0.0,0.0,0.0,0.031621822193317065,0.0,0.0,0.0,0.008269131534714112,0.0,0.0,0.0,0.09843377367660337,0.160878474860858,0.16135911372548875,0.03044014983595807,0.0,0.0,0.0,0.01997214438266059,0.12136255132816089,0.002221594501503362,0.010448357747745447,3.2220390539582566e-05,4.3596940416617646e-05,0.0,0.0,0.0,0.0,0.004545111867851463,0.0,0.07205417041568092,4.79820376037153e-05,0.0,0.019196905081425866,0.0,0.00042633586340104984,0.0,0.0673401257228455,0.323630577133892,0.0,0.0,0.03566463987684615,0.07537426548565548,0.09637344751717679,0.0,0.16214615659057668,0.054136502782345275,0.0,0.0,0.11968260925696098,1.938350869032129e-05,0.0240845227957728,0.0006085339198722309,0.03820097992348862,0.03847091046330142,0.0,0.02969082801363156,0.0,0.0,0.007473582447307142,0.0,0.0,0.0,0.00015799613408228104,0.0,0.005113974632577431,0.00012913190614948782,0.000670993652855994,0.0,0.0,0.0,0.0,0.0,0.0,0.07625132952191654,0.0032791476793910426,0.0,0.0,0.0,0.2258046897176255,0.0,0.0,0.0,0.0,0.0,0.0,0.0,0.0,0.0006019927715317853,0.0,0.0,0.0,0.02270277287923454,0.0,0.17024281212452316,0.0,0.0,0.0,0.0,0.08468150686133309,0.0,0.0,0.05343289243042353,0.0,0.0772868422960104,0.14109185049691514,0.0,0.08522630721853829,0.21086093045674473,0.0,0.0,0.0,0.0,0.0,0.0,0.017200622524868318,0.03695594248494811,0.0,0.0,0.004881635311876581,0.0,0.0,5.242255238372042e-05,0.07856525782561559,0.3107893317736301,0.002501242841214694,0.0,0.3037456444193387,0.21385982177351817,0.0,0.0,0.07200071864145155,0.1879973969997116,0.0,0.0,0.0,0.10231131374339568,0.0007601000101218107,0.14074493219472306,0.0,0.0,0.0,0.0,0.010939568217443013,0.01553620769798889,0.1270763537402663,0.0,0.0,0.0,0.0,0.0,0.0,0.0,0.0,0.049966933606795765,0.0,0.025269360305988878,0.0,0.02823652227351586,0.0,0.0,0.0,0.0,0.0,0.18504189688718814,0.0018195830149138384,0.0,0.10783711802381579
2024,12,Estructura de Balance,1.8042037479151396,1.6598275545740546,1.4647519514089193,1.3985695351416843,2.049760426175324,2.5248690160624525,1.3127005686466562,1.6114929442629857,1.2211847494270611,1.3009393220570482,0.0,0.0,0.0,0.9685841803786566,2.3366332865903425,6.17325426122179,0.0,1.0149826380322373,0.9812133663647452,5.349528898627888,1.3686261459748343,1.6346668692977648,0.0,1.4851138637410894,1.1080815545916989,0.907015318206952,1.09734160699571,1.4575591897258222,1.464764349429579,1.1440898869120557,2.64052016577113,0.0,1.3749684202911079,1.743611514836914,1.379497424370942,0.0,1.1284562070005635,1.3690391482042308,2.6214634517580597,1.1911629501099221,1.3767792962795322,1.2750571121882384,6.909709114257114,1.4836934688907637,2.294059521962864,1.8015233858816335,0.9234109021317584,1.6635373715724355,1.0625837211279103,1.1622492626269199,1.1394263138908465,1.3854901512673126,1.3254480344038873,0.0,0.0,1.107100048112576,1.3657902064484262,0.9171353022000788,1.1631705304682862,1.8012913967416098,0.9392142727651962,1.3745301459545767,1.1347304140645968,2.777129119513325,0.0,0.8974982353644085,1.3430831056502142,1.1706712758996314,5.04275573049351,1.501703140092304,1.159235739580305,1.029967879995377,0.9607026735346771,1.61520714516329,1.7468847629002833,0.0,1.383533094589111,4.105143450403764,1.6647774875172165,0.0,1.6540256509488012,2.280783445259073,0.0,2.4554078086793263,2.9036046249508063,1.1913272080098607,1.8718661028966133,1.3583076374507608,0.0,2.026822286482901,0.0,4.135161291788023,2.1285752812201584,1.6627702169010867,3.743062878285879,2.1713850280139866,0.0,2.2582475022134614,1.4435430623266565,1.850318424108618,2.1303963465795976,1.5920444748427682,0.0,1.5737336552480468,0.0,1.2980118371575011,1.4889106981651883,0.0,1.3095998696780404,0.0,1.3457208518623607,1.3234369847342573,4.019758239562534,1.1873368732007428,0.8984432160388578,1.6557784893101446,1.241745411266877,0.0,1.3139438767524987,0.9808192887388844,0.0,1.2948969788797178,1.1289318920027374,1.5252648162920754,1.382599161149725,1.4250857594372974,0.0,1.4584879203597925,4.1006243154115305,1.3346927658025765,1.2743245782475427,3.1115884990180462,0.0,1.3252662961637527,2.001171637718195,4.097157880027978,0.0,2.903952485741548,1.0922057895769441,5.492986357841181,1.4777625521566606,0.0,2.271421646816078,1.2033581930665993,1.0119556415476363,1.2705443576029445,1.2332532239195406,2.0560981423851383,0.0,1.0866574411829244,1.5526039937100804,2.219055926207714,1.054928097072963,3.410074952479221,3.1084370491483444,1.2875942766767305,0.0,1.8424863303597967,1.258471368663877,0.0,1.4601205556057248,1.2332970564337715,1.3048992589914825,2.253301835561573,2.0127372671776627,0.0,2.85694095582969,0.0,0.0,2.652918207029893,1.8008973268083326,0.5004267209616178,1.658410226962289,1.9534159140384637
2024,12,Indicador de Margen Financiero de Operación,0.7451277543444155,0.7232168311100883,0.5626902328508925,0.4685417471090041,0.7684330653541123,0.7751698225217959,0.5156573101191908,0.7947056121649155,0.4596651544402321,0.676044735140583,0.0,0.0,0.0,0.5496069271661561,0.8306962994463627,0.9290377329550661,0.0,0.3470103531911538,0.5667596770940186,0.93683993923999,0.7164523878753533,0.8566957168304142,0.0,0.5618363662020741,0.6748484373680192,0.43631338555259075,0.5843953335196397,0.6269733358282402,0.6642647162169556,0.4987382207046248,0.8889405205009226,0.0,0.7463743510160092,0.6900434003266231,0.501986182717277,0.0,0.6715269398125645,0.601426070924933,0.767596555309031,0.7240242902514593,0.7794256612281543,0.5674199569031035,0.9651481284084319,0.5994325411287326,0.6684470613522042,0.591931487204364,0.7215523800273741,0.6013724192884342,0.7036135798935773,0.5622476824716768,0.5730155133802868,0.67529224537453,0.6587495863346421,0.0,0.0,0.6648303149964951,0.5656234324959322,0.5290683137190084,0.6142399851400842,0.8644347837684954,0.7358016639761656,0.5819890141120528,0.6727106267707399,0.7827040603754677,0.0,0.6451493437886964,0.6530988551075323,0.4369108487147959,0.871390978907425,0.6030610466211725,0.6635632414671903,0.6026879944953296,0.8167955436073541,0.7125599339370995,0.4248561171163296,0.0,0.6077527772617765,0.7871350019821177,0.6137773327535199,0.0,0.6354050300573656,0.7233396513157307,0.0,0.7495657616533183,0.6283128496591652,0.6192796636036848,0.8435351533139602,0.5148539639922608,0.0,0.7783774042625304,0.0,0.9071375125205507,0.6286955046697692,0.6904214095736034,0.8574696679302042,0.8290541528359135,0.0,0.8394362412654226,0.6152221070159661,0.6910205700446895,0.816775290270093,0.6789419063384811,0.0,0.48251623129420734,0.0,0.6101862461396389,0.8320360969599869,0.0,0.7014766868004721,0.0,0.8097028062033947,0.49984625337278127,0.9247429034525612,0.6892828310771055,0.5738836578777476,0.8913057906310451,0.3930335007853956,0.0,0.8163923250932088,0.680013552281037,0.0,0.6578106967657482,0.7829253019488276,0.830152707844392,0.5203637640995462,0.5440893076925085,0.0,0.7951555814380142,0.7640202657437282,0.4901597037788875,0.5129328109356469,0.9199519341157241,0.0,0.5149302574591366,0.7261586041470899,0.8471016352122858,0.0,0.8168188832546047,0.8048396412098511,0.8847603976983905,0.7918070375161089,0.0,0.7252889462240776,0.6056230289656178,0.46977664640844446,0.41632621792559016,0.6121602315329328,0.7210989303239423,0.0,0.6271550646923988,0.775486898578528,0.7014280100489666,0.5065325879227843,0.927453783025793,0.8165181851323235,0.7904297217091173,0.0,0.7071907641451355,0.6655424014615072,0.0,0.7017308725462137,0.41048714631346506,0.6024721608744404,0.832100932561486,0.8555727958978213,0.0,0.6435660381460082,0.0,0.0,0.8309030823786666,0.6556933834344588,0.8759296176070341,0.765798604270817,0.4367931836231106
2024,12,Indicador de Margen Operacional,0.08953576404396273,0.029008046602351078,-0.050218865662474695,0.08200004630638645,0.1759898590841206,-0.0028013987451802674,-0.01820969539391447,0.11605633262500673,-0.07596149567792886,0.12359402553482458,0.0,0.0,0.0,-0.13792347903817923,0.14395756828315118,0.12316747118690499,0.0,-0.0885405883930817,-0.18336658150456575,-0.11561328488461246,0.00601903914527682,0.030911719084904796,0.0,0.18681364048584387,0.03565705559859613,-0.046078131070753,-0.05601634388772125,0.03631377087796578,0.10937002779076048,0.10865954028482173,0.42284862427487785,0.0,0.2713450717342579,0.1226179167611631,0.05490024338179069,0.0,0.035865996243885444,-0.07766378023262596,0.013703350567217451,-0.08289392011619107,0.18819834356540924,-0.10473613225396662,0.31159652984819397,-0.01953662719288966,0.10367373370284863,0.16342653686472183,0.1906238734923455,0.05381003002173845,0.26240895751402343,-0.029538949131958588,0.07533476207037246,0.004364129607470034,0.04927559108081451,0.0,0.0,0.008348936912899861,-0.0884910400721779,0.008116573750367386,0.07192999474452318,0.11000686218393506,0.06751644079028737,0.18168192165959426,-0.11722719908259019,-0.3138515783093571,0.0,0.020955622398632148,0.028964983012937488,0.009450424610197348,0.2555969133740138,-0.1559670229665193,0.20677132666000586,0.06582988440630103,0.021665870871271233,-0.017403283854342696,-0.12040715250173555,0.0,0.018923470240079728,0.15364306603103345,0.0704421424412856,0.0,-0.02351400622974091,-0.06481162834480772,0.0,-0.06023104655080284,0.3078461073481173,0.00612924044395376,0.12180798701389835,-0.05963293766623404,0.0,0.07020460847398483,0.0,0.3628767594377601,0.14713933205676163,-0.03956057432694567,0.07040805232955683,-0.24271171800149194,0.0,0.10692174424273916,0.042085752140367985,0.16387080370084045,0.19358605784585378,0.05898214975363363,0.0,-0.0008444986798637709,0.0,0.10720217199943526,0.005232348110457663,0.0,0.11096408978661272,0.0,-0.0016909922735455156,0.03047153297829632,0.08523275806747319,0.16422275129109787,-0.02965873639657838,0.16819807335571882,0.0026308845694131286,0.0,0.14915299614317307,0.024690270967065792,0.0,-0.09440738271189973,0.12290070171843798,0.2429949768671177,0.15196301012622151,0.03728165012411758,0.0,0.2655123045564357,-0.051343861533310706,-0.04539608032912174,0.05652459758597953,0.17951132877529974,0.0,0.013369513220393654,-0.0411858761754428,0.04787785779146965,0.0,0.08302962334061019,-0.022550129462163324,0.18961921870359125,0.17144329685524412,0.0,0.25625780809396065,0.02566174142905945,-0.011961454601308997,-0.0052237054199722,-0.12373331009664841,0.1434369496337058,0.0,-0.02840207271876949,0.1204888918630298,-0.030629972729278764,-0.5153826878264122,0.09009512380046462,0.16103726927320752,0.06052597327259239,0.0,0.016063159396137578,0.13822812536190635,0.0,0.11372178710890701,-0.10735309637404919,0.013072662411384784,0.034619708571325375,0.055259044457693605,0.0,-0.2340883047156455,0.0,0.0,0.1352312472697363,0.13117793878550926,0.21755451965503037,0.05927101277764123,-0.9063479673822564
2024,12,Indicador de relación entre las obligaciones financieras y el pasivo total,0.0,0.07926552996213714,0.09262398107998566,0.05537373572683331,0.0,0.0,0.0,0.0,0.0,0.027318112051175434,0.0,0.0,0.0,0.008043651293782782,0.0,0.0,0.0,0.09944922251935667,0.16213535636336818,0.17508794252842555,0.0027061102605024454,0.0,0.0,0.0,0.048667564588484334,0.12325268140390287,0.0020978106014749873,0.07142680351629793,2.7533987646294056e-05,1.2300686451058767e-05,0.0,0.0,0.0,0.0,0.004495058380409425,0.0,0.07707677317646283,0.0,0.0,0.02079413821189305,0.0,0.0004558545273678656,0.0,0.064490352665303,0.3166655820826044,0.0,0.0,0.0,0.04680203672879963,0.1264703361300299,0.0,0.1559856508326578,0.05331640081656603,0.0,0.0,0.11693039683134276,0.0,0.023725940138039973,0.0005120358163801972,0.03520184540053635,0.03356276741689584,0.0,0.04274972266909528,0.0,0.0,0.006912997679329378,0.0,0.0,0.0,0.0,0.0,0.006953046308997493,0.0,0.0007837947327110214,0.0,0.0,0.029513510654546736,0.0,9.200205159506374e-07,0.0,0.07142521551734882,0.003300429696648587,0.0,0.0,0.0,0.21755976586491294,0.0,0.0,0.0,0.0,0.0,0.0,0.0,0.0,0.012444181600785583,0.055407975935143704,0.0,0.00041067765911196463,0.05800325386782177,0.0,0.1687059812529362,0.0,0.0,0.0,0.0,0.0797984716449122,0.0,0.0,0.03448342828353558,0.0,0.06112830026640641,0.09689894127888657,0.0,0.08443458985665353,0.2134080006681489,0.0,4.725263701702622e-05,0.0,0.0,0.0,0.0,0.015230858148728054,0.03640158210083221,0.0,0.0,0.03696516679246912,0.0,0.0,0.0,0.09639050947684664,0.29056265002874376,0.0,0.0,0.29092539154413727,0.2059147167675801,0.0,0.0,0.07367748379144151,0.1950229992908554,0.0,0.0,0.0,0.17739775330951726,0.0004335551132406937,0.16988599528519455,0.0,0.0,0.0,0.0,0.03526242688780302,0.012672033735530613,0.12032715263883739,0.0,0.0,0.0,0.0,0.0,0.0,0.0,0.0,0.048383446682804615,0.0,0.024421620062048153,0.0,0.025646375126875096,0.0,0.0,0.0,0.0,0.0,0.15972809884555797,0.0013266597249105663,0.0,0.10258569326481512
2025,1,Estructura de Balance,1.7365941135346623,1.650443550734392,1.4141766117861887,1.3962979856724493,2.0221719027409453,2.40821912794853,1.2575919492336767,1.649410453434655,1.224180040170035,1.2867691404623012,0.0,0.0,0.0,0.9462792223049272,2.3235808549092254,6.152888480857099,0.0,0.9791974528545133,0.9612671629968746,3.989058468152403,1.37821520843452,1.5854086543932049,0.0,1.4888709470059698,1.0969110854967927,0.8847974876741872,1.0915866752263608,1.40138427907097,1.4272352266450221,1.123510927819644,2.6680071339579157,0.0,1.3087633929913336,1.707276336556163,1.3728809499778745,0.0,1.1101349247815888,1.3431118980523897,2.603541604491821,1.1558162674267094,1.3730649970779556,1.3078697292680315,6.869495597507013,1.4659381054360763,2.2179041573689995,1.7483322880155796,0.8096045027413442,1.6630451268015212,1.0547098719800925,1.1810667119239482,1.101395065593073,1.3124226636198346,1.339070976508347,0.0,0.0,1.074786800458614,1.38056379540548,0.8913371175877016,1.1323603441638017,1.7805092735304207,0.9349271340385704,1.3576900088683925,1.0822447077261643,2.568646352883377,0.0,0.8410608648280371,1.3038971367752563,1.1379694069856008,4.638210585863502,1.4758326564325512,1.151679791830567,0.9891111920256757,0.9259056568012106,1.5779638150692885,1.6100984540460286,0.0,1.4211460251642642,3.9897978259370954,1.6942450997226488,0.0,1.6117836893830733,2.206183713232718,0.0,2.463058273807605,2.8047436975150135,1.1830205900853754,1.7580656928106813,1.3647486184581266,0.0,1.998324112965314,0.0,4.131727970959347,2.082644345387517,1.655385655745717,3.774318605871075,2.170410790486029,0.0,2.147251186304683,1.4302349090081041,1.822126320066793,2.086300879756711,1.5977885416341249,0.0,1.5502590638863334,0.0,1.137626026821574,1.5402849100730007,0.0,1.2868362750829405,0.0,1.3242082734901703,1.3209989138932188,3.8162368368170037,1.1791669325797816,0.8709960627687665,1.5461640331129054,1.234949519975996,0.0,1.1936156188691536,0.9539420110300215,0.0,1.318396397822146,1.1568613000590742,1.4973332907357642,1.390914220850076,1.3928352455449782,0.0,1.4909414335639801,4.4536621428210585,1.2974868110284683,1.2714879065669284,3.1797772229404297,0.0,1.3466834384245587,2.0599253322201787,3.8733071738873672,0.0,2.9624545787751857,1.0946280768176326,5.321251428601432,1.4453628840830042,0.0,2.1826695811737435,1.1687962408049808,0.9859774623633049,1.2654074273248894,1.2059031878816018,2.0148357696744497,0.0,1.040358046665268,1.4998406847421037,2.1029839689216803,1.0755165713732862,3.4895644674324626,3.040375871828466,1.3035128187219438,0.0,1.88955652389713,1.2447367237971219,0.0,1.4692564704386606,1.2006428510104739,1.297224531803535,2.261686983209191,2.0694576839176566,0.0,2.8654464580850685,0.0,0.0,2.691064635402518,1.5676822863090913,0.44107609132837605,1.6493596103175834,1.9743251399613861
2025,1,Indicador de Margen Financiero de Operación,0.7687674689088457,0.7395583082427912,0.5908705379829152,0.5091253257801116,0.7945590830220599,0.7954161396473572,0.49393572666215596,0.7630686139350926,0.48836232718406974,0.6696331801520133,0.0,0.0,0.0,0.5503763379496932,0.8284035817732517,0.936057829544142,0.0,0.431583933843008,0.5639856602872255,0.9245614291984716,0.7287947202360723,0.8573584996638055,0.0,0.5561849032447458,0.6554642383001252,0.4302242874361761,0.631869267089624,0.6231686565191579,0.6588191947347136,0.609257903089017,0.8883284856953712,0.0,0.7330027042781054,0.7092031012989573,0.542953174110285,0.0,0.6906742527975506,0.653384594947461,0.7776576996211882,0.7408263044234378,0.7970793962217354,0.6130539478363506,0.9696414629396597,0.6619060698078291,0.7053671992055337,0.6232052788783572,0.6417827002772774,0.652358373667498,0.7215986593400926,0.6021055553075539,0.5826118343958094,0.5878254894602608,0.6489832508704156,0.0,0.0,0.703948549942852,0.5900471951449147,0.5633838302347185,0.6386730351223263,0.8685144427101619,0.7637265929859997,0.8455933555726358,0.678862739375357,0.8152713879398832,0.0,0.6349362022942922,0.6798292467815594,0.48766836041702605,0.8369233752703784,0.6502684045465675,0.5577917890999664,0.6338616550745174,0.8294047783274465,0.7184036698581456,0.48529128848874487,0.0,0.6263755865508558,0.833739900234641,0.6366886816087406,0.0,0.6682321252205232,0.7834201694990846,0.0,0.7597424170841611,0.6544659694715812,0.5897251784094562,0.8129897635031883,0.5817491925964581,0.0,0.7469682536637366,0.0,0.9187414755484097,0.6433043334850805,0.7487419353685643,0.87236351105028,0.8458744394051159,0.0,0.8466951893920075,0.6576576628050338,0.6812504980832006,0.8106140956612831,0.7209935226846058,0.0,0.537016065674629,0.0,0.6034180594258833,0.8029554941451325,0.0,0.7142196093273452,0.0,0.8177672117695263,0.5198447104583009,0.8552341584530609,0.7033769952849149,0.6363908385976017,0.8862803535651419,0.494241373886141,0.0,0.8147645300738218,0.658231184486851,0.0,0.7185002585093098,0.8146742470465757,0.8364272542295016,0.5327680609890151,0.6225748592816,0.0,0.7999973209153538,0.6609617131135038,0.5275804858787428,0.5131205579948297,0.9372719601526136,0.0,0.5061836582027748,0.7093679959944739,0.8668057015865993,0.0,0.8069474015769746,0.7905237847047869,0.9091729637522855,0.7883461802342431,0.0,0.66169098367867,0.6867016697219733,0.49493536492009754,0.5179214405127849,0.6405264466470237,0.7473468520681067,0.0,0.6461696813404441,0.759191344252838,0.7448559170665352,0.48780826055628157,0.9307595082876973,0.8161852836533972,0.8233703113413652,0.0,0.7457621329599904,0.7288520425973247,0.0,0.6539653350382952,0.4324511182822582,0.6563302069483613,0.8457280319434379,0.8682605075473391,0.0,0.6974132635354069,0.0,0.0,0.8338852991793713,0.6736637693138016,0.8923023390269152,0.7464874926106523,0.56399828889161
2025,1,Indicador de Margen Operacional,-0.010998784779665868,-0.7623671258066914,0.10399446667165209,0.045393368130820386,0.24230245139496628,0.16927788271127556,-0.32190149186638833,-0.017572076997096942,0.03390489372156327,0.24502128809936893,0.0,0.0,0.0,0.10252416830588958,0.1534470820632532,0.17718747609253488,0.0,-0.03564764429845158,-0.014492732073782195,-0.43867584194107967,0.017820641168606006,0.0850335660307086,0.0,0.1653063615655739,0.031911848101292245,-0.007863315225704728,0.017705265101379646,0.1638846857066732,0.07261970610305955,0.24228232303426878,0.36913315822212844,0.0,0.25973494786669055,0.08455211995493221,0.0992430331878875,0.0,0.1131726807074539,-0.06314541213042572,0.05517265577388834,-0.04154269424778132,0.3715893680301393,0.1467199590305573,0.10443314973986217,0.09540069825074389,0.2271203341632835,0.41479501826633575,0.27432944723086206,-0.17645863451051072,0.26664725087161334,-0.03318274959647166,0.21545772143035208,0.06475711315740522,0.18143132482504767,0.0,0.0,0.1485341489067124,0.015553810704625297,0.04528455677351888,0.03326405389435455,0.08294498653003064,0.17271015219935879,0.5542148120505077,0.18311483821941488,-0.22017423179253673,0.0,0.007954819318616396,0.03635903787817723,0.2228124005075782,0.12462589190559743,0.1593198321963647,0.13592417207100355,0.04127303314282323,-0.17600231102276243,0.11337892869635877,0.10358377327302744,0.0,0.016277770384317068,0.16157425931732194,0.2172272010704899,0.0,-0.11033327685386467,0.18747048597877325,0.0,-0.0232968406064296,0.28887465704156284,-0.36449891954854424,0.2540579518632629,0.04626807618146074,0.0,0.28272273015189253,0.0,0.16579043938076643,0.2025904890052189,0.2149297008704196,0.3456453484758454,-0.8653731840080691,0.0,0.3697727462780419,0.30245341074518883,0.1317220370905475,0.04564169817915191,0.11685419774431219,0.0,0.11815855277648256,0.0,0.25242377456378445,-0.06551384507034955,0.0,0.14704652553469436,0.0,0.007952276559605863,0.03591436969279397,0.25639019646070926,0.060154632750695436,-0.11161296822697346,0.6062647925118863,0.068259249824448,0.0,0.36194871483229873,0.153739607872991,0.0,0.3220759697868239,0.23434791423166865,0.3914499630702267,0.2205207872342285,0.0692423073198859,0.0,0.4279573825455249,-0.10283212672196143,-0.013508794850841867,-0.12175374218529325,-0.7170190606061686,0.0,-0.004309369937190378,-0.002367099200413347,0.15942129369270283,0.0,0.05651209908764686,-0.005038777345878602,0.26229131788198157,-0.03396362706059549,0.0,0.06842755410932913,0.09446925936225599,-0.15637440076276232,0.11108318975649226,-0.06268686703820768,0.2744715771514863,0.0,-0.000973572482758083,0.08989008320227149,-0.0003219901206508409,-0.18916153336882227,0.035892030544087385,0.2242846469439916,-0.04429141111676129,0.0,0.00029727887512654523,0.353713240578984,0.0,0.03373963009084375,0.05345108240012529,0.08785288569393664,0.04798376807918683,0.13103408248206394,0.0,-0.23714400112519282,0.0,0.0,0.22703498428334307,0.18980501830109395,0.3784721898843859,0.326196029505448,0.008930082823143002
2025,1,Indicador de relación entre las obligaciones financieras y el pasivo total,0.0,0.052368102482104086,0.07879659117493001,0.05273876162835492,0.0,0.0,0.0,0.0,0.0,0.026093740295849734,0.0,0.0,0.0,0.0076381731246820605,0.0,0.0,0.0,0.09062663328794357,0.1560433561664823,0.13725882507072582,5.768916152304739e-05,0.0,0.0,0.0,0.005165530072804854,0.11685959135148791,0.0019707220355558116,0.06669759460355618,3.382944334302022e-06,9.08658906422064e-05,0.0,0.0,0.0,0.0,0.004287391983272678,0.0,0.0724510445447313,5.901548301678102e-05,0.0,0.019863042380267478,0.0,0.0005431715974162787,0.0,0.060406541721176994,0.30812887181514814,0.0,0.0,0.0,0.0449646193361705,0.08215658750969838,0.0,0.21767907575115614,0.0512575635686479,0.0,0.0,0.11027559990134872,7.332993278201582e-06,0.022436118150122714,0.00018881495603934083,0.031234093910038035,0.034470826995587144,0.0,0.03137109953893643,0.0,0.0,0.006146117070950649,0.0,0.0,0.0,0.00013386929733605243,0.0,0.007282358340030069,0.0,0.0006085139124585621,0.0,0.0,0.0,0.0,2.82484899992238e-06,0.0,0.03900303023890243,0.003273432832113258,0.0,0.0,0.0,0.2303764752253578,0.0,0.0,0.0,0.00012680799991014906,0.0,0.0,0.0,0.0,0.010441583432450868,0.0,0.0,0.0,0.02236268938502356,0.0,0.13127779431522976,0.0,0.0,0.0,0.0,0.03956877345718268,0.0,0.0,0.01240825315738154,0.0,0.04303627306710675,0.09304819039649466,0.0,0.0792906002297186,0.19757978123414757,0.0,5.522955223626913e-05,0.0,0.0,0.0,0.0,0.013256770177655901,0.03676936133873162,0.0,0.0,0.007946561097211351,0.0,0.0,0.0,0.09242788807936661,0.2822003376868824,0.0,0.0,0.24925892265321736,0.19538831050604888,0.0,0.0,0.07002257449893219,0.1973513519601925,0.0,0.0,0.0,0.17178067908711614,0.0004060295814492671,0.16614038961504757,0.0,1.2856973340397435e-06,0.0,0.0,0.012941084441591635,0.010039212423877656,0.06799259797164407,0.0,0.0,0.0,0.0,0.0,0.0,0.0,0.0,0.04639128887388091,0.0,0.020613696506361995,0.0,0.024945001391178723,0.0,0.0,0.0,0.0,0.0,0.16563701295014968,0.00436609248239106,0.0,0.1007000044094328
2025,2,Estructura de Balance,1.6396389147412485,1.6650449320787555,1.3925290039421858,1.3919247416181775,1.9860439933067984,2.2306126561817847,1.2369146941957316,1.6143438355727022,1.1825312046522045,1.2804211234321177,0.0,0.0,0.0,0.9198525252559,2.376981308874978,6.000052286800206,0.0,0.9864142101807403,0.9490445082753438,3.9092090793000502,1.3677293589804442,1.5830234454154954,0.0,1.4662940635601023,1.0985749108521188,0.8869912209954076,1.0811859210765462,1.3952822076289653,1.4060898926444112,1.0930709675117265,2.6247953471143646,0.0,1.2955843654471118,1.7279665067150023,1.3685796135487476,0.0,1.118417589611041,1.3784777780632533,2.699718550206646,1.121138311955691,1.377401248796996,1.3877563317381603,6.868848531948621,1.449748335292999,2.190478135821095,1.6557614128433353,0.8060219029456294,1.6095533007637723,1.0384430130300477,1.1829442283589409,1.0787533950864605,1.251250886433634,1.3168568604923936,0.0,0.0,1.0458577609882271,1.3857756031195563,0.8877230116373969,1.1144070586368384,1.787250044783597,0.9493903804146263,1.3581616942346626,1.1106811434027095,2.606360406567627,0.0,0.8157524244388016,1.272125318001695,1.1281911326617584,4.297172445583104,1.4946542010941695,1.1236656076945035,0.9765012194270023,0.9167012075503435,1.60036503277456,1.6910703631372486,0.0,1.4652344252513312,3.906431796033588,1.6902403834948443,0.0,1.6543813243984407,2.184270909752939,0.0,2.45962778889612,2.881075255954825,1.123734899780237,1.7693069660305014,1.3444717497813248,0.0,1.9897973506715512,0.0,4.122648716482231,2.07008748909917,1.6493685830003932,3.7478710190486533,2.1113561235957232,0.0,2.181053303091855,1.4192454198278062,1.8240380185399407,2.1033783183041295,1.5990775065917417,0.0,1.5597081056477136,0.0,1.120657683247506,1.5589120126147953,0.0,1.264362838839861,0.0,1.3382840020029634,1.307845026068942,3.80476276519583,1.1601099963042099,0.855755010464547,1.5304049064760776,1.2075579985653704,0.0,1.1361724935006972,0.9262110291936217,0.0,1.30533069204557,1.1683091590831758,1.472680702173845,1.3707171559231786,1.3738484923623735,0.0,1.4751549834066247,4.6458887554334165,1.325434092817093,1.2380336537031005,3.328029686237333,0.0,1.374962213187345,1.946630997172108,3.880085997317147,0.0,2.9163626016277586,1.115765396882284,5.53452324093094,1.4603847659717222,0.0,2.154316079406966,1.1560832822307539,0.9943637808401085,1.2779489086987375,1.2258403070446824,2.011548165505331,0.0,1.0334925550439138,1.5715969905029812,2.1243701136039252,1.0539302744061754,3.426187269225933,3.04766595341865,1.3210661370579606,0.0,1.9052785942892114,1.2585675116180997,0.0,0.0,1.200716148867964,1.3090399615567752,2.271130058280157,2.139088168452226,0.0,2.8292545595979166,0.0,0.0,2.7258738463617953,1.5810446986260982,0.44830454052774094,1.632869471722622,1.9404538822922897
2025,2,Indicador de Margen Financiero de Operación,0.7609819173111484,0.7469565988768468,0.6135690229381344,0.5123146649513862,0.7735559065700205,0.7911897016219707,0.49685656789216814,0.7684493396067963,0.4956162743772406,0.6714105290520823,0.0,0.0,0.0,0.5523576925694345,0.8268448907375492,0.9360109117929358,0.0,0.4441566422203663,0.5899945423476904,0.9179368665897908,0.7379341274184839,0.8600128080465453,0.0,0.5563624293905238,0.6592153954243226,0.47010997946421806,0.6489743003264536,0.6047240569062236,0.655920468724757,0.6033156643475657,0.8887235676805976,0.0,0.7442672688566884,0.7108566310195196,0.5650183837347597,0.0,0.7052348989811171,0.6706949132813123,0.7960721624966643,0.7432333963651336,0.8053398247298259,0.6334410896232016,0.9652120724878149,0.6499310655585123,0.7129368578812384,0.6357317116770791,0.6345662968889055,0.6750095744952523,0.7250546173956275,0.6083169756143654,0.5898785776589649,0.6510584756818326,0.6512215459870885,0.0,0.0,0.7103965841300106,0.5971292082279601,0.57379519203006,0.6424160576150021,0.8739249292502166,0.7860725822786137,0.5956506293987845,0.6940392292197611,0.8107178623458684,0.0,0.647314072985861,0.6668990676198082,0.4889115966799621,0.8331468421461581,0.6600810253731796,0.5464603164922662,0.6523406882331961,0.8294244975117895,0.7371402153884515,0.47176883448333673,0.0,0.6077481423577006,0.8311769001363676,0.6596746163619107,0.0,0.6547411893620474,0.7797686781084889,0.0,0.7605742559435503,0.6710741429615281,0.579308970915352,0.8095587317440699,0.6095789606083465,0.0,0.7632401976953439,0.0,0.9217927694984928,0.6424340435625391,0.748577252903883,0.8768014264473998,0.8581623307351138,0.0,0.8427370762461815,0.6705051503167417,0.709187676596645,0.8145201785694278,0.7212858048634778,0.0,0.519541322010679,0.0,0.6032997037446757,0.811330400682298,0.0,0.7299022564671765,0.0,0.8174191605261968,0.5439448483537567,0.874381002899966,0.700023137432991,0.6506306020573834,0.8876009610438408,0.47832501684254913,0.0,0.809093531315819,0.6759621756894337,0.0,0.6986095042217212,0.8187033676510567,0.8336931054637414,0.5365582656713899,0.643509846735414,0.0,0.8309438545421667,0.6805388653082726,0.5276772721292031,0.5144532465676162,0.9302310809538292,0.0,0.5522417369182305,0.6940327961558114,0.8758576974836321,0.0,0.8139077852092013,0.7966121470700201,0.9136023772839458,0.7880958274596701,0.0,0.6918894923563945,0.6863616970113936,0.505286831988322,0.533409776758786,0.6438086563262194,0.7568453498832788,0.0,0.6426948536974868,0.7606439934713107,0.7546229347501984,0.49427459502766624,0.9340775007969504,0.8226398478882953,0.8228735123552053,0.0,0.7577964575547305,0.691098524655864,0.0,0.0,0.426896482357648,0.6789317777718701,0.8516255132822811,0.8711413811033716,0.0,0.6992661389089818,0.0,0.0,0.8583379616969574,0.68213469327867,0.8961711961794322,0.782677770838838,0.5783521847839251
2025,2,Indicador de Margen Operacional,-0.018523195360270733,-0.27358388850279025,0.02601548409042925,0.09731689571354746,0.08182733330758858,0.24117803174908642,-0.17907146764584686,0.025819345902593764,-0.013006984703373066,0.029486913453997576,0.0,0.0,0.0,-0.09394582611703693,0.15885944158507323,0.15106568544194257,0.0,-0.04657347823936655,-0.10051079239491122,-0.7899058245112158,-0.0028819020352968956,0.06841532738639078,0.0,0.1911049433914333,0.0035488331736354415,-0.02451500149640095,0.0264841142449249,0.05742600914647521,0.1538410498231454,0.24782806591169199,0.38352851690773915,0.0,0.19085079905231261,0.10645191986459479,0.10866913343599295,0.0,0.11931607382464976,-0.04899450559446211,0.04126376625519299,-0.19847204408834165,0.31016093560411795,-0.06148229279968006,0.2121358765041695,0.09642648726939566,-0.07348061170542172,0.3146810322992954,0.05870104487115295,-0.0719449776313317,0.2845530464587036,-0.027695689078006108,0.16463204760197256,-0.06895325859015436,0.19748832122901824,0.0,0.0,0.04288833107253747,-0.002029267484964629,0.03790701620645414,0.07658702833398413,0.05499774087754548,0.1335011857779745,0.23671603652266532,0.07827641220740052,-0.5766144459180892,0.0,0.019667789948555628,0.0384211013446381,0.07619517416746968,0.12956791398051282,0.03790776561688431,0.15935174166988786,0.1065691455161561,-0.10244226377796892,-0.02710590186985069,0.09112707626552564,0.0,-0.01421176662042381,0.10423119503891545,0.2357122626310996,0.0,-0.05115443421278284,0.08424840550597992,0.0,-0.032271270722608394,0.334737653652417,0.008590069473629867,0.15540551576622405,0.09125993946902594,0.0,0.2010686427624349,0.0,0.2211114976921559,0.21904936069917946,0.056642130295458,0.2209111150222186,-0.6975062340823164,0.0,0.21917657182934108,0.09503913256892174,0.1852544904564698,0.0665278493795829,0.1388415214374442,0.0,0.11075566462665569,0.0,0.1439442889877779,-0.12223027718313935,0.0,0.0002915266785905408,0.0,-0.0078120393011155715,0.0435974869588135,0.1383520193076276,0.11927715954841457,-0.057696786888122326,0.5296321847904298,0.026960027899994837,0.0,0.2938674755336796,0.14235845686328943,0.0,0.15979070266394216,0.18392823814269824,0.4052802237219384,0.186262337123167,0.019954793184916653,0.0,0.3646718931045344,-0.3183458192157162,-0.0008188924966007028,0.03978975886158092,-0.42541197318685514,0.0,-0.17515685733705647,-0.08187419876968509,0.056677274184913064,0.0,-0.039866341322061884,-0.006494898891989543,0.21067113486845807,0.1028800588371846,0.0,0.26898492819437864,-0.01726839197247365,-0.1535487259013478,0.08647081856084386,-0.2802794829068371,0.18321786769404846,0.0,-0.025053348085052215,0.08601556944020476,-0.0017373372920906195,-0.2617116585097926,0.08870152082406957,0.20208472106571224,0.12525613203775063,0.0,0.11540519300085476,0.24437601054043434,0.0,0.0,-0.02354274239806744,0.10674268889428923,0.018770635514921585,0.046610683381842995,0.0,-0.14131439395467063,0.0,0.0,0.15086838218157245,0.21855073254900206,0.28692864812992586,0.32495130317061394,-0.2566535902433516
2025,2,Indicador de relación entre las obligaciones financieras y el pasivo total,0.0,0.028819067144355035,0.07199236134417311,0.06387360726777701,0.0,0.0,0.0,0.0,0.0,0.02502253896144601,0.0,0.0,0.0,0.006992810935121545,0.0,0.0,0.0,0.08550027521634768,0.14931225921398483,0.13771715685170505,0.016175240512474383,0.0,0.0,0.0,0.004081943744155948,0.11154180790840255,0.0018107733718367562,0.06302778462575524,1.567129396261365e-05,5.350021164231361e-05,0.0,0.0,0.0,2.5584210862797743e-07,0.004126647470349892,0.0,0.06895466617756041,0.0,0.0,0.019056286924313513,0.0,0.0010541936720396409,0.0,0.057059905040470635,0.29394731459437556,0.0,0.0,0.0,0.04194003665267483,0.0720566017898089,0.0,0.20548116314593476,0.030795610807419063,0.0,0.0,0.1005112788371382,2.6679256971791003e-06,0.020961002021297515,0.0001665515642796225,0.02810524974422533,0.033408589213990966,0.0,0.03236046414624107,0.0,0.0,0.005535880699254858,0.0,0.0,0.0,0.0005722299025587738,0.0,0.007456372597746187,0.0,0.0005861581642497091,0.0,0.0,0.042424049229186724,0.0,1.6578662754363916e-06,0.0,0.036623130753180834,0.0032565397456813163,0.0,0.0,0.0,0.21264413285845152,0.0,0.0,0.0,1.6806191916297153e-05,0.0,0.0,0.0,0.0,0.010221464107860078,0.0,0.0,1.5159422062514219e-05,0.02116608197175333,0.0,0.12204927303205701,0.0,0.0,0.0,0.0,0.0,0.0,0.0,0.011887315838169883,0.0,0.01949867094016696,0.09291461950372089,0.0,0.076228192689895,0.18593151476397957,0.0,0.0,0.0,0.0,0.0,0.0,0.011500575365707602,0.037219327606153964,0.0,0.0,0.004681322310692913,0.0,0.0,0.0,0.09192302748974739,0.2948860378230486,0.002744217591220252,0.0,0.23100191915447726,0.17568598300175392,0.0,0.0,0.06732999736225714,0.2054187508657013,0.0,0.0,0.0,0.1656168180754,0.0004157836745264536,0.1612752022813556,0.0,0.0,0.0,0.0,0.00037662071802599655,0.008242055491427237,0.06700473606449181,0.0,0.0,0.0,0.0,0.0,0.0,0.0,0.0,0.0,0.0,0.017240429005586484,0.0,0.023726014074127243,0.0,0.0,0.0,0.0,0.0,0.1529866861194748,0.00419474358120886,0.0,0.09674581221472937
2025,3,Estructura de Balance,1.5504855916599982,1.6733016240454905,1.4125820961589173,1.3790248090311494,1.9639405803138918,2.1367054747158725,1.2922038121554449,1.562127672966777,1.0736324425856902,1.2626009670701213,0.0,0.0,0.0,0.9252606808572432,2.329381364369825,5.799894734592162,0.0,1.0147121480874353,0.934254383339495,3.7389170741747195,1.3697025889230068,1.5893497091540458,0.0,1.4239374523351953,1.0893496177538322,0.8861148921232571,1.0534116467623238,1.4130324116725792,1.4221985144388358,1.1147510458723744,2.582001793308906,0.0,1.2720855916295135,1.7219268332987718,1.3781383127209432,0.0,1.110324410038344,1.383184232347919,2.6434016258321535,1.1232497589957504,1.3612164827898037,1.4013959057857728,6.606510061866709,1.4674843246225682,2.2741286036805635,1.7050016430620032,0.8637308912410427,1.650506151226888,1.027857370150966,1.1953146416018736,1.0876853399397577,1.1851004329927712,1.2973513703243664,0.0,0.0,1.0127273843121838,1.3943491496257021,0.8871262589854813,1.0989910525380127,1.8077974021687653,0.9310856743417822,1.3885605236706227,1.1148756557913277,2.437410116726796,0.0,0.796629780809464,1.236609279783867,1.124451821325288,4.135892757476417,1.4350167098355702,1.1130411768880655,0.9577865977856704,0.9054493248902391,1.626168233225152,1.7169440471392907,0.0,1.4645495587881026,4.266491379992389,1.6822791544088955,0.0,1.6453540046182453,2.1761044339835975,0.0,2.4435104062645405,2.8302438924385513,1.1542924724002355,1.8163569977677632,1.329955975750941,0.0,1.997991995836565,0.0,4.058695823003312,2.099784389062147,1.6491031211005351,3.649726284942457,2.0555859286536435,0.0,2.108609535359449,1.455299429435174,1.8156731379784463,2.0655042080453074,1.5887125946642147,0.0,1.5518658788027295,0.0,1.1292970115925667,1.5273163658973368,0.0,1.2748628348201936,0.0,1.348573041133388,1.2942885295564954,3.775119067432728,1.1405635508256957,0.8568940295370954,1.5409538176827156,1.2160711782747777,0.0,1.1729453394445242,0.9031752126044953,0.0,1.3164654261021775,1.172720544120036,1.4203314932547537,1.3628642436697935,1.3638827104355986,0.0,1.478593934894203,4.431753725724077,1.3221391080647784,1.2421821843418481,3.221894005157911,0.0,1.3747539263152697,2.0856587509045963,3.9431526283781952,0.0,2.9143782108275453,1.1490002113458997,5.325043135739528,1.4234816314302488,0.0,2.1564465853013535,1.1668545894229119,0.9973538655516242,1.284588887644947,1.2264834670150928,1.987143808304949,0.0,1.027773415407946,1.5452263274405689,2.103596218424134,0.9928469242647687,3.4060371262584703,2.8862311863720214,1.3095972844858583,0.0,1.931790123394393,1.281252696301835,0.0,1.4310262323296643,1.2033870103364284,1.3199271722378363,2.2418835392869023,2.042456657929578,0.0,2.775241373137234,0.0,0.0,2.754928905523378,1.6149505112514504,0.41930676937427463,1.6022028386400413,1.9779360541143125
2025,3,Indicador de Margen Financiero de Operación,0.7549667038153577,0.7500482783551263,0.6035540435622352,0.5148659121947672,0.7791008867103337,0.7857395943806814,0.4879927681823311,0.7575884181181843,0.5001257088095267,0.6662358698143979,0.0,0.0,0.0,0.5519521675730142,0.8289876851968281,0.9326956758606098,0.0,0.44186347043976865,0.5799233587861594,0.9130358174215586,0.7331000948946104,0.8585285047187123,0.0,0.5586137322073947,0.6577630118856999,0.467735516920354,0.6395656212177413,0.6047245079923487,0.6597717346157304,0.5996906705389721,0.8886440188776067,0.0,0.7361782799518442,0.7122341837386837,0.562908780721913,0.0,0.703293745355464,0.6626007600817608,0.7968652342936274,0.7401743078645233,0.8024199213088845,0.6411801176673848,0.9645369141388193,0.6364321553894368,0.7188673265566087,0.623395556408757,0.6123967095758432,0.6666308461420493,0.718368665049088,0.6122452425819329,0.5763574625415866,0.6437846306040678,0.6517302619028292,0.0,0.0,0.7120075090572112,0.5967439219892966,0.5671910565116953,0.6378393039797037,0.8698257270453709,0.7870097042517061,0.5684522074180729,0.6915424894540926,0.8105502959555763,0.0,0.6469984231474112,0.6626131664818514,0.48479718285028595,0.8296188806289625,0.6495779131982464,0.5310598561665577,0.6350743553046279,0.8310697839063734,0.7398897183900417,0.4608327627050086,0.0,0.6131833699463508,0.8265328782744805,0.6478139644852009,0.0,0.6595411977412688,0.7846316347001742,0.0,0.75925124148283,0.6701033201915707,0.5745715558239934,0.8090875875001279,0.6017492534093829,0.0,0.7612032259435288,0.0,0.9219195361392828,0.6431340140920896,0.7482117614650367,0.8737711383652836,0.8566932037896579,0.0,0.8422884239634029,0.6744872012197927,0.707925103308241,0.8118581816543143,0.7230642979872208,0.0,0.5199435072269456,0.0,0.5859243362782997,0.8174592406030701,0.0,0.713252281139361,0.0,0.8124984483812387,0.5592482307355234,0.8861972964060559,0.7000602608542488,0.6371968358856254,0.883056416201636,0.4769707849341816,0.0,0.804898970846724,0.6658728469196595,0.0,0.6852118091348489,0.8108863572617753,0.8303955153825239,0.5402890949740341,0.6334130224239717,0.0,0.8239152125076037,0.7108467292334083,0.526140528598046,0.5102393609319424,0.9325550988426814,0.0,0.5543076000676228,0.6967792282571774,0.8683051236800162,0.0,0.8225837892866282,0.801877472592206,0.9134501511123552,0.7890371672443671,0.0,0.6928773179078916,0.6934434658568215,0.507486610086242,0.5234382376310517,0.6459157060892282,0.7544086519213997,0.0,0.6428999331987962,0.7613146762814587,0.7678345235461286,0.5000569607332701,0.9350543702488635,0.8182834952563258,0.8258373304909818,0.0,0.7519363083504624,0.6963559126707762,0.0,0.6780668916603122,0.4369745102637627,0.6788328216126562,0.8502857290291178,0.8718295436108034,0.0,0.6986155205761752,0.0,0.0,0.8561391832457879,0.6698754778226079,0.8925432245904459,0.7690186950667423,0.5859821972463561
2025,3,Indicador de Margen Operacional,0.0017926141527018057,-0.2853634595050922,0.025153712107105018,0.1213279995940346,0.10171674392381874,0.15059037840122932,-0.2290118363895175,-0.036065612299326325,-0.4567363166624096,0.06634678109433666,0.0,0.0,0.0,-0.11418751951452735,0.1861107042406019,0.1299375084975553,0.0,-0.04760139662241766,-0.1050156624492053,-0.5698209573364444,-0.025954749247609443,0.05687992875767456,0.0,0.1296062652834651,0.007862190794750371,-0.021500189597849176,-0.013440705854794581,0.03426565262533876,0.1676859656217828,0.25775575776406084,0.35018084587101406,0.0,0.06715098105932196,0.09605444972743471,0.07412808360804016,0.0,0.09844905009262021,-0.07860779854118427,-0.005042600261714797,-0.2345229787586351,0.27828738403998393,-0.0502464710503111,0.2133558770482599,0.08918017529304151,0.108848382806075,0.2812836596017187,-0.047465245414771554,-0.04368749515324726,0.28948343210696725,-0.02892771073517933,0.08132153336048344,-0.12516985941937278,0.13137262740068856,0.0,0.0,0.008164572870967978,-0.026304124872160793,0.031859109970435624,0.05015769663965083,0.034389965640677506,0.12603550593108334,0.19310927205205328,0.043641180006061014,-0.28624436908713746,0.0,-0.03350599501209964,0.040433219798485916,0.05881159283389667,0.05222209621240632,0.0578720312457816,0.06509793055696143,0.055598001272781035,-0.09805036816841348,0.025305542916553854,0.03268232027506815,0.0,-0.04581377880891446,0.10089883324114483,0.17802678711414374,0.0,-0.049395026995716275,0.04318800653397689,0.0,-0.042359682186250955,0.31743910976488376,-0.061818395495215755,0.09839066093124212,0.009173596656625073,0.0,0.17593154644089584,0.0,0.3436297045102033,0.19149980127570235,0.02722568073183909,0.1258204215953521,-0.6900100785336459,0.0,0.18656804750193656,0.059703347941536346,0.18354790529751688,0.0640649699121177,0.14965906809929969,0.0,0.1085975965881196,0.0,0.07476973333706705,-0.08473561706329091,0.0,-0.043200236409368736,0.0,-0.03784734619750099,0.05010666005303864,0.02380935983367,0.16899723289258362,-0.038452172434222866,0.43203312447571485,0.02004485623006468,0.0,0.26700684790288826,0.12852093265625486,0.0,0.11783482632346182,0.17864182965104997,0.2899071852157568,0.19398765235339266,0.06653574384321154,0.0,0.2874366241411331,-0.6529884482901054,0.009962706129991767,-0.1146387806539315,0.18424810327490956,0.0,-0.0814280300020649,0.03973629978051799,-0.0210563732006008,0.0,-0.10255591570364057,-0.012942433183446189,0.08299380581519435,-0.06876785934534235,0.0,0.24202657422407614,0.044023906048579496,-0.10201241792192113,0.07031728278648047,-0.32578706410839603,0.17475536736150366,0.0,-0.031115842228912095,0.08780552067183273,-0.06357704572074219,-0.3017555240046647,-0.03929704103959467,0.13906118931643294,0.07743494569573783,0.0,0.06255267585705854,0.19195273566595536,0.0,0.06908226856643357,-0.03853215831389721,0.08794070342084517,0.014313639895582318,0.04517704341298938,0.0,-0.11174255298876168,0.0,0.0,0.1591027840838279,0.1971181798317454,0.2507757340097228,0.2929244625615378,-0.34157318334458886
2025,3,Indicador de relación entre las obligaciones financieras y el pasivo total,0.0,0.02394885946531106,0.05923789508684413,0.07762471873253465,0.0,0.0,0.0,0.0,0.0,0.023686015181838608,0.0,0.0,0.0,0.007659187735845467,0.0,0.0,0.0,0.07305549587077564,0.1432659402889085,0.12913431552838542,0.022428002385621048,0.0,0.0,0.0,0.00290745999967618,0.10301846345654908,0.001629295432196596,0.06174099037316385,4.6504766457509655e-06,3.0171487569278293e-05,0.0,0.0,0.0,0.0,0.003960448368432713,0.0,0.06433494952614593,0.0,0.0,0.017401522860742053,0.0,0.001270252746397689,0.0,0.05398547796982516,0.24269350116604582,0.0,0.0,0.0,0.033475423647360725,0.06380337443176642,0.0,0.1770035096027746,0.029139373348857106,0.0,0.0,0.09372006494925447,0.000165481071758064,0.020132518398387304,1.251990094494272e-05,0.024066950147763052,0.03284409133735175,0.0,0.03795391611505204,0.0,0.0,0.005176984589118654,0.0,0.0,0.0,0.00012349456491365574,0.0,0.008104928971151506,0.0,0.000576627162970613,0.0,0.0,0.04101453284828827,0.0,1.2856803131810012e-05,0.0,0.0,0.003167834407185006,0.0,0.0,0.0,0.1874116888498429,0.0,0.0,0.0,0.0,0.0,0.0,0.0,0.0,0.009406720168726982,0.0,0.0,0.00014231286766841378,0.020749139844295605,0.0,0.1084760947351614,0.0,0.0,0.0,0.0,0.0,0.0,0.0,0.011435796114425564,0.0,0.0,0.09995344120660132,0.0,0.0704643385373115,0.1781116880069128,0.0,0.0,0.0,0.0,0.0,0.0,0.027328791743667556,0.03636120623810646,0.0,0.0,0.007292229743437289,0.0,0.0,0.0,0.08646917779637159,0.2902898671796663,8.42378716409591e-06,0.0,0.222395870549166,0.16747938222845918,0.0,0.0,0.06358120824552213,0.19092346439208163,0.0,0.0,0.0,0.15579446158187024,0.000397982747965312,0.1559848567942786,0.0,0.0,0.0,0.0,0.00018497307160262902,0.0058141911144672515,0.06410751191775511,0.0,0.0,0.0,0.0,0.0,0.0,0.0,0.0,0.03890498221386417,0.0,0.014376797120301935,0.0,0.06615441076283561,0.0,0.0,0.0,0.0,0.0,0.1687507089716262,0.0023077976145954963,0.0,0.09236616602230459
2025,4,Estructura de Balance,1.5480785959074523,1.6591004073206301,1.425412303332636,1.373389070892589,1.9773194479503635,2.0640458367732837,1.2284349428632892,1.5417547030965237,1.1180377254157825,1.2662185987987191,0.0,0.0,0.0,0.9174681075162053,2.3491275404938246,5.767390680785863,0.0,1.0164319724404736,0.9273650601244209,3.593516028424303,1.3543016619918982,1.56855266348875,0.0,1.4182089327247993,1.0878191343798205,0.8749004419144709,1.0461736300446571,1.371123459509071,1.4465290564456985,1.0573805160997753,2.582377433523116,0.0,1.2323227627650557,1.725056418080994,1.3938105756819152,0.0,1.1098018925070658,1.36743574495526,2.4843397592081637,1.1303969487287282,1.366617361140033,1.3936529278873988,6.824214658552109,1.4956987075072463,2.30095716350819,1.7183133051867234,0.9025961728021462,1.5674674804129758,1.0086152118340657,1.1990923817896355,1.09067389062175,1.2335459913519629,1.2919001688124219,0.0,0.0,0.9961930669283054,1.400232255872566,0.8850677818575093,1.0877446428217654,1.7836187088965096,0.9238735144368143,1.356074930602483,1.101250912632599,2.829098676766511,0.0,0.7968132416969008,1.2277338998272973,1.1351882893017013,4.160135952366607,1.410643409165086,1.1481815610038515,0.9469234528285617,0.9334739674472148,1.6326160423477958,1.743607796817289,0.0,1.447768541928921,3.9949810289166376,1.6912225545547843,0.0,1.6374290199926191,2.16951730143497,0.0,2.460358748443747,2.8197055901104195,1.191093353093623,1.8397771656068715,1.3279956745115988,0.0,1.9696532304397742,0.0,4.122659341522373,2.080650990899292,1.530494102177823,3.6357257345712326,2.0378489016465213,0.0,2.0410350142968876,1.4170839041521137,1.8323596239785023,2.051248761249382,1.6018820740969004,0.0,1.5573655223110403,0.0,1.1261164780483328,1.4901470359077604,0.0,1.3272936785296232,0.0,1.3613274878611885,1.2869655299249698,3.9919980193112727,1.1188882632920034,0.8636401082359491,1.56462729959555,1.2244357903547327,0.0,1.1869594295679247,0.9097356947742149,0.0,1.262980118339517,1.1768961432495801,1.417829276589915,1.3672417883879886,1.3790709682999778,0.0,1.51581508189415,4.563273478459004,1.3151035613108055,1.2275026049736406,3.2163856943317968,0.0,1.4465708015677143,2.0199092452876135,3.890768517216935,0.0,2.763737651758556,1.0845434267087053,5.340348835584028,1.4291965580692674,0.0,2.1171439478753813,1.124441315819671,1.0187007653609357,1.2845783300616067,1.2203486122175626,1.9907334915444062,0.0,1.0118300232724566,1.5549052366678546,2.0794009753662706,1.0033674468931788,3.3109019539966194,2.9257645427010677,1.2526962327279567,0.0,1.938476388682684,1.2595401167014477,0.0,1.4674647446343903,1.1957075954288894,1.315353658141014,2.2676232451746943,2.0271952429614752,0.0,2.6000193809870877,0.0,0.0,2.7226024699262363,1.5564040975744105,0.40032290611008536,1.6127291253418323,1.9815863663985434
2025,4,Indicador de Margen Financiero de Operación,0.7476631281354329,0.7542094221658053,0.6126686162150016,0.5116714514615308,0.7813060203467087,0.7815886801543064,0.4874458378805362,0.79500496312659,0.4994126818495925,0.6688708544307442,0.0,0.0,0.0,0.5511788972748936,0.829304115802609,0.9330126569351999,0.0,0.4523401143013838,0.5758250043473704,0.9101558648830831,0.7304099341209274,0.8574539054782734,0.0,0.554421749191709,0.6571443328211167,0.47996623938713534,0.6409052507156086,0.6092208374926144,0.6623605600560847,0.5981490045548714,0.8880363967082201,0.0,0.7279320123279142,0.7141815987977689,0.5653876821660736,0.0,0.7049454988192725,0.6605078024610873,0.7978048480545712,0.7416651797222894,0.8020990585653144,0.6481001723958324,0.9618414439212818,0.6442733118575243,0.7224776676949163,0.6197225791994864,0.6054255092579245,0.665511948632191,0.7167286272531651,0.614048825916818,0.5718573093307919,0.6804942586272159,0.6550421154551923,0.0,0.0,0.7113925405426546,0.5855756957567658,0.5694143878002563,0.6352936680831865,0.8681230566929616,0.7907741282838856,0.5619790892150711,0.6920571977173139,0.8218695894687537,0.0,0.6449372869543816,0.6584176452035538,0.48385400293641434,0.8288388983763001,0.6467983209851734,0.5341574782993367,0.6304489073003298,0.8321447249462989,0.7437223781100311,0.4576867128305239,0.0,0.6137874712585717,0.8218977601588754,0.6478195174206555,0.0,0.6596181354918935,0.7840830301484083,0.0,0.7593893252520264,0.6691263881831262,0.5754853797368863,0.8080202904755459,0.6161577542244903,0.0,0.76480871107284,0.0,0.9221391059200107,0.644464580586758,0.7459647361437,0.8735432656944842,0.8553575000494096,0.0,0.847268366988641,0.676736373114024,0.7140972105480772,0.811820226256125,0.7217013264618902,0.0,0.5201978909267233,0.0,0.5857667205776449,0.8172862751463434,0.0,0.7132411343510991,0.0,0.8165365662973763,0.5565143084148502,0.8888495068462338,0.6994029190883955,0.6326430267343366,0.8811773643662212,0.4790783554728588,0.0,0.8021298689615881,0.6607383471555566,0.0,0.6824407186517788,0.8121162305820334,0.8290029780174004,0.5346651513181436,0.6359049802415114,0.0,0.7924027736435072,0.6994721937891821,0.5228468808057938,0.5088267015693744,0.9350523021855133,0.0,0.5753872997014525,0.6954979451824538,0.8703678079540303,0.0,0.8284416247978849,0.7974819251445274,0.9138928964609083,0.7873555667244441,0.0,0.7051848567742551,0.6917751063650429,0.5082035887261953,0.5277921807551306,0.6474255752359067,0.7557880396424919,0.0,0.6421604346678068,0.7621010055082924,0.7659303020378637,0.5189276455514045,0.9336888629469102,0.8164384670422425,0.8255918901863721,0.0,0.7485443971486154,0.69320492489988,0.0,0.6797345170676774,0.4377587632602764,0.6820850028498855,0.8506467514831813,0.8722822612414634,0.0,0.697041182535476,0.0,0.0,0.8644467600856419,0.6670758308909193,0.8917789451152284,0.7593221302291565,0.5978253683331145
2025,4,Indicador de Margen Operacional,-0.015373523582426041,-0.20372797112978414,0.03063152024197748,0.13572346661682613,0.10542276104576616,0.10554272343874747,-0.18805989194345246,0.006947043323954966,-0.008940833655962916,0.10686619421978202,0.0,0.0,0.0,-0.17101225460931677,0.15189772471249696,0.12898247879586464,0.0,-0.039373386508417436,-0.15522748541730635,-0.4363872518400411,-0.05001363462862303,0.043085365095476245,0.0,0.1360132244709878,-0.010809017678749646,-0.01985885610407092,-0.01402133433294403,0.07533002308928276,0.16241850872459065,0.27473646184326955,0.3672760656332182,0.0,0.09820712608205816,0.12142087215040484,0.08737536216855032,0.0,0.08745827285839747,-0.07268730330424347,-0.019668448612559657,-0.26577939686973456,0.25329508308291443,-0.09293254279881549,0.23106005180717343,0.05844824875765745,0.12526136998103482,0.2569308914042338,-0.0022411716588992374,-0.030985163839270618,0.29347953251032805,-0.029895411964334106,0.07658469666915242,-0.0037851684331358876,0.1178042136860639,0.0,0.0,-0.013763112986457719,-0.052051080143391194,0.039542972228654494,0.053254777034600825,0.04261263123899657,0.13046884544629136,0.1767258338047729,0.0313582454606084,-0.43862071307237377,0.0,-0.08532522927229362,0.039537540995804255,0.06695097101660218,0.04029110429968224,0.048064214417303436,0.05523237117067919,0.040895127697178915,-0.11455969754440092,0.01730330651760639,0.03172054802906651,0.0,-0.05162330760092373,0.1032470929037633,0.17405891844749816,0.0,-0.06122601686107766,0.005471779074321397,0.0,-0.047021765736274534,0.28190697438970497,-0.061632450405146734,0.004299935666630857,0.08341316051765182,0.0,0.12442444773633693,0.0,0.33392232675493233,0.15367535969097637,0.01860071714862113,0.13644374733345815,-0.45223750762489245,0.0,0.20264155034767412,0.07765964637565088,0.19604161896817587,0.07238655486727844,0.15482116049584474,0.0,0.07838899672755124,0.0,0.06022031754605908,-0.07073845959582693,0.0,0.05748547721625386,0.0,-0.00598785480932823,0.046793947255376465,0.11702316939379952,0.17708857900908592,-0.03145318682657757,0.4239778647972233,0.027171200857634116,0.0,0.2725251677721235,0.1300693775562159,0.0,0.09026543053144202,0.18498370517243481,0.3010343257963652,0.18745721957288097,0.062253593830939126,0.0,0.3120875190782244,-0.5277944552851117,-0.012865268729149485,-0.19192430463019006,0.13143994249542826,0.0,-0.10909382145416044,0.009097403650882505,-0.05738649773492851,0.0,-0.12227523980559485,-0.020667297541553466,0.14256375705124436,0.016846299173857937,0.0,0.2353484153310034,0.03681761043563948,-0.0763903917804573,0.06826431064654932,-0.36646811174650445,0.19183344520438136,0.0,-0.040330914102572585,0.07769922355428693,-0.05800196080533838,-0.1822608116942948,0.05450815352756855,0.13962690288265084,0.04147828210418634,0.0,0.0360021600766303,0.15284485157896718,0.0,0.10478263958170278,-0.07307235201291315,0.1088062353682215,0.011858225106467286,0.07175280478398297,0.0,-0.1913670434871191,0.0,0.0,0.1731464696738059,0.17352568555497996,0.2455370450294145,0.2532625256340474,-0.37004567202793054
2025,4,Indicador de relación entre las obligaciones financieras y el pasivo total,0.0,0.0315246893769642,0.05532708372926485,0.08365677582566047,0.0,0.0,0.0,0.0,0.0,0.022495077734849173,0.0,0.0,0.0,0.0073245825807161605,0.0,0.0,0.0,0.07237773444082123,0.13623329608013307,0.12303656376091536,0.03016612124987684,0.0,0.0,0.0033865496245972936,0.003338059989293161,0.09686519586125393,0.0015294786320476123,0.0578315100459763,3.794525721146731e-05,7.534228420442657e-05,0.0,0.0,0.0,0.0,0.003821079654413876,0.0,0.060666217056474056,0.0,0.0,0.01584756802957532,0.0,0.0004866552857395151,0.0,0.07914042378706031,0.24283432321278842,0.0,0.0,0.0,0.020734780639253467,0.05573395553944851,0.0,0.14875133334721163,0.02732474650154911,0.0,0.0,0.08622046438052484,2.7632055218318284e-06,0.019738298600741336,5.248782715723941e-06,0.020677866915852876,0.031562164248186836,0.0,0.03620714805051148,0.0,0.0,0.005012051894111534,0.0,0.0,0.0,0.0003999250161595862,0.0,0.008980821616448488,0.0,0.0006151174986631352,0.0,0.0,0.07029821638070717,0.0,0.0,0.0,0.0,0.00314313920819908,0.0,0.0,0.0,0.1781511128311258,0.0,0.0,0.0,0.0009171289751518508,0.0,0.0,0.0,0.0,0.009416207993765894,0.0,0.0,8.255602931474038e-06,0.019156004406855595,0.0,0.10373056674281254,0.0,0.0,0.0,0.0,0.0,0.0,0.0,0.01120402043316545,0.0,0.0,0.11164488919985642,0.0,0.0727967749899485,0.1832206377149141,0.0,0.0,0.0,0.0,0.0,0.0,0.025432579847854114,0.035788874745721,0.0,0.0,0.004698454200081209,0.0,0.0,0.0,0.08323675869830398,0.2819466753164672,0.0016280764029495125,0.0,0.16636117805932565,0.14929051813481628,0.0,0.0,0.10704046286440026,0.21413430515737933,0.0,0.0,0.0,0.14925433883061046,0.000411149622903002,0.13546043648747141,0.0,0.0,0.0,0.0,0.0,0.0038825151165589656,0.06136265162847956,0.0,0.0,0.0,0.0,0.0,0.0,0.0,0.0,0.036368676126966065,0.0,0.011568142780124394,0.0,0.06317763465670051,0.0,0.0,0.0,0.0,0.0,0.10434204420777746,0.0031497846213491202,0.0,0.08854974151427737
2025,5,Estructura de Balance,1.5389712145436627,1.625024735322539,1.4185715764433313,1.3647317644500898,1.9762911900408575,2.176928859919991,1.2482291085055726,1.5254024993111044,1.0986599803509818,1.3142900322458928,0.0,0.0,0.0,0.9175986348132391,2.3924392818601175,5.540502687327954,0.0,1.014159109668594,0.9408445599818336,3.140763758796358,1.3251477827368245,1.5911138642973555,1.954274886579598,1.423537224445449,1.073056669839367,0.8888540328064105,1.0678975554885946,1.3566199843261977,1.4534106759590582,1.0754399585713244,2.5166214235764257,0.0,1.2067776508387262,1.7308748699750227,1.3910053158964868,0.0,1.1020327011308773,1.371522811897592,2.466304200966295,1.1511047313546596,1.3639056294888132,1.404366853379239,6.626679375482902,1.5160958199853591,2.2500142372321865,1.7020215837589827,0.9511911911274948,1.6242526594586302,1.0269909632079801,1.1970334203531703,1.0812001742521684,1.2538948560439394,1.2741212288238948,0.0,0.0,0.9839583183705897,1.4025839391411978,0.8791793273637716,1.0920267416570832,1.8169066584739255,0.8941194559722294,1.3331196786892834,1.1211049034519396,2.6829306525528196,0.0,0.797254256985112,1.2424641537207162,1.147117760344349,4.04278757844818,1.411134851931728,1.1901827513424963,0.9495356108803729,0.9114272603421858,1.6652157922095767,1.7178991099536867,0.0,1.3883727194212947,3.939907616908766,1.6754472986442028,0.0,1.6530710999839657,2.193679764008392,0.0,2.442986693334625,2.7656466866179277,1.164014692100752,1.8287676488915292,1.3210005059493533,0.0,1.9105522881724422,0.0,4.232297454821472,2.0893658402412183,1.4675765795327491,3.541412626076193,2.021000813915752,0.0,1.99550338641843,1.4125263366678207,1.822008757342937,2.0007643590590583,1.5942429550683712,0.0,1.5612354819857859,0.0,1.0835371768108155,1.5399926901016336,0.0,1.3395143251767798,0.0,1.3480012729968256,1.2738283648476283,3.949146485904791,1.100437615421137,0.8822146067818388,1.5631993386939758,1.2373037603107904,0.0,1.2092496895887472,0.8725537091029105,0.0,1.282023056664024,1.1667454728887203,1.3695850142440607,1.3661685971084663,1.3632380602384622,0.0,1.5088618731039154,4.562741680856942,1.2564118702659586,1.2589413792221633,3.6889722971783034,0.0,1.417959189580377,2.0395488655680056,4.029108406123739,0.0,2.6976526153912235,1.0841420173186866,5.543490098647838,1.4315588096088103,0.0,2.2394186658728734,1.1301273555615086,1.0210436375516088,1.285088668714763,1.1848279158388573,1.9513214020456444,0.0,1.0131963230976462,1.583584900908429,2.0935326408207495,1.0144182024424204,3.284995903973031,3.0149823872820085,1.2608491147570846,0.0,1.921777891136646,1.2876186276296924,0.0,1.45068776804875,1.19584754329993,1.3254707568287285,2.3223263135400116,2.0242195992601655,0.0,2.680652299591163,0.0,0.0,2.715526015560476,1.5357936848899876,0.4663912118509103,1.6405264554271108,1.965572848869133
2025,5,Indicador de Margen Financiero de Operación,0.7432073081200283,0.7570423197246541,0.6161509604533122,0.5100503210173929,0.782194209160885,0.7788692158999605,0.492935380007539,0.7942111474265748,0.4956196439999023,0.6693584328991603,0.0,0.0,0.0,0.5517340786065139,0.8279267515279257,0.9333650164263672,0.0,0.45223934966355717,0.5768252294913485,0.9058287088113783,0.7293020126612727,0.8565867746595958,0.7898100194656149,0.553874768260314,0.6580224789332374,0.48307312363719423,0.6399863773657948,0.6103448507384949,0.6628018470825291,0.5939063163454866,0.8876304595338493,0.0,0.7277697693137255,0.7121604894467938,0.5651808138710691,0.0,0.7050366023748293,0.6605782943468692,0.7938459070043246,0.7416117058029249,0.8017100024159082,0.6508325655158433,0.9606124069887201,0.6474708350654297,0.7244227914786278,0.6116959759080367,0.5948520994393969,0.6623477437039742,0.7121907194032017,0.6212661704952185,0.5653677090970394,0.6613694055750603,0.6572750596565565,0.0,0.0,0.7128417946759402,0.5870693420921393,0.5671431937673008,0.6336996811293393,0.8660267054577809,0.7921601639015581,0.5560770691035251,0.6921085443618373,0.8267698962707993,0.0,0.6429941126162753,0.656076958345612,0.4851793918162799,0.8275073832672906,0.6413811487580476,0.519533447013363,0.6265429117489058,0.8327049403309664,0.7429592037638701,0.4557871339825265,0.0,0.6154245552942039,0.8173219757283006,0.646999424529126,0.0,0.6564293544986349,0.7861036815789891,0.0,0.7591911569632369,0.6659237228329038,0.5810273099645927,0.8039793917103826,0.6186486862562293,0.0,0.7644750683274419,0.0,0.9221585455006114,0.6444494549400245,0.7389246263282703,0.872524609968528,0.85316158066806,0.0,0.8427270336095752,0.6793730639867029,0.7119453355448433,0.8116022753874791,0.7199811165155073,0.0,0.5231640680710924,0.0,0.5847010472987971,0.8179906334950005,0.0,0.7110292554590044,0.0,0.8192933204080426,0.5533271231746985,0.8914676004296258,0.6995150502673176,0.6298897453117513,0.8799300634193197,0.48681894308520024,0.0,0.8026499038479421,0.653098711817419,0.0,0.6832005894104886,0.8174460935822632,0.8269084233939373,0.5329268474014116,0.6329844956491513,0.0,0.8203345287515401,0.7067947090034032,0.5239727455886256,0.5120257037870531,0.9374525670804649,0.0,0.5757962552476965,0.6940761779965241,0.8682854197037615,0.0,0.832302310909467,0.7932122662262118,0.9321242862370434,0.7838479014166038,0.0,0.7046461974538472,0.6882930248879802,0.5139567140031083,0.5297321765846129,0.6525188836120914,0.7552694239631313,0.0,0.6416225967549517,0.7627492613791278,0.7636583297340569,0.5207405048044235,0.9329289137931746,0.8144031538905402,0.8260381338533372,0.0,0.7602224918689985,0.6995425684059031,0.0,0.679243727490824,0.4407899799007557,0.6826508045853068,0.85077235377413,0.8727065985362242,0.0,0.6922585411235305,0.0,0.0,0.8578012209800653,0.6710078992416391,0.8916513759119384,0.7516592020445778,0.6147274613884515
2025,5,Indicador de Margen Operacional,-0.02084980094320019,-0.19551626317171802,0.02759939790219631,0.14127426406191562,0.14108891152233724,0.11294169127363843,-0.1293186044883303,0.010635970052081022,-0.32719942792162904,0.08039242551340307,0.0,0.0,0.0,-0.1389945560822238,0.1529372036786899,0.1348157618556512,0.0,-0.029151249194399726,-0.15339526770458362,-0.5144909378724928,-0.046241785489748465,0.042307356226812184,-0.13638629941932473,0.16118097832416683,0.00947411391766096,-0.023845644318981136,-0.019670170550417948,0.10421037741607377,0.18494810334457223,0.25495393681204587,0.3916524038183701,0.0,0.11992007192255145,0.1236933524215556,0.08088324739639041,0.0,0.09018354557704508,-0.07757097711384167,-0.006139127689360136,-0.23846258166864104,0.29584092188797984,-0.06700443013407502,0.25336534275562916,0.09264001049133715,0.1018350977374408,0.2406040266790998,0.02707826805506957,-0.08285178069582938,0.284781080128146,-0.028519221412926853,0.08960484723808147,-0.3713865384806168,0.12782823979674934,0.0,0.0,-0.0034744406927836487,-0.06027727994778818,0.039162578983890764,0.05759471907611366,0.05859303557224614,0.1507036844172921,0.19504000222247647,0.015110683361724418,-0.4578084657889883,0.0,-0.0942248574696924,0.03965023803335843,0.08222116515474812,0.05130941803557994,-0.00428147840979445,0.02778497547060861,0.029894701775935763,-0.08478338755614959,-0.028231879477956516,0.043634310524113686,0.0,-0.023282237287325258,0.0933578858077844,0.12027957161212023,0.0,-0.05028273805191232,0.01148560960841107,0.0,-0.042652758050274096,0.2598936913922799,0.02955826286860664,0.06349502448324515,0.014381008050865082,0.0,0.04450675952665019,0.0,0.3728590882794224,0.17687647272646248,0.01722592623067943,0.13086415667644047,-0.43129678298752233,0.0,0.21400310244859483,0.08609551231488606,0.19722214041801242,0.07908745619541667,0.14434756439838373,0.0,0.07085868932128574,0.0,0.05214925047281135,0.042696864847671885,0.0,0.08917636330342854,0.0,-0.003870754157282002,0.038850575696575344,0.10072041560620104,0.1893899771556734,-0.029321495308174256,0.39042125957368023,0.07419467713088872,0.0,0.27034927126652625,0.13122529563969557,0.0,0.08573943737454948,0.19204726358984578,0.29677455680498893,0.1743733253593988,0.04977371249850607,0.0,0.3590388254257231,-0.4150821346953589,0.032413865998953205,-0.11482305781788527,0.18889556460365342,0.0,-0.1076118594279923,-0.005293471886746028,-0.015170303896386851,0.0,-0.21646339699003408,-0.026376574136602274,0.13553962635126005,0.0005884855954143694,0.0,0.24384235063262877,0.0718993637212893,-0.05781958034467362,0.0774486117813817,-0.39191244567903205,0.1798921818871641,0.0,-0.04417545741974856,0.09007926768205056,-0.04962254067167498,-0.23032074238398448,0.06581960202574008,0.1387523900688857,0.015724847267515697,0.0,0.06203590677931008,0.1750556561732499,0.0,0.08135505619783395,-0.0864019506968972,0.10418760531032917,0.016815726436840855,0.1265784421793892,0.0,-0.18287053549128549,0.0,0.0,0.1637745408596933,0.1730836509048249,0.28325845966413443,0.24689823924620638,-0.451133480160875
2025,5,Indicador de relación entre las obligaciones financieras y el pasivo total,0.0,0.05344358747503663,0.05187279011542057,0.09188130318087925,0.0,6.028329381961714e-06,0.0,0.0,0.0,0.022061099127530397,0.0,0.0,0.0,0.00741799790452255,0.0,0.0,0.0,0.0584517960549489,0.13353998087527208,0.10578231834192912,0.02418081889379338,0.0,4.915753061978245e-05,0.0,0.0020752657769797507,0.11187516636879695,0.0014515355291949753,0.05431414362474341,0.0,7.915277887123609e-05,0.0,0.0,0.0,0.0,0.0037167412353144593,0.0,0.057433354180821336,0.0,0.0,0.01562840673273735,0.0,0.0005113111350005909,0.0,0.0739106290295259,0.23572515442363184,0.0,0.0,0.0,0.012591172853906417,0.06440759136976446,0.0,0.11304770102632346,0.02510157272218192,0.0,0.0,0.07816261568276113,3.845646809151069e-06,0.019380605965038787,0.0004620819844545495,0.017427102550290882,0.029208080756335207,0.0,0.04519483045753416,0.0,0.0,0.004506131041650102,0.0,0.0,0.0,9.1772649118096e-05,0.0,0.008513638594453813,0.0,0.0005545272496909719,0.0,0.0,0.0,0.0,8.940305927637394e-07,0.0,0.0,0.003131608740357651,0.0,0.0,0.0,0.16853750997840364,0.0,0.0,0.0,1.14126640264838e-05,0.0,0.0,0.0,0.0,0.009227701632721214,0.0,0.0,0.0003829458778668217,0.018460121714650172,0.0,0.09343752641788403,0.0,0.0,0.0,0.0,0.0,0.0,0.0,0.01100718961231865,0.0,0.0,0.1164757782955985,0.0,0.07672868222029325,0.18114212141598676,0.0,0.0,0.0,0.0,0.0,0.0,0.02497297354981715,0.0355102747703123,0.0,0.0,0.0075744259892624255,0.0,0.0,0.0,0.08114013244482372,0.275762275126226,0.0,0.0,0.20258702308758975,0.1374590877955744,0.0,0.0,0.13758001237866396,0.20178801906552096,0.0,2.509941064578311e-05,0.0,0.1508379301753766,0.00039573759949408465,0.12933532206008289,0.0,0.0,0.0,0.0,0.0,0.0019082235079146078,0.058906909303435534,0.0,0.0,0.0,0.0,0.0,0.0,0.0,0.0,0.03354374650482145,0.0,0.008789757042234789,0.0,0.06079441558838269,0.0,0.0,0.0,0.0,0.0,0.12511534542476035,0.0018872823813808994,0.0,0.0850143655113723
2025,6,Estructura de Balance,1.5802540111644858,1.643839060265406,1.3821853098001429,1.3611786686858809,1.9362063164039292,2.1096400018562935,1.1946002044415969,1.4575589178498,1.1141367266248408,1.299353546731082,0.0,0.0,0.0,0.8990574190680048,2.394559676252143,5.463720314338114,0.0,1.010298502330584,0.9490636586935173,2.962418294449328,1.3176271246072115,1.5487760608359968,1.9510529645587924,1.3873821427860793,1.0597552737917533,0.8784774844092027,1.0435955773612557,1.3140368109150828,1.4476654576817753,1.0968463617886006,2.299773103235826,0.0,1.163730261039353,1.7261514548334835,1.3867094495540815,0.0,1.078587097687012,1.3493679162350092,2.691291319503349,1.1519010947949229,1.365327793019663,1.3059063257907326,6.609589203826457,1.522044003138632,2.2201428647764145,1.6655025848023983,0.9390779082625482,1.566654187124055,1.0060568183242404,1.1982040172584296,1.0751620962189512,1.226577080454187,1.2630367766171207,0.0,0.0,0.959383093640706,1.3890675032976896,0.8669356997699911,1.094632116273869,1.8133784743933823,0.8542042355677194,1.3305125067304393,1.062837090943206,2.775331524908752,0.0,0.7847577347056242,1.2464524199056697,1.1004922039619724,4.0459867247540995,1.3922670525080392,1.2052974997619426,0.9492160059954388,0.9323751872290685,1.6591466015496388,1.6710257700319824,0.0,1.3754533514691407,3.8733293426328523,1.6757215346765446,0.0,1.5987312294640592,2.1902932699128668,0.0,2.4118281793039325,2.777678555205286,1.1803643211616925,1.8146629544845871,1.2631169620090164,0.0,1.880388505027738,0.0,4.192367960166303,2.069269755254073,1.4844286865004461,3.3685589467076884,1.959916692308811,0.0,1.969057451993498,1.410182653366401,1.7529585339375813,1.9846826192309122,1.5992514783298024,0.0,1.5662423354070492,0.0,1.0072247865318424,1.5807194569185277,0.0,1.322430307833689,0.0,1.3594870080877195,1.2232392023737686,3.6795386949362188,1.0855891302169527,0.8535616996962454,1.5167927710580225,1.2500217977425558,0.0,1.170289219527646,0.8537717711457861,0.0,1.273608930779941,1.1369843446254875,1.3545285895538726,1.3387800479856171,1.4484959263102875,0.0,1.4567082036516346,4.3625622679573555,1.2975820480556088,1.2705992805993325,3.9730282687295695,0.0,1.449240810873297,2.013734236132943,3.821514939460424,0.0,2.567684447572526,1.0859308605836104,5.339644885852428,1.4168316007800363,0.0,2.1794422743674264,1.1452986726643786,1.0116138836549442,1.2776170907022182,1.1370462776659422,1.9422767681467306,0.0,1.0113745577467657,1.5634545041214474,2.0473090403647483,1.0485797314948404,3.055504077933379,2.879131530390092,1.2666387262040029,0.0,1.9297725414404938,1.282373445158681,0.0,1.4669735635282612,1.1917246543362174,1.3141399817867394,2.233065827758804,2.008583273457389,0.0,2.6195181456820413,0.0,0.0,2.7115015435608028,1.5234387047804236,0.45468593644839217,1.622611563419147,1.973379257016658
2025,6,Indicador de Margen Financiero de Operación,0.7399129885324468,0.7574518276074649,0.6169933446802657,0.5114291697873276,0.7834230980491504,0.7740922306623442,0.4945442120459687,0.7911594583584363,0.4944723753366947,0.6708884608242163,0.0,0.0,0.0,0.5605173906363689,0.8270786312556236,0.9308012491417479,0.0,0.45905758717839584,0.5753223858189913,0.901491828512065,0.7305716730567758,0.8557840078772257,0.7915838330837578,0.5509586151631382,0.6581367497076317,0.48583050470220374,0.6412868635336827,0.6102338678634617,0.6642921961879775,0.5927573889954224,0.8876591129556178,0.0,0.7276906750909875,0.7113135795927114,0.5682496817466217,0.0,0.706323343597023,0.6597143940808285,0.7982365105667107,0.7439058139569792,0.800832449139806,0.6595133861472375,0.9609809183368202,0.6546303741929245,0.7282750032629558,0.6067938571182626,0.5978610660064828,0.6658385691747256,0.7133119080143769,0.6191793371860883,0.5630415441852497,0.6334665842681956,0.6586184405142159,0.0,0.0,0.7142481842684375,0.592122314118737,0.5690254035057642,0.6326671716430109,0.8651538941168853,0.79387333565182,0.5588998675739076,0.694432023104234,0.8318315279030221,0.0,0.6430828084660863,0.65602001358389,0.48507145462103846,0.8308720174462073,0.6410383802087082,0.5119372808391456,0.6232998876268764,0.8348520794434252,0.7436070155566359,0.4543809666755837,0.0,0.6129574926038687,0.8138096715145425,0.6447038115982512,0.0,0.6634434418855865,0.7883887494225369,0.0,0.7594905991046146,0.6641407937706743,0.5832215655513294,0.8042853629574527,0.6063413546166989,0.0,0.7645907064282232,0.0,0.9226188711194353,0.6473191004881095,0.7372681578316096,0.8707880168962823,0.8558878570502659,0.0,0.8418781091844423,0.6806376311155852,0.7102181555594261,0.813546765280861,0.7188524868823939,0.0,0.5239438016283062,0.0,0.5806506979055063,0.821116319495533,0.0,0.7139083860713961,0.0,0.8224628940153725,0.5538536433730318,0.8927243540277963,0.701095382650982,0.6346127501748248,0.8800695087437742,0.488999172850907,0.0,0.8028174876811476,0.6489023767424922,0.0,0.6828910534805173,0.8178644718274656,0.8243349619892749,0.5320926690867623,0.6336613492717473,0.0,0.7900924046558043,0.7180215220423695,0.5196018216187188,0.5154181956641748,0.9396468162986272,0.0,0.5881607129066174,0.6920787067166274,0.8671088454298488,0.0,0.8298292087719373,0.7923154166548777,0.9169319083671627,0.7829969215700914,0.0,0.7104394131727179,0.6866494165334202,0.5141951731012224,0.5333855718770768,0.6540457395915187,0.7534704835849457,0.0,0.6421005094848756,0.7650592946090465,0.7629585489249044,0.5245043492882611,0.9338341044738837,0.8136173304773934,0.8263138956260146,0.0,0.7698187138032608,0.7005578725436894,0.0,0.6827581297833976,0.4464878241632802,0.6847274349187974,0.8513305149341243,0.8736206383953362,0.0,0.6845528243798463,0.0,0.0,0.859427940011865,0.671603087266569,0.8911563059738906,0.7466889578611832,0.6217967051995689
2025,6,Indicador de Margen Operacional,-0.026233776163486953,-0.18565638373638377,0.021967367978864654,0.15735421357825757,0.1547247264663342,0.15179650327089564,-0.0794491165970828,0.016587096739343585,-0.24988858658048532,0.09476386064859882,0.0,0.0,0.0,-0.1275381926236673,0.15115901698877252,0.15316629052825434,0.0,-0.023724382792242222,-0.13648465417871822,-0.4452430402674504,0.012551914949183507,0.06011592303339771,-0.09509864335063294,0.14358297467840184,0.020353035874463337,-0.02383589592190856,-0.018962784098112334,0.03190744401035306,0.17798547141278317,0.22726711011399825,0.3975174568124314,0.0,0.12433980762977621,0.12283859575921449,0.09122739281560677,0.0,0.08326415383564935,-0.06827706374967031,0.010927983801623492,-0.2214308117286968,0.28650509717282885,-0.14287569738536626,0.24478294243176385,0.09842330531954462,0.10215920005949983,0.2268276852484391,0.021475046791168535,-0.06382717812649594,0.25218475224351294,-0.03395556825936716,0.08952967488694265,-0.3405857289897368,0.08221620468994632,0.0,0.0,-0.018600161360396276,-0.021106681347641605,0.03863724559497821,0.043233442829232,0.0711916195985862,0.15697933465321276,0.18610340136320935,0.017480574870694394,-0.4002031217975698,0.0,-0.0944995477376913,0.046896519323272906,0.10111675873338834,0.06789160084708286,-0.011774202542836698,0.01715058962766771,0.03900836800878456,-0.03954825805189662,-0.032181089497378294,-0.04554263669317968,0.0,-0.02777876858393486,0.11290846016646654,0.10807634089505203,0.0,-0.02399513793059425,0.012853101870640381,0.0,-0.04456500551923145,0.27141761032610245,0.026231485418375784,0.05589900434061241,0.031899734147160956,0.0,0.05329150339428835,0.0,0.38193394297222566,0.21535852019486704,0.059126944480349775,0.102129613768972,-0.34547183871325443,0.0,0.2074200394303201,0.07700505906354693,0.18379020948706762,0.10562927390596118,0.10798107269032842,0.0,0.05886920759391548,0.0,0.020785206809464506,0.018523875501229716,0.0,0.0793097715210501,0.0,-0.020092793229558727,0.034711518179927306,0.0911021168958765,0.19420286116068763,-0.034245634844598825,0.3070594055461909,0.07833714162282027,0.0,0.2737921077404127,0.10704858236717692,0.0,0.03499947720200503,0.20124666302237348,0.27591145562145525,0.16554964019193422,0.04253802044591594,0.0,0.31970535759942037,-0.3173844834180592,0.016311156021442844,-0.09061455845128452,0.028111717505648916,0.0,-0.05774961277254005,-0.04163552093691066,-0.005789986093916037,0.0,-0.06251570302014038,-0.0312453636212551,0.08078436702369314,0.00528025173799743,0.0,0.2692707904409587,0.061704747451768835,-0.05811208429455017,0.06518462674703261,-0.4103772885120518,0.18192833831662478,0.0,-0.043173997006721934,0.09510993500972985,-0.06367776510051873,-0.22762738577973898,0.07973996748977367,0.13304328631273873,0.027487932206274348,0.0,0.08310550129940364,0.1759237845548663,0.0,0.09195595218610163,-0.073890202835577,0.10818976312450237,0.01114586574228831,0.14950344991252806,0.0,-0.19381371927523325,0.0,0.0,0.16560145188457553,0.1609037023701063,0.28261077612872637,0.21227273272175207,-0.45038133947771275
2025,6,Indicador de relación entre las obligaciones financieras y el pasivo total,0.0,0.036657359667547414,0.04762841617877085,0.10111071241867722,0.0,1.5976080772138406e-05,0.0,0.0,0.0,0.0212241052516288,0.0,0.0,0.0,0.007799301664683588,0.0,0.0,0.0,0.05669862198968272,0.13000443592352576,0.10069817894975354,0.017965624384073814,0.0,0.0,0.0,0.002998167910431078,0.12810166803170955,0.0013661263513535945,0.05067305385876276,1.688632973545075e-06,3.3537207326056416e-05,0.0,0.0,0.0,0.0,0.003594354276665784,0.0,0.05927342457059164,0.0,0.0,0.01589805758928875,0.0,0.00042892575282489203,0.0,0.07004924805905056,0.2223724823751585,0.0,0.007727812335880284,0.000179542324971154,0.011450300091318833,0.06252287143205115,0.0,0.0671347867147694,0.023434757941632668,0.0,0.0,0.07249712219929749,1.009309956626904e-06,0.019701597760599064,0.0005907964413463366,0.014231327737147215,0.025208894112938394,0.0,0.04184234952818885,0.0,0.0,0.004352988986918072,0.0,0.0,0.0,0.00010327803975019922,0.0,0.008322736208117895,0.0,0.0005444651713089049,0.0,0.0,0.0,0.0,9.010598900922482e-06,0.0,0.0,0.0030904110427685282,0.0,0.0,0.0,0.16529534732513462,0.0,0.0,0.0,4.6977483263723446e-05,0.0,0.0,0.0,0.0,0.018411237212894515,0.0,0.0,5.215852978635143e-05,0.017595871509777188,0.0,0.0882205943473952,0.0,0.0,0.0,0.0,0.0,0.0,0.0,0.010865053335177743,0.0,0.0,0.11376665030007996,0.0,0.07246141090745348,0.19559054020848188,0.0,0.0,0.0,0.0,0.0,0.0,0.023965864113694002,0.03441299795812156,0.0,0.0,0.01169704100746559,0.0,0.0,0.0,0.07883805021702259,0.26672407989869357,0.0,0.0,0.19618582765875536,0.12436809543812982,0.0,0.0,0.13084459791170414,0.202830955958462,0.0,2.426968060777476e-05,0.0,0.14575269738678112,0.0002832556561270767,0.15114485527243393,0.0,0.0,0.0,0.0,0.0,0.0,0.055389869940871785,0.0,0.0,0.0,0.0,0.0,0.0,0.0,0.0,0.030616546571695793,0.0,0.00867032030859818,0.0,0.041854852908817256,0.0,0.0,0.0,0.0,0.0,0.13430739559623145,0.0013965046997295517,0.0,0.08136491670426657
2025,7,Estructura de Balance,1.5396535329176742,1.6409871844800548,1.3854679777808505,1.339449042333413,1.902163622224952,2.064224748083828,1.2077844159299342,1.4176765065340107,1.0895433302691602,1.311140063666734,0.0,0.0,0.0,0.9101021124124222,2.3597234144515524,5.545083713117321,0.0,1.041585508834678,0.9579779411227309,3.0042643806692024,1.3271754276925491,1.5091234522172903,1.882120584730033,1.3570653420822805,1.0644273896211403,0.8818246932142157,1.086080374168888,1.2476622868470764,1.4274541623006727,1.1137532677742767,2.319827025617722,0.0,1.1507358991633814,1.7813879273907232,1.386423118275161,0.0,1.0724415418533237,1.4217038809615037,2.716744406438059,1.156148711018142,1.3577345471098383,1.3776451214789642,6.793800454940861,1.5225307088537965,2.1692312797361106,1.5984827000945825,0.9081697641295449,1.6375943202206025,1.0043671312944784,1.2098428161021058,1.0900255749350127,1.1993949421870254,1.2604125678518556,0.0,0.0,0.9380126146332041,1.394696784660173,0.8671596009631322,1.1120824068287303,1.802825496728036,0.888968484527338,1.3481911145131344,1.0665126867831984,2.4591847771812576,0.0,0.7718539585820111,1.26841289473626,1.0895008743931702,4.239938524402249,1.3952863317832807,1.2265456687369773,0.9498502012680037,0.869587763066839,1.6858076039396548,1.7411107070045595,0.0,1.4249042159607288,3.5581382778379322,1.687852437212339,0.0,1.647533300978419,2.2748600214059125,0.0,2.3951376593549014,2.6941265519258115,1.1657313918047716,1.822051322249145,1.2761885721009134,0.0,1.8165167021745343,0.0,4.159657574808877,2.0509450533554254,1.5355672609831599,3.372612334184915,1.915563705100727,0.0,1.9553838513250619,1.4060367255296993,1.7853527280626802,1.8883852689512748,1.5945140284259534,0.0,1.5620076805951213,0.0,0.9433469408339406,1.7378126926672954,0.0,1.2957465770943193,0.0,1.4050320451508373,1.2588628678800196,3.4389825831416183,1.0639936221412822,0.8555622818094893,1.502278387194564,1.2883765946021501,0.0,1.1930964785894647,0.8300189795229589,0.0,1.2759112887412767,1.1277358935483361,1.3336480990354165,1.3549562663075265,1.4463379383640227,0.0,1.5192558520845623,4.2220673455119115,1.287626116440926,1.269600604454717,3.394315637437955,0.0,1.3695979762846997,2.049683086015371,3.745333739860896,0.0,2.5547743897323127,1.1094345991737247,5.195067221355628,1.4311455207644657,0.0,2.2290895082839395,1.1350590968852063,1.0183785645335155,1.2707206822582775,1.1112206868477257,1.9286846087132612,0.0,1.0061688428382107,1.58840562570323,2.1658594056526805,1.0937787519368736,3.241990483381272,2.9378493265819334,1.2233869432087274,0.0,1.908367945313395,1.27903233158641,0.0,1.4817586461611327,1.1918637583138807,1.312764478462231,2.292300797034776,1.9915532238485782,0.0,2.6594906563784186,0.0,0.0,2.799107714250828,1.5127556798261192,0.4456016498297417,1.5743787118473178,1.9940900657237297
2025,7,Indicador de Margen Financiero de Operación,0.7373451973130365,0.7614563857209206,0.6155204223015274,0.5135185965155056,0.7769044335211528,0.76905608825583,0.4933066471402118,0.7867410035692156,0.49303993937366475,0.672386295644956,0.0,0.0,0.0,0.5637203294567891,0.825431606669714,0.9304028774449414,0.0,0.46206337309880524,0.5711396779405691,0.8987708253173551,0.7299943477566609,0.8547646461598699,0.792621017772965,0.5473630620318599,0.657557331938519,0.4857808319578195,0.6396776631744528,0.6112910113638514,0.664735785609938,0.5939349260745802,0.8862300208499537,0.0,0.7275162669242314,0.712095910943324,0.5682878078714488,0.0,0.7059215083377329,0.6560691223177622,0.8057633984938654,0.7450934388215295,0.7996405726303076,0.664509810767741,0.9608498079488855,0.6559777476576794,0.7304848126381509,0.6006145447226245,0.5998256632720698,0.6638939722445495,0.7124962476973485,0.6223794580878304,0.557659077308295,0.6304257338353748,0.6592367485691231,0.0,0.0,0.7156521451949835,0.5920942431497871,0.5675456732416838,0.6312314825719523,0.8635235426244319,0.7928402944274482,0.555399588797367,0.6925111781683534,0.8359540064536461,0.0,0.6486315537765214,0.6568292046368356,0.48311055474860787,0.8316587135627322,0.6364348965714014,0.5087703696390479,0.618344537987308,0.8357563619382348,0.7439922047656153,0.45299356267964086,0.0,0.6130923840900036,0.8095766527601637,0.642918065054791,0.0,0.6637619414909707,0.7896517524343554,0.0,0.759312220685813,0.6620673338506058,0.5835696358165892,0.8054396806177156,0.6021603432421456,0.0,0.7617619182595905,0.0,0.9228808426259097,0.6485454212925754,0.7369224025584997,0.8680846674521066,0.8509004015777866,0.0,0.8405566624703139,0.6815281899894955,0.7109790160261455,0.8166245631943561,0.7184793153903585,0.0,0.5266094695213098,0.0,0.5643257057526849,0.8250899062914168,0.0,0.7124602612782072,0.0,0.8242659242440467,0.5522295936645625,0.8893208255775106,0.7005276278515031,0.6353520849560315,0.8800669384284309,0.49438521975750865,0.0,0.8026344018274487,0.6438165072841987,0.0,0.681452446683323,0.8168183669697472,0.822952388896131,0.5188133592493251,0.636211868246927,0.0,0.788653036887322,0.7121062917351161,0.5172258826262064,0.5194349347791292,0.9370716029627516,0.0,0.5916612186728061,0.7018192935097048,0.8668671566480942,0.0,0.8166009556198268,0.7896458673797531,0.9164915497789815,0.7827184953796773,0.0,0.7145018919650794,0.6833485891261292,0.5146443558648329,0.534907153546195,0.6552882344571801,0.7504085454821456,0.0,0.6419668621620376,0.7656530801207868,0.7630725760150378,0.5332053652132821,0.9324308466699279,0.812226046047066,0.8265588555228198,0.0,0.7732624078926083,0.7009625586436682,0.0,0.68352722554882,0.44954280155150195,0.6851554645131261,0.8515051449944849,0.8739630686785274,0.0,0.6777419877324364,0.0,0.0,0.8561226963606967,0.6728920590992209,0.8908366045055716,0.7394689311936603,0.623622288784989
2025,7,Indicador de Margen Operacional,-0.03803088765906172,-0.11603119054406377,0.026211773977787015,0.14544843482487566,0.12697881178158268,0.12318866841493517,-0.05070753618168027,0.00784006854152748,-0.11590086378858384,0.087849547152904,0.0,0.0,0.0,-0.11496303640977304,0.16268940778778349,0.13646971490311158,0.0,-0.02001669006059149,-0.13962395858194884,-0.4808190201998739,0.0009962925946571796,0.05152900662875349,-0.07916997353015993,0.14455913470128373,0.021363991178551516,-0.02577264486406767,-0.026502640595945714,0.06532719745832287,0.16919102130436647,0.22532663130875302,0.38179166771636747,0.0,0.20895855631982718,0.13936110286365272,0.09815073878924614,0.0,0.08149193770370108,-0.06737895898462451,0.02746192869587441,-0.214313163672916,0.2949808327367796,-0.12016286252220511,0.2424523881111506,0.12681587102275857,0.08697343326436623,0.19097884681433328,0.026614854803268233,-0.011260333528394758,0.23864770855024953,-0.03532986439615616,0.09592876988680643,-0.2885977087488822,0.10436598800116662,0.0,0.0,0.004179631558733888,-0.034474429599528636,0.04375715048993522,0.05863884032159294,0.0754426385554425,0.16215378475805195,0.16757103822698777,0.0005993996148145728,-0.42239805226855154,0.0,-0.027832225542441698,0.0537855295600604,0.10107674184409478,0.06091607543210872,-0.012717214312470049,0.020080693409412233,0.029826279315133538,-0.041065159307474536,-0.03564266008864594,-0.08880293901904943,0.0,-0.03151763880790272,0.09865838204448787,0.10607331319662157,0.0,-0.03530530269390552,0.01864183873772693,0.0,-0.048903907350456785,0.30252947882937437,0.004987516952780624,0.0658100381561056,0.0017143993535497528,0.0,0.041814703484710114,0.0,0.40443752509696707,0.1967059289074207,0.04854590458306423,0.08951915306845483,-0.39711378010017384,0.0,0.19936967187627988,0.07369310064135921,0.16356616377333397,0.11024164744864705,0.1079619348094575,0.0,0.06343018115928087,0.0,0.021018184580293604,0.0583132409693744,0.0,0.09608406705974706,0.0,-0.006881518861154745,0.014610478848898328,0.0914399268933747,0.20095452638034036,-0.023495498903427732,0.37700878866833204,0.07184459449559626,0.0,0.2687875214966535,0.11509783304362292,0.0,0.04704930499392444,0.2116897113075362,0.27069251044731746,0.15716322148024908,0.04951082364385793,0.0,0.3053859766301138,-0.28426861221988226,0.024410208796117376,-0.06747560614891741,-0.23726295037575235,0.0,-0.06976724292806022,-0.04540022820344032,-0.015566681014543877,0.0,-0.07437088151894315,-0.032875036247372015,0.16374900863435266,0.023192523041815433,0.0,0.26713967057487764,0.05972860306546622,-0.055016999069673375,0.07104538701729474,-0.382036382322308,0.17493343464417485,0.0,-0.044564983884661055,0.09145264510870729,-0.07127507569846649,-0.21747699855274233,0.09654637344280391,0.12126463502065216,0.0160439749738839,0.0,0.07203501887022434,0.19874265709656638,0.0,0.08475459596158579,-0.07289649288537944,0.09991494132816248,0.00651239043180039,0.15294950949561897,0.0,-0.20285772304493854,0.0,0.0,0.1516332369680267,0.14319352865510582,0.2968019978595153,0.1795111965560428,-0.4674126891874544
2025,7,Indicador de relación entre las obligaciones financieras y el pasivo total,0.0,0.027088220687338956,0.039741771840681756,0.09604094902093882,0.0,1.3797483357609221e-05,0.0,0.0,0.0,0.020216407321942936,0.0,0.0,0.0,0.007237427012411391,0.0,0.0,0.0,0.05577138113589671,0.12539064665808797,0.09556615182404156,0.01250160269157248,0.0,0.00016408105943110048,0.0,0.0016558889995918773,0.12105484736338416,0.001283057775031298,0.04544812340374129,3.3972583995756924e-05,5.007987768166611e-05,0.0,0.0,0.0,0.0,0.0034804282850827337,0.0,0.05864468310424558,0.0,0.0,0.015544933455861984,0.0,0.001008564073231283,0.0,0.06736678166277558,0.20975319896367703,0.0,0.008949274759770446,4.640467840485748e-05,0.010489640529453385,0.06023613998255496,0.0,0.05065134575224394,0.0,0.0,0.0,0.0658958533044172,3.861994958132832e-06,0.02246854797956898,0.00012311539424484993,0.010483159713607283,0.021732117105520758,0.0,0.03973636898535686,0.0,0.0,0.0041027239159690245,0.0,0.0,0.0,0.00045320753797366633,0.0,0.007953010744543075,0.0,0.0005293959143641268,0.0,0.0,0.0,0.0,1.1934571162897545e-06,0.0,0.0,0.0030493244124600214,0.0,0.0,0.0,0.17711525535085978,0.0,0.0,0.0,0.0,0.0,0.0,0.0,0.0,0.018622156291831213,0.0,0.0,0.0,0.016888866110486754,0.0,0.15685168903015476,0.0,0.0,0.0,0.0,0.0,0.0,0.0,0.01020776631361337,0.0,0.0,0.08442966288339342,0.0,0.06739211155781825,0.1901596077971671,0.0,0.0,0.0,0.0,0.0,0.0,0.023235851445425566,0.032766804727156776,0.0,0.0,0.015833835564989938,0.0,0.0,0.0,0.0749272046559819,0.25831448772364485,0.0,0.0,0.2313337992481402,0.1118741222733759,0.0,0.0,0.12636314223830988,0.19477345357851128,0.0,2.3723134757497888e-05,0.0,0.17899059485685082,0.00031225184528123134,0.1290323886349261,0.0,0.0,0.0,0.0,0.0,0.0,0.0,0.0,0.0,0.0,0.0,0.0,0.0,0.0,0.0,0.028168060409465772,0.0,0.005760795141340564,0.0,0.03999444864956811,0.0,0.0,0.0,0.0,0.0,0.14024929951775753,0.0008573457115778665,0.0,0.07758863361452814
2025,8,Estructura de Balance,1.5615224989691026,1.6697095907127695,1.384161777158343,1.3472204634678102,1.8847153215770414,1.994225723310451,1.1991209094665995,1.4280846012230737,1.1144717976462624,1.3159208391643362,0.0,0.0,0.0,0.9159071014931794,2.325508697023425,5.473475317695866,0.0,1.019107793081181,0.9555973553105361,2.8828010593712845,1.3612105282662303,1.4996796236115952,1.9088843385014003,1.3858282069104932,1.0608514197964183,0.8783504475521539,1.0968189091142777,1.256825296356604,1.4461230641034262,1.0924421407489915,2.3574564510585625,0.0,1.0236351922286147,1.7613375683849568,1.3669211739534248,0.0,1.068295604170297,1.4365473179403532,2.265892166725325,1.1362439511189941,1.3637308035800342,1.3795429519783184,6.845024578186375,1.465296805391875,2.1402976594370378,1.6147233182281557,0.948111439096345,1.6944923861246217,1.0361793199256917,1.2250881522839143,1.1020597553581515,1.1802586801553834,1.2468893258990343,0.0,0.0,0.8822370040426712,1.3949916790900392,0.8665945792098633,1.11838146360801,1.8287828611938786,0.8872145686726924,1.3348328470766688,1.0574743523376076,2.6111005416906914,0.0,0.7645254905862574,1.2925940371679963,1.1487806478036653,4.437847662141271,1.3361863074641824,1.2422513560974096,0.9285411212727874,0.8658028967331829,1.6704703138629198,1.7123422327814155,0.0,1.479510684472804,3.3393182106324595,1.6844623037073507,0.0,1.6139170758862973,2.2895119984966117,0.0,2.390545526193917,2.6283605328140656,1.1715181729259787,1.8495258245253166,1.275809316579542,0.0,1.8596426372847896,0.0,4.08449804284079,2.051698556598728,1.5317388943751202,3.412097334471311,1.8682000826714054,0.0,1.927145468116521,1.4352306078712775,1.795286721721958,1.8833048701615958,1.5885061229174515,0.0,1.598741136014881,0.0,0.8655775441162648,1.7865349561404782,0.0,1.2743086392982885,0.0,1.4298593241797821,1.256576919952539,3.3409096549913317,1.0515942685804631,0.8708881050855316,1.52629343778391,1.297761467177177,0.0,1.1830240308619948,0.8376799372210619,0.0,1.3005836262519677,1.1029833552907475,1.3390845034894383,1.3666282013134519,1.3944166104088778,0.0,1.4410085050706651,4.060904827327867,1.2615892159387987,1.2660562136071587,3.2133422604532162,0.0,1.3947204181656998,2.094621628821691,3.7593366591843718,0.0,2.5997792755505746,1.0820506283937277,4.672702321179694,1.440705742742061,0.0,2.181822847654909,1.1218956671746987,1.0266268073416498,1.2529406309210211,1.0931001973356174,1.9277522874047328,0.0,1.004834013787541,1.5176377527523415,2.1300849688577013,1.1336977867998588,3.3104356808054276,2.9816908437199565,1.213311680632881,0.0,1.915002395243998,1.2589677905355625,0.0,1.4947736178085511,1.1916795516357606,1.3328765596011245,2.2958024462354247,2.0170571647606086,0.0,2.632766882285984,0.0,0.0,2.759635145710623,1.4068562203768584,0.4237269209225809,1.577830096677312,1.9651189533178337
2025,8,Indicador de Margen Financiero de Operación,0.7356529119079673,0.7608559502847626,0.6134050277064543,0.5136771090231473,0.7779314615075545,0.765157523117582,0.49449004277733405,0.7825180894628184,0.49129490761034017,0.6737606091697856,0.0,0.0,0.0,0.5637877948791162,0.8251617256594618,0.9301025336693186,0.0,0.4644249041594385,0.5679676131284923,0.8946650675317555,0.7305297713516379,0.8535134892404933,0.7941093402965135,0.543188863339662,0.6576597588532751,0.4881749627691443,0.6390920602676599,0.6075317270310923,0.665195844529551,0.5933978823453288,0.8843925637281942,0.0,0.7300038738967808,0.7118648574146872,0.5586138275888239,0.0,0.7060813118822101,0.6538230234646681,0.8043241037719837,0.7464258216844984,0.7981614504026604,0.6658804655738443,0.9609644920893955,0.6557096187136402,0.7267624054056432,0.5955113836402051,0.6031404046761784,0.6676416629671921,0.7119797003427214,0.6248614613786352,0.5526268160570296,0.634367319857911,0.6593098915858308,0.0,0.0,0.7153090781739943,0.5926251114746419,0.565112381095153,0.6347900644915223,0.8623018414049936,0.7912792684204215,0.5553599989080937,0.690957737638954,0.837504411396287,0.0,0.6466248106235818,0.6589923973780851,0.48134861499026504,0.8327665356904009,0.6318421820948548,0.4990367025715979,0.6174470684749044,0.8358975664502337,0.7437676308560862,0.4539720031324524,0.0,0.6107856553631009,0.8061481073408684,0.6414287857092846,0.0,0.6620345632984966,0.7902786484949436,0.0,0.7584266919974886,0.6598664152192059,0.5834375848579256,0.8078364222722649,0.6006365067283611,0.0,0.7593069382401629,0.0,0.9228508136956931,0.6484419939133873,0.7383923392392578,0.8658800276494786,0.8528585462379363,0.0,0.8387949467923913,0.6840153565553732,0.7129937722184575,0.8188009569650597,0.7180844810457132,0.0,0.5276915788382254,0.0,0.5495006998408964,0.8308282164445029,0.0,0.7119654105153692,0.0,0.8257342004701305,0.5515847753849508,0.8862635677781711,0.6976926214336373,0.6374696219349051,0.8794422183290969,0.49440977853519225,0.0,0.8017394600839098,0.6366092590189345,0.0,0.6814724355001057,0.809973367294213,0.8210685377446625,0.5160510449626672,0.6377896545109296,0.0,0.7888799527044531,0.7207009479215429,0.5148974852378851,0.5242229862564809,0.9382541901432645,0.0,0.599708087411072,0.7007735432044411,0.8670174757515038,0.0,0.8213970455791813,0.7860562806823844,0.9188576721637486,0.7797376027705315,0.0,0.7164508925545796,0.6815126273546721,0.5179196579281569,0.5361987201433623,0.6527077774867263,0.7483381218965899,0.0,0.6423741137340774,0.764909616383791,0.7653559138956055,0.5354538273703482,0.9320953669249415,0.8113028205290062,0.8263262484525528,0.0,0.7705127036111257,0.7028161932722674,0.0,0.6841745987859637,0.45313166150237544,0.6841692158932106,0.8516317784900826,0.8741518589105111,0.0,0.6691189329850791,0.0,0.0,0.8535180436947292,0.6701117575479782,0.8908867318479514,0.7334588759474497,0.623312817266141
2025,8,Indicador de Margen Operacional,-0.047589442018630114,-0.0899622114668796,0.021439995304685922,0.13532657184106234,0.1135429342564832,0.09367057754647998,-0.030197917638464817,0.006601118156383079,-0.17676133477315276,0.08447563767888248,0.0,0.0,0.0,-0.1136082102323602,0.18270341697127848,0.15105978028725106,0.0,-0.013605890206725698,-0.1539879961953655,-0.557275657083407,-0.007879904869146045,0.05402649635397562,-0.07718306133892418,0.15472037144131603,0.026737305112647984,-0.025712299424010675,-0.032194372609434946,0.050957580189289926,0.16175434591270696,0.234368480860333,0.3718826446516304,0.0,0.2304810279961714,0.1310271093188607,0.10251725237080861,0.0,0.09260408293476996,-0.06567979935976913,0.042615012086991845,-0.2076561914161736,0.29225494111795336,-0.12753920829729765,0.24461669432027452,0.12116857688782615,0.02217449662040432,0.14917846281226865,0.02697065256733539,0.009776598080887041,0.23470154628400564,-0.035910390185852355,0.08505223616012786,-0.2106311506122919,0.08777166751571877,0.0,0.0,0.023344653542140048,-0.04530793627888183,0.04281435226533086,0.057139251997531,0.08353921694342568,0.14441649454706584,0.18217488880379218,-0.00031991409359577157,-0.3934764438027642,0.0,-0.04436148058902251,0.05766147393913399,0.09567307577480151,0.06653724201734317,-0.034362950599351016,0.01788048921033918,0.05582715370759402,-0.05645747174257435,-0.020091056380071057,-0.06456670185456904,0.0,-0.026652820945057058,0.050214790059672686,0.09680645265461016,0.0,-0.027965948441587687,0.019994731142748984,0.0,-0.051025347889111894,0.3070655107902893,0.018868972312408926,0.10519610969947894,-0.08050360531795069,0.0,0.03279125724327682,0.0,0.4155090276944604,0.20194825100581096,0.06368321686276471,0.07384374644978292,-0.3216616985456685,0.0,0.18739563846250548,0.0943556588253763,0.1766993306073367,0.102216789282999,0.10306733803431915,0.0,0.055832844182089746,0.0,0.02181278569591932,0.026334359375023837,0.0,0.11906483432648601,0.0,-0.004908921290252009,0.00023115748500960025,0.06869645981087072,0.2037531613724611,-0.025982034065319386,0.3595621300445836,0.08071131601187202,0.0,0.2758054899560196,0.09057443880631179,0.0,0.038497606534977705,0.185889818936413,0.262650982716834,0.15912817012401423,0.06402714467860655,0.0,0.2834089556238463,-0.24934322102739126,-0.001527969574065541,-0.05098623998759538,0.05632310400982812,0.0,-0.04322421381011697,-0.037590220317053544,-0.02086847927262766,0.0,-0.01891613490339912,-0.033502442135746525,0.275209062848209,0.033511152578923085,0.0,0.28275022554382145,0.0336456505756291,-0.04580451500319724,0.07155924796360202,-0.374372668322907,0.17763776069756465,0.0,-0.0467699066586957,0.09602149316119961,-0.06731807166369078,-0.2658160466241139,0.0866154435848067,0.1263101762168041,0.027289133245151188,0.0,0.08045841644674334,0.2101657932831869,0.0,0.0961963637516896,-0.06563089481312048,0.09606510235819182,0.00873064990220631,0.158503099405592,0.0,-0.21045732941247206,0.0,0.0,0.14992802247726433,0.10317405227163991,0.29669629957355675,0.16976837295277358,-0.8868221032071052
2025,8,Indicador de relación entre las obligaciones financieras y el pasivo total,0.0,0.02533002755131691,0.0346906099253403,0.09042210107990674,0.0,0.00011210094631398242,0.0,0.0,0.0,0.03612412507444488,0.0,0.0,0.0,0.006726792822847166,0.0,0.0,0.0,0.053401015109127696,0.12114388224066622,0.0939449737788372,0.007342610837884392,0.0,0.0,0.0,0.0020742789765537998,0.09384050436784241,0.0012063933971234349,0.041954588287820685,0.0,0.0004480248476821671,0.0,0.0,0.0,4.573236166107924e-05,0.003344022204263392,0.0,0.05597739375473382,6.163504412365842e-05,0.10174756648313714,0.01590257671125142,0.0,0.0007208976225232029,0.0,0.06168875563293421,0.20298575912396868,0.0,0.00925686710544702,0.0002200284770711738,0.009811667956187951,0.0544071690530044,0.0,0.03515628776052741,0.0,0.0,0.0,0.05720227384199902,5.228023055329143e-05,0.022877460473249164,0.00044580988183197504,0.0073390185005915605,0.018863590279722,0.0,0.03787736882820491,0.0,0.0,0.004370715244792838,0.0,0.0,0.0,0.00014418589601011356,0.0,0.007453553379966875,0.0,5.890006443175151e-05,0.0,0.0,0.0,0.0,1.2694533849630825e-05,0.0,0.0,0.003011097725134863,0.0,0.0,0.0,0.2024814563522042,0.0,0.0,0.0,5.768825374475247e-06,0.0,0.0,0.0,0.0,0.01793837300963127,0.0,0.0,0.00045413948418389794,0.016276477986895018,0.0,0.15147622136816938,0.0,0.0,0.0,0.0,0.0,0.0,0.0,0.009723435427560528,0.0,0.0,0.077686220265307,0.0,0.06899094269121642,0.17636025955622592,0.0,0.0,0.0,0.0,0.0,0.0,0.022794191040576884,0.03156896530764821,0.0,0.0,0.014021303601167599,0.0,0.0,0.0,0.07062020402204824,0.25846449702671537,0.004712288310392366,0.0,0.20328941999444275,0.10089383418991132,0.0,0.0,0.12328747074333596,0.20422185637916715,0.0,2.3562783130314675e-05,0.0,0.1729301811238989,0.0002501080684772898,0.10745237720377321,0.0,0.0,0.0,0.0,0.0,0.03620180000775419,0.0,0.0,0.0,0.0,0.0,0.0,0.0,0.0,0.0,0.02578825900959107,0.0,0.003047509670924496,0.0,0.03855423766021004,0.0,0.0,0.0,0.0,0.0,0.1596790793053096,0.0012580659178569927,0.0,0.07086022399714396
2025,9,Estructura de Balance,1.5622570866028997,1.6461408328589708,1.3805663118338125,1.344790966842335,1.8953335254140238,1.906733602735308,1.2182944382105074,1.4371211477308663,1.0843584225030085,1.338053419625984,0.0,0.0,0.0,0.9300850935842992,2.34820076500111,5.389077928120236,0.0,1.0531842292081401,0.9540351893969263,2.9005492265150754,1.3542519594583229,1.5117021387935512,1.8740216565219168,1.401052586901986,1.0684783031028173,0.8748409313354115,1.0763036643844515,1.2388047764993786,1.4087313397812142,1.1123613114811786,2.301225623208469,0.0,1.005104277332009,1.7981093843759086,1.3547185159252275,0.0,1.0742532084160112,1.443292773466861,2.3277888952530783,1.109726377440847,1.3702568807463062,1.4422095719501191,6.628922211101446,1.4897833913284833,2.2578470575726217,1.5954468834206645,0.9968203673544764,1.7332918000746467,1.0542462825305385,1.2306284745775586,1.109540960103005,1.1805765577092144,1.2593814125254041,0.0,0.0,0.8641234309916193,1.4039654791086709,0.8721363368003799,1.1293972439048074,1.8356014566592482,0.8804931347840066,1.3235393210072586,1.062727010339003,2.5449146963557197,0.0,0.7585745923345241,1.3163131874042349,1.1498632369361876,4.278746895435404,1.2828196604127402,1.2684676392266196,0.9344498808498047,0.8689724557210403,1.6480704185692046,1.710278151394695,0.0,1.4828201583740068,3.3496353624378945,1.6766687022126734,0.0,1.6335004333381273,2.3053267488119484,0.0,2.3797768302642712,2.572146697735695,1.1615538896036848,1.8962421051279459,1.2992989230096326,0.0,1.9281914904675774,0.0,4.039817115105884,2.065331115404205,1.5358020987547507,3.4507177880640656,1.8044098727207716,0.0,1.9325240297424398,1.4107738235998692,1.8528939612940152,1.921092243338821,1.5864148848179345,0.0,1.6041807590977664,0.0,0.9202825744342034,1.7007086379999916,0.0,1.2655722151759383,0.0,1.382193151070864,1.2452600294922413,3.418753250931819,1.0290470553756277,0.8600140560217645,1.4665023123335523,1.2857677926213966,0.0,1.1927390781333738,0.8150213166069034,0.0,1.2640303165898974,1.0829803769008688,1.3675611617527508,1.3673401371511187,1.3973456272634974,0.0,1.488388309677274,3.9561028714409567,1.2812759443290562,1.2893003187759373,3.111308377852403,0.0,1.4480530755118708,2.0605875200098196,4.291544519854711,0.0,2.6985063252741903,1.0918637244389906,4.403951411974256,1.3971254555207282,0.0,2.1940499662022734,1.1101308679102255,1.016291913466234,1.2334495834961272,1.0777604312511493,1.9390500606273153,0.0,1.0042912674646143,1.5175336652616522,2.1148180117385893,1.1355458359743313,3.323583551209948,3.1332777623841,1.219605767851183,0.0,1.9136152388397794,1.2432224312570015,0.0,1.5062819978555873,1.2069328947123863,1.3554605045749535,2.332630376520723,2.0748775153519663,0.0,2.545214934753097,0.0,0.0,2.772797734827784,1.3995928026480473,0.45035551674876767,1.5558892023505526,1.979195108016951
2025,9,Indicador de Margen Financiero de Operación,0.7361775751765555,0.7603885100707184,0.6143802849564145,0.5168512849053623,0.7784007953451877,0.760945896276011,0.4939319597690196,0.780103655670716,0.4900890779755118,0.6750945601961593,0.0,0.0,0.0,0.5649724391627855,0.8234985723726216,0.9289743684547591,0.0,0.4696205440768858,0.5689409394624269,0.8919768635090309,0.7332438777655765,0.8528542039659815,0.7955850062849321,0.5396233744260918,0.6584890264337188,0.49205206861924655,0.6391387497434668,0.6070232355512124,0.6681200725013443,0.5925881757920798,0.88345754894018,0.0,0.7309988479807632,0.7124838489597277,0.5567654073715461,0.0,0.7081530134633738,0.653869895609526,0.8016716057421579,0.7485082282477321,0.798004983493468,0.6754157355800493,0.9609168652372492,0.6488670649649928,0.7315537793343724,0.5918850901172995,0.6116223074870248,0.6687830144369367,0.7130567357284521,0.6279168335475087,0.549577445598794,0.6330381689413257,0.656881633146661,0.0,0.0,0.7133206655713266,0.592103588658589,0.5660948340481402,0.635066561081156,0.8619379952133795,0.7892145775598366,0.5578621880191628,0.6908832758364278,0.838143253601645,0.0,0.646011659345293,0.6624588582114231,0.4820104540676195,0.8328994193207754,0.6295176157914482,0.4988851217380652,0.6170694770938404,0.8361359795680499,0.7438313068045902,0.45223652029960437,0.0,0.6094430612641498,0.8029923690364075,0.6405967819356054,0.0,0.6659235345848092,0.7909100861186581,0.0,0.7584329620799751,0.658302729456909,0.584304109008508,0.8066847382490153,0.5987556160089789,0.0,0.7587425214345723,0.0,0.9227550877192815,0.6496187794648424,0.7388310511182312,0.8645438603441975,0.8504517440971618,0.0,0.8374238044369907,0.687063189622344,0.7181292072085815,0.8207328013937226,0.7179024148066249,0.0,0.5284519418283697,0.0,0.5356185159567511,0.8336386745671505,0.0,0.7098181073940685,0.0,0.8275195879939438,0.5532992989113037,0.8897496188903583,0.6961998083738863,0.6386418432017585,0.8793530029375739,0.49185279527930487,0.0,0.8008224232188855,0.6316729729484234,0.0,0.6786205851060472,0.8101087170598983,0.8198274120715177,0.515050324269671,0.6399609377725347,0.0,0.7887467590895639,0.723716159236773,0.5147036554035227,0.5269178146917324,0.9428269825212002,0.0,0.586000649014412,0.7019741097797528,0.8687208959008133,0.0,0.8218804085150574,0.7853140076311903,0.9166722272105151,0.7774618330309273,0.0,0.7184814384902263,0.6819719899277332,0.5212409023030068,0.5368547708572134,0.652956360820673,0.7478325770594668,0.0,0.6419053366748336,0.7639822649622345,0.7675269839029005,0.5467567525590857,0.9314410530954552,0.812442639973567,0.8266258167172648,0.0,0.7759238802880052,0.7034723539151803,0.0,0.6853613630730958,0.4563168258624695,0.6867541195101831,0.8712253112868139,0.8748840045227837,0.0,0.6618193932997722,0.0,0.0,0.852418744757881,0.6676155361209913,0.8905389335549649,0.7298757255115029,0.6233399653222542
2025,9,Indicador de Margen Operacional,-0.04799769707042479,-0.07635897053435423,0.024934978027356915,0.1433041505166836,0.11372714466460875,0.09778310923321169,-0.02934108394326017,0.01897355284501767,-0.19017442003528964,0.07260735927680488,0.0,0.0,0.0,-0.11239118549354996,0.17245058898029178,0.15112564829738265,0.0,-0.01099113041804176,-0.15128519689906028,-0.5560067615878164,-0.0053819985692254374,0.054129413566504844,-0.06484949851753809,0.15661523961495014,0.027480555492313444,-0.022159872322635055,-0.03705646957292438,0.07993289501347021,0.16559505311209635,0.2322514137442535,0.3779451640636347,0.0,0.23169358603207652,0.12757106327791418,0.10298402389711828,0.0,0.09340603634574939,-0.06248618343617898,0.04389126044376932,-0.1715123265325138,0.28577101888811335,-0.05337173318471966,0.2548934610295395,0.12454499727453487,0.08024584348939487,0.13836910969903687,0.05443444440308075,0.01294189687598513,0.2258120247901412,-0.03200061852098596,0.0794709699570002,-0.15922073327957403,0.08103074634221999,0.0,0.0,0.014764619688944882,-0.0481541337316083,0.04234314329919368,0.07056048254460277,0.08233627487977238,0.12886149885409395,0.16895384190545681,-0.008787339671683724,-0.425154815642064,0.0,-0.05572324265965935,0.06035553905302583,0.09898641545134017,0.09173198916435632,-0.049737224592056706,0.03391983830320547,0.08105311532493804,-0.09467675897895074,-0.01600381343922908,-0.08644927355310263,0.0,-0.01180208526778757,0.03933962435375931,0.10777334776676202,0.0,-0.027978594514974225,0.020431824142501484,0.0,-0.06148940513034697,0.32929809495263274,0.020096716964803887,0.0888567551395165,-0.08298751308817431,0.0,0.039011231189122274,0.0,0.42725182268080997,0.21394697481411362,0.062090511345957396,0.02655359459492698,-0.27753746583729205,0.0,0.1888993599328092,0.11106210204849554,0.21886447636311598,0.09815493078489122,0.09581440764736676,0.0,0.051105572438717786,0.0,0.0035605880493588867,0.008087903829426773,0.0,0.1175931005014985,0.0,0.007674663116058194,-8.7108465958419e-05,0.09029579728491764,0.1998641207322352,-0.01674303893815563,0.3614063440972208,0.08526712921318136,0.0,0.277233826394732,0.0654933997661304,0.0,0.03457936155920419,0.16976475461225948,0.26729068491069263,0.16056893998510588,0.06835806046686177,0.0,0.23416619839767705,-0.23352085114418733,0.017272183484097137,0.005377949529406198,0.10762870491456476,0.0,-0.0692797052905738,-0.035303699724570065,0.007862624310502253,0.0,-0.004751370465881467,-0.03144311532928876,0.24060990969892238,0.05715323392881145,0.0,0.2860405812406566,0.10077252161687753,-0.034766080025682336,0.06343832424303714,-0.3662434286395088,0.1761762154448739,0.0,-0.04888570255871986,0.09907928507871587,-0.04919961310782442,-0.2447878464616529,0.08349149401164876,0.13679761691263592,0.036650799861285555,0.0,0.09384789169639186,0.2186117698280727,0.0,0.0988108566793718,-0.060109346194527534,0.09245330549430582,0.03864884424936277,0.12453737358069705,0.0,-0.20832266376320993,0.0,0.0,0.15573933736149823,0.03823806138493453,0.3024292351083671,0.163102420168879,-0.867565312450067
2025,9,Indicador de relación entre las obligaciones financieras y el pasivo total,0.0,0.03800649285924241,0.030628655307464687,0.08564725575240438,0.0,2.831572766510961e-05,0.0,0.0,0.0,0.0348372133322718,0.0,0.0,0.0,0.006786103359104497,0.0,0.0,0.0,0.053782688095207865,0.11702624579568577,0.09289568842653007,0.002169250572761373,0.0,0.004869959440937055,0.0,0.0010214016199718936,0.08355408353241277,0.0011041213112597315,0.038396836636663004,7.804666520457469e-06,3.618147340092654e-05,0.0,0.0,0.0,6.0209632269364895e-05,0.003204606375939353,0.0,0.053031502054126906,0.0,0.09787258675984768,0.01521907549149981,0.0,0.00025585708692917313,0.0,0.0688175125229162,0.15227603137049955,0.0,0.0094868712239686,6.515854237907965e-05,0.009068597929850089,0.052720896439646656,0.0,0.0,0.0,0.0,0.0,0.051128313403784695,1.0083565610653875e-05,0.022270693564722655,6.769021790614642e-07,0.004771403176691544,0.016238067608479796,0.0,0.03552910961682184,0.0,0.0,0.0039116279846436956,0.0,0.0,0.0,2.991236751666074e-05,0.0,0.007632646275676295,0.00028891934262404866,2.0216196108395637e-05,0.0,0.0,0.030205508561066973,0.0,0.0,0.0,0.0,0.002956349002247736,0.0,0.0,0.0,0.21768194917479403,0.0,0.0,0.0,0.0,0.0,0.0,0.0,0.0,0.01789022851642691,0.0,0.0,0.0,0.015417549084315507,0.0,0.15413506802911994,0.0,0.0,0.0,0.0,0.0,0.0,0.0,0.009343657958735421,0.0,0.0,0.07315586570947562,0.0,0.07764449108131996,0.1679574275819626,0.0,1.905546636136336e-05,0.0,0.0,0.0,0.0,0.0224184388902389,0.030224847855319398,0.0,0.0,0.0060367971466936095,0.0,0.0,0.0,0.06806270625937803,0.2535814441247456,0.0012665194757530932,0.0,0.1705307622676269,0.08532104248711439,0.0,0.0,0.12234016380812594,0.179725695386006,0.0,2.2704061697844436e-05,0.0,0.16602188264123585,0.0002462244761991452,0.10121150327358146,0.0,0.0,0.0,0.0,0.0,0.03404106918764685,0.0,0.0,0.0,2.7973613878530608e-06,0.0,0.0,0.0,0.0,0.0,0.02231704301712991,0.0,0.00022338910548363558,0.0,0.0,0.0,0.0,0.0,0.0,0.0,0.17623646406406282,0.0015665984368610165,0.0,0.06759368491846662
2025,10,Estructura de Balance,1.5539140928046873,1.6534311415225453,1.3749767045113441,1.3579102645433065,1.8829591426512502,1.868030768771984,1.2260583776080518,1.4191541627703073,1.0953088412220524,1.3206888550643197,0.0,0.0,0.0,0.934971688817216,2.3490247174571643,5.3988582692889775,0.0,1.0408259762314747,0.968186999057727,3.137005307852077,1.3572221661984978,1.5069205671987478,1.865447841515892,1.4083276070629436,1.0667031966122154,0.8663980271760634,1.0663541487130668,1.2406951230782992,1.4705848279732816,1.1335691577071931,2.347712639514091,0.0,0.9791500292335915,1.7602947769650874,1.3390788710899522,0.0,1.0780641355551415,1.436112552530651,2.2495265803636757,1.1032123488700276,1.3833292594700657,1.4037603703559465,6.724351947265598,1.4898119793547955,2.0207828432644575,1.6569047301725244,1.0204906036335666,1.7606230646354453,1.026382285203523,1.2353361156795128,1.104669337181413,1.1901048518069601,1.2375197366831618,0.0,0.0,0.8583014994985392,1.4165220589968037,0.8703591975154163,1.137014873460098,1.8326685322048606,0.8791256933829045,1.3189250859510024,1.0875983794641415,2.510314062900351,0.0,0.7512121661714053,1.310384570306058,1.1580753316555243,4.079841689563229,1.2671947492877982,1.252692018715212,0.9459496848061913,0.9360676880332407,1.6794918184291026,1.7159334613201265,0.0,1.466385869543521,3.2817669518560764,1.65835040919692,0.0,1.7759310813217455,2.3596134747775626,0.0,2.373518246013314,2.6021878122225464,1.183151378889037,1.8796143167912842,1.2762761863273369,0.0,1.918112417794642,0.0,4.011015688008288,2.024356073408599,1.594761357957386,3.433373640923009,1.7371280344047617,0.0,1.913805130761904,1.3643748680612178,1.8674317386288004,1.8652775833422368,1.5691526344066014,0.0,1.6151301353846623,0.0,0.8739253654710329,1.680904610018091,0.0,1.2473374983203653,0.0,1.38468306508804,1.251044160794474,3.203024345593368,1.0124964003780899,0.8968772973612709,1.5009122506419061,1.2639857341913476,0.0,1.1316228894838802,0.8536816686023679,0.0,1.2149824268234504,1.0753271973577292,1.3650054443659496,1.335946108480749,1.3935293086523979,0.0,1.4971603638354725,3.8531093111680175,1.3062303291244663,1.2817041223391008,3.1812123086549793,0.0,1.4871496887539108,2.099681785682185,4.323547250234409,0.0,2.727813673364218,1.089597372494303,4.805255695209042,1.4233697131430094,0.0,2.197125934710134,1.1322125413934343,1.031726627917196,1.249382650973744,1.0827120402354566,1.9102579396460293,0.0,0.994584116924509,1.505189710811759,1.8992630311005514,1.202617883937836,3.275246125308977,3.065810422085121,1.2061066498436397,0.0,1.8964214052507962,1.2587325915611278,0.0,1.5201899218361783,1.2192524240075218,1.3694942698281722,2.4093647096577966,2.0536587270337856,0.0,2.603527566416692,0.0,0.0,2.748616659899535,1.4375515940504846,0.4402567362809197,1.5742028377926172,1.9403574883982617
2025,10,Indicador de Margen Financiero de Operación,0.7350724061583672,0.760241967444928,0.6136047293760216,0.5169064074238049,0.7789272896300173,0.7562912339933557,0.4938340830323467,0.7769077139590558,0.49232844591578073,0.6764349719061233,0.0,0.0,0.0,0.5649208110090559,0.8219122248189459,0.9287604147377874,0.0,0.47414240377369593,0.567767396162643,0.8897231755985581,0.7345660611379754,0.8521272811257664,0.7963960277941169,0.5384046934346564,0.6591730158698481,0.4937429133167601,0.638373491309265,0.6076291541944181,0.6685381039578492,0.5922037680205109,0.8826098568810182,0.0,0.7311921806298702,0.7139577444170185,0.5556141933548072,0.0,0.7091317388997008,0.6531532061182096,0.797459782492202,0.7496872664808573,0.7968787447997425,0.6787434151516789,0.960957439514411,0.6501824605745127,0.739064319128744,0.5885094235360414,0.612653532307836,0.6713928876924333,0.7130549331163752,0.6302369911578167,0.5459495353041256,0.6382296222627639,0.6590983463882061,0.0,0.0,0.7111553155629134,0.5998855660875622,0.5668033135079565,0.6356064339099438,0.8630170463835288,0.7863302945094468,0.5575861288414526,0.6904282864775528,0.838242199197717,0.0,0.6455266785824508,0.6662668975436499,0.4832657994002906,0.8317584000320278,0.6260679907145762,0.5000144664211086,0.6169049348257186,0.8371488963033766,0.7430695103596546,0.4513599351050328,0.0,0.6114324207697782,0.8000376533692962,0.6381358540555676,0.0,0.6683736464391936,0.7917170086823658,0.0,0.7587256456090755,0.6558985112812898,0.584893424031236,0.8083074501983609,0.5990912958286092,0.0,0.7587157865719201,0.0,0.9228117707276348,0.650917604807917,0.7398451671663608,0.8633612985602174,0.8478626787014141,0.0,0.8331079029127051,0.6881721061243283,0.7193589584975998,0.8235283989368483,0.7180076897389818,0.0,0.530521013515339,0.0,0.5276806096818364,0.8352480863401753,0.0,0.7080309383843318,0.0,0.829405010468192,0.5549509880320621,0.8918216098148092,0.6959817108643378,0.6418107735023013,0.8794550466595791,0.49132562594890355,0.0,0.7993535401286663,0.6240915539624643,0.0,0.6709456260309343,0.8099492482306604,0.8197145379946753,0.5087216394007118,0.6436375855911032,0.0,0.7885628196217569,0.7310890138707123,0.5094722300715929,0.5283057664760765,0.9421928210850001,0.0,0.6142843872655542,0.7012730816375494,0.8697635038803413,0.0,0.8224841281242475,0.7843065211412059,0.9148442320095322,0.776642906488328,0.0,0.7197605148178025,0.681625831935773,0.52590823368297,0.5358877086763356,0.6537644781539886,0.7411680419346697,0.0,0.6414644520028357,0.7630468572366806,0.7708172267573419,0.5556504930412649,0.9312137493799495,0.8141885493134867,0.8295038943327654,0.0,0.7789285949653119,0.7050755433874778,0.0,0.686566738181741,0.4606054143293954,0.6888746916806588,0.8722269896388428,0.8759626404578639,0.0,0.6523947586776707,0.0,0.0,0.8518412856112966,0.6651777525262369,0.8897810100994387,0.7259488943631176,0.6208616791662116
2025,10,Indicador de Margen Operacional,-0.04838393759235513,-0.05006228614667934,0.0214583647295429,0.14584573295389014,0.12202794733214498,0.029114554375993733,-0.02743808195077438,0.02407370996263495,-0.2093248365506527,0.07371963392630695,0.0,0.0,0.0,-0.1085084506067173,0.1608309428940523,0.14177376566880487,0.0,-0.0005672000332227906,-0.14826769646182617,-0.6362965405309806,0.001961215878172306,0.05063554262276716,-0.06394032468492215,0.1663333714446409,0.02916527160732408,-0.0227558675964177,-0.041043802443769914,0.07816125743790263,0.1678740440071482,0.22906721218228343,0.37398055795496793,0.0,0.23104247573012884,0.1347647655125721,0.10338045104323806,0.0,0.09306103727518349,-0.06110651148213038,0.03870680011098738,-0.16367140002045913,0.27464421708712744,-0.21479095970372572,0.25675255365661676,0.10258895192567972,0.07004082749811273,0.11124070911822256,0.06540289739522202,0.011635031656634076,0.22643441472027515,-0.030576233521249333,0.04509108223187413,-0.20877785680287483,0.08981238883366112,0.0,0.0,0.0041184257991307245,-0.04130061930422296,0.048297057020119744,0.07654335750329068,0.09067511650393081,0.11820533355314872,0.17943062562407952,-0.014300408175397523,-0.3824207747198618,0.0,-0.05135420239844131,0.05747507652308216,0.1146062116575359,0.17209996473604147,-0.06072553258381571,0.058854370898155255,0.10756966596858308,-0.09904006432352679,-0.02700439599366098,-0.09142132802456203,0.0,-0.005104273452483898,0.028865439926918056,0.10914385729458209,0.0,-0.021132251659893426,0.011622189758521225,0.0,-0.05751087773987969,0.3378144879318405,0.024323637351554517,0.07738643486416642,-0.07151171890593998,0.0,0.039468152122962785,0.0,0.4255281246647871,0.2104700705357414,0.0740717852187743,0.045475885076579986,-0.32828311373135793,0.0,0.1940800699748189,0.10266336574567096,0.22321335459079805,0.11185975591893413,0.0985242342224625,0.0,0.05264100759706732,0.0,0.007993331137719974,-0.002998829256054467,0.0,0.11977343068535831,0.0,0.011883084536161288,0.00043853817919605105,0.0750007706546212,0.19924786316958093,-0.01609074820973506,0.35519507335611467,0.06910881238092781,0.0,0.21550056655755567,0.03013182578714282,0.0,0.014177834619898829,0.16820495172351338,0.3105648445856454,0.15946606266645358,0.06835022451003507,0.0,0.2514091046924313,-0.21053596471616304,0.004190467979383449,0.01789745897918307,0.11281946114045141,0.0,-0.04987794535376034,-0.034991559496286795,0.005210943886657313,0.0,0.010093216587619358,-0.030183176097485415,0.2290450884132959,0.06887530904124232,0.0,0.29232092306130913,0.08120119880341314,-0.025589785100572644,0.05435804679819298,-0.3643385285553914,0.17734017554476753,0.0,-0.05070367783365101,0.09543411068620443,-0.03145487912562942,-0.23107809970861443,0.11197944419188495,0.14303349989684502,0.05554532236393194,0.0,0.09405648159593312,0.23126742896482577,0.0,0.110669286676277,-0.054102089004645894,0.08500337352043018,0.043936446574294616,0.11474444839097782,0.0,-0.23521204850148744,0.0,0.0,0.1745700011302311,0.028721574656964094,0.30999760357724193,0.14481809284081457,-0.8812634422336978
2025,10,Indicador de relación entre las obligaciones financieras y el pasivo total,0.0,0.03679109685698314,0.026111308905093958,0.09417514675662038,0.0,0.0002051006585984558,0.0,0.0,0.0,0.029293896977252702,0.0,0.0,0.0,0.00639287860279934,0.0,0.0,0.0,0.05498978787557892,0.1137841356287183,0.0,0.027143994108611732,0.0,7.851647898743755e-05,0.0,0.0006453139801963237,0.1127143877177049,0.001011030349939985,0.03555952006009137,1.287099962210366e-05,0.0001105475679370855,0.0,0.0,0.0,0.021929756218675916,0.0030665602212297492,0.0,0.07032592909826577,0.0,0.09014360245358882,0.014630999797666522,0.0,0.0004591149955485617,0.0,0.0656460992218058,0.25086321234280407,0.0,0.009348052618967082,0.059491041051025866,0.008314384320577678,0.05170023149351604,0.0,0.0,0.0327679939065517,0.0,0.0,0.04710783673975122,0.0001967183438973293,0.021392376233401254,0.00023915275923919703,0.0028443846783932987,0.014196822869477441,0.0,0.0339193255240165,0.0,0.0,0.003695636154703508,0.047841962358825076,0.0,0.0,9.437431449775846e-05,0.0,0.00736019116388601,0.0002939398518204645,3.9172912702374463e-05,0.0,0.0,0.03748127481411715,0.0,4.7162359748450884e-05,0.0,0.0,0.002901292413788403,0.0,0.0,0.0,0.23172200657349698,0.0,0.0,0.0,0.0,0.0,0.0,0.0,0.0,0.03830155431144031,0.0,0.0,0.0,0.06364804510479734,0.0,0.2465379924072075,0.0,0.0,0.0,0.0,0.0,0.0,0.0,0.008774743053519638,0.0,0.0,0.058835130610406274,0.0,0.09148720492140758,0.1668684536758659,0.0,0.0,0.0,0.0,0.0,0.0,0.022014749377766357,0.028582583526810937,0.0,0.0,0.0023148465548747015,0.0,0.0,0.0,0.06752932950899886,0.2694931336853111,0.00012539986469369517,0.0,0.16336851949677197,0.07374754148280972,0.0,0.0,0.1173568232175218,0.17169070936895633,0.0,2.2075886622155486e-05,0.0,0.15869576868366966,0.00024577427210894435,0.09425327031392665,0.0,0.0,0.0,0.0,0.0,0.0318933615754171,0.0,0.0,2.5932978084606157e-05,0.0,0.0,0.0,0.0,0.0,0.0,0.021237366758450026,0.0,0.005871897039572694,0.0,0.0,0.0,0.0,0.0,0.0,0.0,0.18212274084471025,0.0019315454609904858,0.0,0.06409868551763265
2025,11,Estructura de Balance,1.5741845021566843,1.6757846046861413,1.379820582428808,1.3673691045555485,1.9217920427018664,2.4095755574362183,1.206935542877701,1.4148457891644883,1.160827266202912,1.3352661696418877,0.0,0.0,0.0,0.9337564636946297,2.4010385086808657,5.2850790149934275,0.0,1.0338590920465744,0.9823566510608889,3.456641988615466,1.3290174947997733,1.5173736789672507,1.901140277390867,1.377245319029515,1.0833255187555604,0.8666366922998149,1.0595231934453644,1.2706382011577562,1.4558916210294086,1.1439526438769703,2.2864089165174364,0.0,0.9778817782559845,1.7731595875880224,1.320694107323859,0.0,1.0918511737691101,1.4454891773296086,2.2960383505886814,1.0935580344590368,1.3993202626079246,1.409093854447835,6.741813092761154,1.5018896049575525,1.955044561666741,1.6745784778088084,0.9171277557570265,1.7217751770970278,1.0342867099744781,1.2348144580815683,1.1261405315961857,1.1782798402694008,1.2328322008385355,0.0,0.0,0.863489349281245,1.4041466591138991,0.8529332751138841,1.1524387501169577,1.8098155499140076,0.8881195586539761,1.2693259868027713,1.0747232267276114,3.3218455722594267,0.0,0.733147712882755,1.2959630292429023,1.1579914296268248,4.030747450671319,1.2741687216496893,1.1603765916858704,0.9418476653535762,0.9432935204272704,1.7025764578024432,1.726981238195412,0.0,1.4835731433239976,2.531584841492666,1.6684398659532491,0.0,1.7570961644940284,2.43971823891522,0.0,2.394586808961977,2.6050871288879454,1.1946829312963234,1.8224280015956147,1.2387194446793126,0.0,1.9688075316829539,0.0,4.039721042852316,1.9848482550483486,1.5983659289327714,3.4236755391576423,1.6664290688944927,0.0,1.9361826414101662,1.3786825842074593,1.9247582039902429,1.859360961041405,1.574939616576514,0.0,1.619266014007043,0.0,0.8801365133672109,1.7704032671942664,0.0,1.2265579026185354,0.0,1.3865968661417443,1.163357654566986,3.071943857489651,1.0083266928252352,0.8912905042568072,1.5405769918441936,1.2490456758621264,0.0,1.102988613826488,0.884544014926152,0.0,1.259302522547756,1.0842941496240184,1.3872230368845995,1.3118094047513105,1.3832516337344642,0.0,1.445386973989533,3.74813451271347,1.2736915982680415,1.257461694585908,3.511937197858666,0.0,1.474454821632876,2.1170628227285953,4.222964097422384,0.0,2.709420343539268,1.1307170104264,5.108770422326802,1.4548726018585612,0.0,2.2009700089867774,1.1666636960970633,1.0107639946068334,1.261702742461653,1.0788451635858034,1.8958961299019412,0.0,1.0043977221755505,1.5193542320078934,1.8322448747282345,1.1812866135552529,3.200514261570721,2.9365238172990265,1.248975044923303,0.0,1.7960473625890712,1.2816845181150003,0.0,1.5249242129912166,1.2281933514504606,1.3678837278862552,2.5372111085496374,2.02335355729884,0.0,2.5802096517863964,0.0,0.0,2.687979166677807,1.391253049148399,0.43343288462742807,1.6015642981979266,1.9573741880256827
2025,11,Indicador de Margen Financiero de Operación,0.7338904935167907,0.7601929345360353,0.6139535975170026,0.5186513272484411,0.7789649787619588,0.7529325723319428,0.49651617886595195,0.7744367400559603,0.49171023540826897,0.6788832678482482,0.0,0.0,0.0,0.5639087299863134,0.8216136602443469,0.9289898019955005,0.0,0.47640845497167433,0.5679386867418822,0.892202489370585,0.7341854098737752,0.8516633099137512,0.7972625125668676,0.5368714033750628,0.6605754471335317,0.503093553588674,0.6389273223355587,0.6071799090581532,0.6699341308197764,0.5923022883743628,0.8819463890043815,0.0,0.7339080327409536,0.7138996767567979,0.5555259311026175,0.0,0.7095036020297072,0.6532580535135478,0.7928626344522565,0.7509772180110965,0.7967027754044704,0.6801517795532982,0.9601509486495426,0.6522013291955869,0.7389070313689982,0.5884220864296703,0.608745491249978,0.6731002926243563,0.7137162182676354,0.6327787473260463,0.5425116461809801,0.6453459184527418,0.6559404371081965,0.0,0.0,0.7097646937616972,0.5951127003980051,0.5642520923587883,0.6359861833131066,0.8629797224727859,0.7844540050370158,0.5524754337664419,0.6912397124366705,0.8420182139777853,0.0,0.6447366494687687,0.668901357866305,0.48623031633153024,0.8310604922965793,0.6234221073756155,0.4995056636175565,0.6157995859924341,0.8380743382168436,0.7435735470852335,0.44920907973999014,0.0,0.6136154028998805,0.7970604814070649,0.6370786269125894,0.0,0.6693884421279868,0.7923760421296545,0.0,0.7586667586227605,0.6557095210343761,0.5863479477393287,0.8103438361330451,0.5968194363150098,0.0,0.7591195359986409,0.0,0.9227112727403531,0.6509586759791277,0.7407533871470553,0.8622318917656091,0.8453913109168764,0.0,0.8322823001129355,0.6951890009513357,0.7220438437000232,0.8274729590079658,0.7172363693395115,0.0,0.5324807056827495,0.0,0.5292738213476843,0.8373229330037586,0.0,0.7071991440337096,0.0,0.828872203475164,0.55724824882356,0.8938879708682195,0.694830390734613,0.6429469102122366,0.8792090716083566,0.4913312821961601,0.0,0.7975859036027964,0.6212389164752138,0.0,0.6637482947281812,0.8098335172580352,0.8191740185788333,0.5099337440779544,0.6467636939370855,0.0,0.7884524864386343,0.739411140346145,0.5078169642569461,0.5293769749795174,0.9403668300859915,0.0,0.5901623427002892,0.6976368159543955,0.8709249200728203,0.0,0.8224412484425515,0.7837954289834829,0.9145072259093984,0.7765686485999391,0.0,0.7210230774430809,0.6818066444663874,0.5311574773366444,0.5366064948915883,0.6554232866217486,0.7360318220387656,0.0,0.6405053768773413,0.7616613659995992,0.7702488941364374,0.565640140449361,0.9299048214609125,0.8147814369865019,0.8286023986209078,0.0,0.7806570292492114,0.7065371320535805,0.0,0.6869859968973605,0.4631809744716323,0.6905679681914779,0.8735614062704339,0.8771117417472158,0.0,0.6512413025771521,0.0,0.0,0.8507131315227208,0.6654092719159441,0.8891752061486217,0.7230360838467006,0.6203792101886925
2025,11,Indicador de Margen Operacional,-0.04084393313932684,-0.011620599183182926,0.011735531205904677,0.14562080316354487,0.1177082867713223,0.03571772926654979,-0.026562227546097095,0.023579104394233292,-0.2543212551035163,0.08110479998386455,0.0,0.0,0.0,-0.11667752502671513,0.1590194515505703,0.13306829144534774,0.0,0.001520380376294437,-0.15240754197310452,-0.6230204491402769,-0.0046897395677801225,0.052954812129485926,-0.059136413032130374,0.17224898092424543,0.03333593592898381,-0.02117635006495186,-0.04044327723067029,0.0547928090800882,0.15652461758555147,0.2155905063221651,0.34167185020205104,0.0,0.23979983578388736,0.12986118523046047,0.09704238036822907,0.0,0.08541121759396575,-0.06231212832795468,0.03348636654968261,-0.1555267481045132,0.2571791628392229,-0.17389184743601122,0.23780501675365398,0.10449755226623941,0.06558835667698087,0.11113036888492335,0.067445157142902,-0.002129216535947753,0.23226573196831524,-0.0252438976293865,0.009320826235366928,0.00686971770904365,0.06544299263931055,0.0,0.0,-0.007246705134574177,-0.051285695399991255,0.049766937170369036,0.06086631473812379,0.0868224759648284,0.1113831439920139,0.1619130285252316,-0.015054670715624389,-0.3684973313180889,0.0,-0.0539478426921786,0.05412769441002878,0.11091809665010913,0.16490092200687867,-0.08099058156624098,-0.014776288097053274,0.10415768124248785,-0.09253155718048664,-0.02890385361749633,-0.10783609245152405,0.0,-0.0012360000565025896,0.042736914919613525,0.09645925386918826,0.0,-0.025579154212350845,-0.01794972169983138,0.0,-0.06284826037274839,0.349869488647614,0.027888036962390755,0.06658960030573473,-0.07786376126411898,0.0,0.034684265827007746,0.0,0.4277752158230418,0.20965233194441693,0.061437168575904484,0.049613721092334966,-0.38893748959043273,0.0,0.18972893775491056,0.09856697688135174,0.21610534397612918,0.10072311326530209,0.0839965700871599,0.0,0.051849715648453844,0.0,0.021087351535901164,-0.028161231386545017,0.0,0.1310616342592481,0.0,0.015505548910516403,-0.000562597120009487,0.06500511000586152,0.19712894520046903,-0.014621741836484231,0.30824860503224416,0.07185720059458667,0.0,0.22346266359767988,-0.04266579089469221,0.0,-0.009652897556320412,0.14070749566442298,0.29654994099884024,0.1596649250593297,0.059825568200712706,0.0,0.25193866300017287,-0.1876945547974527,0.01832124485222425,-0.039508956730525784,0.19886245581918688,0.0,-0.03754825756107359,-0.0582884096779926,0.010022343487095046,0.0,0.0183445200020585,-0.035414409671157894,0.23304046285679206,0.07487192211851368,0.0,0.29039926608049044,0.08545510402623933,-0.019780927650932374,0.05207448872249211,-0.35452002679798017,0.18086810113572926,0.0,-0.04872280646974723,0.09600639813461669,-0.02480608094906591,-0.22137547932110707,0.09638810252422064,0.1457305747332916,0.06549838486952235,0.0,0.0800254331690166,0.22696955743875144,0.0,0.11496444860638212,-0.058270286128529206,0.07932530856540482,0.04141918582296996,0.08984313065338809,0.0,-0.20023465374099755,0.0,0.0,0.19182109453500365,0.013068917575025847,0.2873423451706296,0.09106090389719614,-0.8852896873459694
2025,11,Indicador de relación entre las obligaciones financieras y el pasivo total,0.0,0.0356904581088966,0.024156448555065855,0.09055146438151483,0.0,7.0558615920683345e-06,0.0,0.0,0.0,0.027829078122736415,0.0,0.0,0.0,0.006657592586828166,0.0,0.0,0.0,0.0529633819228789,0.11084148285173902,0.0,0.04388882612051497,0.0,0.00018862711560779476,0.0,0.00032211323381205556,0.12089790435058628,0.0009428900122252314,0.034101008136971846,7.352586241225923e-07,5.5779183081032406e-05,0.0,0.0,0.0,0.02115645260651983,0.002946101377243637,0.0,0.06908313237184187,0.0,0.06531199475852487,0.014433446824404637,0.0,0.0012697011523928694,0.0,0.06358071899253906,0.22659343440586915,0.0,0.009276070867289548,0.032033790210460225,0.007809417954673448,0.0635435279799874,0.0,0.0,0.031502639934533685,0.0,0.0,0.044178840889460565,1.7238257818941594e-05,0.02052697096067572,0.0008744853471593344,0.03224888989663363,0.013013602010836131,0.0,0.03210908514852779,0.0,0.0,0.004189621089838511,0.07764621365594103,0.0,0.0,5.6687518215813835e-05,0.0,0.006678110039932964,0.00023115078257783064,1.2614796453423065e-05,0.0,0.0,0.037848534859556845,0.0,4.349362676531719e-06,0.0,0.0,0.002852123302792622,0.0,0.0,0.0,0.22654673954798651,0.0,0.0,0.0,0.0,0.0,0.0,0.0,0.0,0.040832278811042656,0.0,0.0,0.00011350551236539094,0.06241381506207857,0.0,0.2478007003469532,0.0,0.0,0.0,0.0,0.0,0.0,0.0,0.008409494841948402,0.0,0.0,0.0843956077509838,0.0,0.09506686066621182,0.16969580230729367,0.0,0.0,0.0,0.0,0.0,0.0,0.0212687532380205,0.026979393463747947,0.0,0.0,0.01445109186214564,0.0,0.0,0.0,0.06635762205940524,0.27557243605543363,0.0,0.0,0.1542554587704683,0.06667901088393902,0.0,0.0,0.11545089798852252,0.15966067704897188,0.0,7.584707539402061e-05,0.0,0.15637294384313496,0.0002493026813842865,0.12142884937908148,0.0,0.0,0.0,0.0,0.0,0.030335892396031027,0.0,0.0,0.0,4.5555341816782553e-07,0.0,0.0,0.0,0.0,0.0,0.019622568752955902,0.0,0.01849043776589711,0.0,0.0,0.0,0.0,0.0,0.0,0.0,0.2315247013263054,0.0022101978404493873,0.0,0.06060769720350365
2025,12,Estructura de Balance,1.6868183964312975,1.635874776535327,1.431470513697038,1.3485732435436038,2.0913434617397284,2.719124445506408,1.2321815130693667,1.4498502788356389,1.1578405781828565,1.32785180833868,0.0,0.0,0.0,0.9781739120988628,2.3556428676619645,5.27896973506021,0.0,1.1090342018309813,0.9871476945804258,0.0,1.336181763234177,1.509843479698058,1.899158338623802,1.392942588704102,1.0895292912898118,0.9022744874231677,1.0920169283909587,1.2463874373424553,1.4493527710649778,1.13934727437216,2.3181625179425773,0.0,0.9670083914786523,1.7462632314934667,1.3312860123578625,0.0,1.0889463597491964,1.3984418339750044,2.2940078232782897,1.1024623977463932,1.384629770173807,1.5085063292015917,6.962885384392085,1.5009138708853693,1.8455289450719168,1.6579615629517892,0.876811608466523,1.899515601068549,1.0061978901053783,1.2253471497997024,1.1835644840515245,1.1892569005752347,1.2356717657428427,0.0,0.0,0.8698712789420393,1.342694950626493,0.8492035550994469,1.171768032880857,1.7936391151076447,0.8809073083704226,1.2994079617992806,1.1228495163245782,3.0149156655961113,0.0,0.7332879242331513,1.3495808761652905,1.1436131722277894,3.9490569790663046,1.3312553698679674,1.1052186500503511,0.9425909525267813,0.9619821053105247,1.7098342079804307,1.7709188649176866,0.0,1.4797871710633606,4.656517195330012,1.6688739563781985,0.0,1.743984331826078,2.500870443010505,0.0,2.4240039780308584,2.6351590528429685,1.179197646635337,1.812691490182728,1.2859196040026244,0.0,1.896610927810915,0.0,3.9414555993139,1.9613845450207466,1.569505336852517,3.5043293701696316,1.8854450687013304,0.0,2.115749106058255,1.464576781268704,1.9285532215896797,1.9467791128512548,1.5858171061681652,2.4277041816590614,1.608574266791444,3.94384891087733,0.8697397113113461,1.8326545750096639,0.0,1.195692673550225,0.0,1.3963121831151655,1.2360422421312087,3.32897504429609,0.9955406113009503,0.9117067125374733,1.5063101495908753,1.2489520955945739,0.0,1.0577894972230473,0.884239255441861,0.0,1.253712953235564,1.1042295866761587,1.340394519179013,1.3277386143293661,1.4069324992148897,0.0,1.4442468085609694,3.6860775873342524,1.3001075786511254,1.2569429636331582,3.153971493095841,0.0,1.527569366526325,1.7677095949848347,4.306735156535905,0.0,2.5980799665950474,1.071525844791249,5.040567162211539,1.499149214374581,0.0,2.3671289282191714,1.145634020471339,1.0115478818677266,1.2516111503382035,1.0987190728429528,1.902811034494404,0.0,1.0381849576377356,1.5392471737476807,1.8341204350872804,1.1926311232046334,3.5116757931669698,3.0095220008333827,1.21974743039266,0.0,1.842094570024326,1.2925308207271415,0.0,1.5306875042633614,1.2298177189790658,1.3699196940764866,2.4662424903474953,2.017748003482285,0.0,2.623154457626908,0.0,0.0,2.7154195732209727,1.4431368159949376,0.42712313627926657,1.6380786889019625,0.0
2025,12,Indicador de Margen Financiero de Operación,0.733248135209414,0.7594436537904872,0.614130684495581,0.5196711840650634,0.7783135836108075,0.7538368944447671,0.4982234131834851,0.774097344015514,0.4888415559803539,0.6811575366333541,0.0,0.0,0.0,0.5646664923785182,0.8212005596808244,0.9282889783902876,0.0,0.48000675588785363,0.5686293260407589,0.0,0.7373011509250379,0.8516241560484056,0.7941557445298884,0.5380345222448251,0.6622777522372483,0.4980724566202854,0.643155311237357,0.6068640543136566,0.6692247487814518,0.5934399544629795,0.8819498016318509,0.0,0.7350848704664541,0.7138134524748982,0.5535158534246876,0.0,0.7104861216954825,0.6532129744963027,0.7880450483864928,0.7526601906616469,0.7961044944331283,0.6836466176026427,0.9600342301762731,0.6256654648589247,0.7358077848477907,0.5874779562097987,0.6041166843457201,0.6759079881069044,0.7139798702944884,0.6346223236620233,0.5397953105395874,0.6385430286344823,0.6468932220636376,0.0,0.0,0.7086910498296632,0.591958667878009,0.5533495360470584,0.625424511924809,0.862166326347751,0.7794967382104722,0.5573066705417851,0.6912482872615364,0.8446225632017551,0.0,0.6443238941321624,0.6661043955463215,0.4871168431793684,0.8334466689445996,0.6218850063813174,0.49621371293195504,0.6151078054206868,0.8392780150433398,0.7429258785297114,0.45293767041111493,0.0,0.6211916082971038,0.7971006351649391,0.6359080189315885,0.0,0.6738503631388298,0.7948532283868401,0.0,0.7589183007833131,0.6543550164218885,0.5862824914723602,0.8118333760618752,0.5930852188154775,0.0,0.7582793578452648,0.0,0.922793910505232,0.6513729505680776,0.7303539773614931,0.866728545794593,0.8490621209690604,0.0,0.8316779943579478,0.694627240589626,0.7237349223561109,0.8309952337901375,0.7177174635319878,0.7654248892591703,0.4882195673713138,0.9735111271916945,0.5156008140731893,0.8402404500617168,0.0,0.7070245888665907,0.0,0.8295161253884936,0.5769985432594074,0.8933685534047981,0.6943142644557614,0.6435591114314685,0.8799461158786388,0.4897734603476742,0.0,0.7948517375556329,0.6176365861383093,0.0,0.6530546425757999,0.8089585475424693,0.8188136835834954,0.5086417477310491,0.6491541964878677,0.0,0.7885048904648235,0.7442691689490799,0.5039092485892975,0.526278608363247,0.9407003270375106,0.0,0.59793829687348,0.6917133815084194,0.8721883175206026,0.0,0.8237322693380106,0.7872295673365839,0.9142227807000426,0.7788185813949708,0.0,0.7221649893839103,0.6816900990083599,0.5352816793141646,0.5363765232534841,0.6571757588461957,0.731000838104936,0.0,0.6399509273673344,0.7607825248558004,0.7685167502052712,0.5689076211370748,0.9312065920670344,0.8152809769613601,0.8298513048592149,0.0,0.7826654225870993,0.7062604469386299,0.0,0.6893301989420898,0.465790100480274,0.6908520976763025,0.865465124016333,0.8773939867534621,0.0,0.6443302231535372,0.0,0.0,0.8447747194221047,0.6634318888858787,0.888842549239253,0.721231428333802,0.0
2025,12,Indicador de Margen Operacional,-0.038509594030735894,0.014603038022845563,0.008754467650803432,0.0969224399107468,0.10483479807268467,0.05921721453970046,-0.03430247002613856,0.01132044799967088,-0.25251372570141584,0.0802306496278908,0.0,0.0,0.0,-0.13260747124787195,0.155978865494091,0.11893353023238208,0.0,3.104651880640345e-05,-0.13092644303665452,0.0,-0.01999050864826749,0.03913064399119101,-0.05651227596195124,0.186360551255037,0.02649087476399158,-0.021730293949250135,-0.05296906622480096,0.016748290251307283,0.14911783853360827,0.143270510385488,0.40415327763602116,0.0,0.21199780023780745,0.12805888730990672,0.08587044584806354,0.0,0.07825596781915706,-0.05097569734869105,0.03232001490462858,-0.1380891460533399,0.21074516517575856,-0.04807291185462839,0.22419444437810238,0.04063904519385462,0.03243848024595039,0.10594627950680573,0.0337622122940321,-0.008874576905825044,0.2257069996333299,-0.02686801200174613,-0.03496298928511825,0.008268668154923543,0.05505191109381234,0.0,0.0,0.002208042169580307,-0.08436518211182864,0.027397909494227636,0.02934584011030834,0.08525286276187764,0.0830388145127501,0.13794125825986922,-0.014464827478103437,-0.37708577591528464,0.0,-0.05574542187016487,0.05293854319760963,0.028841653832343942,0.17461239908724926,-0.10830269133537071,-0.036705473938735855,0.05732924308388063,-0.1036376977547525,-0.02195813012996875,-0.12895706345925384,0.0,-0.0047922872329649304,0.04781742020599785,0.09094269613186806,0.0,-0.03698732335195637,-0.05230258902977413,0.0,-0.05256464759343608,0.348952944000753,0.014810018218939758,0.01474538712127455,-0.07598984745209987,0.0,0.022261366416291416,0.0,0.38814407794650246,0.2098364958793376,-0.018842640118628465,0.036065285274385864,-0.3670250539035487,0.0,0.17664311158536666,0.10210983505101558,0.1743373774721678,0.10047067195182564,0.07088461153049007,0.07092126545086094,0.04961690938806454,-0.31821262677308043,-0.015660140858512018,-0.020614423676660665,0.0,0.13454004534701083,0.0,0.0005665186249798465,-0.0072130293823160245,0.06420013953745467,0.23500927137243735,-0.00350174338313627,0.30149830511612125,0.07414854528591679,0.0,0.12465553761014131,-0.04679320191034373,0.0,-0.028125341922440514,0.10527859491605826,0.25170318961660043,0.15471552995994955,0.05945841023069521,0.0,0.23958830657202818,-0.1546270442920754,-0.014521103865982822,-0.03251359113059347,0.13198753614003647,0.0,-0.058067537695620446,-0.07407360809710221,0.014991830955734321,0.0,0.07688864930444009,-0.03195458835275785,0.2021564762605085,0.08688423331004112,0.0,0.2677163680491747,0.06104846265950082,-0.012951458431149553,0.04955102556646097,-0.34351887049950147,0.17348455151285697,0.0,-0.08788473112850582,0.08002504650633373,-0.03601616958291381,-0.20180389417162012,0.07929576087124647,0.1402608069057445,0.06286424650357797,0.0,0.07614916352478746,0.17188794526558118,0.0,0.11689193847080961,-0.06193441938161108,0.07543882953653469,0.024517120692783775,0.09095241510941185,0.0,-0.21665839560550373,0.0,0.0,0.19794626180797228,-0.08383079640990987,0.2602914483144245,0.05234092020807752,0.0
2025,12,Indicador de relación entre las obligaciones financieras y el pasivo total,0.0,0.05001916274473283,0.018404895115484477,0.08553857429418882,0.0,0.0,0.0,0.0,0.0,0.025389532149983237,0.0,0.0,0.0,0.0036028204827048306,0.0,0.0,0.0,0.054701149571127816,0.10763904673876305,0.0,0.001556082035601876,0.0,0.00013924958847231838,0.0,0.0003190553186007217,0.1332923495625509,0.000904717629576734,0.029872286599142643,1.2223229682447144e-05,8.788738230553583e-05,0.0,0.0,0.0,0.020111861644388527,0.0028812718544845343,0.0,0.07269471999059464,0.0,0.0,0.015079568894157692,0.0,0.00012894126893439118,0.0,0.061790690920887646,0.21092376918138586,5.5934703492445006e-05,0.013931296445846368,0.032370025312938526,0.007004330535535309,0.10643075548746651,0.0,0.0,0.03054852789247937,0.0,0.0,0.042012396400516024,2.1129753400100492e-05,0.019482601721025256,1.783773179745714e-06,0.030274195436162263,0.01159667520895392,0.0,0.03172837898805378,0.0,0.0,0.003999679773921922,0.042173445020202704,0.0,0.0,0.0,0.0,0.006720053841646921,0.0,0.00028070049436234695,0.0,0.0,0.0947211462201807,0.0,0.0,0.0,0.0,0.0029126313978115365,0.0,0.0,0.0,0.24202407337324544,0.0,0.0,0.0,0.03995628772214038,0.0,0.0,0.0,0.0,0.04219461680328626,0.0,0.0,0.0,0.12291739490730114,0.0,0.218697178903973,0.0,0.8110954653171948,0.0,0.1420262210095671,0.0,0.0,0.0,0.008052991908100033,0.0,0.0,0.07450732650561165,0.0,0.0908261098400751,0.17408493191720278,0.0,0.0,0.0,0.0,0.0,0.0,0.010194491917716904,0.025827861457845085,0.0,0.0,0.03209317919063467,0.0,0.0,0.0,0.0645943054063233,0.26743683873661805,0.007854668799734075,0.0,0.14850617224122084,0.19559923043050087,0.0,0.0,0.10844034402459962,0.22943368302822542,0.0,2.0464543645104058e-05,0.0,0.16278429380302695,0.00014066600525298653,0.1453763097103863,0.0,0.0,0.0,0.0,0.013202821673235176,0.029384585358128063,0.0,0.0,0.0,0.0,0.0,0.0,0.0,0.0,0.0,0.018271844833342394,0.0,0.01786861286622816,0.0,0.0,0.0,0.0,0.0,0.0,0.0,0.2740300935884302,0.0018469023224343736,0.0,0.0
